bank_IDRSSD,name,doc_id,event_date,t0,CAR,alpha,beta,n_est,delisted_flag,S,S_norm,n_design,char_quarter,char_lookahead,filing_type,uninsured_share,size,ROA,NPL_ratio,equity_ratio,deposit_reliance,failed
613008,ROCKLAND TRUST COMPANY,1,2022-01-20,2022-01-20,0.04802068237834053,-0.0006251986674016948,1.1300468574125884,200,False,0.1231,0.0243,65,2021-12-31,False,041,0.32893800866102085,16.832059356411225,0.0060826042444982525,0.0020437901507974784,0.144471044911598,0.9805678659934935,False
433608,TOMPKINS COMMUNITY BANK,1,2022-01-20,2022-01-20,0.018476091020761434,-0.00030158166423299856,1.1431279059952912,200,False,0.1231,0.0243,65,2021-12-31,False,041,0.4421245931068176,14.713186301020398,0.015550392784037446,0.007214195648430513,0.06954092945372924,0.9256771295064,False
379920,FIRST NATIONAL BANK OF PENNSYLVANIA,1,2022-01-20,2022-01-20,0.018385836857114528,-0.00042169762566044653,1.3357404386903038,200,False,0.1231,0.0243,65,2021-12-31,False,041,0.4184416243667491,17.491008832086965,0.010537464505074678,0.0036509862251006987,0.13087550373948037,0.9366605652907899,False
491224,FIRST-CITIZENS BANK & TRUST COMPANY,1,2022-01-20,2022-01-20,-0.07442788173528866,-0.0005237069177135447,1.3323231843889223,200,False,0.1231,0.0243,65,2021-12-31,False,041,0.38879231657531416,17.87966625416299,0.009297245679415613,0.003913161168102798,0.08567013564854699,0.9692415058386328,False
246022,"BANK OF SOUTH CAROLINA, THE",1,2022-01-20,2022-01-20,0.011419755605952464,0.000732780155395,0.29044349281318954,200,False,0.1231,0.0243,65,2021-12-31,False,041,0.4391821276344801,13.428316021801658,0.010311373735380193,0.0026308559978022333,0.07854229784125404,0.9757525190527339,False
437914,"WILMINGTON SAVINGS FUND SOCIETY, FSB",1,2022-01-20,2022-01-20,-0.012879241212997826,1.0775417543320468e-06,1.0542403822594613,200,False,0.1231,0.0243,65,2021-12-31,False,041,0.4385345964569767,16.571845335130327,0.017413754342750644,0.0033252751665200295,0.12764051721635297,0.9722967207385619,False
761806,"WEBSTER BANK, NATIONAL ASSOCIATION",1,2022-01-20,2022-01-20,0.01850447895964697,-0.0005481470959641027,1.473246803963836,200,False,0.1231,0.0243,65,2021-12-31,False,031,0.3459342563851471,17.36779773973727,0.012549467969723354,0.005046725858994508,0.10100930463683108,0.9616495356872522,False
837000,"FIRST NATIONAL BANK OF LONG ISLAND, THE",1,2022-01-20,2022-01-20,0.018907273072835518,0.0004039446724482642,0.7849164844978058,200,False,0.1231,0.0243,65,2021-12-31,False,041,0.5228019759038179,15.218462901280308,0.01111356981109808,0.00039774096016922185,0.10165618031122224,0.9074685086384165,False
510871,FIRSTBANK PUERTO RICO,1,2022-01-20,2022-01-20,-0.05571339894114708,0.0007833787916732733,1.293665663670367,200,False,0.1231,0.0243,65,2021-12-31,False,031,0.48102773123851866,16.849409190959044,0.013597453970845528,0.02038309405538828,0.10815671572365128,0.9617114044558915,False
245276,ORIENTAL BANK,1,2022-01-20,2022-01-20,-0.015302813578897123,0.0007190441521415206,1.3476227683304858,200,False,0.1231,0.0243,65,2021-12-31,False,041,0.3223297163634205,16.098478690425,0.014694247513344732,0.030807919758812616,0.10311784666575971,0.980641632730103,False
216922,FIRST BANK,1,2022-01-20,2022-01-20,-0.010639837833126407,0.00022892126389365474,1.0884041749967481,200,False,0.1231,0.0243,65,2021-12-31,False,041,0.35707694079841085,16.168486913637565,0.00960327855602808,0.005793597020435818,0.1216417502430629,0.9905370910437195,False
645625,"WESBANCO BANK, INC.",1,2022-01-20,2022-01-20,-0.0067935197508361585,-6.221042137437039e-05,1.180590964638125,200,False,0.1231,0.0243,65,2021-12-31,False,041,0.3000445384984881,16.641569073049503,0.014650091872634089,0.0044958366874287645,0.15618525532795516,0.9639891839836344,False
365325,UNITED BANK,1,2022-01-20,2022-01-20,-0.018496015641828973,-0.0004412188262953888,1.2796202622777413,200,False,0.1231,0.0243,65,2021-12-31,False,041,0.36117551607122494,17.192747261606584,0.012666797838955322,0.004179065875420119,0.16335012796126477,0.9636362746012214,False
816603,"WASHINGTON TRUST COMPANY, OF WESTERLY, THE",1,2022-01-20,2022-01-20,0.03236489582612098,0.00037390348585996324,0.906860297034835,200,False,0.1231,0.0243,65,2021-12-31,False,041,0.25821200511879716,15.581955296126383,0.013295172766989776,0.003299271081567876,0.09807781788021849,0.9454937881200343,False
130541,HORIZON BANK,1,2022-01-20,2022-01-20,-0.042946612870499085,0.0001246267399422564,1.0879585232085671,200,False,0.1231,0.0243,65,2021-12-31,False,041,0.4230847113950081,15.808586695787085,0.01253517272656905,0.004650156537310813,0.10780774568578777,0.8945966004737153,False
701062,CENTRAL PACIFIC BANK,1,2022-01-20,2022-01-20,0.008725002254622492,0.0007646274025948779,0.9726065539578312,200,False,0.1231,0.0243,65,2021-12-31,False,041,0.38084990977960276,15.817972238330883,0.011540152185664135,0.0014189509478608003,0.08627337366489238,0.9839067281111438,False
802866,SILICON VALLEY BANK,1,2022-01-20,2022-01-20,-0.09726432969515242,0.0003764719264324724,1.7698230423931796,200,False,0.1231,0.0243,65,2021-12-31,False,031,0.8474972705570153,19.15583801296937,0.00620382489296724,0.0012674462466993588,0.07093167642306826,0.987847419318217,True
509811,"COMMUNITY TRUST BANK, INC.",1,2022-01-20,2022-01-20,0.013337543526777275,0.00015051290493477314,0.7833430289662845,200,False,0.1231,0.0243,65,2021-12-31,False,041,0.2510537678862629,15.499032042254411,0.016225510188162876,0.004873301489544753,0.13271373821521246,0.9323347942531396,False
208244,OLD NATIONAL BANK,1,2022-01-20,2022-01-20,-0.01439925638217104,-0.0004082715468004385,0.9055255449314317,200,False,0.1231,0.0243,65,2021-12-31,False,031,0.36158009970385446,17.00821114068989,0.011961513352839145,0.008079603423052197,0.12538233281291464,0.8768942130746581,False
4114567,FIRST REPUBLIC BANK,1,2022-01-20,2022-01-20,-0.02520983005830695,0.0005546387265007246,1.1198399346916772,200,False,0.1231,0.0243,65,2021-12-31,False,031,0.735068867127675,19.014489290872792,0.008162453925721501,0.0010269791386924739,0.08778985599143008,0.9463141348453866,True
5210,ACNB BANK,1,2022-01-20,2022-01-20,-0.0322357171656847,0.00027528457377970955,0.5096609849179373,200,False,0.1231,0.0243,65,2021-12-31,False,051,0.2720878512260935,14.835326362100108,0.010009074239978303,0.004228828657301002,0.09629045358216082,0.9742291678057358,False
3938186,"BANKUNITED, NATIONAL ASSOCIATION",1,2022-01-20,2022-01-20,0.014078484599978874,-0.0007093955491689968,1.4970144930303706,200,False,0.1231,0.0243,65,2021-12-31,False,041,0.670576859592601,17.390256486974533,0.01276908893635472,0.0394221717073385,0.0971019280547509,0.9196586748085849,False
680813,"FARMERS NATIONAL BANK OF CANFIELD, THE",1,2022-01-20,2022-01-20,-0.025891283690968103,0.001093753256203049,0.7019045334936355,200,False,0.1231,0.0243,65,2021-12-31,False,041,0.34837248779946306,15.23249124077649,0.012129519900849721,0.006934117958359327,0.10999605299652238,0.9914016877906091,False
785923,LCNB NATIONAL BANK,1,2022-01-20,2022-01-20,0.03590376929857971,0.0006221784767910726,0.7795715411434466,200,False,0.1231,0.0243,65,2021-12-31,False,051,0.24649948817902198,14.457321285310604,0.011164166032428768,0.0011223524858610604,0.12340058886751955,0.9783898450104385,False
2787770,BANK OF THE JAMES,1,2022-01-20,2022-01-20,-0.0449003189735486,0.0011169126755792107,0.03364502491748246,200,False,0.1231,0.0243,65,2021-12-31,False,041,0.25771295506856146,13.792759708930237,0.00838767230073268,0.0016307385673089909,0.07928646985287047,0.9891333695554348,False
258771,HOMESTREET BANK,1,2022-01-20,2022-01-20,-0.12532715767253313,0.00043287901429202655,0.7872929711139519,200,False,0.1231,0.0243,65,2021-12-31,False,041,0.39709380626779706,15.783835605636602,0.016621229959282974,0.004252073081917226,0.10893788180942957,0.9673051071317994,False
212577,HOMETRUST BANK,1,2022-01-20,2022-01-20,0.03657255970460027,0.0009527112631063672,0.8442109391777486,200,False,0.1231,0.0243,65,2021-12-31,False,041,0.23552468773124932,15.069020961346295,0.006472303423411695,0.00222647663110856,0.1112605232030793,0.9650324422711325,False
4210227,NBH BANK,1,2022-01-20,2022-01-20,0.029584552087109015,0.0005336982886593367,0.795204837471967,200,False,0.1231,0.0243,65,2021-12-31,False,041,0.2778317557208075,15.787908084362344,0.014032770956813607,0.0024184711702847014,0.10380446887813655,0.9840501515581005,False
884303,CHEMUNG CANAL TRUST COMPANY,1,2022-01-20,2022-01-20,0.025519666371952195,0.000899748167165046,0.37625838260528266,200,False,0.1231,0.0243,65,2021-12-31,False,041,0.3888092287228623,14.696550000089793,0.010377031308850931,0.005340286900493532,0.08426800784119712,0.9769858744254614,False
2758613,FIRST INTERNET BANK OF INDIANA,1,2022-01-20,2022-01-20,-0.012304499108020011,0.0010154415061176152,1.1341867423039789,200,False,0.1231,0.0243,65,2021-12-31,False,051,0.3328633189513264,15.252229223509282,0.012799780549382451,0.002520944277592757,0.1017433630569433,0.8552384218682519,False
122854,INDEPENDENT BANK DBA INDEPENDENT FINANCIAL,1,2022-01-20,2022-01-20,0.028406810918993136,-0.0004958965535768333,1.3726155373545776,200,False,0.1231,0.0243,65,2021-12-31,False,041,0.5437349420888985,16.745570120764082,0.01321706215675091,0.004447956432109189,0.1550353130957086,0.9835826930699901,False
2354985,CUSTOMERS BANK,1,2022-01-20,2022-01-20,-0.14899616472426686,0.0028751680903014287,1.6706689235597258,200,False,0.1231,0.0243,65,2021-12-31,False,041,0.7343300366992401,16.788782015366458,0.016454563254434455,0.0035010915385769053,0.07484867270262809,0.9370824205483221,False
3475083,TRISTATE CAPITAL BANK,1,2022-01-20,2022-01-20,0.044449990107958394,0.0006650516686923803,1.2642579881566458,200,False,0.1231,0.0243,65,2021-12-31,False,041,0.6506805283798889,16.37476380024342,0.006516938787935567,0.00040071264230269384,0.07368421296934179,0.9637050580910322,False
697978,COMMUNITY BANK OF THE CHESAPEAKE,1,2022-01-20,2022-01-20,-0.01092874178535749,0.0011669208360254495,0.46222461460370745,200,False,0.1231,0.0243,65,2021-12-31,False,041,0.24911800883909324,14.659592252028638,0.012413574272703938,0.0050882247589976795,0.101709876126528,0.9856318923265431,False
3401970,FIRST BANK,1,2022-01-20,2022-01-20,0.07513419971904015,0.0013382983318765882,1.1710305392347309,200,False,0.1231,0.0243,65,2021-12-31,False,041,0.4411894058550971,14.735912029160302,0.014113862178912624,0.006155329260399311,0.10622882223544775,0.942490568863343,False
3284070,ALLY BANK,1,2022-01-20,2022-01-20,0.00821474205601071,-0.00013600486335638972,1.332365333408326,200,False,0.1231,0.0243,65,2021-12-31,False,031,0.1549857647583439,18.967761148377527,0.021386413609535932,0.011331514190944593,0.09678856613817845,0.9338343167214417,False
3109043,BANKWELL BANK,1,2022-01-20,2022-01-20,0.019833221411550604,0.0010647335903023604,0.6145461821628908,200,False,0.1231,0.0243,65,2021-12-31,False,041,0.48962903355068693,14.712596044074367,0.012654718046684024,0.009323655744055847,0.09243836253208533,0.9586439596629444,False
762447,"FIRST MID BANK & TRUST, NATIONAL ASSOCIATION",1,2022-01-20,2022-01-20,-0.011150639720466081,0.0005556502982797045,0.9110731225608504,200,False,0.1231,0.0243,65,2021-12-31,False,041,0.3345957030906331,15.599077896465742,0.008255016595396307,0.004531321681792346,0.11515702780417836,0.9497569478799098,False
1216022,SYNCHRONY BANK,1,2022-01-20,2022-01-20,0.026899204456590636,0.00019451994092506222,1.4660795437165357,200,False,0.1231,0.0243,65,2021-12-31,False,041,0.15456297706992675,18.27060176349516,0.046604852203011714,0.011364508945711433,0.13567810001859082,0.8753007918050197,False
3303298,"CITIZENS BANK, NATIONAL ASSOCIATION",1,2022-01-20,2022-01-20,0.00593175967696992,-3.2507633055133324e-05,1.2624621173646853,200,False,0.1231,0.0243,65,2021-12-31,False,031,0.45759598114183425,19.052322861784,0.012272390359322063,0.009947806343774407,0.12092258677566331,0.9500610816924465,False
177920,"MIDDLEFIELD BANKING COMPANY, THE",1,2022-01-20,2022-01-20,-0.0024564292261450857,0.0007228396736503909,0.10538946992490161,200,False,0.1231,0.0243,65,2021-12-31,False,041,0.347400024841209,14.10044134911025,0.015596350974301895,0.0049443292339189735,0.11325216031045297,0.9901050139006448,False
371924,COMMUNITY BANK,1,2022-01-20,2022-01-20,-0.013475291279269094,0.0011429856641379606,0.24491619538180023,200,False,0.1231,0.0243,65,2021-12-31,False,051,0.36087475053306617,14.16870856435507,0.007924906558172762,0.0048618920920536525,0.08869194085752237,0.9597679885921301,False
3221468,VERITEX COMMUNITY BANK,1,2022-01-20,2022-01-20,0.0011701414161420128,0.0010685870216787918,1.3767955390805817,200,False,0.1231,0.0243,65,2021-12-31,False,041,0.6116758223587859,16.09319816488281,0.01545299058375356,0.007997135080702019,0.15329893617032184,0.8970432287669671,False
3637685,FIRST FOUNDATION BANK,1,2022-01-20,2022-01-20,0.01232062763798027,0.0002191163261976663,1.0815264604421184,200,False,0.1231,0.0243,65,2021-12-31,False,041,0.6510019744659561,16.135120993795333,0.010540212949424144,0.0011241653295155627,0.10535651278334589,0.9716854458571954,False
866000,GLENS FALLS NATIONAL BANK AND TRUST COMPANY,1,2022-01-20,2022-01-20,0.01828029684375552,0.0005129411052250765,0.6532968760745124,200,False,0.1231,0.0243,65,2021-12-31,False,041,0.2718974198057366,14.969272429306587,0.011812576022934321,0.003685397113479235,0.0923120309290318,0.9746475016064912,False
766164,"TBK BANK, SSB",1,2022-01-20,2022-01-20,-0.22041973178005575,0.0021530883928066223,1.397464039083854,200,False,0.1231,0.0243,65,2021-12-31,False,041,0.36131946909992324,15.597715359720748,0.02056320561607082,0.011140282831880411,0.15787694484805093,0.9398602231386514,False
403179,FIRST FED BANK,1,2022-01-20,2022-01-20,0.03452630578984597,0.0006624847272950123,0.24154666933876437,200,False,0.1231,0.0243,65,2021-12-31,False,051,0.2968078583463774,14.466496827221468,0.00876380949301435,0.0010187137421702847,0.10360737883136342,0.933699719159795,False
917742,"ASSOCIATED BANK, NATIONAL ASSOCIATION",1,2022-01-20,2022-01-20,0.02029801411645844,0.0002193942344328199,1.1755388458374962,200,False,0.1231,0.0243,65,2021-12-31,False,041,0.5583767331190419,17.37250323775589,0.010302984439127038,0.005588429029685135,0.11277041169578907,0.9164106665130323,False
3650808,LIVE OAK BANKING COMPANY,1,2022-01-20,2022-01-20,-0.23041057300291035,0.001829233055423405,1.8106421293122352,200,False,0.1231,0.0243,65,2021-12-31,False,041,0.16589238008502435,15.91173436140157,0.01752097717245551,0.012207242149145927,0.08191591528913607,0.9536653834469612,False
139656,EQUITY BANK,1,2022-01-20,2022-01-20,0.0162466993585028,0.0011793609789668277,0.8944888857548382,200,False,0.1231,0.0243,65,2021-12-31,False,041,0.3410116336294362,15.452772175996953,0.011857643697656831,0.009372623495929067,0.11175820918283191,0.9744914885859348,False
422433,FIRST GUARANTY BANK,1,2022-01-20,2022-01-20,0.03984305268590265,0.00144350050860502,0.5308881955219746,200,False,0.1231,0.0243,65,2021-12-31,False,041,0.49959813732518205,14.871334684359386,0.010240601069531367,0.009651012175372413,0.08881716621850629,0.9933498838511033,False
3532641,SMARTBANK,1,2022-01-20,2022-01-20,0.014150637771515954,0.00067623063926056,0.7472766443537732,200,False,0.1231,0.0243,65,2021-12-31,False,041,0.32229360581255523,15.342913345846565,0.008145763599393686,0.0019066140794463296,0.10047071359068803,0.9737998411936062,False
2941068,NICOLET NATIONAL BANK,1,2022-01-20,2022-01-20,0.10362559121496635,-0.0003169490551106904,0.9011931089721105,200,False,0.1231,0.0243,65,2021-12-31,False,041,0.3082105177104291,15.854950992062292,0.007450652179258518,0.009146498720538358,0.12916931368991635,0.9868465872420173,False
773247,MIDLAND STATES BANK,1,2022-01-20,2022-01-20,0.00552386021490156,8.958396266668527e-05,0.7571355876644972,200,False,0.1231,0.0243,65,2021-12-31,False,041,0.41580004283987726,15.82160718244374,0.011795015551013808,0.006766223175222714,0.10872433262194048,0.9279376766442412,False
40499,HARBORONE BANK,1,2022-01-20,2022-01-20,0.016986157675431216,0.0005266320934249549,0.9926365819659226,200,False,0.1231,0.0243,65,2021-12-31,False,041,0.32621573182590025,15.313342268764249,0.013668659668129255,0.009891675505525712,0.12426145722411226,0.9542748016169397,False
980661,FIRST HAWAIIAN BANK,1,2022-01-20,2022-01-20,-0.014081280917214216,-0.000724549804028617,1.1918642032346178,200,False,0.1231,0.0243,65,2021-12-31,False,031,0.47261331601967815,17.03407045293188,0.01086887325968527,0.0011010961820205412,0.10575056448831056,0.9768118499591976,False
436159,FIRSTBANK,1,2022-01-20,2022-01-20,-0.0007456649017247539,-0.00014960865435780117,1.0946557484808888,200,False,0.1231,0.0243,65,2021-12-31,False,041,0.5446039439284492,16.347799317586244,0.015168247449129016,0.0062846383550808705,0.11325379973138394,0.9732212095018924,False
795968,BANK OF HAWAII,1,2022-01-20,2022-01-20,0.005466217593609766,-0.0007729498581704458,1.1155543696576935,200,False,0.1231,0.0243,65,2021-12-31,False,031,0.47116183627964453,16.940276254678047,0.011194853533333073,0.0019863546777741043,0.06972109286387965,0.9621313968336302,False
321273,AFFINITY BANK,1,2022-01-20,2022-01-20,-0.05644169271790824,0.0014858692661753054,0.05633424907950807,200,False,0.1231,0.0243,65,2021-12-31,False,051,0.22600127399313832,13.57953122939749,0.009769599023546557,0.011936707214391818,0.1306500277919516,0.9122747993766476,False
214414,"FARMERS & MERCHANTS STATE BANK, THE",1,2022-01-20,2022-01-20,0.010819382552476988,0.0011496104378599355,0.5815881302827437,200,False,0.1231,0.0243,65,2021-12-31,False,041,0.18994944275070758,14.774162067823905,0.008915039125028707,0.004329986118952375,0.1297603651899392,0.9680897230915096,False
129732,BYLINE BANK,1,2022-01-20,2022-01-20,-0.016401346785548044,0.001176184652172414,1.0686485291960819,200,False,0.1231,0.0243,65,2021-12-31,False,041,0.3352525706160443,15.715442884507489,0.014790196369963272,0.007168612226909493,0.1313150274880853,0.8975673533540777,False
3835454,ROYAL BUSINESS BANK,1,2022-01-20,2022-01-20,0.03898486180108621,0.0007021185512958156,1.0537486783267227,200,False,0.1231,0.0243,65,2021-12-31,False,041,0.5888192953561011,15.255940295926534,0.01518267570710312,0.0061657679249051325,0.13511821167978288,0.9488323886196227,False
3595271,"BANK OF PRINCETON, THE",1,2022-01-20,2022-01-20,0.018907081621224883,0.0005122597986759744,0.42111128069142134,200,False,0.1231,0.0243,65,2021-12-31,False,041,0.33655846167463266,14.33886654776508,0.013323600062097006,0.000880041702742135,0.1283280855042597,0.9830324823856896,False
736206,CAMBRIDGE TRUST COMPANY,1,2022-01-20,2022-01-20,0.03873113301931236,0.0006179805242562777,0.6915092693187581,200,False,0.1231,0.0243,65,2021-12-31,False,051,0.5085642946892228,15.402952727982324,0.011066968540785923,0.0016219979786761172,0.08734259046103407,0.9725459844399991,False
1007819,"FIDELITY DEPOSIT AND DISCOUNT BANK, THE",1,2022-01-20,2022-01-20,0.07164654779291496,-0.0006661134513070498,1.3341429388360087,200,False,0.1231,0.0243,65,2021-12-31,False,051,0.40837825634220737,14.699649929821344,0.01094882068652154,0.0020555643895990624,0.08748316741707629,0.9824671632764659,False
963945,MERCHANTS BANK OF INDIANA,1,2022-01-20,2022-01-20,-0.025194764038681816,0.0010515332866676947,1.0868325440142155,200,False,0.1231,0.0243,65,2021-12-31,False,041,0.5926186216205891,16.21287832802117,0.02059540672312735,6.589748770338023e-05,0.09978234885506439,0.8886401085077636,False
2705895,METROPOLITAN COMMERCIAL BANK,1,2022-01-20,2022-01-20,-0.026599654572996814,0.002644595375217942,1.2356484341076535,200,False,0.1231,0.0243,65,2021-12-31,False,051,0.8288355430902994,15.77767264029689,0.008826803911286122,0.0027570595545768875,0.07998433663968355,0.9904996143227793,False
3579589,ALLEGIANCE BANK,1,2022-01-20,2022-01-20,0.026555002019557558,-0.0005302353982585778,1.0122777567171077,200,False,0.1231,0.0243,65,2021-12-31,False,041,0.5591979410181341,15.77507365139336,0.012239745464701942,0.00571664021631632,0.11598066352452698,0.9727163213804244,False
3271799,MERIDIAN BANK,1,2022-01-20,2022-01-20,-0.038664756620576744,0.0018263760489813127,0.3393094492152385,200,False,0.1231,0.0243,65,2021-12-31,False,051,0.5886674980038935,14.353942399306849,0.02202393250990184,0.015734605295708762,0.1175998851351588,0.9584867895374618,False
979375,"STERLING BANK AND TRUST, FSB",1,2022-01-20,2022-01-20,0.06777105770605597,4.065549202839725e-05,0.7666126330602427,200,False,0.1231,0.0243,65,2021-12-31,False,041,0.19779655099823354,14.872364650122885,0.010072620038543012,0.038751755526907836,0.13272454605959397,0.9194470981992582,False
497570,LUTHER BURBANK SAVINGS,1,2022-01-20,2022-01-20,-0.03362139161489178,0.0014481102520516537,0.6506813489010079,200,False,0.1231,0.0243,65,2021-12-31,False,041,0.4282343200610361,15.786393141083456,0.012972397411288939,0.00036411366825227345,0.1118631886713795,0.876176095221884,False
2757205,"MVB BANK, INC.",1,2022-01-20,2022-01-20,0.008638690718261864,0.0011318038546475249,0.7670223301747712,200,False,0.1231,0.0243,65,2021-12-31,False,041,0.7063855737721274,14.84122055760697,0.01734446008085118,0.012186082430670464,0.11527334331274705,0.9752569737865251,False
3378773,BRIDGEWATER BANK,1,2022-01-20,2022-01-20,0.04387904799978431,0.0003618800919206,0.9388101536596175,200,False,0.1231,0.0243,65,2021-12-31,False,041,0.423379629935591,15.060548335288804,0.014000309812713033,0.0002569452624738562,0.11165926590511092,0.980882685642016,False
3357219,OPEN BANK,1,2022-01-20,2022-01-20,-0.07807687321406981,0.0015387162798814896,0.5551095293030542,200,False,0.1231,0.0243,65,2021-12-31,False,051,0.5141005807365716,14.3616345973371,0.016979545312380544,0.002281523789980106,0.09422327094294511,0.9824985117020821,False
3281510,UNITED BUSINESS BANK,1,2022-01-20,2022-01-20,0.039469205841606875,0.0007357008936135174,0.3123949600109849,200,False,0.1231,0.0243,65,2021-12-31,False,051,0.4726275739815896,14.661333330944789,0.01003307446604867,0.004119402234947728,0.12838609825168013,0.9853104835215052,False
667757,ORIGIN BANK,1,2022-01-20,2022-01-20,0.005231855571625715,0.0007925768984448795,0.9546138903126898,200,False,0.1231,0.0243,65,2021-12-31,False,041,0.5538469808820746,15.869458378752155,0.013665224190716623,0.01309350136933072,0.0942969712108335,0.9349461529062933,False
2562164,COASTAL COMMUNITY BANK,1,2022-01-20,2022-01-20,-0.0056897408176520645,0.0025510150100187825,1.155455325602873,200,False,0.1231,0.0243,65,2021-12-31,False,041,0.3600220921001062,14.783519353998525,0.010210821830237206,0.0009915645246116995,0.0766970145064168,0.9824776192962168,False
3158546,FIRST WESTERN TRUST BANK,1,2022-01-20,2022-01-20,0.027827827122045165,0.0021269778468184252,0.6690026744013375,200,False,0.1231,0.0243,65,2021-12-31,False,051,0.47686623105124637,14.74058103483313,0.008831718374684681,0.0021903357250734282,0.09255065133625635,0.9716852316386797,False
661308,AMALGAMATED BANK,1,2022-01-20,2022-01-20,0.05117624483929639,-0.00035451223907858334,0.8821411708222706,200,False,0.1231,0.0243,65,2021-12-31,False,041,0.650581064656446,15.767147704987119,0.007597080993675751,0.008507437488317686,0.08594552089683764,0.988206055107718,False
83638,"AMERANT BANK, NATIONAL ASSOCIATION",1,2022-01-20,2022-01-20,0.04634473509876133,0.0024864233017353843,1.0262159486359625,200,False,0.1231,0.0243,65,2021-12-31,False,031,0.3936002168591368,15.846582684447414,0.016040268403545725,0.008941291845231467,0.12046462896670722,0.8437850957526944,False
18854,BANK7,1,2022-01-20,2022-01-20,-0.07093854255802118,0.001743520569749298,0.5667995388535829,200,False,0.1231,0.0243,65,2021-12-31,False,041,0.303244793189186,14.114823726209968,0.01716839692438166,0.010088787158665131,0.0939884293648605,0.9964652398891133,False
2808602,"CAPITAL BANK, NATIONAL ASSOCIATION",1,2022-01-20,2022-01-20,-0.01090303656093397,0.002451131647582483,0.8602581406556636,200,False,0.1231,0.0243,65,2021-12-31,False,041,0.49849787890045405,14.515698394832521,0.019368154305752703,0.006952983550804547,0.08356358151480713,0.9741584106385065,False
3614976,FVCBANK,1,2022-01-20,2022-01-20,0.0262126177438583,0.0012686174007405337,0.3637712275036456,200,False,0.1231,0.0243,65,2021-12-31,False,051,0.5193718243725907,14.603065238308224,0.011463070088238707,0.002333345967580522,0.10147473970832774,0.9547735360298779,False
594947,"BANK FIRST, NATIONAL ASSOCIATION",1,2022-01-20,2022-01-20,0.04076938967995944,-0.0001075459774771803,0.6771379105866783,200,False,0.1231,0.0243,65,2021-12-31,False,041,0.3190947091418753,14.89308475646615,0.016016095072586122,0.003876937854072417,0.11393187168196572,0.9737942613235799,False
3476192,CARTER BANK & TRUST,1,2022-01-20,2022-01-20,0.021842690442061306,0.0006673070384693048,1.195948782134317,200,False,0.1231,0.0243,65,2021-12-31,False,041,0.14771339808803174,15.234556434721831,0.008076599708456573,0.0026301781743925112,0.09730775977305582,0.9926649396875088,False
3248849,MAINSTREET BANK,1,2022-01-20,2022-01-20,0.03098969592321404,0.0011949188865301654,0.2613814266082996,200,False,0.1231,0.0243,65,2021-12-31,False,041,0.48318393587946246,14.314470866464314,0.014366050438127805,0.0,0.13106129417707746,0.9868574131694184,False
289515,FARMERS AND MERCHANTS TRUST COMPANY OF CHAMBERSBURG,1,2022-01-20,2022-01-20,-0.02649990248567942,0.0014174710545036648,-0.22160124054125388,200,False,0.1231,0.0243,65,2021-12-31,False,051,0.22463220837260398,14.38842213528118,0.012170813167529687,0.007371917427336595,0.08884287617787748,0.991498681512773,False
2743244,RED RIVER BANK,1,2022-01-20,2022-01-20,-0.015442541145159262,0.0001609561085601033,0.42589799921555416,200,False,0.1231,0.0243,65,2021-12-31,False,041,0.41209178122904166,14.986295280172513,0.01038448489419517,0.00018896738505866283,0.08818919517373427,0.9944897444147484,False
575254,CITY BANK,1,2022-01-20,2022-01-20,0.014825214523039412,0.0010260554282173048,1.003181761911698,200,False,0.1231,0.0243,65,2021-12-31,False,041,0.42330601242360366,15.176355307542373,0.0163229205079849,0.004215451830567316,0.11004527263336758,0.9902943954614586,False
419675,FIRST BANK RICHMOND,1,2022-01-20,2022-01-20,0.009012482532669282,0.0011440398459853715,0.48245174205096203,200,False,0.1231,0.0243,65,2021-12-31,False,051,0.24944032802304136,14.050164410863175,0.010574382488803618,0.009500712760482902,0.12362877440447428,0.8327982052906386,False
3594005,CROSSFIRST BANK,1,2022-01-20,2022-01-20,0.033826922936258545,0.0004176175304247233,0.8212232957908902,200,False,0.1231,0.0243,65,2021-12-31,False,041,0.537153802310612,15.540555273110012,0.012743792193946236,0.007406349259306336,0.11509945531370239,0.9463568192045293,False
933256,"ALERUS FINANCIAL, NATIONAL ASSOCIATION",1,2022-01-20,2022-01-20,0.05096453133314738,0.0001357921195590484,1.1375492148667483,200,False,0.1231,0.0243,65,2021-12-31,False,041,0.6091804827226024,15.03652925209841,0.016705695679871648,0.0012175050290660623,0.1009331571620697,0.9848747479015304,False
426534,HEARTLAND BANK AND TRUST COMPANY,1,2022-01-20,2022-01-20,-0.02319047252852881,0.0005544799517988271,0.7140584721443892,200,False,0.1231,0.0243,65,2021-12-31,False,041,0.22506980176484798,15.276700866418171,0.014202215310844965,0.0011223210125563406,0.10701219738497567,0.9775071050086642,False
3437456,METRO CITY BANK,1,2022-01-20,2022-01-20,-0.03599416861575256,0.002883054401140921,0.862953755330276,200,False,0.1231,0.0243,65,2021-12-31,False,041,0.31486241650455676,14.95071832199062,0.019905392985455458,0.00362611744859348,0.09009936307369963,0.8146234063360536,False
324340,CHOICEONE BANK,1,2022-01-20,2022-01-20,0.022661157645846388,-0.00015342312362182875,0.5956956405867515,200,False,0.1231,0.0243,65,2021-12-31,False,041,0.34102076655321595,14.675758629784248,0.009423174307571834,0.0016167195749374785,0.10003735594376217,0.9730318095750262,False
128904,EASTERN BANK,1,2022-01-20,2022-01-20,-0.00013036584574929646,0.00036265087984775575,1.001680371862452,200,False,0.1231,0.0243,65,2021-12-31,False,041,0.5268702432460507,16.972095403413064,0.006425478228486083,0.0028542860185023135,0.1383610194465479,0.977418691989858,False
395238,SYNOVUS BANK,1,2022-01-20,2022-01-20,0.022049551439845022,-0.0002508738548150868,1.5484055606393232,200,False,0.1231,0.0243,65,2021-12-31,False,041,0.5217051450944442,17.862489296162742,0.013400669289025542,0.003439916530629565,0.0940389036784474,0.9612389677718273,False
933966,CITIZENS BUSINESS BANK,1,2022-01-20,2022-01-20,0.01723349575225705,-0.000603263117049416,0.8918556258475089,200,False,0.1231,0.0243,65,2021-12-31,False,041,0.6571046863462493,16.580767405076575,0.013668537017194168,0.0008740176018067594,0.12837201559718844,0.9417422682802747,False
2708122,VIRGINIA NATIONAL BANK,1,2022-01-20,2022-01-20,0.023919805006261667,2.6609236910323924e-05,0.4226584577066031,171,False,0.1231,0.0243,65,2021-12-31,False,051,0.276640612133163,14.49391002360394,0.005901393449402529,0.0012203039734793551,0.08302342137725228,0.9945498463011281,False
2867337,FIVE STAR BANK,1,2022-01-20,2022-01-20,-0.02564900055755612,0.0015572183065901233,0.9855947058000756,149,False,0.1231,0.0243,65,2021-12-31,False,041,0.6091722284626052,14.754373411874548,0.0183647546881746,0.0003017793155213276,0.1006839072188816,0.9964820213461726,False
60143,COMERICA BANK,1,2022-01-20,2022-01-20,-0.0051044772661429,0.0005567887672921785,1.2369027068683032,200,False,0.1231,0.0243,65,2021-12-31,False,031,0.6752436507652483,18.36725886995629,0.012194350091774088,0.005903714674078432,0.08616215531973248,0.9676670899226596,False
601050,COMMERCE BANK,1,2022-01-20,2022-01-20,-0.01973002401875494,-0.0006334388440278608,1.0374782721906712,200,False,0.1231,0.0243,65,2021-12-31,False,041,0.4505735606368127,17.41325042574587,0.01392366130748846,0.001375241077133224,0.08208272894571036,0.8969656285969501,False
682563,FROST BANK,1,2022-01-20,2022-01-20,0.03325474880336231,0.0005093758979458675,1.1733569154084822,200,False,0.1231,0.0243,65,2021-12-31,False,041,0.556096901462254,17.746427267939517,0.008872570621317022,0.005658273483463219,0.08273467506734451,0.9248309155342894,False
723112,"FIFTH THIRD BANK, NATIONAL ASSOCIATION",1,2022-01-20,2022-01-20,-0.04278356728604078,0.0005742513784581816,1.2365066235435076,200,False,0.1231,0.0243,65,2021-12-31,False,031,0.6224999508357728,19.161173164328776,0.013695841831814446,0.008407804853185454,0.10951137853639482,0.9441146336730023,False
233031,REGIONS BANK,1,2022-01-20,2022-01-20,0.008645415162957004,-0.00016872865478464517,1.3849335687982942,200,False,0.1231,0.0243,65,2021-12-31,False,031,0.3965078049160697,18.90429754211752,0.01616592577978088,0.007355757316331358,0.10912924725481371,0.9767185953644814,False
342634,TRUSTMARK NATIONAL BANK,1,2022-01-20,2022-01-20,-0.006448340246232217,-0.000198979717048763,1.122582602408317,200,False,0.1231,0.0243,65,2021-12-31,False,041,0.4320268353314717,16.68302978566847,0.008720639920187885,0.012761641209786498,0.10512752028198886,0.9630914487673448,False
501105,MANUFACTURERS AND TRADERS TRUST COMPANY,1,2022-01-20,2022-01-20,-0.0032974205484636483,-0.0005164185811649151,1.0989164446998778,200,False,0.1231,0.0243,65,2021-12-31,False,031,0.5407365886970902,18.856464682559515,0.011903570870119468,0.032535205218655626,0.10836112574058498,0.9699291062589073,False
165628,FIRST FINANCIAL BANK,1,2022-01-20,2022-01-20,0.010088148872834459,-6.717608990154482e-05,1.1636844890071845,200,False,0.1231,0.0243,65,2021-12-31,False,041,0.4102949206921165,16.60324641839046,0.013976066163680955,0.005208214273333962,0.15056174822778273,0.9368736325375631,False
991340,1ST SOURCE BANK,1,2022-01-20,2022-01-20,0.00989547644308326,2.5339643018144643e-05,0.9983037570237013,200,False,0.1231,0.0243,65,2021-12-31,False,041,0.4004693117878282,15.906881164580408,0.015152784015422917,0.0075171219394055185,0.1120591096545901,0.9360953107560944,False
485559,FIRST HORIZON BANK,1,2022-01-20,2022-01-20,0.02627632998698422,-0.0006408692037662941,1.4574510629638513,200,False,0.1231,0.0243,65,2021-12-31,False,041,0.511588449866618,18.301431344960573,0.012536931474649324,0.006095743952058054,0.09774868004119171,0.9447083642506069,False
451965,"WELLS FARGO BANK, NATIONAL ASSOCIATION",1,2022-01-20,2022-01-20,0.003943530631930128,0.0009106738288017518,1.041652093750185,200,False,0.1231,0.0243,65,2021-12-31,False,031,0.5188080299894722,21.299600510734418,0.009877471475197583,0.01476645513238495,0.09615319774498962,0.9478805144612966,False
12311,"HUNTINGTON NATIONAL BANK, THE",1,2022-01-20,2022-01-20,-0.06119272656217205,-0.000613834893661172,1.2654216971753058,200,False,0.1231,0.0243,65,2021-12-31,False,031,0.3740190358258096,18.971194444717064,0.008600296900437808,0.008165954422197674,0.10894235507437383,0.9498098722587339,False
852218,"JPMORGAN CHASE BANK, NATIONAL ASSOCIATION",1,2022-01-20,2022-01-20,0.00984709409819737,-2.14832477078659e-05,0.8190224242222938,200,False,0.1231,0.0243,65,2021-12-31,False,031,0.4780308405412391,21.919301827931555,0.011507471162528251,0.009160395389943472,0.09157836359556841,0.84871341390953,False
541101,"BANK OF NEW YORK MELLON, THE",1,2022-01-20,2022-01-20,-0.02295777143037237,0.0007983266200746014,0.9013353743859885,200,False,0.1231,0.0243,65,2021-12-31,False,031,0.5787718240478237,19.691073111646126,0.006296582216295881,0.0016431471099942006,0.07971927854586287,0.9511480140439927,False
210434,"NORTHERN TRUST COMPANY, THE",1,2022-01-20,2022-01-20,-0.07308016592363545,0.0004457715988693332,1.130627132108635,200,False,0.1231,0.0243,65,2021-12-31,False,031,0.2982197051704546,19.029051223319225,0.008459853830352469,0.0037205996002230403,0.060513520691852354,0.9368862674485764,False
1394676,AMERICAN EXPRESS NATIONAL BANK,1,2022-01-20,2022-01-20,0.10299974134642804,0.0002898805536419011,1.105546508941054,200,False,0.1231,0.0243,65,2021-12-31,False,031,0.20041005462983194,18.654409189098498,0.0559684098819839,0.0029502753153608503,0.09761365813109728,0.8019398520290496,False
480228,"BANK OF AMERICA, NATIONAL ASSOCIATION",1,2022-01-20,2022-01-20,0.032676150506381785,0.0007554072140648904,0.9063418689256881,200,False,0.1231,0.0243,65,2021-12-31,False,031,0.47823237238601235,21.64733622863939,0.010442444508389478,0.006161492965365204,0.09383792579950585,0.9392400151022865,False
817824,"PNC BANK, NATIONAL ASSOCIATION",1,2022-01-20,2022-01-20,0.0017265662971151872,0.00036312624361721567,0.9865897806744663,200,False,0.1231,0.0243,65,2021-12-31,False,031,0.46657145069776557,20.128882005315365,0.009177058921451648,0.013542788968321439,0.09528039558202711,0.9290386341473618,False
280110,KEYBANK NATIONAL ASSOCIATION,1,2022-01-20,2022-01-20,0.010218075691483381,0.00011598663131212253,1.233331375656657,200,False,0.1231,0.0243,65,2021-12-31,False,031,0.5335964333460117,19.030325156059828,0.014113769696489533,0.0053019544695874846,0.09250773468707416,0.9288249703437601,False
504713,U.S. BANK NATIONAL ASSOCIATION,1,2022-01-20,2022-01-20,-0.02130047102349294,0.00018454624408760574,0.9163279477427438,200,False,0.1231,0.0243,65,2021-12-31,False,031,0.47488817049490606,20.15083889246553,0.014351785738506533,0.008634198815110456,0.09122583000315282,0.9086168559474279,False
34537,SEACOAST NATIONAL BANK,1,2022-01-20,2022-01-20,0.02744031238412936,-0.0006459904521008669,1.2459585715376094,200,False,0.1231,0.0243,65,2021-12-31,False,041,0.3789230895280201,16.085769340696782,0.013036276121664473,0.005156946155834825,0.13266633656637444,0.9607392294154137,False
476810,"CITIBANK, N.A.",1,2022-01-20,2022-01-20,0.04254879341429793,-0.0006194295948875203,0.9180787832757981,200,False,0.1231,0.0243,65,2021-12-31,False,031,0.38131889905342925,21.23562648196422,0.011000301337085969,0.007549515131019733,0.09933040862626832,0.8882917808702295,False
852320,TRUIST BANK,1,2022-01-20,2022-01-20,-0.003934822805318566,-0.0004963996355638114,1.2036961714032905,200,False,0.1231,0.0243,65,2021-12-31,False,031,0.47003244281049567,20.085579852989937,0.010537090786620601,0.010083888860179491,0.12294092493292515,0.9236308565856521,False
35301,STATE STREET BANK AND TRUST COMPANY,1,2022-01-20,2022-01-20,-0.0011001019254710757,0.0006045946669036763,1.3398771275320855,200,False,0.1231,0.0243,65,2021-12-31,False,031,0.5715381223519488,19.555506021975766,0.008541678052355953,0.0,0.0894384738782819,0.9207850530641642,False
17147,FIRST MERCHANTS BANK,1,2022-01-20,2022-01-20,-0.005095129129403159,-0.000679375367130308,1.2449931632987044,200,False,0.1231,0.0243,65,2021-12-31,False,041,0.48163425815055894,16.551959989588152,0.013951573004183813,0.004757891669858408,0.12288629638425631,0.9498630362872942,False
572374,GREAT SOUTHERN BANK,1,2022-01-20,2022-01-20,0.04570804568835203,0.0001300332314686473,0.8767710906629563,200,False,0.1231,0.0243,65,2021-12-31,False,041,0.7071776585657273,15.51204592701638,0.01512589791228805,0.0013301483030736653,0.123252273366801,0.9631848002882104,False
489623,"PARK NATIONAL BANK, THE",1,2022-01-20,2022-01-20,0.014652728430298377,1.5602225899351495e-05,1.1135678774405726,200,False,0.1231,0.0243,65,2021-12-31,False,041,0.23203713782772636,16.070511679046437,0.016723221409616306,0.010797102525375616,0.10584182738169648,0.9567972113764021,False
595869,CATHAY BANK,1,2022-01-20,2022-01-20,-0.00862508557823173,6.5179456917479425e-06,1.2767820794368971,200,False,0.1231,0.0243,65,2021-12-31,False,031,0.4914466818601511,16.853948379038307,0.014486687841784624,0.004113429717441006,0.12125219983259401,0.9856873066877275,False
1718188,NORTHRIM BANK,1,2022-01-20,2022-01-20,0.018642988876220606,0.000689221613309626,0.9499915337250368,200,False,0.1231,0.0243,65,2021-12-31,False,051,0.39314811584800285,14.812520814573462,0.014239712903300793,0.007795129282051865,0.07476845522803577,0.978586115750467,False
463735,HANCOCK WHITNEY BANK,1,2022-01-20,2022-01-20,0.06479933399589073,0.00047964993868413483,1.7517873688815768,200,False,0.1231,0.0243,65,2021-12-31,False,041,0.4780634795310172,17.413363056159746,0.01309859296855584,0.002875861096587393,0.10148066836430637,0.9318391251355609,False
339858,"BOKF, NATIONAL ASSOCIATION",1,2022-01-20,2022-01-20,-0.09217772489128226,0.0005240375432803242,1.081079690989223,200,False,0.1231,0.0243,65,2021-12-31,False,041,0.6723400842268831,17.72939978092471,0.012104988365931975,0.012449626269291154,0.09884346436230979,0.9205837440371608,False
693345,"FIRST FINANCIAL BANK, NATIONAL ASSOCIATION",1,2022-01-20,2022-01-20,0.03256704475499313,-0.0001193045931361788,0.7406784005553043,200,False,0.1231,0.0243,65,2021-12-31,False,041,0.33454572947883715,15.434021783120178,0.00905308475370389,0.003457851632400003,0.10624898301937163,0.9620256055789951,False
702117,"NBT BANK, NATIONAL ASSOCIATION",1,2022-01-20,2022-01-20,-0.024797458819274663,-0.0001421991279797502,0.9189981116402977,200,False,0.1231,0.0243,65,2021-12-31,False,041,0.339880910059574,16.29372570281979,0.012578303468884569,0.004366147244092073,0.11041412016976553,0.9748890896757466,False
677176,TRUSTCO BANK,1,2022-01-20,2022-01-20,0.026881492381498555,-0.0004650424277342176,0.7680498744143714,200,False,0.1231,0.0243,65,2021-12-31,False,041,0.11236274338035243,15.639458863007187,0.010443371218998512,0.004221880787063112,0.09413639646400458,0.9385643633150306,False
749242,RENASANT BANK,1,2022-01-20,2022-01-20,-0.021845381187985582,-0.0008272684185501585,1.173944102063523,200,False,0.1231,0.0243,65,2021-12-31,False,041,0.4674667493452366,16.63648870932802,0.011292560132276808,0.0048503753945196345,0.14755417780778715,0.9841388461841525,False
936426,S & T BANK,1,2022-01-20,2022-01-20,-0.016511307268059654,-3.7226206284962097e-06,1.0665177832169395,200,False,0.1231,0.0243,65,2021-12-31,False,041,0.3159036393447823,16.06452101945689,0.01206528307874618,0.009468097748029283,0.12763780032647026,0.9684028263217906,False
42420,FIRST COMMONWEALTH BANK,1,2022-01-20,2022-01-20,0.023687458941968158,0.0003723097699495595,1.033272344801725,200,False,0.1231,0.0243,65,2021-12-31,False,041,0.24524528483236852,16.069086167740224,0.015169736647398091,0.007242260058759335,0.12021765813133992,0.9538431346052699,False
143662,UMPQUA BANK,1,2022-01-20,2022-01-20,0.037399833228464865,-0.0019828661889588414,1.2352209419909492,200,False,0.1231,0.0243,65,2021-12-31,False,041,0.3850815724350542,17.23788573206057,0.013986994171974259,0.002250648675680059,0.09332970521056498,0.9672990959348563,False
61122,FIRST UNITED BANK & TRUST,1,2022-01-20,2022-01-20,-0.010116044348209608,0.0002780231431623474,0.42808943446299047,200,False,0.1231,0.0243,65,2021-12-31,False,041,0.33338975181983604,14.349981416743894,0.014045337216422656,0.002393922453207137,0.09047812978854938,0.9478197842978082,False
936855,"UMB BANK, NATIONAL ASSOCIATION",1,2022-01-20,2022-01-20,-0.060872472602325346,0.0006450549251789123,1.1424618787081657,200,False,0.1231,0.0243,65,2021-12-31,False,031,0.8134910431082668,17.562476946098734,0.008093076369910232,0.005528321488552374,0.07006527249002974,0.9083682034053118,False
577128,PEOPLES BANK,1,2022-01-20,2022-01-20,0.04389757429012715,-0.00035854808355085475,1.0228621814588614,200,False,0.1231,0.0243,65,2021-12-31,False,041,0.2816411597742219,15.768861526759887,0.007284736283868479,0.008388120455942415,0.11824530506446142,0.945601435486182,False
317342,STOCK YARDS BANK & TRUST COMPANY,1,2022-01-20,2022-01-20,-0.038605177747098984,0.0008870070599582666,0.7812629182252923,200,False,0.1231,0.0243,65,2021-12-31,False,041,0.31616387129327167,15.70850715335219,0.011818080218290242,0.001720691282756323,0.09888731139767028,0.9679674621717492,False
584724,UNIFIED BANK,1,2022-01-20,2022-01-20,-0.03583639462996843,0.0007464730835080176,0.07500816942472768,200,False,0.1231,0.0243,65,2021-12-31,False,051,0.15313590041720812,13.496838553025743,0.017739996754291623,0.009262743699947843,0.11821254988901328,0.9577671720007487,False
1386251,BANCFIRST,1,2022-01-20,2022-01-20,0.012635987018739865,-0.00023355385230690174,0.9126705865688828,200,False,0.1231,0.0243,65,2021-12-31,False,041,0.15246235048477916,15.927641312567385,0.019034858547261106,0.004725368132238667,0.12297825930471634,0.9936494707018606,False
100562,TRI COUNTIES BANK,1,2022-01-20,2022-01-20,0.03359509688694147,-0.0003629657952169076,1.0819896763550227,200,False,0.1231,0.0243,65,2021-12-31,False,041,0.3208986736359975,15.96828562020188,0.013923100021315608,0.006168586346997717,0.12168808004446657,0.9750000562084776,False
37640,GERMAN AMERICAN BANK,1,2022-01-20,2022-01-20,-0.0008043789455876946,-0.00011299182890287524,0.9695059408507645,200,False,0.1231,0.0243,65,2021-12-31,False,041,0.4345882207319605,15.537573157957103,0.015483039045871389,0.004895104199248454,0.11015948902611641,0.9702018234396337,False
981275,PREMIER BANK,1,2022-01-20,2022-01-20,0.0017039969436613706,-0.00038101391538140976,1.1375130695626214,200,False,0.1231,0.0243,65,2021-12-31,False,041,0.24998669331688622,15.82022208791003,0.016477746623361787,0.008796809887662682,0.13933010342739285,0.990896573354209,False
435077,"PATHWARD, NATIONAL ASSOCIATION",1,2022-01-20,2022-01-20,-0.012935171609662325,0.0008908899551502405,1.1708772659192175,200,False,0.1231,0.0243,65,2021-12-31,False,041,0.026951415378899272,15.844882004212018,0.02381966177712489,0.011605063998613486,0.11943907601511938,0.9745725700959967,False
2142155,QUAD CITY BANK AND TRUST COMPANY,1,2022-01-20,2022-01-20,-0.01694370191288204,0.0007478883470229795,1.1505258558972886,200,False,0.1231,0.0243,65,2021-12-31,False,041,0.7647403307388577,14.578494853537295,0.01614050106613288,0.0014779722148495305,0.10687533309366909,0.9654698230968621,False
921178,RIVERVIEW BANK,1,2022-01-20,2022-01-20,0.01795581940779771,0.0011462764808438887,0.6877522837261484,200,False,0.1231,0.0243,65,2021-12-31,False,041,0.2942634723116679,14.335635013275127,0.012909595972505657,0.0019122386390680746,0.10672574672890918,0.9879939380668503,False
693224,ATLANTIC UNION BANK,1,2022-01-20,2022-01-20,0.026875972700471894,-0.0007645969916942346,1.2295586734853161,200,False,0.1231,0.0243,65,2021-12-31,False,041,0.40051557901462537,16.811258281398914,0.014080032463498439,0.0030438756170884677,0.14786661546079113,0.9809516332607343,False
470050,"FIRST FINANCIAL BANK, NATIONAL ASSOCIATION",1,2022-01-20,2022-01-20,-0.030147964623862704,0.00013096779716962296,1.2230659751295216,200,False,0.1231,0.0243,65,2021-12-31,False,041,0.45673824674965646,16.385222402911452,0.016782804549971445,0.005832554172988707,0.12176953711742251,0.9349342226329793,False
936136,OLD SECOND NATIONAL BANK,1,2022-01-20,2022-01-20,0.0004128586239988425,0.00014088557225001798,0.7427067475339837,200,False,0.1231,0.0243,65,2021-12-31,False,041,0.23279350789051056,15.642381829552452,0.00477712054219763,0.013027459483436615,0.10066051290765515,0.9825503093918678,False
694904,"FLAGSTAR BANK, NATIONAL ASSOCIATION",1,2022-01-20,2022-01-20,-0.05647784201326475,-0.00014208922519077477,0.8958390775403082,200,False,0.1231,0.0243,65,2021-12-31,False,041,0.34448946095458083,17.90119583657295,0.01060984367787292,0.0007118728675515929,0.12650613995474247,0.6774434333303931,False
229801,VALLEY NATIONAL BANK,1,2022-01-20,2022-01-20,-0.029353696971207648,0.0002050713486873448,1.2288447577941144,200,False,0.1231,0.0243,65,2021-12-31,False,041,0.532385198256676,17.586541655920215,0.011314843307226832,0.007085579395059186,0.13259687427122607,0.948081894340804,False
481177,LANDMARK NATIONAL BANK,1,2022-01-20,2022-01-20,-0.026749100624869553,0.0007775265584733712,0.2324114529375122,200,False,0.1231,0.0243,65,2021-12-31,False,041,0.3280916772750552,14.097661612498465,0.013724953411781031,0.007843396025512782,0.11548599185959958,0.9838973028877595,False
272272,SOUTHERN BANK,1,2022-01-20,2022-01-20,0.026905303031245192,0.001888133757870764,0.47071919720255306,200,False,0.1231,0.0243,65,2021-12-31,False,051,0.17927676431750378,14.882276078993035,0.017548731660567144,0.0012391713653134063,0.10292071652617978,0.9804340896266458,False
764030,AMERIS BANK,1,2022-01-20,2022-01-20,-0.00015420937583102146,-0.00044149271532001924,1.3387193679225633,200,False,0.1231,0.0243,65,2021-12-31,False,041,0.46686248039756995,16.983286501318396,0.017067730140957155,0.005716307361422719,0.12965521532382326,0.9628360032729879,False
2236821,"PATRIOT BANK, NATIONAL ASSOCIATION",1,2022-01-20,2022-01-20,-0.029198476048765076,0.002050566095676826,0.30041160798041666,200,False,0.1231,0.0243,65,2021-12-31,False,051,0.38010514893877956,13.762368186666166,0.0069317528697752165,0.031102169759108667,0.10167941829379538,0.8806637020619186,False
268677,CARVER FEDERAL SAVINGS BANK,1,2022-01-20,2022-01-20,-0.09621638828462287,0.003495727504449894,1.2941879514194254,200,False,0.1231,0.0243,65,2021-12-31,False,041,0.2861109267494082,13.491518518690594,-0.00041064298118508524,0.02477042814224502,0.09887785237868749,0.9709578330075398,False
112837,"CAPITAL ONE, NATIONAL ASSOCIATION",1,2022-01-20,2022-01-20,-0.02939801119290818,0.00031711834396475134,1.2154937347821297,200,False,0.1231,0.0243,65,2021-12-31,False,031,0.342327605359243,19.759096510796713,0.013091879270937155,0.007384472515108012,0.10610296825644316,0.9296784805525994,False
1002878,NORTHWEST BANK,1,2022-01-20,2022-01-20,-0.0199113768667792,-0.00015689731728590295,0.6915814263308836,200,False,0.1231,0.0243,65,2021-12-31,False,041,0.22354242051021372,16.496954942467934,0.011087365446463568,0.015850304740229453,0.11616415659815113,0.9728502220193391,False
697763,WESTAMERICA BANK,1,2022-01-20,2022-01-20,0.012510128094629838,-0.0007535751582451344,0.8314834518493149,200,False,0.1231,0.0243,65,2021-12-31,False,041,0.3824435765546305,15.81985604334214,0.011371961674842529,0.0009652419283867259,0.09710162796353976,0.9574958798594936,False
749635,AUBURNBANK,1,2022-01-20,2022-01-20,0.013626296409418622,-0.0008656864681508983,0.29634319952776256,200,False,0.1231,0.0243,65,2021-12-31,False,051,0.4230812439565554,13.914924125527712,0.00692153988644872,0.000965761156825256,0.09139782512451076,0.9933995767119848,False
959304,FLUSHING BANK,1,2022-01-20,2022-01-20,0.02116367247357718,0.000341396332424951,1.0225086235333007,200,False,0.1231,0.0243,65,2021-12-31,False,041,0.3917018277514623,15.900847313672902,0.012166563671471963,0.002294932062689578,0.10486323302682476,0.8885402589181411,False
352772,BANNER BANK,1,2022-01-20,2022-01-20,-0.00451033845172436,3.935556383723827e-05,1.204223758201503,200,False,0.1231,0.0243,65,2021-12-31,False,041,0.3277263776042881,16.636802297719186,0.012649852344275715,0.0024872430224642614,0.10725714431305204,0.9624245829419436,False
498317,"OHIO VALLEY BANK COMPANY, THE",1,2022-01-20,2022-01-20,0.030738357519107945,0.00014715611950083727,0.5121548075460205,200,False,0.1231,0.0243,65,2021-12-31,False,041,0.32465009964981817,14.0254302583,0.008643953893508239,0.005504300768455991,0.10886291027976319,0.9694747873168815,False
506922,SANDY SPRING BANK,1,2022-01-20,2022-01-20,-0.019529111621520427,0.0008999422752911171,1.1364932048940932,200,False,0.1231,0.0243,65,2021-12-31,False,041,0.4526358737009048,16.348144187894192,0.0191844333633573,0.004661269708562464,0.12874251853815138,0.9742483685520726,False
3317932,CONNECTONE BANK,1,2022-01-20,2022-01-20,-0.015551695045540988,0.0012463724837642137,1.0727994875505822,200,False,0.1231,0.0243,65,2021-12-31,False,041,0.5768877653035961,15.910899141951136,0.01691152435985586,0.011016607135116898,0.13674189119182778,0.9215516883877181,False
276579,"ZIONS BANCORPORATION, NATIONAL ASSOCIATION",1,2022-01-20,2022-01-20,0.04825950455551895,0.0003065820365111732,1.3610418441205792,200,False,0.1231,0.0243,65,2021-12-31,False,041,0.5777474703390615,18.350254728147366,0.012111899238612103,0.005465818739272889,0.08006732298587885,0.9656151891949257,False
1412712,"COMMUNITY WEST BANK, NATIONAL ASSOCIATION",1,2022-01-20,2022-01-20,0.017898869711661915,0.0015593645154600953,0.2730769577688534,200,False,0.1231,0.0243,65,2021-12-31,False,051,0.4370328294781575,13.961276181257093,0.011470925081574001,0.0006333491390375111,0.08699094582622037,0.9000144847545591,False
1929247,"SOUTHSTATE BANK, N.A.",1,2022-01-20,2022-01-20,0.019479317938780293,-0.0006820129580320088,1.2413395644656375,200,False,0.1231,0.0243,65,2021-12-31,False,041,0.3749855189351999,17.548939028615376,0.012105900856742544,0.003328414985657687,0.12032743624093482,0.9551733309304989,False
1890525,UNITY BANK,1,2022-01-20,2022-01-20,0.07367067047087243,0.0012180442392569948,0.4516843545338083,200,False,0.1231,0.0243,65,2021-12-31,False,051,0.3653467933896504,14.519787077044915,0.017053644141589403,0.005862106739243978,0.10107185434213005,0.9682575742157354,False
876634,CAPITAL CITY BANK,1,2022-01-20,2022-01-20,0.046148035744432395,0.0001757517219470449,0.8330642786838325,200,False,0.1231,0.0243,65,2021-12-31,False,041,0.38089442118100564,15.26321958167736,0.008525732250675289,0.002179942812413527,0.09721116886677095,0.9771625973173675,False
2239288,"WINTRUST BANK, NATIONAL ASSOCIATION",1,2022-01-20,2022-01-20,-8.73887401304247e-05,0.0006780876884089558,1.1241173895071699,200,False,0.1231,0.0243,65,2021-12-31,False,041,0.6030466659745095,16.075860366547555,0.012870885778060306,0.0013133490756684185,0.09366248708332038,0.9733099370297835,False
556815,"PEOPLES BANK, A CODORUS VALLEY COMPANY",1,2022-01-20,2022-01-20,0.01949575349254551,0.0011790473453244554,0.5380043658947624,200,False,0.1231,0.0243,65,2021-12-31,False,041,0.3058555907734825,14.69714524670909,0.006947032603348291,0.022050225477456806,0.0962898638587006,0.9842264123622624,False
729310,PATHFINDER BANK,1,2022-01-20,2022-01-20,-0.004772514351500879,0.0010907876941883277,-0.0044006126335971564,200,False,0.1231,0.0243,65,2021-12-31,False,051,0.2832537128203978,14.06363077908176,0.011109429204112939,0.009960731270473736,0.09511054030308658,0.9229781959731682,False
431172,PACIFIC PREMIER BANK,1,2022-01-20,2022-01-20,-0.06832433039995181,-0.0005343794249939028,1.3637890636691221,200,False,0.1231,0.0243,65,2021-12-31,False,041,0.5534742674681458,16.864256777235912,0.01710118699009578,0.002185622555082434,0.15147309575891796,0.9591092519663038,False
107244,BANK OZK,1,2022-01-20,2022-01-20,0.007664186631724355,-2.272295581794865e-05,1.223519585861584,200,False,0.1231,0.0243,65,2021-12-31,False,041,0.4504797682077817,17.093802934048913,0.021824033760478062,0.0024178187424130798,0.18229041142567234,0.9316799032966101,False
874845,LAKE CITY BANK,1,2022-01-20,2022-01-20,0.0006315021298238781,0.0002568007246497483,0.7644781082776553,200,False,0.1231,0.0243,65,2021-12-31,False,041,0.562441501324648,15.693704112581223,0.015292256098856608,0.0035131332748664767,0.10494052213216887,0.9796997524039295,False
522605,BAR HARBOR BANK AND TRUST COMPANY,1,2022-01-20,2022-01-20,0.045165221886018625,0.0003041546697267675,0.9655973127103739,200,False,0.1231,0.0243,65,2021-12-31,False,041,0.19998433377065492,15.125622065081872,0.012115188446945938,0.004069467055878914,0.1294759842410282,0.9456021728882971,False
593007,CAMDEN NATIONAL BANK,1,2022-01-20,2022-01-20,0.049945232045842,0.0003017475674422815,0.9776061545017017,200,False,0.1231,0.0243,65,2021-12-31,False,041,0.24568662146248257,15.516841363378038,0.01305708912057625,0.001258840906307267,0.10181004762246186,0.943133641751124,False
786612,MID PENN BANK,1,2022-01-20,2022-01-20,-0.056851795674582505,0.000840310785841068,0.5303372660838768,200,False,0.1231,0.0243,65,2021-12-31,False,041,0.36268133102961114,15.360431282366584,0.009038953835651507,0.003228912259981835,0.11173414967147367,0.9720277100317376,False
881478,HERITAGE BANK,1,2022-01-20,2022-01-20,-0.051669633610681914,-0.0006326500721929631,0.9919762182030146,200,False,0.1231,0.0243,65,2021-12-31,False,041,0.4544322480701578,15.8210100368036,0.013870890806809979,0.006299746040096009,0.11707738185287257,0.9752834704940989,False
671464,BANK OF HOPE,1,2022-01-20,2022-01-20,0.0696960150355396,0.00030219800791574716,1.14824890966223,200,False,0.1231,0.0243,65,2021-12-31,False,041,0.5550734640833923,16.699405385760656,0.012023456770242016,0.00542969893092639,0.1332546251935831,0.9716931383846427,False
606046,CADENCE BANK,1,2022-01-20,2022-01-20,-0.01729564029384457,-0.0006459104442632293,1.217007698505668,200,False,0.1231,0.0243,65,2021-12-31,False,041,0.45174058728616817,17.67971968250334,0.004094402751168768,0.0053969138457641555,0.11010018554276925,0.9385846285924939,False
782306,BROOKLINE BANK,1,2022-01-20,2022-01-20,0.02191681852656895,0.0002304623065185218,0.9150443327222073,200,False,0.1231,0.0243,65,2021-12-31,False,041,0.4632226000639867,15.535374554373815,0.014804337357079063,0.005630348877614416,0.10775589033142309,0.8996598813548946,False
1001152,INTERNATIONAL BANK OF COMMERCE,1,2022-01-20,2022-01-20,0.006343029688251026,-0.0005030054614267596,1.09256200631468,200,False,0.1231,0.0243,65,2021-12-31,False,041,0.43930986007622863,16.04464414020973,0.016674680891089918,0.0015504940525366048,0.16278816230892318,0.8804065705858496,False
59316,WAYNE BANK,1,2022-01-20,2022-01-20,-0.019231885696829137,0.0004408193793555132,0.3703291313150244,200,False,0.1231,0.0243,65,2021-12-31,False,051,0.3209871558046845,14.54279487911332,0.012259761395885773,0.004939027764966332,0.09884109472406477,0.9428378695762681,False
491934,COLONY BANK,1,2022-01-20,2022-01-20,-0.03608485488317862,0.0010874394697520725,0.2080111161773839,200,False,0.1231,0.0243,65,2021-12-31,False,051,0.3501916651172005,14.804055716666443,0.007075817486702375,0.003958936929513046,0.09052990300380825,0.9748375537378904,False
361167,SOUTHSIDE BANK,1,2022-01-20,2022-01-20,0.00489787950918984,0.0005893475406130314,0.9558496868676175,200,False,0.1231,0.0243,65,2021-12-31,False,041,0.3819174711414081,15.797162435958631,0.017129269136204762,0.0006953954183971574,0.14421169013208923,0.9247852380493716,False
316840,REPUBLIC BANK & TRUST COMPANY,1,2022-01-20,2022-01-20,-0.008988216610622136,0.0007885178973892855,0.8618776245222083,200,False,0.1231,0.0243,65,2021-12-31,False,041,0.3564782429722328,15.621860237204611,0.014258112806398889,0.004518037195106134,0.13437375321996728,0.9214643542208284,False
2209553,HERITAGE BANK OF COMMERCE,1,2022-01-20,2022-01-20,0.01450149737437799,0.0004833158599540477,1.1396852885975577,200,False,0.1231,0.0243,65,2021-12-31,False,041,0.6621889267799969,15.519662836377252,0.009483284953001096,0.0012098289376970463,0.11208639909880867,0.979158983210316,False
821906,SALISBURY BANK AND TRUST COMPANY,1,2022-01-20,2022-01-20,0.031237334280672775,0.0009109244241567821,0.6640230699574927,200,False,0.1231,0.0243,65,2021-12-31,False,051,0.33560727093970305,14.239992363691751,0.011545671828456082,0.003870117775749356,0.1009237322393148,0.9767909343429567,False
416245,BUSEY BANK,1,2022-01-20,2022-01-20,0.0035591498455893635,0.0003004890815742507,1.0959260933693538,200,False,0.1231,0.0243,65,2021-12-31,False,041,0.4006744648009879,16.367115894052173,0.010753386426851932,0.0023363786297607944,0.12201941426664838,0.9630695051007534,False
399517,CNB BANK,1,2022-01-20,2022-01-20,0.013064239344772226,0.00021338088369265195,0.9462446326013516,200,False,0.1231,0.0243,65,2021-12-31,False,041,0.34518348166317286,15.48464070473549,0.011180867100803026,0.005264690264169172,0.08947670572612706,0.9869393782894545,False
664756,PROSPERITY BANK,1,2022-01-20,2022-01-20,0.003925197325057778,-0.00041022167798990044,0.9534805556241133,200,False,0.1231,0.0243,65,2021-12-31,False,041,0.4479078905588141,17.44871819858256,0.014060429275481987,0.001458733881731899,0.16939383591152715,0.9805151843888541,False
767974,CFBANK NATIONAL ASSOCIATION,1,2022-01-20,2022-01-20,-0.017525942961694012,0.00039529726797478935,0.1116447950668313,200,False,0.1231,0.0243,65,2021-12-31,False,051,0.25430682067273924,14.21262422298338,0.013296583250701668,0.0007927515316325354,0.10446210988050621,0.9383388320252827,False
716374,FIRST HARRISON BANK,1,2022-01-20,2022-01-20,0.054913058877013705,-0.0013481454657920519,0.8216350423698391,200,False,0.1231,0.0243,65,2021-12-31,False,051,0.2788793726336477,13.95624420199747,0.009370021144661103,0.0026963111778975685,0.0934760815137979,0.9948045401093145,False
197478,EAST WEST BANK,1,2022-01-20,2022-01-20,3.4563867661428424e-05,-0.00019397564753231985,1.439557852753038,200,False,0.1231,0.0243,65,2021-12-31,False,031,0.6360184567367398,17.923916313287393,0.014464376949138772,0.0021815647860545426,0.09247344490881136,0.9733779193814944,False
958727,AMERICAN NATIONAL BANK AND TRUST COMPANY,1,2022-01-20,2022-01-20,0.04461642377875016,0.0008160814956028942,1.0303889843399991,200,False,0.1231,0.0243,65,2021-12-31,False,041,0.4278507475155021,15.01766871681658,0.013709655605612976,0.001136536846401802,0.11180840864487315,0.9802359918938061,False
968070,CAPITOL FEDERAL SAVINGS BANK,1,2022-01-20,2022-01-20,0.019114778180809668,-0.0005595300624457561,0.6568204012635442,200,False,0.1231,0.0243,65,2021-12-31,False,041,0.15501032902322687,16.079829865716214,0.00826457615617361,0.0015973403706627909,0.11506455716311927,0.7954661690965166,False
202907,"COMMUNITY BANK, NATIONAL ASSOCIATION",1,2022-01-20,2022-01-20,-0.015604925637044458,-0.00025404386267323576,0.8926712055039587,200,False,0.1231,0.0243,65,2021-12-31,False,041,0.44620816896858284,16.544919560516245,0.010072548451992545,0.006166777189677829,0.10925507647305882,0.9653667729277459,False
601416,FIVE STAR BANK,1,2022-01-20,2022-01-20,0.021956452965450304,0.0004414394451638117,0.919369784978113,200,False,0.1231,0.0243,65,2021-12-31,False,041,0.31441185563941865,15.516960307555232,0.014907817360037753,0.0033009219301846603,0.09511484088787642,0.9787099232332355,False
662369,BANK OF THE SIERRA,1,2022-01-20,2022-01-20,0.014262206499977795,-9.624151603149994e-05,1.102849862796747,200,False,0.1231,0.0243,65,2021-12-31,False,041,0.30239442627105184,15.030891145395163,0.013489829833339117,0.0022888924326197858,0.12695958004221763,0.9518237160028986,False
439404,FIRST NATIONAL BANK,1,2022-01-20,2022-01-20,0.016225221134996054,0.0006271873725230146,0.942336019240724,200,False,0.1231,0.0243,65,2021-12-31,False,041,0.23155337840954338,14.730277729810048,0.014881856137784163,0.0034176876558629963,0.08676849635885672,0.932047378425103,False
2608754,MERCANTILE BANK,1,2022-01-20,2022-01-20,0.061797310206513086,0.00020951140965587875,1.130604793737927,200,False,0.1231,0.0243,65,2021-12-31,False,041,0.4934178705351848,15.471505667160223,0.012423138085138471,0.0007113261101644696,0.10417369026915271,0.8732395146569129,False
29636,"CITIZENS BANK OF PHILADELPHIA, THE",1,2022-01-20,2022-01-20,0.023189494601122084,-0.0004340215623252738,0.38916859570642437,200,False,0.1231,0.0243,65,2021-12-31,False,051,0.34698858870521854,14.123712647385542,0.005950876429856221,0.0069599036105811515,0.09047918552568157,0.8985996529427162,False
2652092,EAGLEBANK,1,2022-01-20,2022-01-20,0.007426352366549982,0.0004061131665600776,1.0887783678319223,200,False,0.1231,0.0243,65,2021-12-31,False,041,0.4436408531501919,16.28353474761472,0.015868483651014047,0.0041063904928793325,0.11380391285411248,0.9586700911964681,False
1436204,BANK OF MARIN,1,2022-01-20,2022-01-20,0.014816739562678042,-0.0003918955793164614,0.7944414637815773,200,False,0.1231,0.0243,65,2021-12-31,False,041,0.4829182233400624,15.277367992778252,0.008664650733142248,0.003814873351081398,0.10296583305613281,0.9859216584741124,False
2634351,MACATAWA BANK,1,2022-01-20,2022-01-20,0.015155365590541026,-0.00029375260728454415,0.7111891153879875,200,False,0.1231,0.0243,65,2021-12-31,False,051,0.43717123200259883,14.890001587455227,0.010216827579424565,8.375360230547551e-05,0.08398218611426593,0.9639262495526661,False
754929,"NATIONAL BANK OF BLACKSBURG, THE",1,2022-01-20,2022-01-20,0.004204119932794256,0.0004935063415243737,0.6225055933088373,200,False,0.1231,0.0243,65,2021-12-31,False,041,0.3737137155588325,14.345599840279467,0.012187154961143769,0.0036859514618784546,0.1098438923561166,0.9900069423782605,False
687009,LAKELAND BANK,1,2022-01-20,2022-01-20,-0.00409229439643552,0.00044000382393137946,1.011653006046001,200,False,0.1231,0.0243,65,2021-12-31,False,041,0.41482297016883246,15.919075891950309,0.012260508628260192,0.0028407061719200994,0.11631834053926031,0.9674764214480696,False
2634191,GLACIER BANK,1,2022-01-20,2022-01-20,-0.02408409375077985,-0.0001292853849276004,1.2510488144061997,200,False,0.1231,0.0243,65,2021-12-31,False,041,0.32101697225006404,17.07051713466086,0.011509972015585778,0.005015479334650972,0.12300298787200588,0.9439097354191135,False
186221,"OLD POINT NATIONAL BANK OF PHOEBUS, THE",1,2022-01-20,2022-01-20,0.010075475343864994,0.0008827642290397557,0.4708617703240387,200,False,0.1231,0.0243,65,2021-12-31,False,041,0.3088850265883479,14.10073987486896,0.0065695938625648185,0.0017748900878942577,0.09317425362782476,0.9926957009100941,False
474919,"FULTON BANK, NATIONAL ASSOCIATION",1,2022-01-20,2022-01-20,0.016711628563901952,-0.00014326490369028335,1.1168364509219677,200,False,0.1231,0.0243,65,2021-12-31,False,041,0.3700754413103298,17.05996800501474,0.012351823983593753,0.008287560772513709,0.11198902080884861,0.9639361996030182,False
473501,BERKSHIRE BANK,1,2022-01-20,2022-01-20,0.0004756062883229193,0.0011763488455886185,0.987928198864864,200,False,0.1231,0.0243,65,2021-12-31,False,041,0.4480503199256664,16.262086032176438,0.008203932380443564,0.005649332980286615,0.10082441965480186,0.9805353948485488,False
508346,HAWTHORN BANK,1,2022-01-20,2022-01-20,0.012523096221768133,0.001025440144332764,0.49084470403190816,200,False,0.1231,0.0243,65,2021-12-31,False,041,0.3241523903090436,14.416532032895493,0.013816481640982006,0.01952878834574534,0.10614364952266499,0.9314735180881477,False
236706,PEAPACK-GLADSTONE BANK,1,2022-01-20,2022-01-20,-0.00013186596200789533,0.00053520134669969,1.0714814836661175,200,False,0.1231,0.0243,65,2021-12-31,False,041,0.599911676946153,15.62010069434018,0.01034919078302191,0.004247274667142325,0.10710327306712651,0.9756129967209296,False
657365,HANMI BANK,1,2022-01-20,2022-01-20,0.06717438069498866,0.0009779223542627045,1.2200275191356147,200,False,0.1231,0.0243,65,2021-12-31,False,041,0.4476504328152314,15.740628467361438,0.015683878997490797,0.002586699447015547,0.11014873634709202,0.9639988775209473,False
636771,INDEPENDENT BANK,1,2022-01-20,2022-01-20,0.012993582975177255,0.0001933407027150723,0.9830612911902019,200,False,0.1231,0.0243,65,2021-12-31,False,041,0.2132098233334442,15.363596759316591,0.013739823947540671,0.0018495805671624565,0.09070950493592506,0.9772583762404394,False
2353595,FIRST COMMUNITY BANK,1,2022-01-20,2022-01-20,0.006140199463506146,0.00104707674338517,0.9053245099919018,200,False,0.1231,0.0243,65,2021-12-31,False,051,0.16406076459928684,14.973626212625405,0.016299049475993175,0.009630259008020984,0.12731883384297635,0.9850879270296709,False
780218,"UNION BANK COMPANY, THE",1,2022-01-20,2022-01-20,0.044690806000922,0.0009444628136058398,0.7097933492114261,200,False,0.1231,0.0243,65,2021-12-31,False,051,0.21330339932616305,13.888563974269385,0.013534265115431664,0.0005463023573431603,0.12590770672288593,0.9914232967294738,False
542528,CIVISTA BANK,1,2022-01-20,2022-01-20,0.041789836351125875,0.0006323849806287261,1.0477512282755765,200,False,0.1231,0.0243,65,2021-12-31,False,041,0.33352136883346106,14.916133823262792,0.0136461968723626,0.00193664427999886,0.13576004835599273,0.9477901521167356,False
933023,"SHORE UNITED BANK, NATIONAL ASSOCIATION",1,2022-01-20,2022-01-20,-0.013914694807367088,0.0012939271598269848,0.6269914032352215,200,False,0.1231,0.0243,65,2021-12-31,False,051,0.2504205743491581,15.056243454443301,0.005500922893098529,0.0011646214702047916,0.1085477280173457,0.9862824800917875,False
1162017,UNITED SECURITY BANK,1,2022-01-20,2022-01-20,0.011408089641034267,0.00025873599172313624,0.5684956838057128,200,False,0.1231,0.0243,65,2021-12-31,False,051,0.57055075197908,14.100833098909705,0.008234155846791926,0.013643774819771599,0.09701012862062666,0.9920409541197637,False
628123,"BANK OF GLEN BURNIE, THE",1,2022-01-20,2022-01-20,0.005029478390180236,0.0011609689857706557,0.22445177253981025,200,False,0.1231,0.0243,65,2021-12-31,False,041,0.036901389345395545,12.99920768483949,0.006146182783901842,0.0016683143845773604,0.08056317764662503,0.9431589203073448,False
333203,UNION BANK,1,2022-01-20,2022-01-20,0.01019950295444917,0.0007624798081863706,0.24012125096321368,200,False,0.1231,0.0243,65,2021-12-31,False,041,0.19552616644242235,14.00161412061618,0.011439985322282983,0.005923279311063233,0.08286683707651092,0.9936916712680927,False
2925666,PINNACLE BANK,1,2022-01-20,2022-01-20,-0.034964940053286625,0.0001901168140267658,1.3658459563410341,200,False,0.1231,0.0243,65,2021-12-31,False,041,0.5077971451201945,17.460311000481646,0.013709788710341288,0.0014130824189180285,0.13922885286306247,0.9561425772737019,False
139740,WEST BANK,1,2022-01-20,2022-01-20,0.0007924498482159217,0.001281733253684557,1.06601874199186,200,False,0.1231,0.0243,65,2021-12-31,False,041,0.4347116670490865,15.068069791421355,0.014540104884223557,0.0036423140172916293,0.09034697639833486,0.9488253254572455,False
494261,PACIFIC WESTERN BANK,1,2022-01-20,2022-01-20,-0.07032322511841368,-0.00018120389922053056,1.1376035401956628,200,False,0.1231,0.0243,65,2021-12-31,False,041,0.5949114212760606,17.513326413236765,0.014437998032560621,0.002665342139492065,0.10382405357429304,0.9724567712568537,False
2760232,VILLAGE BANK,1,2022-01-20,2022-01-20,-0.028549486160391865,0.002460942269074091,-0.12680201060916377,200,False,0.1231,0.0243,65,2021-12-31,False,051,0.32902654973606493,13.52271543612567,0.017407444634301605,0.0062453207122675405,0.09834154186350387,0.9894455220386597,False
2328137,FIRST COMMUNITY BANK,1,2022-01-20,2022-01-20,0.022053968761641018,0.0010431015126032225,0.44355899881870464,200,False,0.1231,0.0243,65,2021-12-31,False,041,0.27739713232714003,14.27543733585346,0.010357597865599972,0.00028823341624350325,0.09565847074227979,0.9529753099433903,False
204004,PROVIDENT BANK,1,2022-01-20,2022-01-20,-0.025641192208363035,0.0005977097972343081,1.0141778570264721,200,False,0.1231,0.0243,65,2021-12-31,False,041,0.47854329644223226,16.438396475149656,0.012283617321024164,0.0050123027161157645,0.11843942918332587,0.9289525599669493,False
3465226,HTLF BANK,1,2022-01-20,2022-01-20,0.032449197855392145,-0.00017472293448768527,1.1512668312987322,200,False,0.1231,0.0243,65,2021-12-31,False,041,0.4613848780472906,14.807537507109885,0.011777750171969763,0.0057098101913849,0.14014339775169235,0.9884171399418054,False
2953418,OPTIMUMBANK,1,2022-01-20,2022-01-20,0.025227726040586623,-0.0003486999476786487,1.2927286472182546,200,False,0.1231,0.0243,65,2021-12-31,False,041,0.6092124611484699,12.765799855829323,0.015461134330746003,0.0,0.10388271021229063,0.9344132161848532,False
2618780,TEXAS CAPITAL BANK,1,2022-01-20,2022-01-20,0.04215719790756795,-0.0019714580301811832,1.366811001449703,200,False,0.1231,0.0243,65,2021-12-31,False,041,0.8046122706275316,17.363004168138335,0.007744562451184152,0.0035044808308120107,0.0904907137616756,0.9038852385441576,False
354310,UNIVEST BANK AND TRUST CO.,1,2022-01-20,2022-01-20,0.0036483688876289867,0.00022074345599815647,1.011849633498,200,False,0.1231,0.0243,65,2021-12-31,False,041,0.4834790531902933,15.775700689578496,0.014046125460994775,0.006322284590209687,0.10728300977498342,0.970947144573305,False
703767,CENTRAL VALLEY COMMUNITY BANK,1,2022-01-20,2022-01-20,0.02628243021269005,0.0005809060786853408,0.6144368515499665,200,False,0.1231,0.0243,65,2021-12-31,False,041,0.4775911949421876,14.711593276384383,0.011908226451813825,0.0009103935960643281,0.10741077401635192,0.9817201321363507,False
2942690,SIGNATURE BANK,1,2022-01-20,2022-01-20,-0.0879712139470182,0.0010631046471862723,1.6098991777227403,200,False,0.1231,0.0243,65,2021-12-31,False,041,0.8922653917167633,18.58996288081662,0.007754127983345444,0.003578353467286823,0.06619603811297839,0.9597577081842797,True
2849801,SOUTHERN FIRST BANK,1,2022-01-20,2022-01-20,0.04860893009786176,0.0011904850540180101,1.036605149138774,200,False,0.1231,0.0243,65,2021-12-31,False,041,0.5193261752037432,14.889126012771413,0.016447711315922854,0.0019429319658245297,0.10303598263668517,0.9836987542589681,False
2858960,"BANCORP BANK NATIONAL ASSOCIATION, THE",1,2022-01-20,2022-01-20,-0.04665862378253214,0.0006147771133441026,1.7641743637535756,200,False,0.1231,0.0243,65,2021-12-31,False,041,0.20133158078611865,15.739424847776167,0.017870499772916784,0.0046963917325133315,0.10021569254539109,0.9811463577962503,False
895710,CITIZENS & NORTHERN BANK,1,2022-01-20,2022-01-20,-0.013184083094624887,0.0007199955658189793,0.6607031977632968,200,False,0.1231,0.0243,65,2021-12-31,False,051,0.26659765598481355,14.653283052902006,0.01381309295162324,0.013547119624935435,0.12928146388930833,0.973514919380486,False
2372774,"SUMMIT COMMUNITY BANK, INC.",1,2022-01-20,2022-01-20,0.060080465815651615,0.0004910875345768093,0.8831444985418103,200,False,0.1231,0.0243,65,2021-12-31,False,041,0.22909018852510016,15.084047883089788,0.013781454182191262,0.004597303248565425,0.1179973383192037,0.9429802897938867,False
1356768,ENTERPRISE BANK AND TRUST COMPANY,1,2022-01-20,2022-01-20,0.009809805495984886,0.001224549647750561,0.7891471633577245,200,False,0.1231,0.0243,65,2021-12-31,False,041,0.3688766567392058,15.307924421638551,0.010192635986311493,0.009080749577838616,0.09105046765617036,0.9850048592042778,False
1190476,ENTERPRISE BANK & TRUST,1,2022-01-20,2022-01-20,0.04556160137842838,0.00030227530443311355,1.0325400373546585,200,False,0.1231,0.0243,65,2021-12-31,False,041,0.5211040645719227,16.418124833157968,0.01049442098670848,0.003506858520322016,0.11621587464891797,0.9595616478774129,False
633378,KEARNY BANK,1,2022-01-20,2022-01-20,0.00015647336243434715,0.00044938993604143784,0.8524253626716554,200,False,0.1231,0.0243,65,2021-12-31,False,041,0.2219518716864285,15.787347679425551,0.010315482118114184,0.014907770337922274,0.11700976438578581,0.8820033168959908,False
1918344,PREFERRED BANK,1,2022-01-20,2022-01-20,0.030513689733093322,0.0006186673735697219,0.9486932919523967,200,False,0.1231,0.0243,65,2021-12-31,False,041,0.6338543584485739,15.61510773198213,0.015749409107768855,0.0033397346415913213,0.09702290857719369,0.9573924918500949,False
3138146,WESTERN ALLIANCE BANK,1,2022-01-20,2022-01-20,-0.01300748521967497,0.00010764197125305285,1.5203508623374085,200,False,0.1231,0.0243,65,2021-12-31,False,041,0.7555226950998715,17.84081389038732,0.014528595418507024,0.013221323664674621,0.0939037909190323,0.9461712380476893,False
537449,FIRST BUSINESS BANK,1,2022-01-20,2022-01-20,0.01389671349389008,0.0013381612357648471,0.5360076079683157,200,False,0.1231,0.0243,65,2021-12-31,False,041,0.522341256670156,14.790239617572356,0.015132153080478062,0.002834624325338902,0.09997853193930538,0.820952428063171,False
310978,WATERSTONE BANK,1,2022-01-20,2022-01-20,0.016492613802512043,0.00033723070643477585,0.5397337841471209,200,False,0.1231,0.0243,65,2021-12-31,False,041,0.1955544043713543,14.608291738947168,0.032071030394205474,0.003670672093870162,0.17118866294370802,0.725228609840298,False
220527,PEOPLES BANK,1,2022-01-20,2022-01-20,0.04949564906495567,0.0010614565678081047,0.2359030379051861,200,False,0.1231,0.0243,65,2021-12-31,False,041,0.3030759190530499,14.300171861709584,0.009748556470859959,0.0036353159123292357,0.0959063823235045,0.9634854749170418,False
2954059,BCB COMMUNITY BANK,1,2022-01-20,2022-01-20,0.06912377531975698,0.000456874270969733,0.9310665274505573,200,False,0.1231,0.0243,65,2021-12-31,False,041,0.36257450375983524,14.902797287252467,0.012152187215019815,0.00799398040045019,0.10355452993124234,0.9646824993888795,False
2385514,"FIRST BANK, THE",1,2022-01-20,2022-01-20,0.01674986545708907,0.00021788374508042549,1.251532766612731,200,False,0.1231,0.0243,65,2021-12-31,False,041,0.3848299909170613,15.618360466950183,0.012180164772430394,0.009456291067328428,0.12794233245144607,0.994483714625178,False
456045,CENTENNIAL BANK,1,2022-01-20,2022-01-20,-0.002866382263876255,-0.00047035378741712365,1.411184862322587,200,False,0.1231,0.0243,65,2021-12-31,False,041,0.4772752901546197,16.706863334504256,0.01868049842413005,0.005102840661279025,0.1560700394784741,0.9570229458801791,False
561574,SUMMIT STATE BANK,1,2022-01-20,2022-01-20,0.006424511351741713,0.0008080166157299113,0.20700489317077814,200,False,0.1231,0.0243,65,2021-12-31,False,051,0.3928610152784623,13.772686560773346,0.015341098864395457,0.00058441215577284,0.08796968937875752,0.9288187887818466,False
522847,"LIMESTONE BANK, INC",1,2022-01-20,2022-01-20,-0.01467189096436058,0.0013042738831151215,0.025905880493619526,200,False,0.1231,0.0243,65,2021-12-31,False,051,0.23314793555772206,14.157594874507286,0.012435727786265723,0.0031182592846569464,0.11753922034493021,0.9766813855141429,False
663245,SIMMONS BANK,1,2022-01-20,2022-01-20,-0.012076677629872332,-0.00020120398387734223,1.2015459320644029,200,False,0.1231,0.0243,65,2021-12-31,False,041,0.44671495473026007,17.021736468981896,0.01219784990073623,0.005775575708446906,0.13870025549969245,0.9194899779299284,False
30810,DISCOVER BANK,1,2022-01-20,2022-01-20,0.002367701948874288,7.317002197123389e-05,1.483084941674105,200,False,0.1231,0.0243,65,2021-12-31,False,031,0.10875575113081558,18.5008083034105,0.047248686079185566,0.008536024586872833,0.10973981721637172,0.7830318396298916,False
768074,FIRST FINANCIAL NORTHWEST BANK,1,2022-01-20,2022-01-20,0.0026485879002931057,0.0013921455025435914,0.1453794718958841,200,False,0.1231,0.0243,65,2021-12-31,False,051,0.37293166312302006,14.170712016856914,0.009521419337833025,0.0,0.10484847890033284,0.9171473210614729,False
2797724,TOWNEBANK,1,2022-01-20,2022-01-20,-0.020705855035952923,0.000137954337069538,1.0778794952346245,200,False,0.1231,0.0243,65,2021-12-31,False,041,0.5059886325195097,16.610435398930242,0.013164094341810257,0.0006432112022757816,0.11608512206077243,0.9495402043983675,False
28013,NORTHFIELD BANK,1,2022-01-20,2022-01-20,-0.034176617998724984,0.0008153589276174036,0.74506209825133,200,False,0.1231,0.0243,65,2021-12-31,False,041,0.3728840296684865,15.508500152874102,0.013053683725042575,0.002900475671705349,0.12933680936076944,0.8894083162566069,False
836843,MIDWESTONE BANK,1,2022-01-20,2022-01-20,0.013503500005525082,0.00017503776150246887,1.0684628495332429,200,False,0.1231,0.0243,65,2021-12-31,False,041,0.40908395535407605,15.611175723354819,0.01269083652639338,0.009680996731359094,0.10022495301719272,0.9491883153126042,False
676478,MALVERN BANK NA,1,2022-01-20,2022-01-20,-0.03639776819507039,-0.00018803728786747031,-0.04319283299527858,200,False,0.1231,0.0243,65,2021-12-31,False,051,0.5786687683941868,13.956298061228564,0.0010024496603485119,0.01747110639378765,0.13927100887784707,0.9296495750130696,False
23504,DIME COMMUNITY BANK,1,2022-01-20,2022-01-20,-0.006770943653328877,0.0005115983460879066,1.0997732404936393,200,False,0.1231,0.0243,65,2021-12-31,False,041,0.555949278565192,16.305149243987806,0.00933887007120144,0.004681759892862325,0.11336204547778748,0.9807523908084965,False
785473,FIRST SAVINGS BANK,1,2022-01-20,2022-01-20,0.012988589383093758,0.001119269878884338,0.3532851514519358,200,False,0.1231,0.0243,65,2021-12-31,False,041,0.31692417041533755,14.380219638748503,0.013874865259452305,0.009652273949249727,0.11107794712257865,0.8152398665350864,False
929978,"HOME BANK, NATIONAL ASSOCIATION",1,2022-01-20,2022-01-20,-0.04633485577709709,0.0007177583900116597,0.8913707127814232,200,False,0.1231,0.0243,65,2021-12-31,False,041,0.336502323296033,14.891221603581085,0.016631896092769733,0.00720998350529574,0.11714596854038963,0.9811983020911722,False
1864197,OAK VALLEY COMMUNITY BANK,1,2022-01-20,2022-01-20,0.040618313133449234,0.0002843239721847727,0.6982610295545034,200,False,0.1231,0.0243,65,2021-12-31,False,041,0.47360760936694124,14.490775805513275,0.008642165091924172,0.0,0.072535038487107,0.991757109417663,False
342410,ORRSTOWN BANK,1,2022-01-20,2022-01-20,0.02760336239784591,0.000866282795766095,0.9647178127868042,200,False,0.1231,0.0243,65,2021-12-31,False,041,0.296074025647473,14.85720393352161,0.012748005301318414,0.0038464361888806316,0.10041453600055328,0.9749705425043029,False
119528,"FARMERS NATIONAL BANK OF EMLENTON, THE",1,2022-01-20,2022-01-20,-0.031314841656283884,0.0009832353417669065,0.1404175714655583,200,False,0.1231,0.0243,65,2021-12-31,False,051,0.28435347192586724,13.868271874280154,0.010265818486062126,0.004220657704407287,0.08883604097220774,0.9563146974219414,False
685676,OPPORTUNITY BANK OF MONTANA,1,2022-01-20,2022-01-20,-0.015095533338485711,0.0002501835281897753,0.3767706431332755,200,False,0.1231,0.0243,65,2021-12-31,False,051,0.2006654532442476,14.173779231241463,0.011732187161477444,0.005726006769848106,0.12429325226264108,0.9791126132776805,False
613008,ROCKLAND TRUST COMPANY,2,2021-08-05,2021-08-05,0.04802256855458214,0.0002493694184700238,0.9894111819059735,200,False,-0.2143,-0.024,14,2021-06-30,False,041,0.33778730955314507,16.468356387782435,0.011422833944937065,0.0053341222185299,0.12871125859988491,0.9744855830651552,False
433608,TOMPKINS COMMUNITY BANK,2,2021-08-05,2021-08-05,0.042622823082793866,4.8688922055979283e-05,1.1010403840990777,200,False,-0.2143,-0.024,14,2021-06-30,False,041,0.42317605232134564,14.72809322344989,0.014823665350194139,0.007666694908639442,0.06534144174418358,0.9238576454822014,False
379920,FIRST NATIONAL BANK OF PENNSYLVANIA,2,2021-08-05,2021-08-05,0.004555175226606586,0.0015109764714421894,1.1762598498561514,200,False,-0.2143,-0.024,14,2021-06-30,False,041,0.3995077176388166,17.464548552301604,0.010441215337942822,0.005254566020101113,0.1335215393253145,0.9274232971182842,False
491224,FIRST-CITIZENS BANK & TRUST COMPANY,2,2021-08-05,2021-08-05,0.07572269473468762,0.0027365848180959597,1.2330474018890776,200,False,-0.2143,-0.024,14,2021-06-30,False,041,0.3722855006142554,17.82464099989021,0.010465247079716853,0.005818810091673947,0.08671733382592602,0.9648045081860114,False
246022,"BANK OF SOUTH CAROLINA, THE",2,2021-08-05,2021-08-05,0.004640868789747442,0.0008655567386359925,0.3033705664484213,200,False,-0.2143,-0.024,14,2021-06-30,False,041,0.3679322366270836,13.273522730528757,0.012441733107974504,0.0034176181451177983,0.09270604256255685,0.9741317555915205,False
437914,"WILMINGTON SAVINGS FUND SOCIETY, FSB",2,2021-08-05,2021-08-05,0.03375634867903121,0.0014613242759480038,1.106099205944245,200,False,-0.2143,-0.024,14,2021-06-30,False,041,0.41993277501144066,16.53084410432987,0.021294869258710113,0.003886272137886564,0.1286646036582319,0.9756144812180305,False
761806,"WEBSTER BANK, NATIONAL ASSOCIATION",2,2021-08-05,2021-08-05,0.03117532566296289,0.0022766988582675813,1.2887259943886058,200,False,-0.2143,-0.024,14,2021-06-30,False,031,0.3407493326351343,17.33411692014773,0.013616055165875664,0.005616095395127671,0.10131246713956253,0.9621640113061749,False
837000,"FIRST NATIONAL BANK OF LONG ISLAND, THE",2,2021-08-05,2021-08-05,0.030189731983395186,0.0007866870079648628,0.7986279398886337,200,False,-0.2143,-0.024,14,2021-06-30,False,041,0.540636901864578,15.228990032567872,0.011503973498332942,8.803398111671106e-05,0.10137894892551078,0.9161304663663313,False
510871,FIRSTBANK PUERTO RICO,2,2021-08-05,2021-08-05,0.024349648128746564,0.002151016340703913,1.3913865892595711,200,False,-0.2143,-0.024,14,2021-06-30,False,031,0.47860276936971136,16.87708384779065,0.012299906493745792,0.028625535264287877,0.1088636757086631,0.9524430587896858,False
245276,ORIENTAL BANK,2,2021-08-05,2021-08-05,0.016441463261803905,0.0015617910528799223,1.2766861275464363,200,False,-0.2143,-0.024,14,2021-06-30,False,041,0.35034031853907416,16.15413911044416,0.013438784513450312,0.039930141005845465,0.09761320743524,0.9742916447711889,False
216922,FIRST BANK,2,2021-08-05,2021-08-05,0.0340644622347356,0.002892249658260501,0.9213823000621497,200,False,-0.2143,-0.024,14,2021-06-30,False,041,0.3501477640508091,15.919841644061648,0.014293770190383236,0.006871463722578815,0.11622905976444883,0.9910877635720907,False
645625,"WESBANCO BANK, INC.",2,2021-08-05,2021-08-05,0.034907666674235574,0.0014662000055835943,1.1098395135791412,200,False,-0.2143,-0.024,14,2021-06-30,False,041,0.2851333895006566,16.643911517521506,0.017373052015718284,0.004281545067018289,0.16142851924527551,0.952654265695543,False
365325,UNITED BANK,2,2021-08-05,2021-08-05,0.03360201466013447,0.0008455035253372558,1.193549426922295,200,False,-0.2143,-0.024,14,2021-06-30,False,041,0.35644509454546525,17.117193487575587,0.014728090919956496,0.0050291935311358345,0.16548764123947937,0.9615997010920571,False
816603,"WASHINGTON TRUST COMPANY, OF WESTERLY, THE",2,2021-08-05,2021-08-05,0.039892895224757564,0.0014168472703115444,0.9097062947330359,200,False,-0.2143,-0.024,14,2021-06-30,False,041,0.25482848326798807,15.582207742114836,0.01311904051870505,0.002422894471229542,0.0963890424583803,0.8945678230157117,False
130541,HORIZON BANK,2,2021-08-05,2021-08-05,0.057074271750367625,0.001167183661370236,1.1693028404045402,200,False,-0.2143,-0.024,14,2021-06-30,False,041,0.43948110955982855,15.622213646383365,0.014753868219071693,0.005970941493676751,0.11534931986499922,0.9114322511576577,False
701062,CENTRAL PACIFIC BANK,2,2021-08-05,2021-08-05,0.009926518919919396,0.0018526042155925825,1.1756005481940168,200,False,-0.2143,-0.024,14,2021-06-30,False,041,0.37697848415785223,15.785661928549736,0.011065063229928711,0.0016353580464160732,0.08918868194454864,0.9813148167029339,False
802866,SILICON VALLEY BANK,2,2021-08-05,2021-08-05,0.04765174009265234,0.00241160420372301,1.358040960736135,200,False,-0.2143,-0.024,14,2021-06-30,False,031,0.8483249600270687,18.89815808778722,0.007282245686505471,0.0016062503445139359,0.06469011957138485,0.9781008183013357,True
509811,"COMMUNITY TRUST BANK, INC.",2,2021-08-05,2021-08-05,0.03973301275395235,0.0006695066493278002,0.7484132713722913,200,False,-0.2143,-0.024,14,2021-06-30,False,041,0.2568320924781176,15.512984805272499,0.017098099517246723,0.006123231998563737,0.1285450791637356,0.9101813371050163,False
208244,OLD NATIONAL BANK,2,2021-08-05,2021-08-05,0.020616695421900658,0.0005425145386666844,0.8401359080124735,200,False,-0.2143,-0.024,14,2021-06-30,False,031,0.3512407689124771,16.975795960628385,0.013004953403532988,0.009592895376608387,0.12873517791925834,0.8747158821644903,False
4114567,FIRST REPUBLIC BANK,2,2021-08-05,2021-08-05,0.0025573146975305973,0.0015015846991842758,0.884935356564342,200,False,-0.2143,-0.024,14,2021-06-30,False,031,0.708544553271284,18.900923857786854,0.008759088197847535,0.001079269212910844,0.08212183860145297,0.9075622667825745,True
5210,ACNB BANK,2,2021-08-05,2021-08-05,0.003068812237203704,0.0007475533797031491,1.0538106520595487,200,False,-0.2143,-0.024,14,2021-06-30,False,051,0.2482495298955833,14.806636740172864,0.011669964409614934,0.004970383410352061,0.09645777497181979,0.9673067190714365,False
3938186,"BANKUNITED, NATIONAL ASSOCIATION",2,2021-08-05,2021-08-05,0.03569796070202927,0.001750078352862213,1.3748696803326719,200,False,-0.2143,-0.024,14,2021-06-30,False,041,0.6940448039395375,17.387398169595944,0.012499712649314864,0.04482502438051981,0.09872287585174537,0.9016652015216471,False
680813,"FARMERS NATIONAL BANK OF CANFIELD, THE",2,2021-08-05,2021-08-05,0.010321180163856265,0.0011785662534339345,0.8410727406763404,200,False,-0.2143,-0.024,14,2021-06-30,False,041,0.3440234751900959,14.992193148854097,0.017335697787270673,0.007072219426912158,0.10788180772204677,0.9638231160349604,False
785923,LCNB NATIONAL BANK,2,2021-08-05,2021-08-05,0.033354037414525944,-2.3508824935414333e-05,0.8350596759763237,200,False,-0.2143,-0.024,14,2021-06-30,False,051,0.2586170287611419,14.432132462428713,0.011513181864552515,0.002533835699081399,0.1272646504294638,0.975779293590561,False
2787770,BANK OF THE JAMES,2,2021-08-05,2021-08-05,-0.12928970541450002,0.0032563825394796393,0.1660378763808496,200,False,-0.2143,-0.024,14,2021-06-30,False,041,0.2286959607079758,13.719841813883463,0.008990222994943687,0.0032597426709187905,0.08265283103992782,0.9871805175534665,False
258771,HOMESTREET BANK,2,2021-08-05,2021-08-05,0.06442136513264925,0.0013097709719454495,0.7528712011642665,200,False,-0.2143,-0.024,14,2021-06-30,False,041,0.36877803622407773,15.778800232908063,0.016770278769908126,0.006764955591652549,0.10845182739178291,0.9624405220079594,False
212577,HOMETRUST BANK,2,2021-08-05,2021-08-05,0.030511648304451716,0.0026034404007233875,0.9432688602188409,200,False,-0.2143,-0.024,14,2021-06-30,False,041,0.22219323489777248,15.075235521150285,0.00044148707373515086,0.004458387148468219,0.1075250847507641,0.94319763088999,False
4210227,NBH BANK,2,2021-08-05,2021-08-05,0.024394976249546965,0.0006135051879897082,0.8450519860421768,200,False,-0.2143,-0.024,14,2021-06-30,False,041,0.2692766984210069,15.77970733983823,0.01502500145879248,0.0033024000115430695,0.10414782393048068,0.9811545721222009,False
884303,CHEMUNG CANAL TRUST COMPANY,2,2021-08-05,2021-08-05,0.018859769464851447,0.0009969709511884295,0.7895477280052337,200,False,-0.2143,-0.024,14,2021-06-30,False,041,0.3702838230307401,14.680391778171597,0.010706086265182817,0.005507063868462047,0.08265507907445244,0.9828046754536846,False
2758613,FIRST INTERNET BANK OF INDIANA,2,2021-08-05,2021-08-05,-0.0024216160852665557,0.002389248962507353,1.3430855277163152,200,False,-0.2143,-0.024,14,2021-06-30,False,051,0.31001087543712796,15.249870296849853,0.01191101076327444,0.0031033148588283177,0.0944965602459115,0.8509440818617399,False
122854,INDEPENDENT BANK DBA INDEPENDENT FINANCIAL,2,2021-08-05,2021-08-05,0.012456932842172669,0.0010830362122677298,1.2297844044528579,200,False,-0.2143,-0.024,14,2021-06-30,False,041,0.5064857009521022,16.730152400173917,0.014137679624660955,0.00404234372028276,0.15701538091484282,0.9695137733930527,False
2354985,CUSTOMERS BANK,2,2021-08-05,2021-08-05,0.00652710770191943,0.005018011480515895,1.3222810449809619,200,False,-0.2143,-0.024,14,2021-06-30,False,041,0.6655852455713342,16.794128869520005,0.009954715089793904,0.002852003138794775,0.0688775381748899,0.7626412363681295,False
3475083,TRISTATE CAPITAL BANK,2,2021-08-05,2021-08-05,0.01927185636935933,0.0008502459062265607,1.3593499123353725,200,False,-0.2143,-0.024,14,2021-06-30,False,041,0.5952609737533006,16.254489231113418,0.006401002885441993,0.0012084556996169956,0.06872571234976328,0.9577549966314213,False
697978,COMMUNITY BANK OF THE CHESAPEAKE,2,2021-08-05,2021-08-05,0.031483505112119996,0.0018522528199479318,0.6009106225720411,200,False,-0.2143,-0.024,14,2021-06-30,False,041,0.23830639131748707,14.600750475177724,0.012976228639908287,0.009144189719418602,0.10495441493196554,0.9744499496885787,False
3401970,FIRST BANK,2,2021-08-05,2021-08-05,-0.017458988367468772,0.002283257652529504,1.467446259883058,200,False,-0.2143,-0.024,14,2021-06-30,False,041,0.4537758050670161,14.708756588695833,0.015189228860517216,0.004652526025615184,0.10420225235126462,0.9304319535603772,False
3284070,ALLY BANK,2,2021-08-05,2021-08-05,0.03648816837782341,0.002471467737905869,1.190687976196197,200,False,-0.2143,-0.024,14,2021-06-30,False,031,0.10813959208917251,18.9517500741954,0.022037336469204763,0.010748841950887987,0.10211965309422313,0.9317582036186947,False
3109043,BANKWELL BANK,2,2021-08-05,2021-08-05,0.038065608244242224,0.0026646049169253196,0.5702812061680502,200,False,-0.2143,-0.024,14,2021-06-30,False,041,0.4404928848821011,14.633924699618348,0.012401065418796224,0.01572111114055391,0.08738092780367215,0.9413457346175449,False
762447,"FIRST MID BANK & TRUST, NATIONAL ASSOCIATION",2,2021-08-05,2021-08-05,-0.023779423999739802,0.0016334987822323437,0.9392086089984372,200,False,-0.2143,-0.024,14,2021-06-30,False,041,0.3163757385975372,15.565368109487103,0.005124628440106274,0.006994961415102689,0.11708053640535279,0.9396564298490963,False
1216022,SYNCHRONY BANK,2,2021-08-05,2021-08-05,0.06715122411250217,0.0018720993589566362,1.3867724204069152,200,False,-0.2143,-0.024,14,2021-06-30,False,041,0.1355833753066762,18.221339164823647,0.05133838661247208,0.010224288302459167,0.14743613216644086,0.8811562249455962,False
3303298,"CITIZENS BANK, NATIONAL ASSOCIATION",2,2021-08-05,2021-08-05,0.03371220837496011,0.0016258481683813625,1.2536888942169775,200,False,-0.2143,-0.024,14,2021-06-30,False,031,0.4463320888054044,19.036061893658882,0.013605761290793666,0.008746208997202149,0.12158880415236431,0.9460777153402168,False
177920,"MIDDLEFIELD BANKING COMPANY, THE",2,2021-08-05,2021-08-05,-0.03298881572600044,0.0010683700919877628,0.6099304931731698,200,False,-0.2143,-0.024,14,2021-06-30,False,041,0.320619428078891,14.121825456114008,0.014237233235915518,0.007340942308329037,0.11001833025375254,0.990353692429857,False
371924,COMMUNITY BANK,2,2021-08-05,2021-08-05,-0.03605437893079487,8.65762229697353e-05,0.7433465896824918,200,False,-0.2143,-0.024,14,2021-06-30,False,051,0.32286252519676445,14.193762730133692,0.0032321023531047843,0.012474787874623965,0.08394902896492573,0.9523544931602737,False
3221468,VERITEX COMMUNITY BANK,2,2021-08-05,2021-08-05,0.02452628719983827,0.0024559302224007413,1.2163852974096907,200,False,-0.2143,-0.024,14,2021-06-30,False,041,0.5865466209074685,16.050180234522433,0.014332049538738328,0.013251363746185968,0.15189703528535398,0.8951197483241443,False
3637685,FIRST FOUNDATION BANK,2,2021-08-05,2021-08-05,0.018557634916376513,0.0011039436145016631,1.0715569093544577,200,False,-0.2143,-0.024,14,2021-06-30,False,041,0.6862813895730054,15.884543492548424,0.012122524192062232,0.0026928036249625076,0.09230869694106336,0.9906965158898688,False
866000,GLENS FALLS NATIONAL BANK AND TRUST COMPANY,2,2021-08-05,2021-08-05,0.013538819811685015,0.0007083423023684009,0.7964821408406499,200,False,-0.2143,-0.024,14,2021-06-30,False,041,0.2814893668317851,14.930603950700783,0.013230801615684427,0.0019844568147569003,0.0919578746910097,0.9735383266542111,False
766164,"TBK BANK, SSB",2,2021-08-05,2021-08-05,0.04031225719893981,0.0037237505937981843,1.1881522055007354,200,False,-0.2143,-0.024,14,2021-06-30,False,041,0.3105624793041708,15.606840935145502,0.02231157166424396,0.01234066369634513,0.1445676862040482,0.9282785798823949,False
403179,FIRST FED BANK,2,2021-08-05,2021-08-05,-0.0027651671215964437,0.001594530769548835,0.8975585125536705,200,False,-0.2143,-0.024,14,2021-06-30,False,051,0.2858761060023782,14.394550189981977,0.008146502541018336,0.0014472249777730628,0.10710610853185856,0.9242542737564116,False
917742,"ASSOCIATED BANK, NATIONAL ASSOCIATION",2,2021-08-05,2021-08-05,0.0403491059923132,0.001338833123611504,1.0686041758481293,200,False,-0.2143,-0.024,14,2021-06-30,False,041,0.5874099148625646,17.344890372873845,0.011175207814980413,0.006350774551423272,0.11761558306733132,0.9071922244303919,False
3650808,LIVE OAK BANKING COMPANY,2,2021-08-05,2021-08-05,0.0238602735642109,0.003307233765991443,1.5710777977535328,200,False,-0.2143,-0.024,14,2021-06-30,False,041,0.16106404919222397,15.912998406099623,0.018165454797456466,0.013575235082495777,0.07066075875055751,0.8646846323450639,False
139656,EQUITY BANK,2,2021-08-05,2021-08-05,0.01987810016760879,0.0024823931785571134,0.9342924948283838,200,False,-0.2143,-0.024,14,2021-06-30,False,041,0.3322156188250361,15.266519284135288,0.015889705646296107,0.020166990164622416,0.10987067821119895,0.9768319673307178,False
422433,FIRST GUARANTY BANK,2,2021-08-05,2021-08-05,0.010253590900027063,0.0006569906989879298,0.7449700341327621,200,False,-0.2143,-0.024,14,2021-06-30,False,041,0.4602814366520312,14.825878346021875,0.009174215059941142,0.013672033790035657,0.0915703024563726,0.972695716369224,False
3532641,SMARTBANK,2,2021-08-05,2021-08-05,0.007237130161918532,0.0021262341785368314,0.7025428689329709,200,False,-0.2143,-0.024,14,2021-06-30,False,041,0.3081922563400942,15.109094606693764,0.011364764676356276,0.0017107138408478022,0.10861120787310434,0.9695638447535457,False
2941068,NICOLET NATIONAL BANK,2,2021-08-05,2021-08-05,0.023420039563482264,-3.8356173352299e-05,0.8241357750182497,200,False,-0.2143,-0.024,14,2021-06-30,False,041,0.2811130742536322,15.335814697264068,0.01394126660393002,0.002448115283203711,0.11421553536632721,0.9853528723812326,False
773247,MIDLAND STATES BANK,2,2021-08-05,2021-08-05,-0.0054209490835152845,0.0025422866554671367,0.7812182575256033,200,False,-0.2143,-0.024,14,2021-06-30,False,041,0.29937215118201205,15.705095676911366,0.012574390289427098,0.011749252741255097,0.1188231519311286,0.8990555560796273,False
40499,HARBORONE BANK,2,2021-08-05,2021-08-05,0.003932338732753969,0.0018269128227341189,0.8042366434685966,200,False,-0.2143,-0.024,14,2021-06-30,False,041,0.31634899344450024,15.34605503539127,0.015063111759017913,0.009204162874405123,0.13384445446699325,0.9464996834271225,False
980661,FIRST HAWAIIAN BANK,2,2021-08-05,2021-08-05,0.005088245855042115,0.0019564707406452774,1.0111983178721065,200,False,-0.2143,-0.024,14,2021-06-30,False,031,0.4690842625165948,17.003766007721786,0.012158083042826036,0.0011634467569923172,0.11205488290649067,0.9684828032849713,False
436159,FIRSTBANK,2,2021-08-05,2021-08-05,0.06526628470248119,0.0007583137110048813,0.9612224888526525,200,False,-0.2143,-0.024,14,2021-06-30,False,041,0.526695237901656,16.29042890701159,0.016430293844565368,0.008150506646544852,0.11421926097682324,0.9723955648404757,False
795968,BANK OF HAWAII,2,2021-08-05,2021-08-05,0.01548060443833425,0.00129215966548604,0.9868180975828417,200,False,-0.2143,-0.024,14,2021-06-30,False,031,0.4847645821994738,16.93532169567795,0.011338434420159646,0.0021442040727055666,0.0594151965477765,0.9573933063615419,False
321273,AFFINITY BANK,2,2021-08-05,2021-08-05,-0.009660520734665409,0.0030564424098046858,0.3225811635105835,200,False,-0.2143,-0.024,14,2021-06-30,False,051,0.2049850388128182,13.5756060737078,0.011643530023401462,0.007808459588466201,0.1269119349996123,0.911324125259696,False
214414,"FARMERS & MERCHANTS STATE BANK, THE",2,2021-08-05,2021-08-05,0.03272238822290714,-0.0010283801552988501,1.0621938255986219,200,False,-0.2143,-0.024,14,2021-06-30,False,041,0.18732440459983793,14.57758707465951,0.008686151860181518,0.004794526152704737,0.10550370300193072,0.9677067768029318,False
129732,BYLINE BANK,2,2021-08-05,2021-08-05,0.04317585501423274,0.0020054044131204763,0.9868222559949348,200,False,-0.2143,-0.024,14,2021-06-30,False,041,0.32188581157167645,15.692076447272399,0.016341965855963477,0.01192501150850272,0.1308678651081191,0.9083209500496359,False
3835454,ROYAL BUSINESS BANK,2,2021-08-05,2021-08-05,0.01921487772368482,0.0023138128279689522,0.9158258624075047,200,False,-0.2143,-0.024,14,2021-06-30,False,041,0.5202467082300344,15.172715134336718,0.015099926209367216,0.006274814376263928,0.13818023085375017,0.9433575311696344,False
3595271,"BANK OF PRINCETON, THE",2,2021-08-05,2021-08-05,0.009695421876287965,0.0009776914991476995,0.9220656819117706,200,False,-0.2143,-0.024,14,2021-06-30,False,041,0.31906677117242876,14.307872369820677,0.012683232121727736,0.0023437735399661095,0.13008319398402127,0.9824293192687326,False
736206,CAMBRIDGE TRUST COMPANY,2,2021-08-05,2021-08-05,0.013212438988393586,0.0015933066786751142,0.8530867816707592,200,False,-0.2143,-0.024,14,2021-06-30,False,051,0.4779193591823685,15.27481929347778,0.012776714949439738,0.001664808077853543,0.09640170635075566,0.9693341518848589,False
1007819,"FIDELITY DEPOSIT AND DISCOUNT BANK, THE",2,2021-08-05,2021-08-05,0.006708050501949423,-0.0002751947974385613,1.1800888291532232,200,False,-0.2143,-0.024,14,2021-06-30,False,051,0.4010553609503936,14.480282955055719,0.013294939219607746,0.002816759897658899,0.08455141025324478,0.9879669108309602,False
963945,MERCHANTS BANK OF INDIANA,2,2021-08-05,2021-08-05,0.002915972937908247,0.0025787686931635534,0.997891096167628,200,False,-0.2143,-0.024,14,2021-06-30,False,041,0.7295767730943791,16.079678886551623,0.02352730165004731,0.000275637330528635,0.10491069526529759,0.9120265163608501,False
2705895,METROPOLITAN COMMERCIAL BANK,2,2021-08-05,2021-08-05,0.013035394132912426,0.0025585598060675722,1.1238293949919067,200,False,-0.2143,-0.024,14,2021-06-30,False,051,0.7997281661014457,15.570863271145484,0.009194729986476509,0.001592189543336494,0.07042776685389374,0.9863669385196696,False
3579589,ALLEGIANCE BANK,2,2021-08-05,2021-08-05,-0.0116909621467868,0.0022212688189906194,0.8145559478171277,200,False,-0.2143,-0.024,14,2021-06-30,False,041,0.5307617266203918,15.687438726928532,0.013206643655207136,0.008214550804652946,0.12685293960653266,0.9618357163658389,False
3271799,MERIDIAN BANK,2,2021-08-05,2021-08-05,0.008088892964838095,0.0028195860921508627,0.44341082271697974,200,False,-0.2143,-0.024,14,2021-06-30,False,051,0.5535485038541802,14.351406674134578,0.022826494649729457,0.005467196486654061,0.11145602140225246,0.9315543005183394,False
979375,"STERLING BANK AND TRUST, FSB",2,2021-08-05,2021-08-05,0.039520603192849404,0.0011092554712087831,1.0099515694230852,200,False,-0.2143,-0.024,14,2021-06-30,False,041,0.19387347691132809,15.040751973330465,0.006030564571740047,0.03774410007740156,0.10989818466320586,0.8710169573173427,False
497570,LUTHER BURBANK SAVINGS,2,2021-08-05,2021-08-05,0.004734235408408158,0.00040420349990546946,0.9314420420835984,200,False,-0.2143,-0.024,14,2021-06-30,False,041,0.42127373707921373,15.79720130646444,0.01166120078031713,0.0001097190602337466,0.10610959422599507,0.8403242534433155,False
2757205,"MVB BANK, INC.",2,2021-08-05,2021-08-05,0.02466438422474842,0.004637911201148472,0.7395423839150046,200,False,-0.2143,-0.024,14,2021-06-30,False,041,0.5735153576795894,14.824115349390041,0.016050198174684775,0.012221776350226301,0.10299539750373207,0.9767521599743594,False
3378773,BRIDGEWATER BANK,2,2021-08-05,2021-08-05,-0.010051251023481457,0.001857070728779878,0.7574119179618879,200,False,-0.2143,-0.024,14,2021-06-30,False,041,0.39569549076019594,14.965744870315872,0.014482105191848007,0.0002946487755620396,0.10637009395260995,0.9734618481521065,False
3357219,OPEN BANK,2,2021-08-05,2021-08-05,-0.041197996137656,0.002154809745029725,0.6852037139432289,200,False,-0.2143,-0.024,14,2021-06-30,False,051,0.46866972026896386,14.286391926883812,0.014557216943871163,0.0005759886537083169,0.09313071958686278,0.9893325253999786,False
3281510,UNITED BUSINESS BANK,2,2021-08-05,2021-08-05,-0.022289409072978068,0.00130081661352017,0.9012631021873926,200,False,-0.2143,-0.024,14,2021-06-30,False,051,0.46853696879881446,14.655107269049195,0.009747636835097367,0.005450774896309648,0.12406707514318056,0.9848118791182567,False
667757,ORIGIN BANK,2,2021-08-05,2021-08-05,0.01442746043685379,0.0020250687849165446,0.9716256542261743,200,False,-0.2143,-0.024,14,2021-06-30,False,041,0.5372818185512911,15.794163754555083,0.014991300284322055,0.015491713843973645,0.0968072008898112,0.9302999071300175,False
2562164,COASTAL COMMUNITY BANK,2,2021-08-05,2021-08-05,0.019939371218732134,0.0029317765525020464,1.1634141001670157,200,False,-0.2143,-0.024,14,2021-06-30,False,041,0.5295687257524491,14.511682658836206,0.01351705009673195,0.0003908592026230995,0.08051458107662836,0.9793043476375165,False
3158546,FIRST WESTERN TRUST BANK,2,2021-08-05,2021-08-05,-0.0359941209787751,0.0028764339278033123,0.7523938278929005,200,False,-0.2143,-0.024,14,2021-06-30,False,051,0.43366300366300364,14.510149625107802,0.013033540923401362,0.0019293753423234848,0.08566460274809709,0.9242104814838477,False
661308,AMALGAMATED BANK,2,2021-08-05,2021-08-05,0.01609744728962938,0.0005746710368098799,0.8369361660003974,200,False,-0.2143,-0.024,14,2021-06-30,False,041,0.6198113341568452,15.696785114504076,0.006893164334579981,0.016296444600372932,0.0832676634669148,0.9829683746834551,False
83638,"AMERANT BANK, NATIONAL ASSOCIATION",2,2021-08-05,2021-08-05,0.06910972639431771,0.0009971143629801636,1.6097291812962355,200,False,-0.2143,-0.024,14,2021-06-30,False,031,0.33861248141522615,15.833226684677147,0.009245687614942865,0.02159542897733959,0.1156143067901517,0.8598010190314916,False
18854,BANK7,2,2021-08-05,2021-08-05,0.046451495946685684,0.0019706162872389107,0.9922084387730596,200,False,-0.2143,-0.024,14,2021-06-30,False,041,0.28360987213797206,13.93955837328924,0.019802662379534833,0.014706528365728196,0.10243094508290124,0.9929033343798069,False
2808602,"CAPITAL BANK, NATIONAL ASSOCIATION",2,2021-08-05,2021-08-05,0.011435803920864223,0.0025458335018704063,0.8626176681653375,200,False,-0.2143,-0.024,14,2021-06-30,False,041,0.4840817608133869,14.567032773092057,0.017216097348158804,0.005017694923156665,0.07173531111084909,0.9773800511145098,False
3614976,FVCBANK,2,2021-08-05,2021-08-05,0.0023538232544267775,0.0019136008161685463,0.7695014400084335,200,False,-0.2143,-0.024,14,2021-06-30,False,051,0.5037500896831472,14.494075938958568,0.012545610254037446,0.0027599950619896655,0.11872364346276701,0.9709016152784222,False
594947,"BANK FIRST, NATIONAL ASSOCIATION",2,2021-08-05,2021-08-05,0.02995030316242647,-2.604144967873992e-05,0.5536007107117907,200,False,-0.2143,-0.024,14,2021-06-30,False,041,0.30293651574622305,14.851873968926249,0.016921212069613226,0.0055460787230824675,0.11620757680084089,0.9830466363004362,False
3476192,CARTER BANK & TRUST,2,2021-08-05,2021-08-05,0.07002978518808739,0.002234748122481592,1.0573340175274573,200,False,-0.2143,-0.024,14,2021-06-30,False,041,0.13608910048475137,15.231488228137522,0.007785438366533487,0.0032700322799486667,0.09664354899499164,0.9833261334683039,False
3248849,MAINSTREET BANK,2,2021-08-05,2021-08-05,-0.024422143387275167,0.002108759897217522,0.6260857298348286,200,False,-0.2143,-0.024,14,2021-06-30,False,041,0.47097556831055054,14.350819016221187,0.015470952443683308,0.0,0.11819025454119644,0.9846511773052282,False
289515,FARMERS AND MERCHANTS TRUST COMPANY OF CHAMBERSBURG,2,2021-08-05,2021-08-05,0.023966885023401736,0.0009393908476566429,0.4354106679308016,200,False,-0.2143,-0.024,14,2021-06-30,False,051,0.20731891338101158,14.332249264944664,0.013208068230551888,0.008781849384613547,0.0894306227487264,0.9897459479004543,False
2743244,RED RIVER BANK,2,2021-08-05,2021-08-05,0.015000189021075888,0.0004445625543336489,0.5381906352508985,200,False,-0.2143,-0.024,14,2021-06-30,False,041,0.3630926957592291,14.872503311939274,0.011505700377801192,0.0012569147362866385,0.09461327502759144,0.9938770301312448,False
575254,CITY BANK,2,2021-08-05,2021-08-05,-0.008978351190795493,0.0014305342880935581,0.9313582872734212,200,False,-0.2143,-0.024,14,2021-06-30,False,041,0.4109807601196863,15.127176195978583,0.016947746334399324,0.005260130376717975,0.11491070889829413,0.9873344486501309,False
419675,FIRST BANK RICHMOND,2,2021-08-05,2021-08-05,0.032422559034684224,0.0005472374183075083,0.7617808844264299,200,False,-0.2143,-0.024,14,2021-06-30,False,051,0.2672483145291046,13.986055542340605,0.010921193202754583,0.009708044201997513,0.13614812079082525,0.7910854809143317,False
3594005,CROSSFIRST BANK,2,2021-08-05,2021-08-05,-0.036312277672109115,0.0015744430234013768,0.9307338283694674,200,False,-0.2143,-0.024,14,2021-06-30,False,041,0.5327081886028011,15.484985437226493,0.010843075998153456,0.013314711095757754,0.11437740647258371,0.9330848772869008,False
933256,"ALERUS FINANCIAL, NATIONAL ASSOCIATION",2,2021-08-05,2021-08-05,0.036121801882474484,0.0011062686569642663,1.2469628310669485,200,False,-0.2143,-0.024,14,2021-06-30,False,041,0.5921516495678952,14.964667977882344,0.018327173254090515,0.003658982802780827,0.1043500416569879,0.9871954138571458,False
426534,HEARTLAND BANK AND TRUST COMPANY,2,2021-08-05,2021-08-05,0.010586110234183583,0.0015641731280941764,0.668353196502032,200,False,-0.2143,-0.024,14,2021-06-30,False,041,0.2068467527268741,15.18953950549375,0.015654334160584607,0.003444281232768168,0.10605840498598161,0.9788150420590593,False
3437456,METRO CITY BANK,2,2021-08-05,2021-08-05,0.08036177635284528,0.0008395052495611289,0.9032157761952001,200,False,-0.2143,-0.024,14,2021-06-30,False,041,0.33014800473504574,14.739909925812226,0.021809634678303127,0.0031609381920368984,0.10004546980305147,0.8931057347575438,False
324340,CHOICEONE BANK,2,2021-08-05,2021-08-05,-0.021793955968219092,-0.0013967273826378562,0.8109901926558758,200,False,-0.2143,-0.024,14,2021-06-30,False,041,0.29241505937555784,14.566168812394531,0.010534395395757352,0.0018889973276879637,0.10845810552711158,0.9966213729795614,False
128904,EASTERN BANK,2,2021-08-05,2021-08-05,0.044683784150567965,0.002648589737691321,0.5799250471783041,171,False,-0.2143,-0.024,14,2021-06-30,False,041,0.4332669827316235,16.65080526389508,0.010056576239388286,0.004339231579424636,0.15551779762400927,0.9755268085345384,False
395238,SYNOVUS BANK,2,2021-08-05,2021-08-05,0.0381582691741585,0.0023176778409677184,1.3517161828182775,200,False,-0.2143,-0.024,14,2021-06-30,False,041,0.49653354170991915,17.820523453405155,0.013926056847531657,0.004243549903154734,0.09696277547389284,0.9605766991277577,False
933966,CITIZENS BUSINESS BANK,2,2021-08-05,2021-08-05,0.04046111762468125,4.8384264523481966e-05,0.9319996005577819,200,False,-0.2143,-0.024,14,2021-06-30,False,041,0.6508097603584757,16.558570116898274,0.015130895279720719,0.001049519842503881,0.1298143267594888,0.9410830777206549,False
60143,COMERICA BANK,2,2021-08-05,2021-08-05,0.06168352947542675,0.001950630590459528,1.203729333719011,200,False,-0.2143,-0.024,14,2021-06-30,False,031,0.6284099311203643,18.296601679839164,0.015283422580973836,0.0067282426944820445,0.09746295185155834,0.9669978174155189,False
601050,COMMERCE BANK,2,2021-08-05,2021-08-05,0.02701083245798517,0.000581811627501397,0.7998949959215268,200,False,-0.2143,-0.024,14,2021-06-30,False,041,0.4150959353846915,17.3333922682215,0.01647717512851668,0.0015005145569830362,0.09101582629743435,0.9051816595102277,False
682563,FROST BANK,2,2021-08-05,2021-08-05,0.04026049569220742,0.0016073904328370399,0.870248337117467,200,False,-0.2143,-0.024,14,2021-06-30,False,041,0.539526435958858,17.659987708757143,0.010210585843874694,0.005287438617562806,0.08951325048744237,0.9212786735061289,False
723112,"FIFTH THIRD BANK, NATIONAL ASSOCIATION",2,2021-08-05,2021-08-05,0.031021605264908443,0.0018536769662220044,1.214024585951686,200,False,-0.2143,-0.024,14,2021-06-30,False,031,0.6178463049299384,19.133528953510304,0.014205894201751624,0.009345776682764439,0.11477076286304086,0.9356770645817738,False
233031,REGIONS BANK,2,2021-08-05,2021-08-05,0.03663174973048044,0.001535754552112569,1.3083957721166926,200,False,-0.2143,-0.024,14,2021-06-30,False,031,0.3993838366338498,18.857224534297792,0.019181180728342004,0.011061453824588568,0.11971435034090541,0.9746422829286915,False
342634,TRUSTMARK NATIONAL BANK,2,2021-08-05,2021-08-05,0.039690773548099606,0.000492887642442278,1.0048274106405197,200,False,-0.2143,-0.024,14,2021-06-30,False,041,0.43014600101059636,16.654356187351585,0.012041867758803965,0.012525255559978668,0.10769466271650728,0.9671446539462253,False
501105,MANUFACTURERS AND TRADERS TRUST COMPANY,2,2021-08-05,2021-08-05,0.023887017738341336,0.0008899518032581194,1.1073560426119538,200,False,-0.2143,-0.024,14,2021-06-30,False,031,0.5206826478247383,18.827443762743272,0.012035728557416959,0.03417827111611137,0.10866589647140477,0.9689835556197387,False
165628,FIRST FINANCIAL BANK,2,2021-08-05,2021-08-05,0.015456666875036586,0.001867246480955633,1.189774532721358,200,False,-0.2143,-0.024,14,2021-06-30,False,041,0.3860683452233139,16.585339976825516,0.013649486159111431,0.009066803031104818,0.14794729376797766,0.9300240658927941,False
991340,1ST SOURCE BANK,2,2021-08-05,2021-08-05,0.032177937694575366,0.0006978583010519844,0.9593305984213195,200,False,-0.2143,-0.024,14,2021-06-30,False,041,0.37518919657423605,15.859434631008613,0.015659162783565068,0.010385284774673386,0.114698944299764,0.9344533674724191,False
485559,FIRST HORIZON BANK,2,2021-08-05,2021-08-05,0.022179816015018332,0.001711466141315647,1.383536825895914,200,False,-0.2143,-0.024,14,2021-06-30,False,041,0.47962586367999827,18.2879958044139,0.013411340266646886,0.006425263179798057,0.09858142298151727,0.941545042480329,False
451965,"WELLS FARGO BANK, NATIONAL ASSOCIATION",2,2021-08-05,2021-08-05,0.07173642437067004,0.001820683263324324,1.0940816713845452,200,False,-0.2143,-0.024,14,2021-06-30,False,031,0.515188542463286,21.298033679096818,0.01033703716628075,0.014920615211219176,0.09711107784127813,0.9317076728581153,False
12311,"HUNTINGTON NATIONAL BANK, THE",2,2021-08-05,2021-08-05,0.043096007591432575,0.0009486455447270655,1.097606985577154,200,False,-0.2143,-0.024,14,2021-06-30,False,031,0.349618339940014,18.97953073588372,0.007250052793270542,0.00997088207164829,0.10826096550698407,0.9486416912921621,False
852218,"JPMORGAN CHASE BANK, NATIONAL ASSOCIATION",2,2021-08-05,2021-08-05,0.04169281401346896,0.0011407850675700234,0.8720775035666876,200,False,-0.2143,-0.024,14,2021-06-30,False,031,0.47327069936067656,21.88331810121421,0.012798971819065233,0.010171341908367422,0.09032005266292592,0.8280772621104554,False
541101,"BANK OF NEW YORK MELLON, THE",2,2021-08-05,2021-08-05,0.04237205840968254,0.00078476200073843,0.7840523480579618,200,False,-0.2143,-0.024,14,2021-06-30,False,031,0.5758626849454206,19.76755317167554,0.006210049461951745,0.002167654530059272,0.07535536149873355,0.9525257269498061,False
210434,"NORTHERN TRUST COMPANY, THE",2,2021-08-05,2021-08-05,0.03014052558636683,0.0005552258114495302,0.9864292466375334,200,False,-0.2143,-0.024,14,2021-06-30,False,031,0.24910849022671264,18.962248818685843,0.008804713888952568,0.003128161705220523,0.0643447680624621,0.9204686326384532,False
1394676,AMERICAN EXPRESS NATIONAL BANK,2,2021-08-05,2021-08-05,-0.020768486175248933,0.0011672878790646942,1.1223108148679846,200,False,-0.2143,-0.024,14,2021-06-30,False,031,0.17026640721784253,18.65627246234365,0.059319904771074475,0.002863164259563495,0.09969273202877499,0.8405941984392346,False
480228,"BANK OF AMERICA, NATIONAL ASSOCIATION",2,2021-08-05,2021-08-05,0.07288196840453894,0.0013652373621129386,0.8977789337780655,200,False,-0.2143,-0.024,14,2021-06-30,False,031,0.4686058712876472,21.577806263660307,0.010568890530291104,0.007243226161482426,0.09585864576942289,0.9346229972922327,False
817824,"PNC BANK, NATIONAL ASSOCIATION",2,2021-08-05,2021-08-05,0.01788169670158914,0.0016673954590498206,0.9180208072000595,200,False,-0.2143,-0.024,14,2021-06-30,False,031,0.4495003088798509,19.93354961554898,0.014237012744386317,0.012734387743783342,0.10217686114151946,0.9213082765437753,False
280110,KEYBANK NATIONAL ASSOCIATION,2,2021-08-05,2021-08-05,0.020494753852617183,0.0013942287268019716,1.2314885740283823,200,False,-0.2143,-0.024,14,2021-06-30,False,031,0.5009656070808979,19.00253700315334,0.014996069593406873,0.007914259445711086,0.09800990172524893,0.9227735349147317,False
504713,U.S. BANK NATIONAL ASSOCIATION,2,2021-08-05,2021-08-05,0.03587203281810815,0.0012021906522647154,0.9186065283280297,200,False,-0.2143,-0.024,14,2021-06-30,False,031,0.47191030209351364,20.12151697847898,0.015731166970414077,0.01019525709384928,0.09474693617498241,0.8944997705104678,False
34537,SEACOAST NATIONAL BANK,2,2021-08-05,2021-08-05,0.05835688301828725,0.0016109554198274953,1.2003250652556903,200,False,-0.2143,-0.024,14,2021-06-30,False,041,0.3849982958003186,16.04740587625942,0.014171813517969234,0.006069518062747065,0.12521232874580535,0.96144950310021,False
476810,"CITIBANK, N.A.",2,2021-08-05,2021-08-05,0.06149424937995123,0.0006604914121236532,0.9282213874736528,200,False,-0.2143,-0.024,14,2021-06-30,False,031,0.3602233036749319,21.2411502884641,0.013725570801555937,0.008726366091834614,0.09795272250432387,0.8778047151129023,False
852320,TRUIST BANK,2,2021-08-05,2021-08-05,0.05075615830680349,0.000672366397759533,1.117577491540823,200,False,-0.2143,-0.024,14,2021-06-30,False,031,0.460505368449365,20.050497588175542,0.010613489478614289,0.011029592273323468,0.12599011550204392,0.9253075098317944,False
35301,STATE STREET BANK AND TRUST COMPANY,2,2021-08-05,2021-08-05,0.030390174842347746,-0.00022773040020332422,1.175679416187008,200,False,-0.2143,-0.024,14,2021-06-30,False,031,0.5984459726562792,19.59303284177242,0.007988654871531282,0.0,0.08328017884678503,0.905695428660213,False
17147,FIRST MERCHANTS BANK,2,2021-08-05,2021-08-05,0.03823130924710106,0.001587800846733174,1.15581808867824,200,False,-0.2143,-0.024,14,2021-06-30,False,041,0.468128692270774,16.51714388154124,0.014679226559483309,0.006317293359440305,0.126422440067485,0.9446739316772361,False
572374,GREAT SOUTHERN BANK,2,2021-08-05,2021-08-05,0.013167847030011243,0.000861847330519979,0.8727130479546027,200,False,-0.2143,-0.024,14,2021-06-30,False,041,0.5861326291267434,15.534838034415616,0.015628298153625285,0.0018198779042169768,0.12416234737332134,0.959900986148986,False
489623,"PARK NATIONAL BANK, THE",2,2021-08-05,2021-08-05,0.06316999065011072,0.0006349220850937653,0.9316965131831454,200,False,-0.2143,-0.024,14,2021-06-30,False,041,0.24424452869272636,16.109507377084253,0.01735198550403778,0.013798972377306276,0.09861399760048051,0.9490016424263867,False
595869,CATHAY BANK,2,2021-08-05,2021-08-05,0.027300170882607805,0.001497489228858206,1.1340232696064299,200,False,-0.2143,-0.024,14,2021-06-30,False,031,0.42209691365485585,16.777208115804232,0.016087935295246297,0.004410114119854634,0.13076636049313944,0.9857636869153779,False
1718188,NORTHRIM BANK,2,2021-08-05,2021-08-05,0.06008472422710022,0.0013412711782550281,1.069674540401538,200,False,-0.2143,-0.024,14,2021-06-30,False,051,0.35369637478880483,14.706715249865654,0.017604124582404488,0.008157944377312399,0.08276030376548615,0.9739702811352732,False
463735,HANCOCK WHITNEY BANK,2,2021-08-05,2021-08-05,0.03387567477153956,0.0027822793076144954,1.5965035131746488,200,False,-0.2143,-0.024,14,2021-06-30,False,041,0.4669016752339328,17.372993453359044,0.011775063914122502,0.004354119550517528,0.102951124538162,0.9330925572298001,False
339858,"BOKF, NATIONAL ASSOCIATION",2,2021-08-05,2021-08-05,0.022677811084801186,0.0012244904189485154,1.0263996303067,200,False,-0.2143,-0.024,14,2021-06-30,False,041,0.6303082883599362,17.66373173083317,0.013524369080962094,0.012488264209776508,0.10992161616575048,0.9018626237115221,False
693345,"FIRST FINANCIAL BANK, NATIONAL ASSOCIATION",2,2021-08-05,2021-08-05,0.01123629014543398,0.00043045809088533023,0.7083193402698733,200,False,-0.2143,-0.024,14,2021-06-30,False,051,0.3378963287776872,15.346157828563166,0.01131186126794379,0.006112270371547845,0.11912337294886768,0.9582140862038215,False
702117,"NBT BANK, NATIONAL ASSOCIATION",2,2021-08-05,2021-08-05,0.027949802737612276,0.00011546379669334618,0.9280651138152709,200,False,-0.2143,-0.024,14,2021-06-30,False,041,0.31308601184941803,16.255903859951776,0.013579025635601453,0.005735446495698715,0.11828975058623117,0.970323453536046,False
677176,TRUSTCO BANK,2,2021-08-05,2021-08-05,0.003190318998963602,0.00020589289464242985,0.845505083136779,200,False,-0.2143,-0.024,14,2021-06-30,False,041,0.10222744030101713,15.627371466049038,0.009909456797960218,0.004782536121356538,0.09174104667085604,0.9407084917357379,False
749242,RENASANT BANK,2,2021-08-05,2021-08-05,0.026842598229424877,0.0015965730692493064,0.8417086390704336,200,False,-0.2143,-0.024,14,2021-06-30,False,041,0.4684485968469769,16.588453092605064,0.01317958607397807,0.00533458461487945,0.14822992013701153,0.9717901461321028,False
936426,S & T BANK,2,2021-08-05,2021-08-05,0.018336764981936326,0.0014491099304330863,1.0639395041976403,200,False,-0.2143,-0.024,14,2021-06-30,False,041,0.3167282104860903,16.06547716310017,0.013143722228353149,0.016054029373347024,0.126457575026464,0.9687201325633052,False
42420,FIRST COMMONWEALTH BANK,2,2021-08-05,2021-08-05,0.01777840782632842,0.0019413623135199427,1.0172418682100404,200,False,-0.2143,-0.024,14,2021-06-30,False,041,0.2437213095400906,16.053805205714045,0.015444274839117249,0.006967842717255999,0.12002909998010093,0.9587758947348776,False
143662,UMPQUA BANK,2,2021-08-05,2021-08-05,0.03866526479844977,0.0008203967869309943,1.2196894970737997,200,False,-0.2143,-0.024,14,2021-06-30,False,041,0.38154564112457945,17.226337592005045,0.014982295478566807,0.0022201951012615143,0.09893670528355873,0.9639694690274565,False
61122,FIRST UNITED BANK & TRUST,2,2021-08-05,2021-08-05,-0.0029212379763645943,0.0020224823872253593,0.702845141421013,200,False,-0.2143,-0.024,14,2021-06-30,False,041,0.3091259248090413,14.371403997979318,0.012638959149938801,0.006590593188267035,0.08269754252657588,0.9123187114483389,False
936855,"UMB BANK, NATIONAL ASSOCIATION",2,2021-08-05,2021-08-05,-0.010880184154148024,0.0017451575173640464,1.0137977171779495,200,False,-0.2143,-0.024,14,2021-06-30,False,031,0.771523784276656,17.40942851647648,0.009195927966101462,0.0035164214647842662,0.08073203010815994,0.9053918254485462,False
577128,PEOPLES BANK,2,2021-08-05,2021-08-05,0.043676661215584736,0.0009392051298388296,0.9462142796212172,200,False,-0.2143,-0.024,14,2021-06-30,False,041,0.38929973937341517,15.436961227443213,0.010915681802283049,0.007946784396805878,0.11163506787768461,0.9465299226671976,False
317342,STOCK YARDS BANK & TRUST COMPANY,2,2021-08-05,2021-08-05,0.058215498149362645,0.00013506843443231216,0.7826063207642391,200,False,-0.2143,-0.024,14,2021-06-30,False,041,0.29795918987865205,15.619592295252248,0.009694140531947976,0.0032925500002018077,0.10438692537243652,0.9672665351053912,False
584724,UNIFIED BANK,2,2021-08-05,2021-08-05,0.10508888139903097,0.0021518585914216595,-0.33860640457113333,200,False,-0.2143,-0.024,14,2021-06-30,False,051,0.14943407117813556,13.505130149696283,0.01546439560919189,0.0064425825271929305,0.11927961940510225,0.9443687317644289,False
1386251,BANCFIRST,2,2021-08-05,2021-08-05,0.04218233551768452,0.0010749429033014356,0.9848401883494694,200,False,-0.2143,-0.024,14,2021-06-30,False,041,0.29572131742823404,16.113945049115546,0.016968483458485045,0.006081954821543156,0.09757857043875734,0.9934666661325521,False
100562,TRI COUNTIES BANK,2,2021-08-05,2021-08-05,0.010596884209670383,0.001604966180169239,0.9715445856767718,200,False,-0.2143,-0.024,14,2021-06-30,False,041,0.30205692267674356,15.915024788509596,0.01547866238089614,0.006605843271656846,0.12398991742916497,0.97855814118064,False
37640,GERMAN AMERICAN BANK,2,2021-08-05,2021-08-05,0.02604024042367327,0.0008589222548271222,0.7301279780003306,200,False,-0.2143,-0.024,14,2021-06-30,False,041,0.40691354754691783,15.490559790880893,0.01670257187691162,0.005629909696714764,0.11337898932733077,0.9570747832413444,False
981275,PREMIER BANK,2,2021-08-05,2021-08-05,0.09005491311862154,0.0011337894957230753,1.263651661647354,200,False,-0.2143,-0.024,14,2021-06-30,False,041,0.24116523174307664,15.835102435283064,0.018538737074249304,0.007445456299231764,0.13664684471608038,0.9749318316073537,False
435077,"PATHWARD, NATIONAL ASSOCIATION",2,2021-08-05,2021-08-05,-0.010076343722829229,0.003895376496454211,1.1372754507238603,200,False,-0.2143,-0.024,14,2021-06-30,False,041,0.021705760809091073,15.769244166652289,0.029054374222800664,0.011690922441036262,0.13674881243445233,0.9676643516241239,False
2142155,QUAD CITY BANK AND TRUST COMPANY,2,2021-08-05,2021-08-05,0.008127859310980373,0.0014017748579683185,1.0054827856189124,200,False,-0.2143,-0.024,14,2021-06-30,False,041,0.760845914509486,14.541056194450595,0.015337937070214894,0.00255818508304277,0.1022674356127091,0.9763753458989274,False
921178,RIVERVIEW BANK,2,2021-08-05,2021-08-05,0.043099227799332826,0.0018227723553808223,0.7309394131910172,200,False,-0.2143,-0.024,14,2021-06-30,False,041,0.2649794618145657,14.295627871056984,0.011724569748506433,0.00043058914263293454,0.10744036865264585,0.9871853978426488,False
693224,ATLANTIC UNION BANK,2,2021-08-05,2021-08-05,0.051973034015075525,0.0012119194279628235,1.236760885807734,200,False,-0.2143,-0.024,14,2021-06-30,False,041,0.39973882064511373,16.808933416871913,0.014852861839047223,0.003287971331302112,0.147986167090937,0.9829060919998148,False
470050,"FIRST FINANCIAL BANK, NATIONAL ASSOCIATION",2,2021-08-05,2021-08-05,0.006890310782902222,0.0013310070722773169,1.0045547180462557,200,False,-0.2143,-0.024,14,2021-06-30,False,041,0.43820460813620005,16.324456680263825,0.017733855332697307,0.005550271653047367,0.13002912714797768,0.9252357589617395,False
936136,OLD SECOND NATIONAL BANK,2,2021-08-05,2021-08-05,0.013390676635653617,0.0011780425431798629,0.9548460946900313,200,False,-0.2143,-0.024,14,2021-06-30,False,041,0.2638740571265406,14.996064365806413,0.01456370461433761,0.011998862934978413,0.11514453913285426,0.9626744818040528,False
694904,"FLAGSTAR BANK, NATIONAL ASSOCIATION",2,2021-08-05,2021-08-05,0.05087385596660327,0.0004820371453708091,0.7970681392394652,200,False,-0.2143,-0.024,14,2021-06-30,False,041,0.41716886402135356,17.866337568831597,0.010961556321448301,0.0007227035796569453,0.12898819904867173,0.6860164014451818,False
229801,VALLEY NATIONAL BANK,2,2021-08-05,2021-08-05,0.007659438891297991,0.00197382669917136,1.1022376438587254,200,False,-0.2143,-0.024,14,2021-06-30,False,041,0.5214944259455278,17.536232152120725,0.011726591695813025,0.006920685746661757,0.1299178448411412,0.9277975793155825,False
481177,LANDMARK NATIONAL BANK,2,2021-08-05,2021-08-05,-0.02329746666507715,0.0006718053336630678,0.7439767125629873,200,False,-0.2143,-0.024,14,2021-06-30,False,041,0.2952271631707358,14.036061952541232,0.016599773493620285,0.0191651616938907,0.12034595159950079,0.9873778290011771,False
272272,SOUTHERN BANK,2,2021-08-05,2021-08-05,-0.018902239070917783,0.0024464366257789215,0.8034221177140446,200,False,-0.2143,-0.024,14,2021-06-30,False,051,0.1588830012362784,14.804134974589067,0.019052403038472058,0.0026277543513086835,0.10548699830885923,0.9700353780207027,False
764030,AMERIS BANK,2,2021-08-05,2021-08-05,0.016851344566402523,0.0026518801611233544,1.1745943129649539,200,False,-0.2143,-0.024,14,2021-06-30,False,041,0.4145175384356131,16.897030038684345,0.020736536177036823,0.004051870445202352,0.14004752038743198,0.9816634733475474,False
2236821,"PATRIOT BANK, NATIONAL ASSOCIATION",2,2021-08-05,2021-08-05,0.04303352561783559,0.001756505436351835,0.6244899836494956,200,False,-0.2143,-0.024,14,2021-06-30,False,051,0.39107896827055727,13.777608255325779,0.005413338291059371,0.03731522778427751,0.09841640121021139,0.8818283718352954,False
268677,CARVER FEDERAL SAVINGS BANK,2,2021-08-05,2021-08-05,0.20887259977231482,0.0032060507298886836,0.8482184440381889,200,False,-0.2143,-0.024,14,2021-06-30,False,041,0.21423385298358072,13.435008269839614,-0.00871374272513672,0.016277893477989313,0.09450811829388546,0.9346377560912558,False
112837,"CAPITAL ONE, NATIONAL ASSOCIATION",2,2021-08-05,2021-08-05,0.07007411011853772,0.002827026735349586,1.1597957869717548,200,False,-0.2143,-0.024,14,2021-06-30,False,031,0.32014626963251747,19.726434500135113,0.01526680982748386,0.007289089620101708,0.11528683546237756,0.9400939632441653,False
1002878,NORTHWEST BANK,2,2021-08-05,2021-08-05,0.00903513017906503,0.0009298121144366027,0.8070992783958119,200,False,-0.2143,-0.024,14,2021-06-30,False,041,0.20979091447098627,16.4828202890008,0.01293311225876446,0.020078723817717282,0.11230126099441615,0.9711031152924803,False
697763,WESTAMERICA BANK,2,2021-08-05,2021-08-05,0.0219864392697367,-0.0007576945875251165,0.734163258984156,200,False,-0.2143,-0.024,14,2021-06-30,False,041,0.35835778776025085,15.776351260927944,0.01181062356568296,0.0036682919970472887,0.10215250648178303,0.952845642132878,False
749635,AUBURNBANK,2,2021-08-05,2021-08-05,-0.01243078148062537,-0.0012018738917360873,0.6066757121427073,200,False,-0.2143,-0.024,14,2021-06-30,False,051,0.39329726091233885,13.850630567019177,0.007797293539716378,0.0013701290059364983,0.09900322859702784,0.9933797827265693,False
959304,FLUSHING BANK,2,2021-08-05,2021-08-05,0.02385238486302947,0.002239526940958781,0.8667041882407285,200,False,-0.2143,-0.024,14,2021-06-30,False,041,0.3923840643853074,15.914788794987418,0.011249371651308938,0.0029910076284387433,0.09562897244432114,0.8633753297292287,False
352772,BANNER BANK,2,2021-08-05,2021-08-05,0.048220218659699214,0.001089257076277814,1.25600158639045,200,False,-0.2143,-0.024,14,2021-06-30,False,041,0.3187246824062362,16.59911303057472,0.013072229955330942,0.0031629906141546274,0.11010617786990748,0.9545665683869495,False
498317,"OHIO VALLEY BANK COMPANY, THE",2,2021-08-05,2021-08-05,0.0068448666518061176,-0.00016987137624932658,0.7599945974881267,200,False,-0.2143,-0.024,14,2021-06-30,False,041,0.31695802878097323,14.01458352318951,0.009104534976247079,0.007661141452725428,0.10991738720333434,0.9649962896195894,False
506922,SANDY SPRING BANK,2,2021-08-05,2021-08-05,0.035509493566069146,0.0020672949780132046,1.1286270927080793,200,False,-0.2143,-0.024,14,2021-06-30,False,041,0.4399838891624035,16.373695395253726,0.02115879996511869,0.009059784641205274,0.12813608482664438,0.9730230162698477,False
3317932,CONNECTONE BANK,2,2021-08-05,2021-08-05,0.08647446328488276,0.001759210692202639,1.1104288026770985,200,False,-0.2143,-0.024,14,2021-06-30,False,041,0.5524550365664253,15.857996579004016,0.01782599492175624,0.01182822806698344,0.1367121795876184,0.9352589909303781,False
276579,"ZIONS BANCORPORATION, NATIONAL ASSOCIATION",2,2021-08-05,2021-08-05,0.04582917618584963,0.0014255843016745561,1.259305262832182,200,False,-0.2143,-0.024,14,2021-06-30,False,041,0.5272411970097161,18.283811283315686,0.015493919244436138,0.0060749726767589315,0.09210696959648591,0.9612244528335288,False
1412712,"COMMUNITY WEST BANK, NATIONAL ASSOCIATION",2,2021-08-05,2021-08-05,0.017832629106468316,0.0021263679290424086,0.3451448225019915,200,False,-0.2143,-0.024,14,2021-06-30,False,051,0.3777619049270176,13.876504052915118,0.012456580725040738,0.002133735750373068,0.08904761725556312,0.8935857077348272,False
1929247,"SOUTHSTATE BANK, N.A.",2,2021-08-05,2021-08-05,0.010415350983179927,0.0010238599803230942,1.1663367981797559,200,False,-0.2143,-0.024,14,2021-06-30,False,041,0.34471493086673805,17.51093561778357,0.013232252803420974,0.0035372399266003192,0.12325887472526359,0.942691505228761,False
1890525,UNITY BANK,2,2021-08-05,2021-08-05,0.028991707310556225,0.002201642734174041,0.6891639147679526,200,False,-0.2143,-0.024,14,2021-06-30,False,051,0.33722175737462434,14.491530399451118,0.016412712476926935,0.0061916795270206245,0.09724638956438765,0.898953543601223,False
876634,CAPITAL CITY BANK,2,2021-08-05,2021-08-05,-0.037853855897290026,0.0005821834658827625,0.9591602477433863,200,False,-0.2143,-0.024,14,2021-06-30,False,041,0.34192527298131825,15.201952658170208,0.009245134031446854,0.002447016797935183,0.09262256501601888,0.9581862048029144,False
2239288,"WINTRUST BANK, NATIONAL ASSOCIATION",2,2021-08-05,2021-08-05,0.03348792718806294,0.0018260731213326027,1.070959549880367,200,False,-0.2143,-0.024,14,2021-06-30,False,041,0.5436601249270766,15.972698827418013,0.013517153357817946,0.002346079242333075,0.09477562254020018,0.968829297920122,False
556815,"PEOPLES BANK, A CODORUS VALLEY COMPANY",2,2021-08-05,2021-08-05,0.01517920219813191,0.0017045732154345912,0.5664466613611341,200,False,-0.2143,-0.024,14,2021-06-30,False,041,0.24052498350282622,14.618752181446158,0.007243926482252738,0.025823224241672833,0.10234565451746644,0.982170913552331,False
729310,PATHFINDER BANK,2,2021-08-05,2021-08-05,-0.014754702687395132,0.0027144135559836833,0.05225873785009165,200,False,-0.2143,-0.024,14,2021-06-30,False,051,0.25529803569876575,14.041799557166433,0.00989522607975833,0.019155362759023763,0.0908306471292839,0.9186607530631852,False
431172,PACIFIC PREMIER BANK,2,2021-08-05,2021-08-05,0.03507078908700658,0.0021943934065608143,1.2601926998813884,200,False,-0.2143,-0.024,14,2021-06-30,False,041,0.5419856245430419,16.837575659195732,0.017049086056391723,0.0025282207206462045,0.15098244579191272,0.9806094394155689,False
107244,BANK OZK,2,2021-08-05,2021-08-05,0.035479119691976424,0.0022056402314631907,0.7858667916558928,200,False,-0.2143,-0.024,14,2021-06-30,False,041,0.3793186163158081,17.096644981921838,0.022472351848673782,0.003071695143355807,0.1691981692207206,0.9369096940452633,False
874845,LAKE CITY BANK,2,2021-08-05,2021-08-05,0.06420655305903242,0.0006995683639825174,0.7169330567723744,200,False,-0.2143,-0.024,14,2021-06-30,False,041,0.5356881121302289,15.643530915665018,0.01604774881147134,0.0024599182610921056,0.1061891571210941,0.9702365142325565,False
522605,BAR HARBOR BANK AND TRUST COMPANY,2,2021-08-05,2021-08-05,0.003316012726299885,6.090855507551173e-05,1.2471133388683822,200,False,-0.2143,-0.024,14,2021-06-30,False,041,0.193376169945973,15.10672746219776,0.011689729215525087,0.005568452095540246,0.1292474176635388,0.8934047128138902,False
593007,CAMDEN NATIONAL BANK,2,2021-08-05,2021-08-05,0.03856103812496351,0.001059800530741195,0.9361551372915231,200,False,-0.2143,-0.024,14,2021-06-30,False,041,0.22801754449961284,15.450858877760963,0.015332341371343601,0.0017818540491285214,0.10888682960957818,0.9472645280939176,False
786612,MID PENN BANK,2,2021-08-05,2021-08-05,0.021016949918501553,0.0011032247558542374,0.7278497978304935,200,False,-0.2143,-0.024,14,2021-06-30,False,041,0.3913731262089615,15.057077657388552,0.012543653874435753,0.0032678480349448975,0.09648824498350637,0.906455023274079,False
881478,HERITAGE BANK,2,2021-08-05,2021-08-05,0.033163844676034546,0.00022960567579642706,0.9485137990796811,200,False,-0.2143,-0.024,14,2021-06-30,False,041,0.431191567200637,15.775560833978822,0.017052308243578163,0.008461929629674493,0.12169583885705336,0.9755924051290621,False
671464,BANK OF HOPE,2,2021-08-05,2021-08-05,0.02360482119870377,0.0017700086183350912,1.171104041474272,200,False,-0.2143,-0.024,14,2021-06-30,False,041,0.5701576692194632,16.675652692557637,0.011786869784595278,0.010342436046143256,0.1364469063203071,0.9778095084449747,False
606046,CADENCE BANK,2,2021-08-05,2021-08-05,0.07729117133711202,0.0003966105078628314,1.1577105719692253,200,False,-0.2143,-0.024,14,2021-06-30,False,041,0.36191946371012235,17.133931039118725,0.01137674149640281,0.0049983727118470015,0.1111492160810698,0.9200347364564667,False
782306,BROOKLINE BANK,2,2021-08-05,2021-08-05,0.016242668003296195,0.001587454943148831,0.9239512116123162,200,False,-0.2143,-0.024,14,2021-06-30,False,041,0.4336360116675851,15.499323021302539,0.014730644028435675,0.006583947009866229,0.11172137062942776,0.897792034552916,False
1001152,INTERNATIONAL BANK OF COMMERCE,2,2021-08-05,2021-08-05,0.07248666793992539,0.0007923841441147143,1.2049457717191334,200,False,-0.2143,-0.024,14,2021-06-30,False,041,0.3696106276661269,16.196017711648675,0.01361931269046502,0.002294425945191716,0.14738366370704314,0.9117365421482438,False
59316,WAYNE BANK,2,2021-08-05,2021-08-05,8.942549637555239e-05,-0.0002468255231935689,0.7086468075352673,200,False,-0.2143,-0.024,14,2021-06-30,False,051,0.3002555961226104,14.521797038611577,0.011374560068533575,0.008480130709811672,0.09910622111947384,0.9253765026418451,False
491934,COLONY BANK,2,2021-08-05,2021-08-05,-0.012208611394686063,0.002192695315807229,0.5874691697156692,200,False,-0.2143,-0.024,14,2021-06-30,False,051,0.30309938779278706,14.376010526325524,0.01058149705289264,0.008736360115725449,0.1001131570473661,0.9826334939522077,False
361167,SOUTHSIDE BANK,2,2021-08-05,2021-08-05,0.029305863092476493,0.0011722589991025828,0.8009104807314064,200,False,-0.2143,-0.024,14,2021-06-30,False,041,0.3760242644342165,15.786317479952487,0.017008931277446487,0.001414047633157524,0.14863209114793982,0.8571941329782324,False
316840,REPUBLIC BANK & TRUST COMPANY,2,2021-08-05,2021-08-05,-0.008657051809231354,0.0012059321877813923,0.9396215666737454,200,False,-0.2143,-0.024,14,2021-06-30,False,041,0.33867482217790085,15.636123240758895,0.016122051136068304,0.004845824244431129,0.1292010011592319,0.9489361892035728,False
2209553,HERITAGE BANK OF COMMERCE,2,2021-08-05,2021-08-05,0.03207092246236248,0.0015832878941716276,1.1128418106901214,200,False,-0.2143,-0.024,14,2021-06-30,False,041,0.6323981329442144,15.439053919156592,0.008810838514565196,0.002184409396495048,0.11861167372999591,0.9765499567741138,False
821906,SALISBURY BANK AND TRUST COMPANY,2,2021-08-05,2021-08-05,0.04976528964158261,0.0010456498476876326,0.5830358984952271,200,False,-0.2143,-0.024,14,2021-06-30,False,051,0.31380832141222703,14.177835709374591,0.01322784836559089,0.005287584125004304,0.10382928251938864,0.9707851973362289,False
416245,BUSEY BANK,2,2021-08-05,2021-08-05,0.017098656263517517,0.0009733562584947657,1.000442367806403,200,False,-0.2143,-0.024,14,2021-06-30,False,041,0.3845111384762726,16.208451304615682,0.0145230495992238,0.0035230940757786286,0.13462124399361025,0.96388337563291,False
399517,CNB BANK,2,2021-08-05,2021-08-05,0.06294469454048174,0.0008926843219995187,1.0405050218914884,200,False,-0.2143,-0.024,14,2021-06-30,False,041,0.33253379140694594,15.450210676836926,0.011222483970108738,0.009374856906213704,0.0906082778202468,0.9880205991998555,False
664756,PROSPERITY BANK,2,2021-08-05,2021-08-05,0.03142631177741291,0.0006494557607269532,0.8696424103755506,200,False,-0.2143,-0.024,14,2021-06-30,False,041,0.4299108045063591,17.4017488788793,0.014965026762817064,0.0017250348474180447,0.1740916284325868,0.9792254330614691,False
767974,CFBANK NATIONAL ASSOCIATION,2,2021-08-05,2021-08-05,-0.006025931376142331,0.002622606565557751,0.23264224028933359,200,False,-0.2143,-0.024,14,2021-06-30,False,051,0.2458776944369729,14.221731380448384,0.013952118864804875,0.0002514997692662667,0.09722849525758527,0.8669159322629229,False
716374,FIRST HARRISON BANK,2,2021-08-05,2021-08-05,-0.005875733160271809,-0.0024142776536609585,0.9775567891415051,200,False,-0.2143,-0.024,14,2021-06-30,False,051,0.2657006982691915,13.886908933904104,0.009554854754475987,0.0035692788365721236,0.09748894096790622,0.9960658274865869,False
197478,EAST WEST BANK,2,2021-08-05,2021-08-05,0.0314373508082136,0.0021970497846029,1.1952545903212797,200,False,-0.2143,-0.024,14,2021-06-30,False,031,0.6468846579250772,17.90716590749308,0.014474171835882446,0.0048168034183596505,0.08923110572419958,0.9721770392380272,False
958727,AMERICAN NATIONAL BANK AND TRUST COMPANY,2,2021-08-05,2021-08-05,0.020902575956348417,0.0010996922291500722,1.025460006848337,200,False,-0.2143,-0.024,14,2021-06-30,False,041,0.4172987840707135,14.975248676156582,0.01454267005905745,0.0011316382616127765,0.11367916570767032,0.9814071077109876,False
968070,CAPITOL FEDERAL SAVINGS BANK,2,2021-08-05,2021-08-05,0.03413248845258484,0.0008719617675908778,0.6345833820842257,200,False,-0.2143,-0.024,14,2021-06-30,False,041,0.14866502586426858,16.08474370684142,0.008003737807177247,0.0020284257392373106,0.11500498191632097,0.793941110944308,False
202907,"COMMUNITY BANK, NATIONAL ASSOCIATION",2,2021-08-05,2021-08-05,0.030390950635352985,0.0004867307459361065,0.8315447711242399,200,False,-0.2143,-0.024,14,2021-06-30,False,041,0.4137674335271879,16.495687483526375,0.011239077593864518,0.009688075116463779,0.11485916123434071,0.9736863346954762,False
601416,FIVE STAR BANK,2,2021-08-05,2021-08-05,0.05853934560646026,0.002047940608334413,1.0257463099159885,200,False,-0.2143,-0.024,14,2021-06-30,False,041,0.3068197934192121,15.475222295303459,0.016181688331325203,0.0018247588004390422,0.09538218968217665,0.9858541154406949,False
662369,BANK OF THE SIERRA,2,2021-08-05,2021-08-05,0.005377152237836054,0.0009397251278533912,1.108327228219029,200,False,-0.2143,-0.024,14,2021-06-30,False,041,0.29419703249304124,15.001094722841868,0.014488794529606141,0.003416222901771681,0.1176386467265457,0.9643349145696066,False
439404,FIRST NATIONAL BANK,2,2021-08-05,2021-08-05,0.03970811640481407,0.0009886307139250804,0.8998585082971802,200,False,-0.2143,-0.024,14,2021-06-30,False,041,0.19629167118845967,14.697765384310086,0.015068231235479084,0.004457626126911164,0.08482615457580094,0.8875558306988464,False
2608754,MERCANTILE BANK,2,2021-08-05,2021-08-05,0.018722598590483426,0.0009301361709734013,1.0165975195567927,200,False,-0.2143,-0.024,14,2021-06-30,False,041,0.44690495373873795,15.370997120192566,0.014744824735809224,0.000838073566134259,0.10064126013664483,0.8628554475951119,False
29636,"CITIZENS BANK OF PHILADELPHIA, THE",2,2021-08-05,2021-08-05,0.004323670480347155,-0.0010664048206518847,0.525239947629098,200,False,-0.2143,-0.024,14,2021-06-30,False,051,0.359095836476237,14.106645412696881,0.006028648412303944,0.006893865075184294,0.09459805896355979,0.9313385252167367,False
2652092,EAGLEBANK,2,2021-08-05,2021-08-05,0.033253626754370526,0.0023812321493048606,0.9818164081920545,200,False,-0.2143,-0.024,14,2021-06-30,False,041,0.407836374922354,16.20742150580983,0.017880501380555202,0.006763577698715892,0.12973432669045648,0.95788859083508,False
1436204,BANK OF MARIN,2,2021-08-05,2021-08-05,0.03404139937352295,-0.0008742597062289099,0.9859150373525708,200,False,-0.2143,-0.024,14,2021-06-30,False,041,0.45033145346650744,14.938277428331228,0.012933135416578543,0.004588651600510693,0.11186114417315851,0.9848887622098523,False
2634351,MACATAWA BANK,2,2021-08-05,2021-08-05,0.017061606860756577,0.00026456503996091796,0.8735422106764331,200,False,-0.2143,-0.024,14,2021-06-30,False,051,0.4563050130019838,14.893984422962912,0.01099181039042048,0.00034832862593608293,0.08179168073889127,0.9659122141447994,False
754929,"NATIONAL BANK OF BLACKSBURG, THE",2,2021-08-05,2021-08-05,0.0542085911830498,0.0014393702030855164,0.5341626330405139,200,False,-0.2143,-0.024,14,2021-06-30,False,041,0.3759620500393024,14.321317408731527,0.011324693681508367,0.0047801384626081425,0.1098929460665986,0.9868368014037132,False
687009,LAKELAND BANK,2,2021-08-05,2021-08-05,-0.004620474016727942,0.0016378010059106465,1.0249186459098492,200,False,-0.2143,-0.024,14,2021-06-30,False,041,0.42402153238744955,15.876264188321159,0.01258907892818094,0.0037756809749087093,0.10996938951602067,0.9653015890005435,False
2634191,GLACIER BANK,2,2021-08-05,2021-08-05,0.013073629341245063,0.0013014583937728356,1.1217007816092253,200,False,-0.2143,-0.024,14,2021-06-30,False,041,0.30082793294468496,16.834740681883922,0.015973609854732885,0.004610787602265187,0.11629681528998381,0.933358015161031,False
186221,"OLD POINT NATIONAL BANK OF PHOEBUS, THE",2,2021-08-05,2021-08-05,-0.038473854247017276,0.002525609240956994,0.12358836726626601,200,False,-0.2143,-0.024,14,2021-06-30,False,041,0.27247905989570254,14.05258226067711,0.007434920775175696,0.0028696088541086545,0.08889006352502343,0.9828221751362285,False
474919,"FULTON BANK, NATIONAL ASSOCIATION",2,2021-08-05,2021-08-05,0.025513816565589313,0.0015625743411156856,1.0238036362864404,200,False,-0.2143,-0.024,14,2021-06-30,False,041,0.36193616851799504,17.070633023968494,0.012809424171141462,0.008244905607817626,0.11846287064250687,0.9588572837105879,False
473501,BERKSHIRE BANK,2,2021-08-05,2021-08-05,-0.055731872259298626,0.004757937573487907,1.1124105762246679,200,False,-0.2143,-0.024,14,2021-06-30,False,041,0.34469009670254264,16.322396956862,0.005918636318540058,0.00718793714238658,0.09212649848039531,0.959963601069663,False
508346,HAWTHORN BANK,2,2021-08-05,2021-08-05,-0.011890116326913508,0.00033353086168414115,1.000965218329831,200,False,-0.2143,-0.024,14,2021-06-30,False,041,0.2310110974997722,14.34663104080168,0.013742645532758283,0.0260633255192725,0.10881936364272414,0.9123082718622362,False
236706,PEAPACK-GLADSTONE BANK,2,2021-08-05,2021-08-05,0.012411656873968622,0.002165125620596847,1.0943885765659485,200,False,-0.2143,-0.024,14,2021-06-30,False,041,0.5715619197607033,15.572042596927975,0.010900304973054815,0.0025283672332332605,0.10743942620523918,0.9565170969308678,False
657365,HANMI BANK,2,2021-08-05,2021-08-05,0.017266714964440752,0.002980126000894158,0.8330923853039343,200,False,-0.2143,-0.024,14,2021-06-30,False,041,0.4166730839317951,15.699105693009242,0.013494076727947906,0.010711633686303597,0.10766768616236802,0.9602778411052305,False
636771,INDEPENDENT BANK,2,2021-08-05,2021-08-05,0.008716599701643474,0.0008937647111357321,1.0779096082277841,200,False,-0.2143,-0.024,14,2021-06-30,False,041,0.1869185354685251,15.310550573688527,0.015741622127069872,0.0019279466030067622,0.09439636373013657,0.9728150156751688,False
2353595,FIRST COMMUNITY BANK,2,2021-08-05,2021-08-05,0.0552098439869516,0.0015574184807643323,0.9018989598641937,200,False,-0.2143,-0.024,14,2021-06-30,False,051,0.15392780524204833,14.954717935411479,0.018098186116466103,0.011334284550856166,0.13072405867443204,0.9868841340402398,False
780218,"UNION BANK COMPANY, THE",2,2021-08-05,2021-08-05,-0.11287220450859076,0.002128544325696859,0.606617744308027,200,False,-0.2143,-0.024,14,2021-06-30,False,051,0.18441441560384816,13.863759623385226,0.013889418275791095,0.0012079312863752035,0.1256508282575717,0.9905554889545212,False
542528,CIVISTA BANK,2,2021-08-05,2021-08-05,0.019673714871136574,0.0017120712882773043,1.167159153271549,200,False,-0.2143,-0.024,14,2021-06-30,False,041,0.31795045739201855,14.887220536123479,0.013791407866608638,0.002116680011096774,0.12017693654466267,0.946266245697656,False
933023,"SHORE UNITED BANK, NATIONAL ASSOCIATION",2,2021-08-05,2021-08-05,0.0030453178431933013,0.0017049864379943128,1.000778707439562,200,False,-0.2143,-0.024,14,2021-06-30,False,051,0.18274842439112848,14.566600650120874,0.008664144775490502,0.003191325354227606,0.09895678261169089,0.990522567945249,False
1162017,UNITED SECURITY BANK,2,2021-08-05,2021-08-05,0.019388644128093935,0.0008381781437532569,0.6749521849515414,200,False,-0.2143,-0.024,14,2021-06-30,False,051,0.5444599721233451,14.022329586358616,0.00778688524590164,0.01356453128024616,0.1034852328909706,0.9917369464615808,False
628123,"BANK OF GLEN BURNIE, THE",2,2021-08-05,2021-08-05,-0.026942042042955944,0.0019021034962552355,0.11493939666428797,200,False,-0.2143,-0.024,14,2021-06-30,False,041,0.06902197188596088,12.977896986443547,0.005495191130049776,0.0175585747069668,0.08162369263903203,0.928302551456897,False
333203,UNION BANK,2,2021-08-05,2021-08-05,0.0644804228222543,0.002687740601453415,0.38979581380808925,200,False,-0.2143,-0.024,14,2021-06-30,False,041,0.20460508221595247,13.878731336259985,0.01146572392519399,0.007570446142941977,0.07668629876969234,0.9870126305065928,False
2925666,PINNACLE BANK,2,2021-08-05,2021-08-05,0.03820560498201053,0.0029872251091918834,1.0450211712795923,200,False,-0.2143,-0.024,14,2021-06-30,False,041,0.4842910918251297,17.377036752568838,0.014419041492119807,0.0023896091101655273,0.14689107821630204,0.9482731040204991,False
139740,WEST BANK,2,2021-08-05,2021-08-05,0.03279451538446876,0.0014635932438374659,0.8798496965033877,200,False,-0.2143,-0.024,14,2021-06-30,False,041,0.467945194244823,14.999433806509701,0.015714531886493712,0.006315578904251823,0.08310533254039355,0.9443122155874122,False
494261,PACIFIC WESTERN BANK,2,2021-08-05,2021-08-05,0.04185113132388503,0.0005726132481805164,1.2980094150122201,200,False,-0.2143,-0.024,14,2021-06-30,False,041,0.5820462978814631,17.365717196389205,0.018399557134599284,0.0029104042427481485,0.11793807052578664,0.9695425333875456,False
2760232,VILLAGE BANK,2,2021-08-05,2021-08-05,-0.021814117283998576,0.0026233003314324542,0.14317074158007542,200,False,-0.2143,-0.024,14,2021-06-30,False,051,0.2851993741569328,13.483795786637353,0.020808369049675906,0.007115721131332763,0.09606349241736009,0.9861718263485976,False
2328137,FIRST COMMUNITY BANK,2,2021-08-05,2021-08-05,0.0005562139066484957,0.0018020887134774257,0.6276186486280049,200,False,-0.2143,-0.024,14,2021-06-30,False,041,0.2597229242895723,14.23095503940816,0.00963800391275765,0.009160041090932795,0.09807767959214386,0.9468301850339419,False
204004,PROVIDENT BANK,2,2021-08-05,2021-08-05,0.011090164107410528,0.002037642904563379,0.9765983638568099,200,False,-0.2143,-0.024,14,2021-06-30,False,041,0.49468105849045596,16.396584974269427,0.014225976576914125,0.008392154059235442,0.12267755126756778,0.9181745669173471,False
3465226,HTLF BANK,2,2021-08-05,2021-08-05,0.036060999638821575,0.0008689828232625741,1.1230748705435372,200,False,-0.2143,-0.024,14,2021-06-30,False,041,0.42321283282365263,14.77556627750292,0.01232540100051994,0.003843011653003077,0.1465735676200934,0.975425019571425,False
2953418,OPTIMUMBANK,2,2021-08-05,2021-08-05,0.03523743608209471,0.0033121306071819488,0.6389348118616154,200,False,-0.2143,-0.024,14,2021-06-30,False,041,0.5795744193372856,12.591178571494238,0.008259795750355499,0.0,0.10261469481619573,0.926566587057887,False
2618780,TEXAS CAPITAL BANK,2,2021-08-05,2021-08-05,0.025321864221410237,0.0026950115016490246,1.004832272440146,200,False,-0.2143,-0.024,14,2021-06-30,False,041,0.8015228136041385,17.37704322671154,0.008687817054494954,0.004042152362583092,0.08622729414763247,0.9099714690165651,False
354310,UNIVEST BANK AND TRUST CO.,2,2021-08-05,2021-08-05,0.015596468637971282,0.0016456459848191685,1.0640020071578224,200,False,-0.2143,-0.024,14,2021-06-30,False,041,0.4177648080422875,15.661907506886989,0.018312922344612056,0.007136994398310996,0.11712155981761561,0.9670135571668669,False
703767,CENTRAL VALLEY COMMUNITY BANK,2,2021-08-05,2021-08-05,0.033234497340680375,0.002088029849858036,0.737940217202502,200,False,-0.2143,-0.024,14,2021-06-30,False,041,0.4558695133533642,14.639562309070575,0.013507811053823324,0.0019019669235334526,0.11116199459757742,0.9784380397769333,False
2942690,SIGNATURE BANK,2,2021-08-05,2021-08-05,0.07416473282808439,0.0036217595626503356,1.2049810678344544,200,False,-0.2143,-0.024,14,2021-06-30,False,041,0.869824818769091,18.39238143931062,0.00833303355197844,0.002514245557056441,0.07041027176115085,0.9469521626434556,True
2849801,SOUTHERN FIRST BANK,2,2021-08-05,2021-08-05,0.005973518402313024,0.002550778515347664,0.9091154763016581,200,False,-0.2143,-0.024,14,2021-06-30,False,041,0.4996690271200294,14.790298851064575,0.016158569021574688,0.0029542968057620794,0.10409204536622946,0.9809647454266835,False
2858960,"BANCORP BANK NATIONAL ASSOCIATION, THE",2,2021-08-05,2021-08-05,0.06569977722063106,0.003216888157538737,1.3929685943465224,200,False,-0.2143,-0.024,14,2021-06-30,False,041,0.17717514253455616,15.696905347518545,0.01918553657880991,0.006712477445464859,0.0967739871015559,0.9740711098904473,False
895710,CITIZENS & NORTHERN BANK,2,2021-08-05,2021-08-05,-0.005273880390525664,0.001508255649225566,0.7939895261342874,200,False,-0.2143,-0.024,14,2021-06-30,False,051,0.2580632955340922,14.658114705811336,0.014154280451273184,0.015531344856226318,0.12782901532763205,0.9655138195519606,False
2372774,"SUMMIT COMMUNITY BANK, INC.",2,2021-08-05,2021-08-05,0.00733908974487491,0.0011749965047358622,0.9277185708346612,200,False,-0.2143,-0.024,14,2021-06-30,False,041,0.2256305656835216,15.000691597899923,0.013723072840928578,0.009400165244187563,0.1104286733109588,0.9397571026612729,False
1356768,ENTERPRISE BANK AND TRUST COMPANY,2,2021-08-05,2021-08-05,0.06860018130352512,0.0010943981222942846,1.024018366128334,200,False,-0.2143,-0.024,14,2021-06-30,False,041,0.35996900908517027,15.303458798646231,0.01069647454912499,0.01084793636797651,0.09013570683475455,0.984152667738925,False
1190476,ENTERPRISE BANK & TRUST,2,2021-08-05,2021-08-05,0.027107380750109062,0.0012212558376760016,1.1048866352015305,200,False,-0.2143,-0.024,14,2021-06-30,False,041,0.4728427956548473,16.148776444890938,0.014225195540191143,0.00596499184876169,0.11724459230865389,0.9615921279072258,False
633378,KEARNY BANK,2,2021-08-05,2021-08-05,0.026731297693681287,0.0015944303707269277,0.6957014490670133,200,False,-0.2143,-0.024,14,2021-06-30,False,041,0.19244577260214046,15.798537697911087,0.00977548835113792,0.016386373879749856,0.12829213480362095,0.8786036976030908,False
1918344,PREFERRED BANK,2,2021-08-05,2021-08-05,0.005318770270202514,0.0019049208954820412,0.9475793934761801,200,False,-0.2143,-0.024,14,2021-06-30,False,041,0.5928129399673074,15.5341859409449,0.01530319504491194,0.005101008065784113,0.10022509761282493,0.9562559396688074,False
3138146,WESTERN ALLIANCE BANK,2,2021-08-05,2021-08-05,0.04566077567312786,0.003773999570672278,1.2400582939407314,200,False,-0.2143,-0.024,14,2021-06-30,False,041,0.7478745444287486,17.708736316931514,0.014205734644718868,0.014006260824390196,0.09163846211723935,0.9492515713116635,False
537449,FIRST BUSINESS BANK,2,2021-08-05,2021-08-05,0.03707634211840835,0.002250496898707221,0.7859565196646096,200,False,-0.2143,-0.024,14,2021-06-30,False,041,0.5360265612157064,14.866620602737466,0.014182622145709716,0.005313497269284804,0.08710878854875778,0.8282798965547081,False
310978,WATERSTONE BANK,2,2021-08-05,2021-08-05,0.01779128134881875,0.0008865590782547189,0.5587504427666568,200,False,-0.2143,-0.024,14,2021-06-30,False,041,0.13178515479870231,14.60258332385623,0.035759478114263554,0.002640930539643086,0.17629665773916273,0.7213617073008997,False
220527,PEOPLES BANK,2,2021-08-05,2021-08-05,0.021467159011939192,0.0009677845100005398,1.0218717014888008,200,False,-0.2143,-0.024,14,2021-06-30,False,041,0.3123374306191502,14.284681340489442,0.011364460913710664,0.0037791110698419555,0.09785771654902707,0.9676416872251644,False
2954059,BCB COMMUNITY BANK,2,2021-08-05,2021-08-05,0.004241878504877526,0.00165315374282863,1.0702108807677884,200,False,-0.2143,-0.024,14,2021-06-30,False,041,0.3483291418313533,14.878115976880764,0.01106188497809704,0.010520634799218932,0.10182587448568559,0.9412863901459934,False
2385514,"FIRST BANK, THE",2,2021-08-05,2021-08-05,0.030153582141394474,0.0016724972537286937,1.2042901393203116,200,False,-0.2143,-0.024,14,2021-06-30,False,041,0.39045582603028955,15.520409729698708,0.013236545532847673,0.010996696389954817,0.13631467681882975,0.9935152422012521,False
456045,CENTENNIAL BANK,2,2021-08-05,2021-08-05,0.030437138716396243,0.001111656881228892,1.1365348862462958,200,False,-0.2143,-0.024,14,2021-06-30,False,041,0.4673261487775765,16.682950945815904,0.020061469087079235,0.005778408547750186,0.1605645701677337,0.9553573502411512,False
561574,SUMMIT STATE BANK,2,2021-08-05,2021-08-05,-0.04163378705878426,0.0013558671408666388,0.45716615795906945,200,False,-0.2143,-0.024,14,2021-06-30,False,051,0.3944051531965972,13.71197393356067,0.01600411692876227,0.0006061706605561877,0.08759231758023962,0.9286308173669509,False
522847,"LIMESTONE BANK, INC",2,2021-08-05,2021-08-05,-0.007313302748806139,0.0020173195388445597,0.406074454428843,200,False,-0.2143,-0.024,14,2021-06-30,False,051,0.1731587756112626,14.10180842284263,0.012579901148263335,0.0016149035543710584,0.11981548476930715,0.975295147599398,False
663245,SIMMONS BANK,2,2021-08-05,2021-08-05,0.03437175477624696,0.0018772216027565611,1.1125696891252574,200,False,-0.2143,-0.024,14,2021-06-30,False,041,0.43208653890212023,16.967384584985048,0.01338161539014941,0.007104496695433281,0.13421136622075824,0.9153653211506098,False
30810,DISCOVER BANK,2,2021-08-05,2021-08-05,0.03499673203440866,0.0023413296938367407,1.450299909081254,200,False,-0.2143,-0.024,14,2021-06-30,False,031,0.09985300464546808,18.50627346178746,0.050680867901316526,0.008210461295014227,0.10753373973124246,0.7953301237077851,False
768074,FIRST FINANCIAL NORTHWEST BANK,2,2021-08-05,2021-08-05,-0.027001550729055145,0.00212692186690509,0.23257470535671793,200,False,-0.2143,-0.024,14,2021-06-30,False,051,0.3498071639669622,14.173711437071526,0.009765487124612005,0.0,0.101989651603037,0.8980402870105095,False
2797724,TOWNEBANK,2,2021-08-05,2021-08-05,0.03763858025389504,0.0018628197249822883,1.0232887132286497,200,False,-0.2143,-0.024,14,2021-06-30,False,041,0.47142792155141733,16.57576319006408,0.015793381796253884,0.001279010625850306,0.11730348994405472,0.9386690621537466,False
28013,NORTHFIELD BANK,2,2021-08-05,2021-08-05,0.00346349800489041,0.001886416600209931,0.7959997464828302,200,False,-0.2143,-0.024,14,2021-06-30,False,041,0.34299253031759586,15.506722908530032,0.014237231284975917,0.0032098830762169748,0.12454112610358722,0.881424493387619,False
836843,MIDWESTONE BANK,2,2021-08-05,2021-08-05,0.02879592519466292,0.0010019152601422941,1.1787507737953604,200,False,-0.2143,-0.024,14,2021-06-30,False,041,0.33757404474439634,15.563399815185152,0.01475880844981488,0.012417629683137484,0.10602251400921799,0.9379301773907704,False
676478,MALVERN BANK NA,2,2021-08-05,2021-08-05,-0.0002659905086244245,0.001643879245636937,0.3784713074992376,200,False,-0.2143,-0.024,14,2021-06-30,False,051,0.5541850613835151,13.98435081570089,0.007701462331841974,0.024948153748418363,0.13783995857866718,0.899188626268445,False
23504,DIME COMMUNITY BANK,2,2021-08-05,2021-08-05,-0.0072225000512233925,0.0016046762560382882,1.1653184257101434,200,False,-0.2143,-0.024,14,2021-06-30,False,041,0.5365015840834966,16.35620221593933,0.005520771498853602,0.005586590428579216,0.10380248358269935,0.9799598689077956,False
785473,FIRST SAVINGS BANK,2,2021-08-05,2021-08-05,0.054682080009249026,0.002248891311414868,0.4272872355333675,200,False,-0.2143,-0.024,14,2021-06-30,False,041,0.31031271954444195,14.37727831446778,0.017153902735250345,0.011436302029135358,0.1078476653152922,0.7241507576871209,False
929978,"HOME BANK, NATIONAL ASSOCIATION",2,2021-08-05,2021-08-05,0.048186556159341844,0.0011570394744753918,1.0231147327738037,200,False,-0.2143,-0.024,14,2021-06-30,False,041,0.30260996201693086,14.830426695476493,0.016965480448198927,0.007270684201764608,0.11973185770017528,0.9776442949040999,False
1864197,OAK VALLEY COMMUNITY BANK,2,2021-08-05,2021-08-05,0.012185475373087281,0.0004991682108067948,1.1598698323871253,200,False,-0.2143,-0.024,14,2021-06-30,False,041,0.4475747439169634,14.383322947506194,0.009775544475950223,0.00038556988720483135,0.07732473816922777,0.9917946941315293,False
342410,ORRSTOWN BANK,2,2021-08-05,2021-08-05,0.019589710823323954,0.0017721932297220916,1.1374165883742855,200,False,-0.2143,-0.024,14,2021-06-30,False,041,0.297471910671655,14.884448554388792,0.014198473020325965,0.005197404625091184,0.0962309664061038,0.954085682056418,False
119528,"FARMERS NATIONAL BANK OF EMLENTON, THE",2,2021-08-05,2021-08-05,-0.05717249941777229,0.0021357030443038983,-0.31442283032919743,200,False,-0.2143,-0.024,14,2021-06-30,False,051,0.3007816530936222,13.912303274631178,0.008022642769999418,0.00430398227172168,0.08153539475977459,0.9481790059398504,False
685676,OPPORTUNITY BANK OF MONTANA,2,2021-08-05,2021-08-05,0.00894051789437172,0.0010732923904680648,0.5634189787833883,200,False,-0.2143,-0.024,14,2021-06-30,False,051,0.19866926523211695,14.117884425512976,0.01292766729215922,0.007512172900308996,0.1287548953599489,0.9745396584646262,False
613008,ROCKLAND TRUST COMPANY,3,2022-02-18,2022-02-18,0.030681461374758974,-0.0006602382003889225,1.1503757960600074,200,False,1.0,0.0405,3,2021-12-31,False,041,0.32893800866102085,16.832059356411225,0.0060826042444982525,0.0020437901507974784,0.144471044911598,0.9805678659934935,False
433608,TOMPKINS COMMUNITY BANK,3,2022-02-18,2022-02-18,0.01033903933968622,-0.0003305867868684627,1.1048239470440335,200,False,1.0,0.0405,3,2021-12-31,False,041,0.4421245931068176,14.713186301020398,0.015550392784037446,0.007214195648430513,0.06954092945372924,0.9256771295064,False
379920,FIRST NATIONAL BANK OF PENNSYLVANIA,3,2022-02-18,2022-02-18,-0.00040236414939934457,-0.0004505927386802051,1.35882541558789,200,False,1.0,0.0405,3,2021-12-31,False,041,0.4184416243667491,17.491008832086965,0.010537464505074678,0.0036509862251006987,0.13087550373948037,0.9366605652907899,False
491224,FIRST-CITIZENS BANK & TRUST COMPANY,3,2022-02-18,2022-02-18,0.03271198784142408,-0.00032180808090222126,1.2911706786208,200,False,1.0,0.0405,3,2021-12-31,False,041,0.38879231657531416,17.87966625416299,0.009297245679415613,0.003913161168102798,0.08567013564854699,0.9692415058386328,False
246022,"BANK OF SOUTH CAROLINA, THE",3,2022-02-18,2022-02-18,-0.006580191825964759,-0.00021591169038582753,0.20058204043294514,200,False,1.0,0.0405,3,2021-12-31,False,041,0.4391821276344801,13.428316021801658,0.010311373735380193,0.0026308559978022333,0.07854229784125404,0.9757525190527339,False
437914,"WILMINGTON SAVINGS FUND SOCIETY, FSB",3,2022-02-18,2022-02-18,-0.02261560799367595,-0.00023685034527841606,1.0882814238491447,200,False,1.0,0.0405,3,2021-12-31,False,041,0.4385345964569767,16.571845335130327,0.017413754342750644,0.0033252751665200295,0.12764051721635297,0.9722967207385619,False
761806,"WEBSTER BANK, NATIONAL ASSOCIATION",3,2022-02-18,2022-02-18,0.008467333431844746,-0.000449944335874876,1.4931316329011044,200,False,1.0,0.0405,3,2021-12-31,False,031,0.3459342563851471,17.36779773973727,0.012549467969723354,0.005046725858994508,0.10100930463683108,0.9616495356872522,False
837000,"FIRST NATIONAL BANK OF LONG ISLAND, THE",3,2022-02-18,2022-02-18,-0.020183689230386055,0.0002238029462468149,0.7683010279606615,200,False,1.0,0.0405,3,2021-12-31,False,041,0.5228019759038179,15.218462901280308,0.01111356981109808,0.00039774096016922185,0.10165618031122224,0.9074685086384165,False
510871,FIRSTBANK PUERTO RICO,3,2022-02-18,2022-02-18,-0.01954739314709189,0.0007219532949932024,1.3340131351928264,200,False,1.0,0.0405,3,2021-12-31,False,031,0.48102773123851866,16.849409190959044,0.013597453970845528,0.02038309405538828,0.10815671572365128,0.9617114044558915,False
245276,ORIENTAL BANK,3,2022-02-18,2022-02-18,0.022342009701349842,0.0006479574176679892,1.4827531003059011,200,False,1.0,0.0405,3,2021-12-31,False,041,0.3223297163634205,16.098478690425,0.014694247513344732,0.030807919758812616,0.10311784666575971,0.980641632730103,False
216922,FIRST BANK,3,2022-02-18,2022-02-18,0.01287080055331009,-0.00018644197152420627,1.1226176688870155,200,False,1.0,0.0405,3,2021-12-31,False,041,0.35707694079841085,16.168486913637565,0.00960327855602808,0.005793597020435818,0.1216417502430629,0.9905370910437195,False
645625,"WESBANCO BANK, INC.",3,2022-02-18,2022-02-18,0.02307781028971797,-0.0002441484574701968,1.1916010229185272,200,False,1.0,0.0405,3,2021-12-31,False,041,0.3000445384984881,16.641569073049503,0.014650091872634089,0.0044958366874287645,0.15618525532795516,0.9639891839836344,False
365325,UNITED BANK,3,2022-02-18,2022-02-18,0.017664504426114138,-0.0006407042246598983,1.2843746954915192,200,False,1.0,0.0405,3,2021-12-31,False,041,0.36117551607122494,17.192747261606584,0.012666797838955322,0.004179065875420119,0.16335012796126477,0.9636362746012214,False
816603,"WASHINGTON TRUST COMPANY, OF WESTERLY, THE",3,2022-02-18,2022-02-18,-0.019999894264066294,0.00027706827610987276,0.9791766004333434,200,False,1.0,0.0405,3,2021-12-31,False,041,0.25821200511879716,15.581955296126383,0.013295172766989776,0.003299271081567876,0.09807781788021849,0.9454937881200343,False
130541,HORIZON BANK,3,2022-02-18,2022-02-18,-0.022338619813497523,0.0003870903167547268,0.9757218129955992,200,False,1.0,0.0405,3,2021-12-31,False,041,0.4230847113950081,15.808586695787085,0.01253517272656905,0.004650156537310813,0.10780774568578777,0.8945966004737153,False
701062,CENTRAL PACIFIC BANK,3,2022-02-18,2022-02-18,0.006059081711958627,8.707289984110528e-05,1.062819766297551,200,False,1.0,0.0405,3,2021-12-31,False,041,0.38084990977960276,15.817972238330883,0.011540152185664135,0.0014189509478608003,0.08627337366489238,0.9839067281111438,False
802866,SILICON VALLEY BANK,3,2022-02-18,2022-02-18,-0.03427651197294224,0.00040110429786433075,1.9185574651103525,200,False,1.0,0.0405,3,2021-12-31,False,031,0.8474972705570153,19.15583801296937,0.00620382489296724,0.0012674462466993588,0.07093167642306826,0.987847419318217,True
509811,"COMMUNITY TRUST BANK, INC.",3,2022-02-18,2022-02-18,-0.015328227768942281,-0.00022319096408634074,0.8420658612993116,200,False,1.0,0.0405,3,2021-12-31,False,041,0.2510537678862629,15.499032042254411,0.016225510188162876,0.004873301489544753,0.13271373821521246,0.9323347942531396,False
208244,OLD NATIONAL BANK,3,2022-02-18,2022-02-18,0.012876061516658708,-0.00048315740674143573,0.8751289950237384,200,False,1.0,0.0405,3,2021-12-31,False,031,0.36158009970385446,17.00821114068989,0.011961513352839145,0.008079603423052197,0.12538233281291464,0.8768942130746581,False
4114567,FIRST REPUBLIC BANK,3,2022-02-18,2022-02-18,0.01582590018074212,0.0001632567911171088,1.1718412700448386,200,False,1.0,0.0405,3,2021-12-31,False,031,0.735068867127675,19.014489290872792,0.008162453925721501,0.0010269791386924739,0.08778985599143008,0.9463141348453866,True
5210,ACNB BANK,3,2022-02-18,2022-02-18,0.0011472913063697854,0.00031704486626850365,0.5166907250428121,200,False,1.0,0.0405,3,2021-12-31,False,051,0.2720878512260935,14.835326362100108,0.010009074239978303,0.004228828657301002,0.09629045358216082,0.9742291678057358,False
3938186,"BANKUNITED, NATIONAL ASSOCIATION",3,2022-02-18,2022-02-18,0.037845952526633954,-0.0007432230715839241,1.4911640019778387,200,False,1.0,0.0405,3,2021-12-31,False,041,0.670576859592601,17.390256486974533,0.01276908893635472,0.0394221717073385,0.0971019280547509,0.9196586748085849,False
680813,"FARMERS NATIONAL BANK OF CANFIELD, THE",3,2022-02-18,2022-02-18,0.01444100593689623,0.0005601630355671734,0.7810695604049531,200,False,1.0,0.0405,3,2021-12-31,False,041,0.34837248779946306,15.23249124077649,0.012129519900849721,0.006934117958359327,0.10999605299652238,0.9914016877906091,False
785923,LCNB NATIONAL BANK,3,2022-02-18,2022-02-18,-0.05468282302162681,0.00048731612732350526,0.6462148847775743,200,False,1.0,0.0405,3,2021-12-31,False,051,0.24649948817902198,14.457321285310604,0.011164166032428768,0.0011223524858610604,0.12340058886751955,0.9783898450104385,False
2787770,BANK OF THE JAMES,3,2022-02-18,2022-02-18,-0.018446078776250624,0.0011553149250693431,0.3272934256514699,200,False,1.0,0.0405,3,2021-12-31,False,041,0.25771295506856146,13.792759708930237,0.00838767230073268,0.0016307385673089909,0.07928646985287047,0.9891333695554348,False
258771,HOMESTREET BANK,3,2022-02-18,2022-02-18,0.021813435068542105,0.0005883550691438704,0.786771424952356,200,False,1.0,0.0405,3,2021-12-31,False,041,0.39709380626779706,15.783835605636602,0.016621229959282974,0.004252073081917226,0.10893788180942957,0.9673051071317994,False
212577,HOMETRUST BANK,3,2022-02-18,2022-02-18,0.0005584892319739788,0.001003869389202716,0.8247917240975434,200,False,1.0,0.0405,3,2021-12-31,False,041,0.23552468773124932,15.069020961346295,0.006472303423411695,0.00222647663110856,0.1112605232030793,0.9650324422711325,False
4210227,NBH BANK,3,2022-02-18,2022-02-18,-0.020838137317703825,0.0002423603131641313,0.8978570348683749,200,False,1.0,0.0405,3,2021-12-31,False,041,0.2778317557208075,15.787908084362344,0.014032770956813607,0.0024184711702847014,0.10380446887813655,0.9840501515581005,False
884303,CHEMUNG CANAL TRUST COMPANY,3,2022-02-18,2022-02-18,-0.02577034433086664,0.000719967739371674,0.20791344590760158,200,False,1.0,0.0405,3,2021-12-31,False,041,0.3888092287228623,14.696550000089793,0.010377031308850931,0.005340286900493532,0.08426800784119712,0.9769858744254614,False
2758613,FIRST INTERNET BANK OF INDIANA,3,2022-02-18,2022-02-18,-0.026673212151385656,0.0011751739658362515,1.0607924216637203,200,False,1.0,0.0405,3,2021-12-31,False,051,0.3328633189513264,15.252229223509282,0.012799780549382451,0.002520944277592757,0.1017433630569433,0.8552384218682519,False
122854,INDEPENDENT BANK DBA INDEPENDENT FINANCIAL,3,2022-02-18,2022-02-18,0.030726827296259716,-0.0005162981280775707,1.1806979148679766,200,False,1.0,0.0405,3,2021-12-31,False,041,0.5437349420888985,16.745570120764082,0.01321706215675091,0.004447956432109189,0.1550353130957086,0.9835826930699901,False
2354985,CUSTOMERS BANK,3,2022-02-18,2022-02-18,-0.029099202496547818,0.0033374974105188204,1.8312519935772604,200,False,1.0,0.0405,3,2021-12-31,False,041,0.7343300366992401,16.788782015366458,0.016454563254434455,0.0035010915385769053,0.07484867270262809,0.9370824205483221,False
3475083,TRISTATE CAPITAL BANK,3,2022-02-18,2022-02-18,0.0158419114586228,0.0008621434104325375,1.4171624931757858,200,False,1.0,0.0405,3,2021-12-31,False,041,0.6506805283798889,16.37476380024342,0.006516938787935567,0.00040071264230269384,0.07368421296934179,0.9637050580910322,False
697978,COMMUNITY BANK OF THE CHESAPEAKE,3,2022-02-18,2022-02-18,0.005926428054605445,0.00033986372823941385,0.5890923618147835,200,False,1.0,0.0405,3,2021-12-31,False,041,0.24911800883909324,14.659592252028638,0.012413574272703938,0.0050882247589976795,0.101709876126528,0.9856318923265431,False
3401970,FIRST BANK,3,2022-02-18,2022-02-18,0.007179592265459529,0.0009754772802128245,0.7076041715200083,200,False,1.0,0.0405,3,2021-12-31,False,041,0.4411894058550971,14.735912029160302,0.014113862178912624,0.006155329260399311,0.10622882223544775,0.942490568863343,False
3284070,ALLY BANK,3,2022-02-18,2022-02-18,0.0205397336949357,-0.00020857351325239518,1.3407464106526201,200,False,1.0,0.0405,3,2021-12-31,False,031,0.1549857647583439,18.967761148377527,0.021386413609535932,0.011331514190944593,0.09678856613817845,0.9338343167214417,False
3109043,BANKWELL BANK,3,2022-02-18,2022-02-18,0.005473771086573444,0.000920423243383516,0.6914088255859303,200,False,1.0,0.0405,3,2021-12-31,False,041,0.48962903355068693,14.712596044074367,0.012654718046684024,0.009323655744055847,0.09243836253208533,0.9586439596629444,False
762447,"FIRST MID BANK & TRUST, NATIONAL ASSOCIATION",3,2022-02-18,2022-02-18,-0.00704694218728935,-0.0004526035865526866,0.9574803726002973,200,False,1.0,0.0405,3,2021-12-31,False,041,0.3345957030906331,15.599077896465742,0.008255016595396307,0.004531321681792346,0.11515702780417836,0.9497569478799098,False
1216022,SYNCHRONY BANK,3,2022-02-18,2022-02-18,-0.016983455149978476,0.00016848952583458566,1.4010269223490248,200,False,1.0,0.0405,3,2021-12-31,False,041,0.15456297706992675,18.27060176349516,0.046604852203011714,0.011364508945711433,0.13567810001859082,0.8753007918050197,False
3303298,"CITIZENS BANK, NATIONAL ASSOCIATION",3,2022-02-18,2022-02-18,-0.022418177746362872,0.00022791694845089247,1.3673826950772814,200,False,1.0,0.0405,3,2021-12-31,False,031,0.45759598114183425,19.052322861784,0.012272390359322063,0.009947806343774407,0.12092258677566331,0.9500610816924465,False
177920,"MIDDLEFIELD BANKING COMPANY, THE",3,2022-02-18,2022-02-18,-0.004784347547513562,0.0008059202881115227,0.4926256531118295,200,False,1.0,0.0405,3,2021-12-31,False,041,0.347400024841209,14.10044134911025,0.015596350974301895,0.0049443292339189735,0.11325216031045297,0.9901050139006448,False
371924,COMMUNITY BANK,3,2022-02-18,2022-02-18,-0.031142581664919823,0.00041895097989074593,0.2337463198284015,200,False,1.0,0.0405,3,2021-12-31,False,051,0.36087475053306617,14.16870856435507,0.007924906558172762,0.0048618920920536525,0.08869194085752237,0.9597679885921301,False
3221468,VERITEX COMMUNITY BANK,3,2022-02-18,2022-02-18,0.021707808252397945,0.0005671212157256196,1.3701160031646802,200,False,1.0,0.0405,3,2021-12-31,False,041,0.6116758223587859,16.09319816488281,0.01545299058375356,0.007997135080702019,0.15329893617032184,0.8970432287669671,False
3637685,FIRST FOUNDATION BANK,3,2022-02-18,2022-02-18,0.020580442729185293,-5.7333989400894934e-05,1.262882262371658,200,False,1.0,0.0405,3,2021-12-31,False,041,0.6510019744659561,16.135120993795333,0.010540212949424144,0.0011241653295155627,0.10535651278334589,0.9716854458571954,False
866000,GLENS FALLS NATIONAL BANK AND TRUST COMPANY,3,2022-02-18,2022-02-18,0.0035652113132798747,0.00011851016890820441,0.8192793723525328,200,False,1.0,0.0405,3,2021-12-31,False,041,0.2718974198057366,14.969272429306587,0.011812576022934321,0.003685397113479235,0.0923120309290318,0.9746475016064912,False
766164,"TBK BANK, SSB",3,2022-02-18,2022-02-18,0.05490160909418921,0.0011406668953033135,1.7350412911221742,200,False,1.0,0.0405,3,2021-12-31,False,041,0.36131946909992324,15.597715359720748,0.02056320561607082,0.011140282831880411,0.15787694484805093,0.9398602231386514,False
403179,FIRST FED BANK,3,2022-02-18,2022-02-18,-0.02574476182514886,0.0007445331363146007,0.23650243402139104,200,False,1.0,0.0405,3,2021-12-31,False,051,0.2968078583463774,14.466496827221468,0.00876380949301435,0.0010187137421702847,0.10360737883136342,0.933699719159795,False
917742,"ASSOCIATED BANK, NATIONAL ASSOCIATION",3,2022-02-18,2022-02-18,-0.01121714791850114,1.2598692377766518e-05,1.1845207525537096,200,False,1.0,0.0405,3,2021-12-31,False,041,0.5583767331190419,17.37250323775589,0.010302984439127038,0.005588429029685135,0.11277041169578907,0.9164106665130323,False
3650808,LIVE OAK BANKING COMPANY,3,2022-02-18,2022-02-18,0.0060923382248659905,0.0009312483919936061,1.7812090340293834,200,False,1.0,0.0405,3,2021-12-31,False,041,0.16589238008502435,15.91173436140157,0.01752097717245551,0.012207242149145927,0.08191591528913607,0.9536653834469612,False
139656,EQUITY BANK,3,2022-02-18,2022-02-18,-0.011040965291715447,0.0006685379849794612,0.9504808437180223,200,False,1.0,0.0405,3,2021-12-31,False,041,0.3410116336294362,15.452772175996953,0.011857643697656831,0.009372623495929067,0.11175820918283191,0.9744914885859348,False
422433,FIRST GUARANTY BANK,3,2022-02-18,2022-02-18,0.0111459357254312,0.0011711466969915596,0.35875286129544476,200,False,1.0,0.0405,3,2021-12-31,False,041,0.49959813732518205,14.871334684359386,0.010240601069531367,0.009651012175372413,0.08881716621850629,0.9933498838511033,False
3532641,SMARTBANK,3,2022-02-18,2022-02-18,-0.004788001187559263,0.0007759818538972909,0.8684124435743013,200,False,1.0,0.0405,3,2021-12-31,False,041,0.32229360581255523,15.342913345846565,0.008145763599393686,0.0019066140794463296,0.10047071359068803,0.9737998411936062,False
2941068,NICOLET NATIONAL BANK,3,2022-02-18,2022-02-18,0.015468777967861745,-0.00020426933182410571,0.8286152834948584,200,False,1.0,0.0405,3,2021-12-31,False,041,0.3082105177104291,15.854950992062292,0.007450652179258518,0.009146498720538358,0.12916931368991635,0.9868465872420173,False
773247,MIDLAND STATES BANK,3,2022-02-18,2022-02-18,-0.000550624124027589,-0.000433672478131657,0.8240344915286497,200,False,1.0,0.0405,3,2021-12-31,False,041,0.41580004283987726,15.82160718244374,0.011795015551013808,0.006766223175222714,0.10872433262194048,0.9279376766442412,False
40499,HARBORONE BANK,3,2022-02-18,2022-02-18,0.0284887582551289,-4.5206579913181556e-05,1.0541422543909653,200,False,1.0,0.0405,3,2021-12-31,False,041,0.32621573182590025,15.313342268764249,0.013668659668129255,0.009891675505525712,0.12426145722411226,0.9542748016169397,False
980661,FIRST HAWAIIAN BANK,3,2022-02-18,2022-02-18,0.020628129823841865,-0.00035333211872541,1.2554891456138244,200,False,1.0,0.0405,3,2021-12-31,False,031,0.47261331601967815,17.03407045293188,0.01086887325968527,0.0011010961820205412,0.10575056448831056,0.9768118499591976,False
436159,FIRSTBANK,3,2022-02-18,2022-02-18,0.01331776126393207,-0.0006222646822738897,1.2368327376946984,200,False,1.0,0.0405,3,2021-12-31,False,041,0.5446039439284492,16.347799317586244,0.015168247449129016,0.0062846383550808705,0.11325379973138394,0.9732212095018924,False
795968,BANK OF HAWAII,3,2022-02-18,2022-02-18,0.014150418672512493,-0.0006734236806419123,1.1000882085127628,200,False,1.0,0.0405,3,2021-12-31,False,031,0.47116183627964453,16.940276254678047,0.011194853533333073,0.0019863546777741043,0.06972109286387965,0.9621313968336302,False
321273,AFFINITY BANK,3,2022-02-18,2022-02-18,0.011309898881591156,0.0011769959005372354,0.09682329740796927,200,False,1.0,0.0405,3,2021-12-31,False,051,0.22600127399313832,13.57953122939749,0.009769599023546557,0.011936707214391818,0.1306500277919516,0.9122747993766476,False
214414,"FARMERS & MERCHANTS STATE BANK, THE",3,2022-02-18,2022-02-18,0.009330743636031973,0.0012655763465116183,0.4966094478536273,200,False,1.0,0.0405,3,2021-12-31,False,041,0.18994944275070758,14.774162067823905,0.008915039125028707,0.004329986118952375,0.1297603651899392,0.9680897230915096,False
129732,BYLINE BANK,3,2022-02-18,2022-02-18,0.01594023766225405,0.0010522095677001268,1.1338048479555811,200,False,1.0,0.0405,3,2021-12-31,False,041,0.3352525706160443,15.715442884507489,0.014790196369963272,0.007168612226909493,0.1313150274880853,0.8975673533540777,False
3835454,ROYAL BUSINESS BANK,3,2022-02-18,2022-02-18,-0.06991266185621807,0.0007661649994877364,1.1452200866512456,200,False,1.0,0.0405,3,2021-12-31,False,041,0.5888192953561011,15.255940295926534,0.01518267570710312,0.0061657679249051325,0.13511821167978288,0.9488323886196227,False
3595271,"BANK OF PRINCETON, THE",3,2022-02-18,2022-02-18,-0.00824907081710099,0.0001375486727264415,0.45133627972884405,200,False,1.0,0.0405,3,2021-12-31,False,041,0.33655846167463266,14.33886654776508,0.013323600062097006,0.000880041702742135,0.1283280855042597,0.9830324823856896,False
736206,CAMBRIDGE TRUST COMPANY,3,2022-02-18,2022-02-18,0.016974735392050154,0.00022317415080321763,0.7937234336700314,200,False,1.0,0.0405,3,2021-12-31,False,051,0.5085642946892228,15.402952727982324,0.011066968540785923,0.0016219979786761172,0.08734259046103407,0.9725459844399991,False
1007819,"FIDELITY DEPOSIT AND DISCOUNT BANK, THE",3,2022-02-18,2022-02-18,0.020092224007733805,-0.0010656456398364478,1.1255214952336794,200,False,1.0,0.0405,3,2021-12-31,False,051,0.40837825634220737,14.699649929821344,0.01094882068652154,0.0020555643895990624,0.08748316741707629,0.9824671632764659,False
963945,MERCHANTS BANK OF INDIANA,3,2022-02-18,2022-02-18,-0.03131138264946402,0.0005041180471163129,1.0535296429758245,200,False,1.0,0.0405,3,2021-12-31,False,041,0.5926186216205891,16.21287832802117,0.02059540672312735,6.589748770338023e-05,0.09978234885506439,0.8886401085077636,False
2705895,METROPOLITAN COMMERCIAL BANK,3,2022-02-18,2022-02-18,-0.023440143550527915,0.0030546865221593974,1.456044087622006,200,False,1.0,0.0405,3,2021-12-31,False,051,0.8288355430902994,15.77767264029689,0.008826803911286122,0.0027570595545768875,0.07998433663968355,0.9904996143227793,False
3579589,ALLEGIANCE BANK,3,2022-02-18,2022-02-18,0.02154986265907223,-0.0004179066438622014,0.9587506499113023,200,False,1.0,0.0405,3,2021-12-31,False,041,0.5591979410181341,15.77507365139336,0.012239745464701942,0.00571664021631632,0.11598066352452698,0.9727163213804244,False
3271799,MERIDIAN BANK,3,2022-02-18,2022-02-18,-0.037629728635604695,0.0016909765431609052,0.4762499841246139,200,False,1.0,0.0405,3,2021-12-31,False,051,0.5886674980038935,14.353942399306849,0.02202393250990184,0.015734605295708762,0.1175998851351588,0.9584867895374618,False
979375,"STERLING BANK AND TRUST, FSB",3,2022-02-18,2022-02-18,0.03799477611207791,0.00010653831719417127,0.6486977212433167,200,False,1.0,0.0405,3,2021-12-31,False,041,0.19779655099823354,14.872364650122885,0.010072620038543012,0.038751755526907836,0.13272454605959397,0.9194470981992582,False
497570,LUTHER BURBANK SAVINGS,3,2022-02-18,2022-02-18,-0.019184240536425624,0.0008773571968640604,0.6344977550044179,200,False,1.0,0.0405,3,2021-12-31,False,041,0.4282343200610361,15.786393141083456,0.012972397411288939,0.00036411366825227345,0.1118631886713795,0.876176095221884,False
2757205,"MVB BANK, INC.",3,2022-02-18,2022-02-18,-0.004601920381709059,0.0011529993317974203,0.6845698819800473,200,False,1.0,0.0405,3,2021-12-31,False,041,0.7063855737721274,14.84122055760697,0.01734446008085118,0.012186082430670464,0.11527334331274705,0.9752569737865251,False
3378773,BRIDGEWATER BANK,3,2022-02-18,2022-02-18,-0.029650549724984997,7.582878730566491e-05,0.860099580412961,200,False,1.0,0.0405,3,2021-12-31,False,041,0.423379629935591,15.060548335288804,0.014000309812713033,0.0002569452624738562,0.11165926590511092,0.980882685642016,False
3357219,OPEN BANK,3,2022-02-18,2022-02-18,-0.016339617808769337,0.00101247570196329,0.7224941495274537,200,False,1.0,0.0405,3,2021-12-31,False,051,0.5141005807365716,14.3616345973371,0.016979545312380544,0.002281523789980106,0.09422327094294511,0.9824985117020821,False
3281510,UNITED BUSINESS BANK,3,2022-02-18,2022-02-18,0.0010868362136212725,0.00027683555421173983,0.29375821637167704,200,False,1.0,0.0405,3,2021-12-31,False,051,0.4726275739815896,14.661333330944789,0.01003307446604867,0.004119402234947728,0.12838609825168013,0.9853104835215052,False
667757,ORIGIN BANK,3,2022-02-18,2022-02-18,0.06300347043777613,-0.00013434068486761533,0.9961956414216326,200,False,1.0,0.0405,3,2021-12-31,False,041,0.5538469808820746,15.869458378752155,0.013665224190716623,0.01309350136933072,0.0942969712108335,0.9349461529062933,False
2562164,COASTAL COMMUNITY BANK,3,2022-02-18,2022-02-18,-0.03421080938549135,0.002744030621867475,1.163305958658525,200,False,1.0,0.0405,3,2021-12-31,False,041,0.3600220921001062,14.783519353998525,0.010210821830237206,0.0009915645246116995,0.0766970145064168,0.9824776192962168,False
3158546,FIRST WESTERN TRUST BANK,3,2022-02-18,2022-02-18,0.015313262699264585,0.0007147771993906317,0.6796012137008,200,False,1.0,0.0405,3,2021-12-31,False,051,0.47686623105124637,14.74058103483313,0.008831718374684681,0.0021903357250734282,0.09255065133625635,0.9716852316386797,False
661308,AMALGAMATED BANK,3,2022-02-18,2022-02-18,0.00435100187702582,-0.00016002518966314123,1.0704477553738851,200,False,1.0,0.0405,3,2021-12-31,False,041,0.650581064656446,15.767147704987119,0.007597080993675751,0.008507437488317686,0.08594552089683764,0.988206055107718,False
83638,"AMERANT BANK, NATIONAL ASSOCIATION",3,2022-02-18,2022-02-18,-0.04060703498371388,0.00268857967746522,1.0507484889337646,200,False,1.0,0.0405,3,2021-12-31,False,031,0.3936002168591368,15.846582684447414,0.016040268403545725,0.008941291845231467,0.12046462896670722,0.8437850957526944,False
18854,BANK7,3,2022-02-18,2022-02-18,0.02392940210490798,0.0018192609915193285,0.4371717150120574,200,False,1.0,0.0405,3,2021-12-31,False,041,0.303244793189186,14.114823726209968,0.01716839692438166,0.010088787158665131,0.0939884293648605,0.9964652398891133,False
2808602,"CAPITAL BANK, NATIONAL ASSOCIATION",3,2022-02-18,2022-02-18,0.01194090276828356,0.0009447382952204359,1.033470000705827,200,False,1.0,0.0405,3,2021-12-31,False,041,0.49849787890045405,14.515698394832521,0.019368154305752703,0.006952983550804547,0.08356358151480713,0.9741584106385065,False
3614976,FVCBANK,3,2022-02-18,2022-02-18,-0.0027649657479976077,0.0007844712452175446,0.3718619903134915,200,False,1.0,0.0405,3,2021-12-31,False,051,0.5193718243725907,14.603065238308224,0.011463070088238707,0.002333345967580522,0.10147473970832774,0.9547735360298779,False
594947,"BANK FIRST, NATIONAL ASSOCIATION",3,2022-02-18,2022-02-18,0.009720104189724875,-0.00020489338479509744,0.6378106491554405,200,False,1.0,0.0405,3,2021-12-31,False,041,0.3190947091418753,14.89308475646615,0.016016095072586122,0.003876937854072417,0.11393187168196572,0.9737942613235799,False
3476192,CARTER BANK & TRUST,3,2022-02-18,2022-02-18,0.048622572067945034,0.00027087416757883676,1.2423922327428778,200,False,1.0,0.0405,3,2021-12-31,False,041,0.14771339808803174,15.234556434721831,0.008076599708456573,0.0026301781743925112,0.09730775977305582,0.9926649396875088,False
3248849,MAINSTREET BANK,3,2022-02-18,2022-02-18,-0.010047786014474317,0.00046730696663996584,0.401283573836306,200,False,1.0,0.0405,3,2021-12-31,False,041,0.48318393587946246,14.314470866464314,0.014366050438127805,0.0,0.13106129417707746,0.9868574131694184,False
289515,FARMERS AND MERCHANTS TRUST COMPANY OF CHAMBERSBURG,3,2022-02-18,2022-02-18,-0.007546125927098167,0.0002978758268200389,-0.004712707767204402,200,False,1.0,0.0405,3,2021-12-31,False,051,0.22463220837260398,14.38842213528118,0.012170813167529687,0.007371917427336595,0.08884287617787748,0.991498681512773,False
2743244,RED RIVER BANK,3,2022-02-18,2022-02-18,-0.027394783860430875,-0.00021638767721041273,0.3956251737168538,200,False,1.0,0.0405,3,2021-12-31,False,041,0.41209178122904166,14.986295280172513,0.01038448489419517,0.00018896738505866283,0.08818919517373427,0.9944897444147484,False
575254,CITY BANK,3,2022-02-18,2022-02-18,-0.028528619875390536,0.0007220265240687768,0.8303135196177713,200,False,1.0,0.0405,3,2021-12-31,False,041,0.42330601242360366,15.176355307542373,0.0163229205079849,0.004215451830567316,0.11004527263336758,0.9902943954614586,False
419675,FIRST BANK RICHMOND,3,2022-02-18,2022-02-18,0.04353427945558659,0.0010733034497760108,0.2587072076558443,200,False,1.0,0.0405,3,2021-12-31,False,051,0.24944032802304136,14.050164410863175,0.010574382488803618,0.009500712760482902,0.12362877440447428,0.8327982052906386,False
3594005,CROSSFIRST BANK,3,2022-02-18,2022-02-18,-0.017955237116008996,0.0002576956955743326,0.969277004332635,200,False,1.0,0.0405,3,2021-12-31,False,041,0.537153802310612,15.540555273110012,0.012743792193946236,0.007406349259306336,0.11509945531370239,0.9463568192045293,False
933256,"ALERUS FINANCIAL, NATIONAL ASSOCIATION",3,2022-02-18,2022-02-18,-0.015826024106876613,-0.0007092804647820852,1.0355142644791389,200,False,1.0,0.0405,3,2021-12-31,False,041,0.6091804827226024,15.03652925209841,0.016705695679871648,0.0012175050290660623,0.1009331571620697,0.9848747479015304,False
426534,HEARTLAND BANK AND TRUST COMPANY,3,2022-02-18,2022-02-18,0.0035112180358972955,0.00044272212591502113,0.7220923982339541,200,False,1.0,0.0405,3,2021-12-31,False,041,0.22506980176484798,15.276700866418171,0.014202215310844965,0.0011223210125563406,0.10701219738497567,0.9775071050086642,False
3437456,METRO CITY BANK,3,2022-02-18,2022-02-18,-0.041806661418551404,0.0026766181387449183,0.8744485172171295,200,False,1.0,0.0405,3,2021-12-31,False,041,0.31486241650455676,14.95071832199062,0.019905392985455458,0.00362611744859348,0.09009936307369963,0.8146234063360536,False
324340,CHOICEONE BANK,3,2022-02-18,2022-02-18,-0.014614253372686337,0.00038934492212131167,0.23594025907658966,200,False,1.0,0.0405,3,2021-12-31,False,041,0.34102076655321595,14.675758629784248,0.009423174307571834,0.0016167195749374785,0.10003735594376217,0.9730318095750262,False
128904,EASTERN BANK,3,2022-02-18,2022-02-18,0.035432675229358224,-0.00013476666978471072,1.0342430039448365,200,False,1.0,0.0405,3,2021-12-31,False,041,0.5268702432460507,16.972095403413064,0.006425478228486083,0.0028542860185023135,0.1383610194465479,0.977418691989858,False
395238,SYNOVUS BANK,3,2022-02-18,2022-02-18,0.013107525814036528,-0.00026711120395561325,1.6037202411857197,200,False,1.0,0.0405,3,2021-12-31,False,041,0.5217051450944442,17.862489296162742,0.013400669289025542,0.003439916530629565,0.0940389036784474,0.9612389677718273,False
933966,CITIZENS BUSINESS BANK,3,2022-02-18,2022-02-18,0.006608479364894535,-0.0004304528503488465,0.9002337147697135,200,False,1.0,0.0405,3,2021-12-31,False,041,0.6571046863462493,16.580767405076575,0.013668537017194168,0.0008740176018067594,0.12837201559718844,0.9417422682802747,False
2708122,VIRGINIA NATIONAL BANK,3,2022-02-18,2022-02-18,-0.03351706793029527,0.0003706424672590891,0.43808575361888785,192,False,1.0,0.0405,3,2021-12-31,False,051,0.276640612133163,14.49391002360394,0.005901393449402529,0.0012203039734793551,0.08302342137725228,0.9945498463011281,False
2867337,FIVE STAR BANK,3,2022-02-18,2022-02-18,-6.430630169606015e-05,0.0011243886407332035,0.9312298478261621,170,False,1.0,0.0405,3,2021-12-31,False,041,0.6091722284626052,14.754373411874548,0.0183647546881746,0.0003017793155213276,0.1006839072188816,0.9964820213461726,False
3146150,U.S. CENTURY BANK,3,2022-02-18,2022-02-18,-0.04561576536313369,0.0029583600808921434,0.10005499395940762,115,False,1.0,0.0405,3,2021-12-31,False,031,0.49779795085874273,14.432823122732788,0.011368766717783056,0.0009999319374059412,0.10998042546167916,0.966292979209014,False
176101,ORANGE BANK & TRUST COMPANY,3,2022-02-18,2022-02-18,-0.0016781980167395183,0.001702947073609406,0.5333443539239419,106,False,1.0,0.0405,3,2021-12-31,False,041,0.47894143981663745,14.573224228020672,0.010031438183213313,0.0046018825672046754,0.08056415297134659,0.9893541634591169,False
60143,COMERICA BANK,3,2022-02-18,2022-02-18,-0.027041933004256797,0.0009479172464986792,1.3349275312403097,200,False,1.0,0.0405,3,2021-12-31,False,031,0.6752436507652483,18.36725886995629,0.012194350091774088,0.005903714674078432,0.08616215531973248,0.9676670899226596,False
601050,COMMERCE BANK,3,2022-02-18,2022-02-18,0.023059381538509248,-0.0006870337952753308,1.0125271337514008,200,False,1.0,0.0405,3,2021-12-31,False,041,0.4505735606368127,17.41325042574587,0.01392366130748846,0.001375241077133224,0.08208272894571036,0.8969656285969501,False
682563,FROST BANK,3,2022-02-18,2022-02-18,-0.0013114233747441827,0.00014950466582893345,1.2941592538350155,200,False,1.0,0.0405,3,2021-12-31,False,041,0.556096901462254,17.746427267939517,0.008872570621317022,0.005658273483463219,0.08273467506734451,0.9248309155342894,False
723112,"FIFTH THIRD BANK, NATIONAL ASSOCIATION",3,2022-02-18,2022-02-18,-0.008522201037063132,0.0005547289189104824,1.29933835072409,200,False,1.0,0.0405,3,2021-12-31,False,031,0.6224999508357728,19.161173164328776,0.013695841831814446,0.008407804853185454,0.10951137853639482,0.9441146336730023,False
233031,REGIONS BANK,3,2022-02-18,2022-02-18,-0.009518071910273698,1.3250609767551419e-05,1.4238637702608372,200,False,1.0,0.0405,3,2021-12-31,False,031,0.3965078049160697,18.90429754211752,0.01616592577978088,0.007355757316331358,0.10912924725481371,0.9767185953644814,False
342634,TRUSTMARK NATIONAL BANK,3,2022-02-18,2022-02-18,-0.001913827351988917,-0.00043423193620541233,1.1206583402158048,200,False,1.0,0.0405,3,2021-12-31,False,041,0.4320268353314717,16.68302978566847,0.008720639920187885,0.012761641209786498,0.10512752028198886,0.9630914487673448,False
501105,MANUFACTURERS AND TRADERS TRUST COMPANY,3,2022-02-18,2022-02-18,0.012924800584766322,-4.1092635360786915e-06,1.190375880225354,200,False,1.0,0.0405,3,2021-12-31,False,031,0.5407365886970902,18.856464682559515,0.011903570870119468,0.032535205218655626,0.10836112574058498,0.9699291062589073,False
165628,FIRST FINANCIAL BANK,3,2022-02-18,2022-02-18,-0.005957492074672921,-0.00015126980497030015,1.2089697843727967,200,False,1.0,0.0405,3,2021-12-31,False,041,0.4102949206921165,16.60324641839046,0.013976066163680955,0.005208214273333962,0.15056174822778273,0.9368736325375631,False
991340,1ST SOURCE BANK,3,2022-02-18,2022-02-18,-0.008387629991921147,-5.326982702598718e-05,1.0317281357182204,200,False,1.0,0.0405,3,2021-12-31,False,041,0.4004693117878282,15.906881164580408,0.015152784015422917,0.0075171219394055185,0.1120591096545901,0.9360953107560944,False
485559,FIRST HORIZON BANK,3,2022-02-18,2022-02-18,0.3053343834346885,-0.00044456196715699734,1.4149504743687265,200,False,1.0,0.0405,3,2021-12-31,False,041,0.511588449866618,18.301431344960573,0.012536931474649324,0.006095743952058054,0.09774868004119171,0.9447083642506069,False
451965,"WELLS FARGO BANK, NATIONAL ASSOCIATION",3,2022-02-18,2022-02-18,-0.0648857911328992,0.0009111717996466179,1.2106736867860193,200,False,1.0,0.0405,3,2021-12-31,False,031,0.5188080299894722,21.299600510734418,0.009877471475197583,0.01476645513238495,0.09615319774498962,0.9478805144612966,False
12311,"HUNTINGTON NATIONAL BANK, THE",3,2022-02-18,2022-02-18,-0.009906457681427889,-0.00032980815441687253,1.3429917755714558,200,False,1.0,0.0405,3,2021-12-31,False,031,0.3740190358258096,18.971194444717064,0.008600296900437808,0.008165954422197674,0.10894235507437383,0.9498098722587339,False
852218,"JPMORGAN CHASE BANK, NATIONAL ASSOCIATION",3,2022-02-18,2022-02-18,-0.06760536931184143,-2.4205187179038358e-05,0.9122724163527227,200,False,1.0,0.0405,3,2021-12-31,False,031,0.4780308405412391,21.919301827931555,0.011507471162528251,0.009160395389943472,0.09157836359556841,0.84871341390953,False
541101,"BANK OF NEW YORK MELLON, THE",3,2022-02-18,2022-02-18,-0.14370602961163115,0.0010230779075980523,0.9428504113850908,200,False,1.0,0.0405,3,2021-12-31,False,031,0.5787718240478237,19.691073111646126,0.006296582216295881,0.0016431471099942006,0.07971927854586287,0.9511480140439927,False
210434,"NORTHERN TRUST COMPANY, THE",3,2022-02-18,2022-02-18,-0.08001053061581173,0.0005853505826442172,1.106013684789954,200,False,1.0,0.0405,3,2021-12-31,False,031,0.2982197051704546,19.029051223319225,0.008459853830352469,0.0037205996002230403,0.060513520691852354,0.9368862674485764,False
1394676,AMERICAN EXPRESS NATIONAL BANK,3,2022-02-18,2022-02-18,0.004867401009159882,0.0004036655947814825,1.2606902871860541,200,False,1.0,0.0405,3,2021-12-31,False,031,0.20041005462983194,18.654409189098498,0.0559684098819839,0.0029502753153608503,0.09761365813109728,0.8019398520290496,False
480228,"BANK OF AMERICA, NATIONAL ASSOCIATION",3,2022-02-18,2022-02-18,-0.05685818996931431,0.0006453588343034454,1.0298639374849943,200,False,1.0,0.0405,3,2021-12-31,False,031,0.47823237238601235,21.64733622863939,0.010442444508389478,0.006161492965365204,0.09383792579950585,0.9392400151022865,False
817824,"PNC BANK, NATIONAL ASSOCIATION",3,2022-02-18,2022-02-18,-0.025078059851361308,0.0005369629574682742,1.0801999833817295,200,False,1.0,0.0405,3,2021-12-31,False,031,0.46657145069776557,20.128882005315365,0.009177058921451648,0.013542788968321439,0.09528039558202711,0.9290386341473618,False
280110,KEYBANK NATIONAL ASSOCIATION,3,2022-02-18,2022-02-18,-0.027022362323285427,0.0005821129509320718,1.2523768605750294,200,False,1.0,0.0405,3,2021-12-31,False,031,0.5335964333460117,19.030325156059828,0.014113769696489533,0.0053019544695874846,0.09250773468707416,0.9288249703437601,False
504713,U.S. BANK NATIONAL ASSOCIATION,3,2022-02-18,2022-02-18,-0.0126640254621835,-4.9830483800995646e-05,1.0072913049228565,200,False,1.0,0.0405,3,2021-12-31,False,031,0.47488817049490606,20.15083889246553,0.014351785738506533,0.008634198815110456,0.09122583000315282,0.9086168559474279,False
34537,SEACOAST NATIONAL BANK,3,2022-02-18,2022-02-18,-0.002087545092801143,-0.0005819644261874696,1.235299625054107,200,False,1.0,0.0405,3,2021-12-31,False,041,0.3789230895280201,16.085769340696782,0.013036276121664473,0.005156946155834825,0.13266633656637444,0.9607392294154137,False
476810,"CITIBANK, N.A.",3,2022-02-18,2022-02-18,-0.09233935353155881,-0.0010970949832901761,0.9399686558797475,200,False,1.0,0.0405,3,2021-12-31,False,031,0.38131889905342925,21.23562648196422,0.011000301337085969,0.007549515131019733,0.09933040862626832,0.8882917808702295,False
852320,TRUIST BANK,3,2022-02-18,2022-02-18,-0.007835498037845959,-0.00021593038805065972,1.2715409523850048,200,False,1.0,0.0405,3,2021-12-31,False,031,0.47003244281049567,20.085579852989937,0.010537090786620601,0.010083888860179491,0.12294092493292515,0.9236308565856521,False
35301,STATE STREET BANK AND TRUST COMPANY,3,2022-02-18,2022-02-18,-0.13113141062872985,0.0003468434076367531,1.2890361432318114,200,False,1.0,0.0405,3,2021-12-31,False,031,0.5715381223519488,19.555506021975766,0.008541678052355953,0.0,0.0894384738782819,0.9207850530641642,False
17147,FIRST MERCHANTS BANK,3,2022-02-18,2022-02-18,0.03033428654549727,-0.0008891325067735912,1.1948185755537528,200,False,1.0,0.0405,3,2021-12-31,False,041,0.48163425815055894,16.551959989588152,0.013951573004183813,0.004757891669858408,0.12288629638425631,0.9498630362872942,False
572374,GREAT SOUTHERN BANK,3,2022-02-18,2022-02-18,0.017816201824282046,-3.205923749546928e-05,0.900875329039977,200,False,1.0,0.0405,3,2021-12-31,False,041,0.7071776585657273,15.51204592701638,0.01512589791228805,0.0013301483030736653,0.123252273366801,0.9631848002882104,False
489623,"PARK NATIONAL BANK, THE",3,2022-02-18,2022-02-18,0.04046524492526102,-0.00015223172951785708,1.2150634494256884,200,False,1.0,0.0405,3,2021-12-31,False,041,0.23203713782772636,16.070511679046437,0.016723221409616306,0.010797102525375616,0.10584182738169648,0.9567972113764021,False
595869,CATHAY BANK,3,2022-02-18,2022-02-18,0.005067346044849617,-0.00032949528680577435,1.3464666779591163,200,False,1.0,0.0405,3,2021-12-31,False,031,0.4914466818601511,16.853948379038307,0.014486687841784624,0.004113429717441006,0.12125219983259401,0.9856873066877275,False
1718188,NORTHRIM BANK,3,2022-02-18,2022-02-18,0.05271415419879365,-0.00010397053066835625,0.98492623460512,200,False,1.0,0.0405,3,2021-12-31,False,051,0.39314811584800285,14.812520814573462,0.014239712903300793,0.007795129282051865,0.07476845522803577,0.978586115750467,False
463735,HANCOCK WHITNEY BANK,3,2022-02-18,2022-02-18,0.026659073205916418,0.000351781444665984,1.64484163184701,200,False,1.0,0.0405,3,2021-12-31,False,041,0.4780634795310172,17.413363056159746,0.01309859296855584,0.002875861096587393,0.10148066836430637,0.9318391251355609,False
339858,"BOKF, NATIONAL ASSOCIATION",3,2022-02-18,2022-02-18,0.01361302170308189,0.0003317735693783974,1.1666874554284812,200,False,1.0,0.0405,3,2021-12-31,False,041,0.6723400842268831,17.72939978092471,0.012104988365931975,0.012449626269291154,0.09884346436230979,0.9205837440371608,False
693345,"FIRST FINANCIAL BANK, NATIONAL ASSOCIATION",3,2022-02-18,2022-02-18,0.01357894010104662,-0.0001966775626525229,0.7262304656992744,200,False,1.0,0.0405,3,2021-12-31,False,041,0.33454572947883715,15.434021783120178,0.00905308475370389,0.003457851632400003,0.10624898301937163,0.9620256055789951,False
702117,"NBT BANK, NATIONAL ASSOCIATION",3,2022-02-18,2022-02-18,0.00030439851278327157,-0.0002803812732414481,0.909441569079936,200,False,1.0,0.0405,3,2021-12-31,False,041,0.339880910059574,16.29372570281979,0.012578303468884569,0.004366147244092073,0.11041412016976553,0.9748890896757466,False
677176,TRUSTCO BANK,3,2022-02-18,2022-02-18,0.01233742302692695,-0.0004870006189189594,0.7521383744879664,200,False,1.0,0.0405,3,2021-12-31,False,041,0.11236274338035243,15.639458863007187,0.010443371218998512,0.004221880787063112,0.09413639646400458,0.9385643633150306,False
749242,RENASANT BANK,3,2022-02-18,2022-02-18,0.01463240045149759,-0.0009291642162793653,1.121834282468915,200,False,1.0,0.0405,3,2021-12-31,False,041,0.4674667493452366,16.63648870932802,0.011292560132276808,0.0048503753945196345,0.14755417780778715,0.9841388461841525,False
936426,S & T BANK,3,2022-02-18,2022-02-18,0.016953745144011434,-0.00041518228793490476,1.1852551237011846,200,False,1.0,0.0405,3,2021-12-31,False,041,0.3159036393447823,16.06452101945689,0.01206528307874618,0.009468097748029283,0.12763780032647026,0.9684028263217906,False
42420,FIRST COMMONWEALTH BANK,3,2022-02-18,2022-02-18,-0.014762739460790802,0.00025103914699828154,1.1348916770540403,200,False,1.0,0.0405,3,2021-12-31,False,041,0.24524528483236852,16.069086167740224,0.015169736647398091,0.007242260058759335,0.12021765813133992,0.9538431346052699,False
143662,UMPQUA BANK,3,2022-02-18,2022-02-18,0.030356228522805534,-0.002014962122861875,1.2857513883067884,200,False,1.0,0.0405,3,2021-12-31,False,041,0.3850815724350542,17.23788573206057,0.013986994171974259,0.002250648675680059,0.09332970521056498,0.9672990959348563,False
61122,FIRST UNITED BANK & TRUST,3,2022-02-18,2022-02-18,0.04574584940024398,0.00021809075321953145,0.5142571014367658,200,False,1.0,0.0405,3,2021-12-31,False,041,0.33338975181983604,14.349981416743894,0.014045337216422656,0.002393922453207137,0.09047812978854938,0.9478197842978082,False
936855,"UMB BANK, NATIONAL ASSOCIATION",3,2022-02-18,2022-02-18,0.006721348485211656,8.997563193808508e-05,1.2614099737588425,200,False,1.0,0.0405,3,2021-12-31,False,031,0.8134910431082668,17.562476946098734,0.008093076369910232,0.005528321488552374,0.07006527249002974,0.9083682034053118,False
577128,PEOPLES BANK,3,2022-02-18,2022-02-18,-0.012679754255575753,-0.0004931306960050295,0.993303383432783,200,False,1.0,0.0405,3,2021-12-31,False,041,0.2816411597742219,15.768861526759887,0.007284736283868479,0.008388120455942415,0.11824530506446142,0.945601435486182,False
317342,STOCK YARDS BANK & TRUST COMPANY,3,2022-02-18,2022-02-18,-0.029775724344700338,0.0008439598303262754,0.8178136945436344,200,False,1.0,0.0405,3,2021-12-31,False,041,0.31616387129327167,15.70850715335219,0.011818080218290242,0.001720691282756323,0.09888731139767028,0.9679674621717492,False
584724,UNIFIED BANK,3,2022-02-18,2022-02-18,-0.014724590622322457,0.0011492737807409757,0.16958611077141636,200,False,1.0,0.0405,3,2021-12-31,False,051,0.15313590041720812,13.496838553025743,0.017739996754291623,0.009262743699947843,0.11821254988901328,0.9577671720007487,False
1386251,BANCFIRST,3,2022-02-18,2022-02-18,0.014948057857320948,-0.00033785324026561274,0.9562070444378588,200,False,1.0,0.0405,3,2021-12-31,False,041,0.15246235048477916,15.927641312567385,0.019034858547261106,0.004725368132238667,0.12297825930471634,0.9936494707018606,False
100562,TRI COUNTIES BANK,3,2022-02-18,2022-02-18,-0.0015842621614797457,-0.0009416780677374844,1.137960171587064,200,False,1.0,0.0405,3,2021-12-31,False,041,0.3208986736359975,15.96828562020188,0.013923100021315608,0.006168586346997717,0.12168808004446657,0.9750000562084776,False
37640,GERMAN AMERICAN BANK,3,2022-02-18,2022-02-18,0.03411499037459432,-0.0011571446524544012,1.0073301822057272,200,False,1.0,0.0405,3,2021-12-31,False,041,0.4345882207319605,15.537573157957103,0.015483039045871389,0.004895104199248454,0.11015948902611641,0.9702018234396337,False
981275,PREMIER BANK,3,2022-02-18,2022-02-18,0.035997564285534515,-0.0006280026431764655,1.0871915539988222,200,False,1.0,0.0405,3,2021-12-31,False,041,0.24998669331688622,15.82022208791003,0.016477746623361787,0.008796809887662682,0.13933010342739285,0.990896573354209,False
435077,"PATHWARD, NATIONAL ASSOCIATION",3,2022-02-18,2022-02-18,-0.03216500838858149,0.000563945069297859,1.3829195037848006,200,False,1.0,0.0405,3,2021-12-31,False,041,0.026951415378899272,15.844882004212018,0.02381966177712489,0.011605063998613486,0.11943907601511938,0.9745725700959967,False
2142155,QUAD CITY BANK AND TRUST COMPANY,3,2022-02-18,2022-02-18,-0.022765721475453037,0.00036241269159674824,1.0807468040428543,200,False,1.0,0.0405,3,2021-12-31,False,041,0.7647403307388577,14.578494853537295,0.01614050106613288,0.0014779722148495305,0.10687533309366909,0.9654698230968621,False
921178,RIVERVIEW BANK,3,2022-02-18,2022-02-18,0.017134692319748478,0.000302818989878321,0.8135497119345297,200,False,1.0,0.0405,3,2021-12-31,False,041,0.2942634723116679,14.335635013275127,0.012909595972505657,0.0019122386390680746,0.10672574672890918,0.9879939380668503,False
693224,ATLANTIC UNION BANK,3,2022-02-18,2022-02-18,0.0076256876079941124,-0.0003188030689815655,1.2234155062897818,200,False,1.0,0.0405,3,2021-12-31,False,041,0.40051557901462537,16.811258281398914,0.014080032463498439,0.0030438756170884677,0.14786661546079113,0.9809516332607343,False
470050,"FIRST FINANCIAL BANK, NATIONAL ASSOCIATION",3,2022-02-18,2022-02-18,0.02344567381618662,-9.481099125080965e-05,1.2416927010107084,200,False,1.0,0.0405,3,2021-12-31,False,041,0.45673824674965646,16.385222402911452,0.016782804549971445,0.005832554172988707,0.12176953711742251,0.9349342226329793,False
936136,OLD SECOND NATIONAL BANK,3,2022-02-18,2022-02-18,-0.0016305234410746963,-0.0005006558212519711,0.7865793492412407,200,False,1.0,0.0405,3,2021-12-31,False,041,0.23279350789051056,15.642381829552452,0.00477712054219763,0.013027459483436615,0.10066051290765515,0.9825503093918678,False
694904,"FLAGSTAR BANK, NATIONAL ASSOCIATION",3,2022-02-18,2022-02-18,-0.0015814564477464278,-0.00013768294271794356,1.0584958084941434,200,False,1.0,0.0405,3,2021-12-31,False,041,0.34448946095458083,17.90119583657295,0.01060984367787292,0.0007118728675515929,0.12650613995474247,0.6774434333303931,False
229801,VALLEY NATIONAL BANK,3,2022-02-18,2022-02-18,-0.005644605823761565,-0.00020685897117069525,1.2881263152453373,200,False,1.0,0.0405,3,2021-12-31,False,041,0.532385198256676,17.586541655920215,0.011314843307226832,0.007085579395059186,0.13259687427122607,0.948081894340804,False
481177,LANDMARK NATIONAL BANK,3,2022-02-18,2022-02-18,-0.027584921023481798,0.0005548967380664239,0.06775950409326711,200,False,1.0,0.0405,3,2021-12-31,False,041,0.3280916772750552,14.097661612498465,0.013724953411781031,0.007843396025512782,0.11548599185959958,0.9838973028877595,False
272272,SOUTHERN BANK,3,2022-02-18,2022-02-18,-0.0028590239990262997,0.0015744312384116212,0.5827380115136175,200,False,1.0,0.0405,3,2021-12-31,False,051,0.17927676431750378,14.882276078993035,0.017548731660567144,0.0012391713653134063,0.10292071652617978,0.9804340896266458,False
764030,AMERIS BANK,3,2022-02-18,2022-02-18,-0.002033478749404547,-0.0006905898078881134,1.3070738167846647,200,False,1.0,0.0405,3,2021-12-31,False,041,0.46686248039756995,16.983286501318396,0.017067730140957155,0.005716307361422719,0.12965521532382326,0.9628360032729879,False
2236821,"PATRIOT BANK, NATIONAL ASSOCIATION",3,2022-02-18,2022-02-18,0.0022956219400128465,0.001979764488966925,0.7534977322089554,200,False,1.0,0.0405,3,2021-12-31,False,051,0.38010514893877956,13.762368186666166,0.0069317528697752165,0.031102169759108667,0.10167941829379538,0.8806637020619186,False
268677,CARVER FEDERAL SAVINGS BANK,3,2022-02-18,2022-02-18,-0.17601113186727205,0.0018195883988059796,1.5281818015981061,200,False,1.0,0.0405,3,2021-12-31,False,041,0.2861109267494082,13.491518518690594,-0.00041064298118508524,0.02477042814224502,0.09887785237868749,0.9709578330075398,False
112837,"CAPITAL ONE, NATIONAL ASSOCIATION",3,2022-02-18,2022-02-18,-0.009277082306426977,0.0002488833115127898,1.274354987820744,200,False,1.0,0.0405,3,2021-12-31,False,031,0.342327605359243,19.759096510796713,0.013091879270937155,0.007384472515108012,0.10610296825644316,0.9296784805525994,False
1002878,NORTHWEST BANK,3,2022-02-18,2022-02-18,0.004382423599919909,-0.00023356225411680153,0.6913495106684897,200,False,1.0,0.0405,3,2021-12-31,False,041,0.22354242051021372,16.496954942467934,0.011087365446463568,0.015850304740229453,0.11616415659815113,0.9728502220193391,False
697763,WESTAMERICA BANK,3,2022-02-18,2022-02-18,0.0005533491545855413,-0.0006068386381237906,0.8371645571607637,200,False,1.0,0.0405,3,2021-12-31,False,041,0.3824435765546305,15.81985604334214,0.011371961674842529,0.0009652419283867259,0.09710162796353976,0.9574958798594936,False
749635,AUBURNBANK,3,2022-02-18,2022-02-18,-0.019380497902369974,-0.0006638375662318846,0.23101205055730895,200,False,1.0,0.0405,3,2021-12-31,False,051,0.4230812439565554,13.914924125527712,0.00692153988644872,0.000965761156825256,0.09139782512451076,0.9933995767119848,False
959304,FLUSHING BANK,3,2022-02-18,2022-02-18,0.022239920206745555,0.00011079969692517555,1.0061181607741492,200,False,1.0,0.0405,3,2021-12-31,False,041,0.3917018277514623,15.900847313672902,0.012166563671471963,0.002294932062689578,0.10486323302682476,0.8885402589181411,False
352772,BANNER BANK,3,2022-02-18,2022-02-18,-0.005549571210201174,0.0001428059479084392,1.237078474014943,200,False,1.0,0.0405,3,2021-12-31,False,041,0.3277263776042881,16.636802297719186,0.012649852344275715,0.0024872430224642614,0.10725714431305204,0.9624245829419436,False
498317,"OHIO VALLEY BANK COMPANY, THE",3,2022-02-18,2022-02-18,-0.03874000020124944,0.0007285606945709692,0.515230156181441,200,False,1.0,0.0405,3,2021-12-31,False,041,0.32465009964981817,14.0254302583,0.008643953893508239,0.005504300768455991,0.10886291027976319,0.9694747873168815,False
506922,SANDY SPRING BANK,3,2022-02-18,2022-02-18,0.0065927247177599985,0.0002027614315442917,1.191281288135296,200,False,1.0,0.0405,3,2021-12-31,False,041,0.4526358737009048,16.348144187894192,0.0191844333633573,0.004661269708562464,0.12874251853815138,0.9742483685520726,False
3317932,CONNECTONE BANK,3,2022-02-18,2022-02-18,-0.005691261171170555,0.0009603189322918692,0.9991417383067945,200,False,1.0,0.0405,3,2021-12-31,False,041,0.5768877653035961,15.910899141951136,0.01691152435985586,0.011016607135116898,0.13674189119182778,0.9215516883877181,False
276579,"ZIONS BANCORPORATION, NATIONAL ASSOCIATION",3,2022-02-18,2022-02-18,-0.011259897517076579,0.00031041112938759,1.3929344181965415,200,False,1.0,0.0405,3,2021-12-31,False,041,0.5777474703390615,18.350254728147366,0.012111899238612103,0.005465818739272889,0.08006732298587885,0.9656151891949257,False
1412712,"COMMUNITY WEST BANK, NATIONAL ASSOCIATION",3,2022-02-18,2022-02-18,-0.020425009338360955,0.00042033192403203136,0.19529249404280996,200,False,1.0,0.0405,3,2021-12-31,False,051,0.4370328294781575,13.961276181257093,0.011470925081574001,0.0006333491390375111,0.08699094582622037,0.9000144847545591,False
1929247,"SOUTHSTATE BANK, N.A.",3,2022-02-18,2022-02-18,0.02774114074816132,-0.0001949794206825828,1.1758680759489306,200,False,1.0,0.0405,3,2021-12-31,False,041,0.3749855189351999,17.548939028615376,0.012105900856742544,0.003328414985657687,0.12032743624093482,0.9551733309304989,False
1890525,UNITY BANK,3,2022-02-18,2022-02-18,-0.015403230517669893,0.0010413654428765703,0.6470688175981193,200,False,1.0,0.0405,3,2021-12-31,False,051,0.3653467933896504,14.519787077044915,0.017053644141589403,0.005862106739243978,0.10107185434213005,0.9682575742157354,False
876634,CAPITAL CITY BANK,3,2022-02-18,2022-02-18,0.02539582562387955,-0.00017362053646494225,0.913619054966436,200,False,1.0,0.0405,3,2021-12-31,False,041,0.38089442118100564,15.26321958167736,0.008525732250675289,0.002179942812413527,0.09721116886677095,0.9771625973173675,False
2239288,"WINTRUST BANK, NATIONAL ASSOCIATION",3,2022-02-18,2022-02-18,-0.022473720732799702,0.0005075803247134451,1.2408046053601072,200,False,1.0,0.0405,3,2021-12-31,False,041,0.6030466659745095,16.075860366547555,0.012870885778060306,0.0013133490756684185,0.09366248708332038,0.9733099370297835,False
556815,"PEOPLES BANK, A CODORUS VALLEY COMPANY",3,2022-02-18,2022-02-18,0.008758783513394198,0.0008501430876388051,0.3461289691928893,200,False,1.0,0.0405,3,2021-12-31,False,041,0.3058555907734825,14.69714524670909,0.006947032603348291,0.022050225477456806,0.0962898638587006,0.9842264123622624,False
729310,PATHFINDER BANK,3,2022-02-18,2022-02-18,-0.013632084903844377,0.0007967626244736332,0.10179251011477944,200,False,1.0,0.0405,3,2021-12-31,False,051,0.2832537128203978,14.06363077908176,0.011109429204112939,0.009960731270473736,0.09511054030308658,0.9229781959731682,False
431172,PACIFIC PREMIER BANK,3,2022-02-18,2022-02-18,0.008446017875373009,-0.000700317119553257,1.3301817594258876,200,False,1.0,0.0405,3,2021-12-31,False,041,0.5534742674681458,16.864256777235912,0.01710118699009578,0.002185622555082434,0.15147309575891796,0.9591092519663038,False
107244,BANK OZK,3,2022-02-18,2022-02-18,-0.012113071302693429,0.0003182967708464524,1.2378370986019103,200,False,1.0,0.0405,3,2021-12-31,False,041,0.4504797682077817,17.093802934048913,0.021824033760478062,0.0024178187424130798,0.18229041142567234,0.9316799032966101,False
874845,LAKE CITY BANK,3,2022-02-18,2022-02-18,0.003924215187739521,0.00033338316812995476,0.8081927718103966,200,False,1.0,0.0405,3,2021-12-31,False,041,0.562441501324648,15.693704112581223,0.015292256098856608,0.0035131332748664767,0.10494052213216887,0.9796997524039295,False
522605,BAR HARBOR BANK AND TRUST COMPANY,3,2022-02-18,2022-02-18,-0.018752660070816267,-0.00022790035638262877,1.1014965930927034,200,False,1.0,0.0405,3,2021-12-31,False,041,0.19998433377065492,15.125622065081872,0.012115188446945938,0.004069467055878914,0.1294759842410282,0.9456021728882971,False
593007,CAMDEN NATIONAL BANK,3,2022-02-18,2022-02-18,0.009126643426354197,-0.00019234309895804405,1.0029630454940441,200,False,1.0,0.0405,3,2021-12-31,False,041,0.24568662146248257,15.516841363378038,0.01305708912057625,0.001258840906307267,0.10181004762246186,0.943133641751124,False
786612,MID PENN BANK,3,2022-02-18,2022-02-18,-0.02451296907117165,0.001007631381378129,0.5474840806662499,200,False,1.0,0.0405,3,2021-12-31,False,041,0.36268133102961114,15.360431282366584,0.009038953835651507,0.003228912259981835,0.11173414967147367,0.9720277100317376,False
881478,HERITAGE BANK,3,2022-02-18,2022-02-18,0.04022152802407313,-0.0009315440644400298,0.9966066634767653,200,False,1.0,0.0405,3,2021-12-31,False,041,0.4544322480701578,15.8210100368036,0.013870890806809979,0.006299746040096009,0.11707738185287257,0.9752834704940989,False
671464,BANK OF HOPE,3,2022-02-18,2022-02-18,0.009253039352422518,-0.00032858886793753965,1.1594267007930947,200,False,1.0,0.0405,3,2021-12-31,False,041,0.5550734640833923,16.699405385760656,0.012023456770242016,0.00542969893092639,0.1332546251935831,0.9716931383846427,False
606046,CADENCE BANK,3,2022-02-18,2022-02-18,0.0046041191553853125,-0.0006744683602876739,1.2432086372165856,200,False,1.0,0.0405,3,2021-12-31,False,041,0.45174058728616817,17.67971968250334,0.004094402751168768,0.0053969138457641555,0.11010018554276925,0.9385846285924939,False
782306,BROOKLINE BANK,3,2022-02-18,2022-02-18,0.0005359506672920188,0.00014331812731194416,0.9499275234921275,200,False,1.0,0.0405,3,2021-12-31,False,041,0.4632226000639867,15.535374554373815,0.014804337357079063,0.005630348877614416,0.10775589033142309,0.8996598813548946,False
1001152,INTERNATIONAL BANK OF COMMERCE,3,2022-02-18,2022-02-18,0.02535320512576866,-0.0008455597761718056,1.1217883791567178,200,False,1.0,0.0405,3,2021-12-31,False,041,0.43930986007622863,16.04464414020973,0.016674680891089918,0.0015504940525366048,0.16278816230892318,0.8804065705858496,False
59316,WAYNE BANK,3,2022-02-18,2022-02-18,-0.003545585962455417,-6.279347442795858e-05,0.44562790233975386,200,False,1.0,0.0405,3,2021-12-31,False,051,0.3209871558046845,14.54279487911332,0.012259761395885773,0.004939027764966332,0.09884109472406477,0.9428378695762681,False
491934,COLONY BANK,3,2022-02-18,2022-02-18,-0.008625923603335542,0.0005548373225033042,0.28077395287953827,200,False,1.0,0.0405,3,2021-12-31,False,051,0.3501916651172005,14.804055716666443,0.007075817486702375,0.003958936929513046,0.09052990300380825,0.9748375537378904,False
361167,SOUTHSIDE BANK,3,2022-02-18,2022-02-18,-0.0052430365633184955,0.00023280042911021329,0.9538496829692941,200,False,1.0,0.0405,3,2021-12-31,False,041,0.3819174711414081,15.797162435958631,0.017129269136204762,0.0006953954183971574,0.14421169013208923,0.9247852380493716,False
316840,REPUBLIC BANK & TRUST COMPANY,3,2022-02-18,2022-02-18,-0.025797258610903907,0.00042189589426033927,0.8601834070702881,200,False,1.0,0.0405,3,2021-12-31,False,041,0.3564782429722328,15.621860237204611,0.014258112806398889,0.004518037195106134,0.13437375321996728,0.9214643542208284,False
2209553,HERITAGE BANK OF COMMERCE,3,2022-02-18,2022-02-18,-0.016600632491818597,-0.00026182389172795586,1.1933542923967295,200,False,1.0,0.0405,3,2021-12-31,False,041,0.6621889267799969,15.519662836377252,0.009483284953001096,0.0012098289376970463,0.11208639909880867,0.979158983210316,False
821906,SALISBURY BANK AND TRUST COMPANY,3,2022-02-18,2022-02-18,0.026259637353992754,0.0008061584321393673,0.6691300761196002,200,False,1.0,0.0405,3,2021-12-31,False,051,0.33560727093970305,14.239992363691751,0.011545671828456082,0.003870117775749356,0.1009237322393148,0.9767909343429567,False
416245,BUSEY BANK,3,2022-02-18,2022-02-18,0.004900283661705255,0.0001287855678129212,1.153802848538308,200,False,1.0,0.0405,3,2021-12-31,False,041,0.4006744648009879,16.367115894052173,0.010753386426851932,0.0023363786297607944,0.12201941426664838,0.9630695051007534,False
399517,CNB BANK,3,2022-02-18,2022-02-18,-0.009917321955215858,0.00012953230024648134,0.9126156406031378,200,False,1.0,0.0405,3,2021-12-31,False,041,0.34518348166317286,15.48464070473549,0.011180867100803026,0.005264690264169172,0.08947670572612706,0.9869393782894545,False
664756,PROSPERITY BANK,3,2022-02-18,2022-02-18,0.00501308626482922,-0.0005114169528759308,0.9688740166951201,200,False,1.0,0.0405,3,2021-12-31,False,041,0.4479078905588141,17.44871819858256,0.014060429275481987,0.001458733881731899,0.16939383591152715,0.9805151843888541,False
767974,CFBANK NATIONAL ASSOCIATION,3,2022-02-18,2022-02-18,-0.01433729573796113,0.0003554928494844428,0.1800035327254104,200,False,1.0,0.0405,3,2021-12-31,False,051,0.25430682067273924,14.21262422298338,0.013296583250701668,0.0007927515316325354,0.10446210988050621,0.9383388320252827,False
716374,FIRST HARRISON BANK,3,2022-02-18,2022-02-18,-0.020186172946917744,-0.0012310579905781308,0.5544806778556288,200,False,1.0,0.0405,3,2021-12-31,False,051,0.2788793726336477,13.95624420199747,0.009370021144661103,0.0026963111778975685,0.0934760815137979,0.9948045401093145,False
197478,EAST WEST BANK,3,2022-02-18,2022-02-18,-0.022868868988432992,-0.00026093174440491656,1.5529662382525278,200,False,1.0,0.0405,3,2021-12-31,False,031,0.6360184567367398,17.923916313287393,0.014464376949138772,0.0021815647860545426,0.09247344490881136,0.9733779193814944,False
958727,AMERICAN NATIONAL BANK AND TRUST COMPANY,3,2022-02-18,2022-02-18,0.02351519941495756,0.0003058015423512225,0.9332957350955016,200,False,1.0,0.0405,3,2021-12-31,False,041,0.4278507475155021,15.01766871681658,0.013709655605612976,0.001136536846401802,0.11180840864487315,0.9802359918938061,False
968070,CAPITOL FEDERAL SAVINGS BANK,3,2022-02-18,2022-02-18,0.005824720800526765,-0.000816640624254019,0.7535578611229472,200,False,1.0,0.0405,3,2021-12-31,False,041,0.15501032902322687,16.079829865716214,0.00826457615617361,0.0015973403706627909,0.11506455716311927,0.7954661690965166,False
202907,"COMMUNITY BANK, NATIONAL ASSOCIATION",3,2022-02-18,2022-02-18,0.015434926444852998,-0.00045302697922292327,0.8693105584258083,200,False,1.0,0.0405,3,2021-12-31,False,041,0.44620816896858284,16.544919560516245,0.010072548451992545,0.006166777189677829,0.10925507647305882,0.9653667729277459,False
601416,FIVE STAR BANK,3,2022-02-18,2022-02-18,0.020515925166340026,0.0002244730964394283,0.9979166353144825,200,False,1.0,0.0405,3,2021-12-31,False,041,0.31441185563941865,15.516960307555232,0.014907817360037753,0.0033009219301846603,0.09511484088787642,0.9787099232332355,False
662369,BANK OF THE SIERRA,3,2022-02-18,2022-02-18,0.020560419478593696,-0.00013110572900569512,0.9888450621514718,200,False,1.0,0.0405,3,2021-12-31,False,041,0.30239442627105184,15.030891145395163,0.013489829833339117,0.0022888924326197858,0.12695958004221763,0.9518237160028986,False
439404,FIRST NATIONAL BANK,3,2022-02-18,2022-02-18,-0.03207085265639323,0.00047652511924592015,0.9373428153064938,200,False,1.0,0.0405,3,2021-12-31,False,041,0.23155337840954338,14.730277729810048,0.014881856137784163,0.0034176876558629963,0.08676849635885672,0.932047378425103,False
2608754,MERCANTILE BANK,3,2022-02-18,2022-02-18,-0.006644978451251171,0.00022196908295352678,1.0944399280883328,200,False,1.0,0.0405,3,2021-12-31,False,041,0.4934178705351848,15.471505667160223,0.012423138085138471,0.0007113261101644696,0.10417369026915271,0.8732395146569129,False
29636,"CITIZENS BANK OF PHILADELPHIA, THE",3,2022-02-18,2022-02-18,0.00650364444970553,-0.00018860800575456045,0.3504421788738269,200,False,1.0,0.0405,3,2021-12-31,False,051,0.34698858870521854,14.123712647385542,0.005950876429856221,0.0069599036105811515,0.09047918552568157,0.8985996529427162,False
2652092,EAGLEBANK,3,2022-02-18,2022-02-18,0.007913901858035664,8.457862791756393e-05,1.074214617416862,200,False,1.0,0.0405,3,2021-12-31,False,041,0.4436408531501919,16.28353474761472,0.015868483651014047,0.0041063904928793325,0.11380391285411248,0.9586700911964681,False
1436204,BANK OF MARIN,3,2022-02-18,2022-02-18,-0.015388300311938653,-0.0004338560030337588,0.776716541313198,200,False,1.0,0.0405,3,2021-12-31,False,041,0.4829182233400624,15.277367992778252,0.008664650733142248,0.003814873351081398,0.10296583305613281,0.9859216584741124,False
2634351,MACATAWA BANK,3,2022-02-18,2022-02-18,-0.004851128501145198,-0.0006107002767280082,0.669521544404396,200,False,1.0,0.0405,3,2021-12-31,False,051,0.43717123200259883,14.890001587455227,0.010216827579424565,8.375360230547551e-05,0.08398218611426593,0.9639262495526661,False
754929,"NATIONAL BANK OF BLACKSBURG, THE",3,2022-02-18,2022-02-18,0.02226221803265791,1.8539238174668525e-05,0.5815477815805292,200,False,1.0,0.0405,3,2021-12-31,False,041,0.3737137155588325,14.345599840279467,0.012187154961143769,0.0036859514618784546,0.1098438923561166,0.9900069423782605,False
687009,LAKELAND BANK,3,2022-02-18,2022-02-18,-0.014848234735520816,0.00027327161651931385,0.993033732272416,200,False,1.0,0.0405,3,2021-12-31,False,041,0.41482297016883246,15.919075891950309,0.012260508628260192,0.0028407061719200994,0.11631834053926031,0.9674764214480696,False
2634191,GLACIER BANK,3,2022-02-18,2022-02-18,0.05803841853969141,-0.0007212188194561058,1.3765536895886252,200,False,1.0,0.0405,3,2021-12-31,False,041,0.32101697225006404,17.07051713466086,0.011509972015585778,0.005015479334650972,0.12300298787200588,0.9439097354191135,False
186221,"OLD POINT NATIONAL BANK OF PHOEBUS, THE",3,2022-02-18,2022-02-18,0.01397206345087089,3.69546165356872e-05,0.21468845885083768,200,False,1.0,0.0405,3,2021-12-31,False,041,0.3088850265883479,14.10073987486896,0.0065695938625648185,0.0017748900878942577,0.09317425362782476,0.9926957009100941,False
474919,"FULTON BANK, NATIONAL ASSOCIATION",3,2022-02-18,2022-02-18,-0.004326583989312242,-0.0001361959392228719,1.0952130075277373,200,False,1.0,0.0405,3,2021-12-31,False,041,0.3700754413103298,17.05996800501474,0.012351823983593753,0.008287560772513709,0.11198902080884861,0.9639361996030182,False
473501,BERKSHIRE BANK,3,2022-02-18,2022-02-18,0.012675426491588607,0.000962077832464803,1.1113953784081798,200,False,1.0,0.0405,3,2021-12-31,False,041,0.4480503199256664,16.262086032176438,0.008203932380443564,0.005649332980286615,0.10082441965480186,0.9805353948485488,False
508346,HAWTHORN BANK,3,2022-02-18,2022-02-18,0.013517865477878636,0.0011568972227845354,0.3951321544973045,200,False,1.0,0.0405,3,2021-12-31,False,041,0.3241523903090436,14.416532032895493,0.013816481640982006,0.01952878834574534,0.10614364952266499,0.9314735180881477,False
236706,PEAPACK-GLADSTONE BANK,3,2022-02-18,2022-02-18,0.0214743730174212,0.00035444534323844423,0.9882171960435255,200,False,1.0,0.0405,3,2021-12-31,False,041,0.599911676946153,15.62010069434018,0.01034919078302191,0.004247274667142325,0.10710327306712651,0.9756129967209296,False
657365,HANMI BANK,3,2022-02-18,2022-02-18,-0.02118241400620772,0.0007015488451013374,1.2496633299772273,200,False,1.0,0.0405,3,2021-12-31,False,041,0.4476504328152314,15.740628467361438,0.015683878997490797,0.002586699447015547,0.11014873634709202,0.9639988775209473,False
636771,INDEPENDENT BANK,3,2022-02-18,2022-02-18,0.005889803655080086,-3.402954754860576e-05,0.9826524241759427,200,False,1.0,0.0405,3,2021-12-31,False,041,0.2132098233334442,15.363596759316591,0.013739823947540671,0.0018495805671624565,0.09070950493592506,0.9772583762404394,False
2353595,FIRST COMMUNITY BANK,3,2022-02-18,2022-02-18,-0.0006206873148130541,0.0004449100705833142,1.032261410038567,200,False,1.0,0.0405,3,2021-12-31,False,051,0.16406076459928684,14.973626212625405,0.016299049475993175,0.009630259008020984,0.12731883384297635,0.9850879270296709,False
780218,"UNION BANK COMPANY, THE",3,2022-02-18,2022-02-18,0.0564292146361467,0.0006391656830791099,0.6037976967390493,200,False,1.0,0.0405,3,2021-12-31,False,051,0.21330339932616305,13.888563974269385,0.013534265115431664,0.0005463023573431603,0.12590770672288593,0.9914232967294738,False
542528,CIVISTA BANK,3,2022-02-18,2022-02-18,0.01366296333250736,0.00025904396941887274,0.928081077713009,200,False,1.0,0.0405,3,2021-12-31,False,041,0.33352136883346106,14.916133823262792,0.0136461968723626,0.00193664427999886,0.13576004835599273,0.9477901521167356,False
933023,"SHORE UNITED BANK, NATIONAL ASSOCIATION",3,2022-02-18,2022-02-18,0.02983209869678549,0.0007223644010434666,0.627803937165084,200,False,1.0,0.0405,3,2021-12-31,False,051,0.2504205743491581,15.056243454443301,0.005500922893098529,0.0011646214702047916,0.1085477280173457,0.9862824800917875,False
1162017,UNITED SECURITY BANK,3,2022-02-18,2022-02-18,0.006880034887853334,-0.0002687617395694501,0.6035276926053118,200,False,1.0,0.0405,3,2021-12-31,False,051,0.57055075197908,14.100833098909705,0.008234155846791926,0.013643774819771599,0.09701012862062666,0.9920409541197637,False
628123,"BANK OF GLEN BURNIE, THE",3,2022-02-18,2022-02-18,0.08200646158089143,0.0010417998635610661,0.23717321840516484,200,False,1.0,0.0405,3,2021-12-31,False,041,0.036901389345395545,12.99920768483949,0.006146182783901842,0.0016683143845773604,0.08056317764662503,0.9431589203073448,False
333203,UNION BANK,3,2022-02-18,2022-02-18,-0.0009109373343231236,0.0005240507358639068,0.08328181551576806,200,False,1.0,0.0405,3,2021-12-31,False,041,0.19552616644242235,14.00161412061618,0.011439985322282983,0.005923279311063233,0.08286683707651092,0.9936916712680927,False
2925666,PINNACLE BANK,3,2022-02-18,2022-02-18,0.03109461613571666,-8.87590247982194e-05,1.4645483653303397,200,False,1.0,0.0405,3,2021-12-31,False,041,0.5077971451201945,17.460311000481646,0.013709788710341288,0.0014130824189180285,0.13922885286306247,0.9561425772737019,False
139740,WEST BANK,3,2022-02-18,2022-02-18,-0.022044091119308603,0.0007965376906034756,1.1011459923315114,200,False,1.0,0.0405,3,2021-12-31,False,041,0.4347116670490865,15.068069791421355,0.014540104884223557,0.0036423140172916293,0.09034697639833486,0.9488253254572455,False
494261,PACIFIC WESTERN BANK,3,2022-02-18,2022-02-18,0.019470468351078084,-0.00023940919711306588,1.207969340725822,200,False,1.0,0.0405,3,2021-12-31,False,041,0.5949114212760606,17.513326413236765,0.014437998032560621,0.002665342139492065,0.10382405357429304,0.9724567712568537,False
2760232,VILLAGE BANK,3,2022-02-18,2022-02-18,0.01134636106868942,0.0025645650920317975,-0.22311164843796966,200,False,1.0,0.0405,3,2021-12-31,False,051,0.32902654973606493,13.52271543612567,0.017407444634301605,0.0062453207122675405,0.09834154186350387,0.9894455220386597,False
2328137,FIRST COMMUNITY BANK,3,2022-02-18,2022-02-18,-0.028538079597063937,0.0003694835787552566,0.29078860583751587,200,False,1.0,0.0405,3,2021-12-31,False,041,0.27739713232714003,14.27543733585346,0.010357597865599972,0.00028823341624350325,0.09565847074227979,0.9529753099433903,False
204004,PROVIDENT BANK,3,2022-02-18,2022-02-18,0.007365792074358933,0.0002521355469409848,1.002225121534125,200,False,1.0,0.0405,3,2021-12-31,False,041,0.47854329644223226,16.438396475149656,0.012283617321024164,0.0050123027161157645,0.11843942918332587,0.9289525599669493,False
3465226,HTLF BANK,3,2022-02-18,2022-02-18,-0.009612822787173453,-0.00038336155535341975,1.1748379665501578,200,False,1.0,0.0405,3,2021-12-31,False,041,0.4613848780472906,14.807537507109885,0.011777750171969763,0.0057098101913849,0.14014339775169235,0.9884171399418054,False
2953418,OPTIMUMBANK,3,2022-02-18,2022-02-18,-0.07802851764233215,0.0002551351538288252,0.9807401901585084,200,False,1.0,0.0405,3,2021-12-31,False,041,0.6092124611484699,12.765799855829323,0.015461134330746003,0.0,0.10388271021229063,0.9344132161848532,False
2618780,TEXAS CAPITAL BANK,3,2022-02-18,2022-02-18,0.018531936383928936,-0.0019121429378160032,1.3096703712852,200,False,1.0,0.0405,3,2021-12-31,False,041,0.8046122706275316,17.363004168138335,0.007744562451184152,0.0035044808308120107,0.0904907137616756,0.9038852385441576,False
354310,UNIVEST BANK AND TRUST CO.,3,2022-02-18,2022-02-18,-0.012767367826041341,3.7998807433685984e-05,1.1350387425494841,200,False,1.0,0.0405,3,2021-12-31,False,041,0.4834790531902933,15.775700689578496,0.014046125460994775,0.006322284590209687,0.10728300977498342,0.970947144573305,False
703767,CENTRAL VALLEY COMMUNITY BANK,3,2022-02-18,2022-02-18,0.009596674343955138,0.0006336453459894129,0.7403214208264794,200,False,1.0,0.0405,3,2021-12-31,False,041,0.4775911949421876,14.711593276384383,0.011908226451813825,0.0009103935960643281,0.10741077401635192,0.9817201321363507,False
2942690,SIGNATURE BANK,3,2022-02-18,2022-02-18,0.012674039733700734,0.0013904186962144832,1.5564110543274352,200,False,1.0,0.0405,3,2021-12-31,False,041,0.8922653917167633,18.58996288081662,0.007754127983345444,0.003578353467286823,0.06619603811297839,0.9597577081842797,True
2849801,SOUTHERN FIRST BANK,3,2022-02-18,2022-02-18,0.03069795322026765,0.000919428421996928,1.1482410822739284,200,False,1.0,0.0405,3,2021-12-31,False,041,0.5193261752037432,14.889126012771413,0.016447711315922854,0.0019429319658245297,0.10303598263668517,0.9836987542589681,False
2858960,"BANCORP BANK NATIONAL ASSOCIATION, THE",3,2022-02-18,2022-02-18,0.014542207973612041,5.961992526001078e-06,1.7895811635387047,200,False,1.0,0.0405,3,2021-12-31,False,041,0.20133158078611865,15.739424847776167,0.017870499772916784,0.0046963917325133315,0.10021569254539109,0.9811463577962503,False
895710,CITIZENS & NORTHERN BANK,3,2022-02-18,2022-02-18,-0.02678753878245518,0.00035837925140720677,0.7794018840995555,200,False,1.0,0.0405,3,2021-12-31,False,051,0.26659765598481355,14.653283052902006,0.01381309295162324,0.013547119624935435,0.12928146388930833,0.973514919380486,False
2372774,"SUMMIT COMMUNITY BANK, INC.",3,2022-02-18,2022-02-18,0.018651818203449518,9.935925334568229e-05,0.9458408538926636,200,False,1.0,0.0405,3,2021-12-31,False,041,0.22909018852510016,15.084047883089788,0.013781454182191262,0.004597303248565425,0.1179973383192037,0.9429802897938867,False
1356768,ENTERPRISE BANK AND TRUST COMPANY,3,2022-02-18,2022-02-18,-0.008336113798629396,0.0014372918067694486,0.6356245286468979,200,False,1.0,0.0405,3,2021-12-31,False,041,0.3688766567392058,15.307924421638551,0.010192635986311493,0.009080749577838616,0.09105046765617036,0.9850048592042778,False
1190476,ENTERPRISE BANK & TRUST,3,2022-02-18,2022-02-18,0.007456708071298722,-0.0004642428972660122,1.0313723598227476,200,False,1.0,0.0405,3,2021-12-31,False,041,0.5211040645719227,16.418124833157968,0.01049442098670848,0.003506858520322016,0.11621587464891797,0.9595616478774129,False
633378,KEARNY BANK,3,2022-02-18,2022-02-18,0.006877847196323015,7.396137374826012e-05,0.932189698779436,200,False,1.0,0.0405,3,2021-12-31,False,041,0.2219518716864285,15.787347679425551,0.010315482118114184,0.014907770337922274,0.11700976438578581,0.8820033168959908,False
1918344,PREFERRED BANK,3,2022-02-18,2022-02-18,0.0003940258754967427,0.00039920349118453553,1.0070194379600346,200,False,1.0,0.0405,3,2021-12-31,False,041,0.6338543584485739,15.61510773198213,0.015749409107768855,0.0033397346415913213,0.09702290857719369,0.9573924918500949,False
3138146,WESTERN ALLIANCE BANK,3,2022-02-18,2022-02-18,-0.009815113634150375,0.0002732088678698779,1.5548580615509264,200,False,1.0,0.0405,3,2021-12-31,False,041,0.7555226950998715,17.84081389038732,0.014528595418507024,0.013221323664674621,0.0939037909190323,0.9461712380476893,False
537449,FIRST BUSINESS BANK,3,2022-02-18,2022-02-18,-0.011015597941193396,0.000502152097522134,0.5497223051252754,200,False,1.0,0.0405,3,2021-12-31,False,041,0.522341256670156,14.790239617572356,0.015132153080478062,0.002834624325338902,0.09997853193930538,0.820952428063171,False
310978,WATERSTONE BANK,3,2022-02-18,2022-02-18,0.005924235373598722,0.0003739116447728915,0.5394466765214204,200,False,1.0,0.0405,3,2021-12-31,False,041,0.1955544043713543,14.608291738947168,0.032071030394205474,0.003670672093870162,0.17118866294370802,0.725228609840298,False
220527,PEOPLES BANK,3,2022-02-18,2022-02-18,-0.006188623860848414,0.0007001353298936619,0.18077327660702747,200,False,1.0,0.0405,3,2021-12-31,False,041,0.3030759190530499,14.300171861709584,0.009748556470859959,0.0036353159123292357,0.0959063823235045,0.9634854749170418,False
2954059,BCB COMMUNITY BANK,3,2022-02-18,2022-02-18,-0.01373212780172773,0.00029255983579971645,0.6785580809706889,200,False,1.0,0.0405,3,2021-12-31,False,041,0.36257450375983524,14.902797287252467,0.012152187215019815,0.00799398040045019,0.10355452993124234,0.9646824993888795,False
2385514,"FIRST BANK, THE",3,2022-02-18,2022-02-18,-0.021419594250858768,-0.00019646160362773958,1.1825751939325453,200,False,1.0,0.0405,3,2021-12-31,False,041,0.3848299909170613,15.618360466950183,0.012180164772430394,0.009456291067328428,0.12794233245144607,0.994483714625178,False
456045,CENTENNIAL BANK,3,2022-02-18,2022-02-18,0.01549781002261157,-0.0008832761450005989,1.3617955349713113,200,False,1.0,0.0405,3,2021-12-31,False,041,0.4772752901546197,16.706863334504256,0.01868049842413005,0.005102840661279025,0.1560700394784741,0.9570229458801791,False
561574,SUMMIT STATE BANK,3,2022-02-18,2022-02-18,-0.011090018105842037,0.0002461477222347408,0.12225154478725818,200,False,1.0,0.0405,3,2021-12-31,False,051,0.3928610152784623,13.772686560773346,0.015341098864395457,0.00058441215577284,0.08796968937875752,0.9288187887818466,False
522847,"LIMESTONE BANK, INC",3,2022-02-18,2022-02-18,-0.027384923355997286,0.0011278593464990416,0.015428547533847991,200,False,1.0,0.0405,3,2021-12-31,False,051,0.23314793555772206,14.157594874507286,0.012435727786265723,0.0031182592846569464,0.11753922034493021,0.9766813855141429,False
663245,SIMMONS BANK,3,2022-02-18,2022-02-18,0.004838216593199326,-0.0003402064816417376,1.182508389112976,200,False,1.0,0.0405,3,2021-12-31,False,041,0.44671495473026007,17.021736468981896,0.01219784990073623,0.005775575708446906,0.13870025549969245,0.9194899779299284,False
30810,DISCOVER BANK,3,2022-02-18,2022-02-18,0.001387352168372118,0.0005368441139912856,1.437554078182953,200,False,1.0,0.0405,3,2021-12-31,False,031,0.10875575113081558,18.5008083034105,0.047248686079185566,0.008536024586872833,0.10973981721637172,0.7830318396298916,False
768074,FIRST FINANCIAL NORTHWEST BANK,3,2022-02-18,2022-02-18,-0.022242180959525584,0.0009106386357417073,0.1580638622615618,200,False,1.0,0.0405,3,2021-12-31,False,051,0.37293166312302006,14.170712016856914,0.009521419337833025,0.0,0.10484847890033284,0.9171473210614729,False
2797724,TOWNEBANK,3,2022-02-18,2022-02-18,0.007729639455944904,-0.00015427237996943957,1.1610841091192436,200,False,1.0,0.0405,3,2021-12-31,False,041,0.5059886325195097,16.610435398930242,0.013164094341810257,0.0006432112022757816,0.11608512206077243,0.9495402043983675,False
28013,NORTHFIELD BANK,3,2022-02-18,2022-02-18,0.006371169043739979,0.00023176022289301225,0.6842088262396965,200,False,1.0,0.0405,3,2021-12-31,False,041,0.3728840296684865,15.508500152874102,0.013053683725042575,0.002900475671705349,0.12933680936076944,0.8894083162566069,False
836843,MIDWESTONE BANK,3,2022-02-18,2022-02-18,-0.012708963700502294,-1.1454760024091599e-05,1.0119419679771993,200,False,1.0,0.0405,3,2021-12-31,False,041,0.40908395535407605,15.611175723354819,0.01269083652639338,0.009680996731359094,0.10022495301719272,0.9491883153126042,False
676478,MALVERN BANK NA,3,2022-02-18,2022-02-18,0.001768427352961008,-0.0007815521408200694,0.04563278907076661,200,False,1.0,0.0405,3,2021-12-31,False,051,0.5786687683941868,13.956298061228564,0.0010024496603485119,0.01747110639378765,0.13927100887784707,0.9296495750130696,False
23504,DIME COMMUNITY BANK,3,2022-02-18,2022-02-18,-0.013377024953149817,0.00031085930368543924,1.0760730349732581,200,False,1.0,0.0405,3,2021-12-31,False,041,0.555949278565192,16.305149243987806,0.00933887007120144,0.004681759892862325,0.11336204547778748,0.9807523908084965,False
785473,FIRST SAVINGS BANK,3,2022-02-18,2022-02-18,-0.029077288125995564,0.0007120614652045553,0.37461402125280024,200,False,1.0,0.0405,3,2021-12-31,False,041,0.31692417041533755,14.380219638748503,0.013874865259452305,0.009652273949249727,0.11107794712257865,0.8152398665350864,False
929978,"HOME BANK, NATIONAL ASSOCIATION",3,2022-02-18,2022-02-18,-0.02267340228364393,0.0003147872729227826,0.875136086204682,200,False,1.0,0.0405,3,2021-12-31,False,041,0.336502323296033,14.891221603581085,0.016631896092769733,0.00720998350529574,0.11714596854038963,0.9811983020911722,False
1864197,OAK VALLEY COMMUNITY BANK,3,2022-02-18,2022-02-18,0.03482703922806161,-0.0002524393259114693,0.5277522587204284,200,False,1.0,0.0405,3,2021-12-31,False,041,0.47360760936694124,14.490775805513275,0.008642165091924172,0.0,0.072535038487107,0.991757109417663,False
342410,ORRSTOWN BANK,3,2022-02-18,2022-02-18,-0.007243934020974994,0.0003536751751171112,0.8252305153215642,200,False,1.0,0.0405,3,2021-12-31,False,041,0.296074025647473,14.85720393352161,0.012748005301318414,0.0038464361888806316,0.10041453600055328,0.9749705425043029,False
119528,"FARMERS NATIONAL BANK OF EMLENTON, THE",3,2022-02-18,2022-02-18,-0.04092242327129843,0.0003879592985688493,0.06342434631455382,200,False,1.0,0.0405,3,2021-12-31,False,051,0.28435347192586724,13.868271874280154,0.010265818486062126,0.004220657704407287,0.08883604097220774,0.9563146974219414,False
685676,OPPORTUNITY BANK OF MONTANA,3,2022-02-18,2022-02-18,-0.017033609562594473,-0.00032349921349171426,0.3423734144036716,200,False,1.0,0.0405,3,2021-12-31,False,051,0.2006654532442476,14.173779231241463,0.011732187161477444,0.005726006769848106,0.12429325226264108,0.9791126132776805,False
613008,ROCKLAND TRUST COMPANY,4,2022-05-26,2022-05-26,-0.0005943267445520772,0.000428520349787589,0.8414377082570084,200,False,1.0,0.0889,4,2022-03-31,False,041,0.3286433194731111,16.81899917317792,0.010672101680266603,0.004167546544202925,0.14384867231303455,0.9829543956414898,False
433608,TOMPKINS COMMUNITY BANK,4,2022-05-26,2022-05-26,-0.02934524914366838,0.0001259934484287279,0.73115325820809,200,False,1.0,0.0889,4,2022-03-31,False,041,0.434447288734158,15.875023971973087,0.011444816238601822,0.004976841885733291,0.07483748404296627,0.971577194535902,False
379920,FIRST NATIONAL BANK OF PENNSYLVANIA,4,2022-05-26,2022-05-26,-0.005999737201175397,0.0001238171744475608,0.9793491748146447,200,False,1.0,0.0889,4,2022-03-31,False,041,0.41492250629706395,17.552378640818215,0.004944628373557109,0.003991523264192819,0.13104385134861268,0.9402601215156535,False
491224,FIRST-CITIZENS BANK & TRUST COMPANY,4,2022-05-26,2022-05-26,0.010300707258893472,-0.0011245664640811173,1.1444562209758034,200,False,1.0,0.0889,4,2022-03-31,False,031,0.3335816295700257,18.50199505510309,0.010076704431107036,0.008733347333466632,0.09971223876632003,0.9392882764324638,False
246022,"BANK OF SOUTH CAROLINA, THE",4,2022-05-26,2022-05-26,0.016872811978084587,-0.0003569030230167073,0.1363217447571463,200,False,1.0,0.0889,4,2022-03-31,False,041,0.4364363421161822,13.407140735254377,0.009290948395822082,0.0019840457527249135,0.06692461484535896,0.975304959645044,False
437914,"WILMINGTON SAVINGS FUND SOCIETY, FSB",4,2022-05-26,2022-05-26,0.015892470563307833,-0.0004289096611642512,0.8650651850820862,200,False,1.0,0.0889,4,2022-03-31,False,041,0.44785095693325405,16.8536827804441,0.0015072553556637665,0.0030435543945251447,0.12490226226319864,0.9741528534985602,False
761806,"WEBSTER BANK, NATIONAL ASSOCIATION",4,2022-05-26,2022-05-26,0.04041522951739418,-0.00012365082221278697,1.1637306998168597,200,False,1.0,0.0889,4,2022-03-31,False,031,0.4102823050226007,17.99011717303277,0.0013275241666601168,0.0053978175137308,0.134156370220262,0.9705494272721565,False
837000,"FIRST NATIONAL BANK OF LONG ISLAND, THE",4,2022-05-26,2022-05-26,0.005122623854577787,-0.00019045656826394372,0.41837659079352735,200,False,1.0,0.0889,4,2022-03-31,False,041,0.5184391226798434,15.24816379673703,0.011893643636058132,0.0003827884667539693,0.09094202803426703,0.9319531971628852,False
510871,FIRSTBANK PUERTO RICO,4,2022-05-26,2022-05-26,0.022549430295563846,0.0006809782564502655,1.2245299519635704,200,False,1.0,0.0889,4,2022-03-31,False,031,0.46159154775049643,16.807264528554633,0.016295298854572194,0.020298033096612232,0.09669185534245167,0.9654275852981864,False
245276,ORIENTAL BANK,4,2022-05-26,2022-05-26,-0.014080750064844752,0.0010059474760947128,0.9505387340579216,200,False,1.0,0.0889,4,2022-03-31,False,041,0.3483954295258567,16.13274009571452,0.014629778580425842,0.023068312291247395,0.09788202479383637,0.9831326654185777,False
216922,FIRST BANK,4,2022-05-26,2022-05-26,-0.02423695249800059,-5.1674171666086484e-05,0.8402745962285886,200,False,1.0,0.0889,4,2022-03-31,False,041,0.36132426388850375,16.181974266906348,0.013003453215543128,0.00550872571616727,0.10939779335680506,0.9914439263116093,False
645625,"WESBANCO BANK, INC.",4,2022-05-26,2022-05-26,-0.009688251930698534,-2.352382402439008e-05,0.8154726452230774,200,False,1.0,0.0889,4,2022-03-31,False,041,0.30974986258334775,16.652462317195184,0.010626786543951383,0.004076491823739692,0.1486995296205881,0.9681101438548201,False
365325,UNITED BANK,4,2022-05-26,2022-05-26,-0.029551826018709725,-0.00015728484158289148,0.8982906221152928,200,False,1.0,0.0889,4,2022-03-31,False,041,0.36822354646820254,17.194266776453972,0.011349867559311104,0.00335466460133783,0.15908090140188624,0.9620259891970182,False
816603,"WASHINGTON TRUST COMPANY, OF WESTERLY, THE",4,2022-05-26,2022-05-26,0.004359521177400413,3.7416723449637804e-05,0.6208829354936071,200,False,1.0,0.0889,4,2022-03-31,False,041,0.29465164357831847,15.581484417498187,0.011458350435348909,0.0029371761989418817,0.08935067751344902,0.9652597737345222,False
130541,HORIZON BANK,4,2022-05-26,2022-05-26,-0.017077269691342403,0.0005679832310310616,0.7471550685672289,200,False,1.0,0.0889,4,2022-03-31,False,041,0.42116926170783686,15.810809331531681,0.013411291199825955,0.0053376889675575455,0.10138814859131948,0.8932857358372255,False
701062,CENTRAL PACIFIC BANK,4,2022-05-26,2022-05-26,-0.010710698078728396,0.0003951457555709712,0.7633764974747319,200,False,1.0,0.0889,4,2022-03-31,False,041,0.37197763588128185,15.801506430558874,0.011368184126374154,0.001285834925825087,0.07841771543856278,0.9850554180085258,False
802866,SILICON VALLEY BANK,4,2022-05-26,2022-05-26,0.026607014528749307,-5.643093328689579e-05,2.0203497567565134,200,False,1.0,0.0889,4,2022-03-31,False,031,0.8435787919007655,19.1991061337674,0.009439679712034674,0.0010631480834207153,0.06689959780352978,0.9861292211402676,True
509811,"COMMUNITY TRUST BANK, INC.",4,2022-05-26,2022-05-26,-0.031591477587247487,0.00012676968831058297,0.5081848867107414,200,False,1.0,0.0889,4,2022-03-31,False,041,0.2525765008344071,15.503818613964157,0.014178831229729707,0.003891988644149423,0.12362394897602157,0.9360972980132338,False
208244,OLD NATIONAL BANK,4,2022-05-26,2022-05-26,-0.00046267749411507166,-0.0005368530495331854,0.7430476945787367,200,False,1.0,0.0889,4,2022-03-31,False,031,0.3907461282699178,17.635151923226793,-0.000985613361593491,0.008090431151812717,0.10894050380434649,0.8905410712142232,False
4114567,FIRST REPUBLIC BANK,4,2022-05-26,2022-05-26,-0.009433910632321402,-0.000712428828293785,1.3945672171578858,200,False,1.0,0.0889,4,2022-03-31,False,031,0.728634362619819,19.04726562357984,0.00857862368946712,0.0009940351944080067,0.08633146720496385,0.9479030924309553,True
5210,ACNB BANK,4,2022-05-26,2022-05-26,0.07571167368868136,0.0012188374892678903,0.354224210483729,200,False,1.0,0.0889,4,2022-03-31,False,051,0.26071704747490104,14.817587349766963,0.010246948071042863,0.0037072965817069453,0.09190534422102159,0.9786654128879131,False
3938186,"BANKUNITED, NATIONAL ASSOCIATION",4,2022-05-26,2022-05-26,-0.04195443479858512,0.0003319743771860579,1.075640944017458,200,False,1.0,0.0889,4,2022-03-31,False,041,0.6768784074796476,17.404642961403436,0.009564492414409518,0.03663380135300645,0.09142816135601996,0.8739698287562858,False
680813,"FARMERS NATIONAL BANK OF CANFIELD, THE",4,2022-05-26,2022-05-26,-0.002032807472217464,0.0003503390534629662,0.5233522997970778,200,False,1.0,0.0889,4,2022-03-31,False,041,0.36265422627613647,15.246538772298473,0.010309352287522012,0.006089062619892238,0.08984106614442561,0.9928994931436362,False
785923,LCNB NATIONAL BANK,4,2022-05-26,2022-05-26,0.005934711659515427,0.0004026571753970267,0.45231681193646117,200,False,1.0,0.0889,4,2022-03-31,False,051,0.2681137862637668,14.45515410840661,0.010655104296064205,0.0010547139188167487,0.11752949274846305,0.9784858505001817,False
2787770,BANK OF THE JAMES,4,2022-05-26,2022-05-26,-0.0033689553830788498,-0.00037927749279812156,0.23047714872875033,200,False,1.0,0.0889,4,2022-03-31,False,041,0.23588133014070622,13.778734534121474,0.008399281247276666,0.0014145539672261792,0.07145198839704034,0.9882885298652544,False
258771,HOMESTREET BANK,4,2022-05-26,2022-05-26,-0.06645311521630423,0.0008197585569875452,0.6494639157024725,200,False,1.0,0.0889,4,2022-03-31,False,041,0.3927539187877293,15.827045914285568,0.011922215822930024,0.003824166860478834,0.09957115823398265,0.9396996840656402,False
212577,HOMETRUST BANK,4,2022-05-26,2022-05-26,0.0012425887149888582,0.0001959639192723318,0.43803918881314485,200,False,1.0,0.0889,4,2022-03-31,False,041,0.23727436778887373,15.080094525192544,0.009288407363976757,0.002086684111360201,0.10920739921487885,0.9704667229609795,False
4210227,NBH BANK,4,2022-05-26,2022-05-26,0.00471930769283842,0.0005205082403589475,0.696695263031331,200,False,1.0,0.0889,4,2022-03-31,False,041,0.28383576703273233,15.805418590205239,0.010907657712156116,0.002409962240706575,0.09834951067422881,0.982534924087037,False
884303,CHEMUNG CANAL TRUST COMPANY,4,2022-05-26,2022-05-26,-5.9214424172181245e-05,0.00039332649485481657,-0.027112947151288425,200,False,1.0,0.0889,4,2022-03-31,False,041,0.37715051030713426,14.720198638655566,0.01062820269500854,0.004923829034955037,0.07191356613348948,0.9822154473760285,False
2758613,FIRST INTERNET BANK OF INDIANA,4,2022-05-26,2022-05-26,-0.008041693355507744,0.0015884886227520152,0.8392969765330901,200,False,1.0,0.0889,4,2022-03-31,False,051,0.3599301720715874,15.25556177640706,0.01228075828162255,0.002430722687991612,0.10178842866186265,0.8604776971950311,False
122854,INDEPENDENT BANK DBA INDEPENDENT FINANCIAL,4,2022-05-26,2022-05-26,0.006855524436645775,-0.0001110178865239407,0.8163486965205609,200,False,1.0,0.0889,4,2022-03-31,False,041,0.5338619743683185,16.70359258531599,0.012486112682606531,0.0055104526662935775,0.15796706600963803,0.9824446988505698,False
2354985,CUSTOMERS BANK,4,2022-05-26,2022-05-26,-0.020668922687876984,0.0012425485439673978,1.7904320358349888,200,False,1.0,0.0889,4,2022-03-31,False,041,0.7120926782871636,16.768155408267674,0.016692355874253578,0.003530318432107736,0.07666890802327538,0.9388079641828531,False
3475083,TRISTATE CAPITAL BANK,4,2022-05-26,2022-05-26,-0.02360644687706808,0.0027677883461268336,1.1560549560940354,200,True,1.0,0.0889,4,2022-03-31,False,041,0.6675163193994658,16.425755335395568,0.007151395564599724,0.0,0.070510822370791,0.9647144151451386,False
697978,COMMUNITY BANK OF THE CHESAPEAKE,4,2022-05-26,2022-05-26,0.05346127247576089,0.0006875382455783587,0.24415262942397592,200,False,1.0,0.0889,4,2022-03-31,False,041,0.2513229367694163,14.670053112069331,0.011998473385726667,0.004657766885544633,0.09477687732497014,0.9856614078668137,False
3401970,FIRST BANK,4,2022-05-26,2022-05-26,0.01705035498722557,0.0002183607574526656,0.467421502015715,200,False,1.0,0.0889,4,2022-03-31,False,041,0.45587872693587156,14.760911447764842,0.012678308134328213,0.005851513488317189,0.10531597668080246,0.9457685456435662,False
3284070,ALLY BANK,4,2022-05-26,2022-05-26,0.020228997366882582,-0.0004437429521474361,1.3249537727324492,200,False,1.0,0.0889,4,2022-03-31,False,031,0.14966358834507504,18.977314948525315,0.02120599040572218,0.010763747697753965,0.08925429421305715,0.913804387499528,False
3109043,BANKWELL BANK,4,2022-05-26,2022-05-26,0.03863911375430211,0.0010804756256186019,0.3500701336484705,200,False,1.0,0.0889,4,2022-03-31,False,041,0.508285938374111,14.729324224443527,0.014806230614540374,0.008083935675689859,0.09655247081279085,0.9631744969332424,False
762447,"FIRST MID BANK & TRUST, NATIONAL ASSOCIATION",4,2022-05-26,2022-05-26,-0.002841081032188223,-0.00032992190530167656,0.6738562033097886,200,False,1.0,0.0889,4,2022-03-31,False,041,0.32031670330984185,15.585725263256974,0.009418073286724338,0.004667671814942619,0.10569055709749504,0.9460526132883886,False
1216022,SYNCHRONY BANK,4,2022-05-26,2022-05-26,0.028127744013036866,-0.0010460488561999924,1.2027347857436386,200,False,1.0,0.0889,4,2022-03-31,False,041,0.1551032412784121,18.271287064967503,0.04050021480905217,0.012708156468360217,0.1370365639840693,0.8920897189219736,False
3303298,"CITIZENS BANK, NATIONAL ASSOCIATION",4,2022-05-26,2022-05-26,-0.008794880225747287,-0.00022487818298762678,1.2148031247396673,200,False,1.0,0.0889,4,2022-03-31,False,031,0.4266522788380966,19.072323765078803,0.009379521198385551,0.012359069868743095,0.11257403349364248,0.947322550143627,False
177920,"MIDDLEFIELD BANKING COMPANY, THE",4,2022-05-26,2022-05-26,0.012835206771064943,0.00039929334610621265,0.21092079344914869,200,False,1.0,0.0889,4,2022-03-31,False,041,0.31591952205536705,14.093857190478714,0.013726547075424847,0.004835690834893069,0.10635197252873703,0.9911483583927947,False
371924,COMMUNITY BANK,4,2022-05-26,2022-05-26,0.0945396551708271,0.00020367174690708666,0.23482153841300854,200,False,1.0,0.0889,4,2022-03-31,False,051,0.36207383851653485,14.177891392304863,0.008661238660138952,0.005204567321352639,0.08242445080758881,0.9608085423678415,False
3221468,VERITEX COMMUNITY BANK,4,2022-05-26,2022-05-26,0.009418479061557891,0.0001740877131492699,1.1267691749514885,200,False,1.0,0.0889,4,2022-03-31,False,041,0.6187379142323691,16.16203023633782,0.013722086219535771,0.00680757050220627,0.15733141674817258,0.8998197875291789,False
3637685,FIRST FOUNDATION BANK,4,2022-05-26,2022-05-26,-0.04377933128330416,0.00030778335500584184,0.9730360437198687,200,False,1.0,0.0889,4,2022-03-31,False,041,0.6644134444361127,16.162136076767872,0.011956847714398302,0.0013727248696272184,0.11211649945848165,0.9744699658924875,False
866000,GLENS FALLS NATIONAL BANK AND TRUST COMPANY,4,2022-05-26,2022-05-26,0.0058481439860649295,-0.0003702024223043356,0.5348480332931096,200,False,1.0,0.0889,4,2022-03-31,False,041,0.2929302048779828,15.00519131581556,0.011645656524343037,0.0030759359903381645,0.08523106287461595,0.9838570488513567,False
766164,"TBK BANK, SSB",4,2022-05-26,2022-05-26,0.0034617089905273207,0.0004963033174302609,1.6730730821194038,200,False,1.0,0.0889,4,2022-03-31,False,041,0.38092527206761323,15.618925339381978,0.01805104523782107,0.012244313420906759,0.15983665497539595,0.9351086395149251,False
403179,FIRST FED BANK,4,2022-05-26,2022-05-26,-0.027482828474082267,0.0012953396632849425,0.37041756387199437,200,False,1.0,0.0889,4,2022-03-31,False,051,0.2695685259291692,14.47584938219615,0.007227267278686898,0.0008978555565836957,0.09705401540108544,0.8978361815169904,False
917742,"ASSOCIATED BANK, NATIONAL ASSOCIATION",4,2022-05-26,2022-05-26,-0.0003378561681364363,0.00047747960117822054,0.9382940471141928,200,False,1.0,0.0889,4,2022-03-31,False,041,0.5409218027396296,17.368188543686184,0.008798547165997378,0.006061402786312982,0.11101742956189006,0.9163131191244437,False
3650808,LIVE OAK BANKING COMPANY,4,2022-05-26,2022-05-26,0.003375733565906345,-0.0005147839678431617,1.8847442656659588,200,False,1.0,0.0889,4,2022-03-31,False,041,0.16111666451064097,15.96012530214135,0.017139274818998705,0.01302210946380575,0.07806879483896416,0.9721586541704474,False
139656,EQUITY BANK,4,2022-05-26,2022-05-26,-0.009227156703814264,9.43624587485414e-05,0.5688793551094896,200,False,1.0,0.0889,4,2022-03-31,False,041,0.3372460816177815,15.440289394376965,0.01361827240326347,0.006380712124462726,0.1027080162354135,0.967513400999206,False
422433,FIRST GUARANTY BANK,4,2022-05-26,2022-05-26,0.014998183653118679,0.0018037768894190115,0.3629867376060175,200,False,1.0,0.0889,4,2022-03-31,False,041,0.5037149675747361,14.88299571854386,0.011123578389281916,0.00865798731488549,0.08935553876694989,0.9943078446314222,False
3532641,SMARTBANK,4,2022-05-26,2022-05-26,0.004643563346249567,0.00026824549800430654,0.6668400484026075,200,False,1.0,0.0889,4,2022-03-31,False,041,0.3392473246248762,15.367001298511743,0.00784656307016278,0.0011977581154513641,0.0969426930047034,0.9859671561753783,False
2941068,NICOLET NATIONAL BANK,4,2022-05-26,2022-05-26,-0.016591397860882554,0.0013013089946317079,0.45566637018089934,200,False,1.0,0.0889,4,2022-03-31,False,041,0.2999011706202678,15.805724222577531,0.013214530298012997,0.00845287283678796,0.135021990278385,0.9892825678355691,False
773247,MIDLAND STATES BANK,4,2022-05-26,2022-05-26,-0.016727479478488877,0.0004786322218497864,0.5824767200469524,200,False,1.0,0.0889,4,2022-03-31,False,041,0.37349244486406036,15.79903119588587,0.014089702291612865,0.008619227507516768,0.09960641345065213,0.9319073535382367,False
40499,HARBORONE BANK,4,2022-05-26,2022-05-26,-0.012396618038574312,-0.0001555559490422047,0.6386905052299785,200,False,1.0,0.0889,4,2022-03-31,False,041,0.34134861716637405,15.34048736597019,0.011153773081696622,0.006938273310940091,0.1192506175684766,0.9587178496277312,False
980661,FIRST HAWAIIAN BANK,4,2022-05-26,2022-05-26,-0.00042288778973137604,0.00018222909722861552,0.9286421488679759,200,False,1.0,0.0889,4,2022-03-31,False,031,0.478388310312704,17.03606393495476,0.009599882181812024,0.0010105693233257908,0.09081720155128346,0.9786867659896911,False
436159,FIRSTBANK,4,2022-05-26,2022-05-26,0.02543928765392972,0.0006478418058275625,0.9512860094163689,200,False,1.0,0.0889,4,2022-03-31,False,041,0.5436761659004102,16.35394628424862,0.011183069122766997,0.0054496087936447175,0.10796311046922191,0.9760817401138868,False
795968,BANK OF HAWAII,4,2022-05-26,2022-05-26,-0.0046884310677559726,-0.00015128487244695307,0.7821487827831657,200,False,1.0,0.0889,4,2022-03-31,False,031,0.47617751968936106,16.94972948279443,0.009641505280186004,0.0020444174940048776,0.06185574684814608,0.9617262196831546,False
321273,AFFINITY BANK,4,2022-05-26,2022-05-26,-0.02831353547641531,0.0011499764625410073,0.1839377285548099,200,False,1.0,0.0889,4,2022-03-31,False,051,0.24358242294109783,13.541047396126773,0.009721308455485671,0.010527417816345997,0.1349719729466565,0.9670081106899259,False
214414,"FARMERS & MERCHANTS STATE BANK, THE",4,2022-05-26,2022-05-26,0.03691660979472831,0.0024724391641750255,0.35075403884849726,200,False,1.0,0.0889,4,2022-03-31,False,041,0.1928000024790026,14.79304952892989,0.012692693912917195,0.0043596439530961045,0.1093044263775971,0.9542056090557265,False
129732,BYLINE BANK,4,2022-05-26,2022-05-26,-0.01277048396551259,0.0005878917128443378,0.7306137640639611,200,False,1.0,0.0889,4,2022-03-31,False,041,0.36642553711025166,15.73580512576751,0.014083020761639217,0.006159771759363193,0.12444716141128025,0.9323304545178343,False
3835454,ROYAL BUSINESS BANK,4,2022-05-26,2022-05-26,-0.021407592891651075,-5.647607221277153e-05,0.788059894852071,200,False,1.0,0.0889,4,2022-03-31,False,041,0.558727575625592,15.204781235457055,0.016417064833996065,0.005986352077025165,0.1442186203473995,0.9435969984187027,False
3595271,"BANK OF PRINCETON, THE",4,2022-05-26,2022-05-26,0.013642185879998374,0.00017320706926374772,0.24726225580678313,200,False,1.0,0.0889,4,2022-03-31,False,041,0.3400698556063113,14.333082772222015,0.014353237196124554,0.0009626170568861524,0.12708371946942368,0.9841852545454421,False
736206,CAMBRIDGE TRUST COMPANY,4,2022-05-26,2022-05-26,0.003022201354597352,2.651760250692864e-05,0.5977254711196466,200,False,1.0,0.0889,4,2022-03-31,False,051,0.5233865563889943,15.428552169268576,0.010626436439167318,0.0017386694658572184,0.08380544558036576,0.976404841663239,False
1007819,"FIDELITY DEPOSIT AND DISCOUNT BANK, THE",4,2022-05-26,2022-05-26,0.01577606827035959,-0.0010396053816922027,0.7436618588545122,200,False,1.0,0.0889,4,2022-03-31,False,051,0.41120832786677586,14.699634233056406,0.013190342943959632,0.0016768079416219417,0.07231101979377594,0.9842386278072871,False
963945,MERCHANTS BANK OF INDIANA,4,2022-05-26,2022-05-26,0.030742251106294204,0.00010055017168447231,0.8614474717239005,200,False,1.0,0.0889,4,2022-03-31,False,041,0.6958491766030794,16.052430094955483,0.021377466244644636,0.0004831379721889905,0.12071720252358924,0.8845116541905378,False
2705895,METROPOLITAN COMMERCIAL BANK,4,2022-05-26,2022-05-26,-0.036091832174646864,0.0024477407584546124,1.2539654348909208,200,False,1.0,0.0889,4,2022-03-31,False,041,0.8096321846242701,15.705870545466853,0.011953936058010026,5.824305457641161e-06,0.08589312918997873,0.9862905747887531,False
3579589,ALLEGIANCE BANK,4,2022-05-26,2022-05-26,0.008514208877936292,0.00038521234171486285,0.5816853596205622,200,False,1.0,0.0889,4,2022-03-31,False,041,0.5725245622134126,15.781266330590293,0.011099802851614084,0.006133982519959081,0.10657496939557361,0.9741979132915076,False
3271799,MERIDIAN BANK,4,2022-05-26,2022-05-26,0.002953908322159598,0.0012529732955431727,0.2549696069821739,200,False,1.0,0.0889,4,2022-03-31,False,051,0.5337851329721233,14.420626204988167,0.013261521929996986,0.015097514279690952,0.10611565392494747,0.9574813528904776,False
979375,"STERLING BANK AND TRUST, FSB",4,2022-05-26,2022-05-26,-0.002138314880773185,0.002269888218279211,0.3991364260480363,200,False,1.0,0.0889,4,2022-03-31,False,041,0.20437884420822053,14.847808171288618,0.01028242474022345,0.02725684783362622,0.13592476462230396,0.917964432979279,False
497570,LUTHER BURBANK SAVINGS,4,2022-05-26,2022-05-26,-0.020197766586914943,0.0007938132396476719,0.44799676793533827,200,False,1.0,0.0889,4,2022-03-31,False,041,0.43725256264751455,15.797569812006392,0.01339217129236878,0.0003576419942381472,0.11124695201891846,0.8750564122885227,False
2757205,"MVB BANK, INC.",4,2022-05-26,2022-05-26,-0.06703399135899185,-9.678984601598785e-05,0.5891192618352165,200,False,1.0,0.0889,4,2022-03-31,False,041,0.7152398643159804,14.87599375078141,0.008791571062198253,0.012461890683550305,0.10805342261111184,0.9824268500643313,False
3378773,BRIDGEWATER BANK,4,2022-05-26,2022-05-26,-0.00271132182175262,8.979288575507112e-05,0.5424818386120661,200,False,1.0,0.0889,4,2022-03-31,False,041,0.40403571313870956,15.097506061889725,0.014449096293270704,0.00023700007586687982,0.108480325343302,0.9691304997385524,False
3357219,OPEN BANK,4,2022-05-26,2022-05-26,0.00015184373061348337,0.0016680168425442347,0.6477246731464936,200,False,1.0,0.0889,4,2022-03-31,False,051,0.5467838650005167,14.43810597402327,0.017798438532020504,0.0018525695324275594,0.08776617577701838,0.9847163601116115,False
3281510,UNITED BUSINESS BANK,4,2022-05-26,2022-05-26,0.046064256097320413,0.0010891721109004017,0.17958437328000273,200,False,1.0,0.0889,4,2022-03-31,False,051,0.4892160502519854,14.822225370259016,0.010411474693378197,0.0062606707476743195,0.13343803762045986,0.9881759107374032,False
667757,ORIGIN BANK,4,2022-05-26,2022-05-26,0.02731933774515198,-4.8765121107477127e-05,0.7308673522244791,200,False,1.0,0.0889,4,2022-03-31,False,041,0.5558480630710878,15.901306865282118,0.010615824121227177,0.011318179232942158,0.0845142218357968,0.9230274540280162,False
2562164,COASTAL COMMUNITY BANK,4,2022-05-26,2022-05-26,-0.029018937353312537,0.0022289167572431376,1.0349825585212666,200,False,1.0,0.0889,4,2022-03-31,False,041,0.31569869851224314,14.855884084720673,0.009224548577275556,0.0011952577067362584,0.0779673628772338,0.991588382149789,False
3158546,FIRST WESTERN TRUST BANK,4,2022-05-26,2022-05-26,0.018517896956434517,0.0010770280521315066,0.39471783191879356,200,False,1.0,0.0889,4,2022-03-31,False,051,0.47920260761716205,14.759907775843184,0.009158145238351735,0.002182538566448532,0.09259185077528047,0.9793471156380655,False
661308,AMALGAMATED BANK,4,2022-05-26,2022-05-26,0.02546588483641148,0.0010822207464937675,0.549519142472375,200,False,1.0,0.0889,4,2022-03-31,False,041,0.6655084286488491,15.851558311312022,0.007925565064643902,0.010515855205161314,0.07493165388078808,0.9895085394821217,False
83638,"AMERANT BANK, NATIONAL ASSOCIATION",4,2022-05-26,2022-05-26,-0.016284248300022324,0.0015997703239279495,0.733706361870164,200,False,1.0,0.0889,4,2022-03-31,False,031,0.4196786108299604,15.8657713271903,0.009240241253231852,0.008209499548781658,0.10506984171151157,0.8267881978282154,False
18854,BANK7,4,2022-05-26,2022-05-26,-0.023444140332449362,0.0016318951358081026,0.7469071532321084,200,False,1.0,0.0889,4,2022-03-31,False,041,0.33296587464387023,14.166330796514028,0.017416872736285338,0.009157412619138607,0.09030496425936044,0.9935084033938658,False
2808602,"CAPITAL BANK, NATIONAL ASSOCIATION",4,2022-05-26,2022-05-26,-0.003280134759535931,0.0005056334006938105,0.6370364993040023,200,False,1.0,0.0889,4,2022-03-31,False,041,0.4931795121511726,14.547579368495045,0.018647884126887945,0.0038007693061291835,0.08111704557805267,0.9759099390015727,False
3614976,FVCBANK,4,2022-05-26,2022-05-26,0.015379239091345072,0.0006224152397834468,0.23189745962726216,200,False,1.0,0.0889,4,2022-03-31,False,051,0.5006828556821445,14.550278933598618,0.013663315905667101,0.002304831484817931,0.10215880199462925,0.9727729409967318,False
594947,"BANK FIRST, NATIONAL ASSOCIATION",4,2022-05-26,2022-05-26,0.017005779671750758,0.00021468780159304823,0.3574530711292025,200,False,1.0,0.0889,4,2022-03-31,False,041,0.3217082894251387,14.888780764849214,0.014437273520143566,0.0023512574998122617,0.11266529888417805,0.9879289864224696,False
3476192,CARTER BANK & TRUST,4,2022-05-26,2022-05-26,-0.04234655953364085,0.0017625482714499802,0.8464774889851199,200,False,1.0,0.0889,4,2022-03-31,False,041,0.14860250905688147,15.231971303700442,0.00958543642407624,0.002521249395342409,0.08601398567472585,0.9906807777572241,False
3248849,MAINSTREET BANK,4,2022-05-26,2022-05-26,-0.012630503330007058,0.00023889122443936567,0.3048637916992871,200,False,1.0,0.0889,4,2022-03-31,False,041,0.47836804079898004,14.383496928900824,0.013133036022915946,0.0,0.13426058672529764,0.9548894179066475,False
289515,FARMERS AND MERCHANTS TRUST COMPANY OF CHAMBERSBURG,4,2022-05-26,2022-05-26,0.051319883097279605,0.0003796121775974276,0.10790369222486768,200,False,1.0,0.0889,4,2022-03-31,False,051,0.22689892983658233,14.384582070721377,0.007981315796325878,0.0073855788009190146,0.07817274284426924,0.991171146387772,False
2743244,RED RIVER BANK,4,2022-05-26,2022-05-26,0.025332386751454217,0.00035582637420720646,0.4650680181983577,200,False,1.0,0.0889,4,2022-03-31,False,041,0.397675952223939,14.982390655324826,0.009343839081232744,0.0001796680946656314,0.0784023816017405,0.9933009721529216,False
575254,CITY BANK,4,2022-05-26,2022-05-26,-0.02551914731644746,0.0006635314674758993,0.6180590689546528,200,False,1.0,0.0889,4,2022-03-31,False,041,0.4228438343987758,15.201191230816034,0.0156836219020369,0.004889196731676083,0.10082210436102548,0.9877524165357956,False
419675,FIRST BANK RICHMOND,4,2022-05-26,2022-05-26,0.014201469765107937,0.0008160196884944804,0.2014167796940157,200,False,1.0,0.0889,4,2022-03-31,False,051,0.24425309316355692,14.04056029135851,0.011370305457187686,0.009213764908198408,0.108401170566559,0.8320295533415426,False
3594005,CROSSFIRST BANK,4,2022-05-26,2022-05-26,-0.018123845349205733,0.0001680278950707415,0.632190233940104,200,False,1.0,0.0889,4,2022-03-31,False,041,0.512642967408836,15.522875586671914,0.012255159752299974,0.007955962523174716,0.11216209452612536,0.9447039811238129,False
933256,"ALERUS FINANCIAL, NATIONAL ASSOCIATION",4,2022-05-26,2022-05-26,-0.0529194725271608,-0.0005728229472420041,0.7746938532635951,200,False,1.0,0.0889,4,2022-03-31,False,041,0.6055865636237809,15.01990557314666,0.013421132255848355,0.0022908779035450723,0.09336497197233608,0.983589629267515,False
426534,HEARTLAND BANK AND TRUST COMPANY,4,2022-05-26,2022-05-26,0.014060031133458484,0.0004774908476606975,0.6484459479933812,200,False,1.0,0.0889,4,2022-03-31,False,041,0.21306909840298172,15.284878950726169,0.01409873578421572,0.0010017826428905968,0.09952745767906004,0.9811760359376109,False
3437456,METRO CITY BANK,4,2022-05-26,2022-05-26,-0.03546196120891815,0.0011535783248200965,0.9121605783017672,200,False,1.0,0.0889,4,2022-03-31,False,041,0.27920897814257856,14.961674466344407,0.024781149746940737,0.003720725608032947,0.09555382996286514,0.8529808162351576,False
324340,CHOICEONE BANK,4,2022-05-26,2022-05-26,-0.011236805059286432,0.0003163870769106888,0.06944949224582483,200,False,1.0,0.0889,4,2022-03-31,False,041,0.35133355772654185,14.680069162335604,0.010033875915243656,0.001121193634079675,0.08788613783394651,0.9974964439436204,False
128904,EASTERN BANK,4,2022-05-26,2022-05-26,-0.0022028525554998197,0.00015737698700151676,0.8351611535055171,200,False,1.0,0.0889,4,2022-03-31,False,041,0.5142676364251753,16.94292320581489,0.009148242902776623,0.0027814878904116797,0.12606934081991164,0.9791795489125449,False
395238,SYNOVUS BANK,4,2022-05-26,2022-05-26,-0.008662626297120274,0.00041929923452169475,1.325929877588794,200,False,1.0,0.0889,4,2022-03-31,False,041,0.5205499617576207,17.846669940646585,0.012300284466314836,0.003306134674991761,0.08660419115609426,0.9541053940696035,False
933966,CITIZENS BUSINESS BANK,4,2022-05-26,2022-05-26,0.0012369554635838576,0.0006971219935056374,0.4879450144682519,200,False,1.0,0.0889,4,2022-03-31,False,041,0.6503634193379256,16.67988781173248,0.010685975150825675,0.0015439348095204618,0.11606575114516213,0.9384750330139192,False
2708122,VIRGINIA NATIONAL BANK,4,2022-05-26,2022-05-26,-0.014733365195281248,-0.0003797196218438756,0.25874074137965414,200,False,1.0,0.0889,4,2022-03-31,False,051,0.27034427230985353,14.475091647816594,0.010752943926055155,0.0013456317120209105,0.07608654061930256,0.9939742516364157,False
2867337,FIVE STAR BANK,4,2022-05-26,2022-05-26,-0.005241595189239119,0.0005854246129654057,0.7640859403609392,200,False,1.0,0.0889,4,2022-03-31,False,041,0.6230352732581812,14.836879965783174,0.015210686371419466,0.0006352413534467583,0.09142724419741483,0.9938310064357287,False
3146150,U.S. CENTURY BANK,4,2022-05-26,2022-05-26,-0.008108106990706064,0.00180188457093832,0.10396474857095084,182,False,1.0,0.0889,4,2022-03-31,False,031,0.5280289656558546,14.492148203044318,0.009869604910809597,0.0,0.09705772315900556,0.9691338529483791,False
176101,ORANGE BANK & TRUST COMPANY,4,2022-05-26,2022-05-26,-0.04732913899730021,0.001282359440592099,0.3091783219164373,173,False,1.0,0.0889,4,2022-03-31,False,041,0.5079214777740414,14.63608566785353,0.009766679021007956,0.005098033925943245,0.0677439006675746,0.991301309548823,False
3630323,"THIRD COAST BANK, SSB",4,2022-05-26,2022-05-26,0.052868846073652345,-0.0004113978103836041,0.586135031634284,106,False,1.0,0.0889,4,2022-03-31,False,051,0.736623056313501,14.926859720508764,0.0028606643837081674,0.004058914722348745,0.12387578555548791,0.9741568948004256,False
60143,COMERICA BANK,4,2022-05-26,2022-05-26,-0.0008444656001782326,0.0014025603011649488,1.2543292883419526,200,False,1.0,0.0889,4,2022-03-31,False,031,0.6448664387897202,18.305741161847546,0.007942384061385206,0.00595130020779116,0.0805905184985753,0.9637863295834452,False
601050,COMMERCE BANK,4,2022-05-26,2022-05-26,-0.0024990251697892384,5.28973049932155e-05,0.779119342668434,200,False,1.0,0.0889,4,2022-03-31,False,041,0.4295185535741211,17.366229119838,0.013169857509292492,0.0012286718280580934,0.07271835726281119,0.9145952011515379,False
682563,FROST BANK,4,2022-05-26,2022-05-26,0.0025251491250920695,0.0012694494863111482,1.0620333449056782,200,False,1.0,0.0889,4,2022-03-31,False,041,0.5581378922106328,17.753697230037385,0.00791482634335362,0.00396177932965301,0.06909584245803062,0.9416653383305561,False
723112,"FIFTH THIRD BANK, NATIONAL ASSOCIATION",4,2022-05-26,2022-05-26,0.003099393468485482,0.0004843839186651932,1.2029570416654067,200,False,1.0,0.0889,4,2022-03-31,False,031,0.606200529280653,19.16334412981199,0.01059386752832909,0.007627104459895656,0.1013401199977974,0.9329337273657287,False
233031,REGIONS BANK,4,2022-05-26,2022-05-26,0.010101388415416378,0.0004972859092466278,1.2535770321688537,200,False,1.0,0.0889,4,2022-03-31,False,031,0.3912875515378834,18.910358315744165,0.014266541650580038,0.005599191227933743,0.10282573125218318,0.9724795081967214,False
342634,TRUSTMARK NATIONAL BANK,4,2022-05-26,2022-05-26,0.01510708676245209,8.415151933862025e-07,0.8086916454454155,200,False,1.0,0.0889,4,2022-03-31,False,041,0.4260362294449443,16.674230874464996,0.007044820185517726,0.01202989552696041,0.09972925357338722,0.9675313971377576,False
501105,MANUFACTURERS AND TRADERS TRUST COMPANY,4,2022-05-26,2022-05-26,0.005541756500396941,0.0007836387594364862,1.0343419652773087,200,False,1.0,0.0889,4,2022-03-31,False,031,0.5152831434819573,18.822255675124683,0.00908064335416642,0.03170082909196574,0.11039081893474575,0.9685867881302203,False
165628,FIRST FINANCIAL BANK,4,2022-05-26,2022-05-26,-0.028139326230831915,-0.00021670810966802255,0.927263943290152,200,False,1.0,0.0889,4,2022-03-31,False,041,0.41423769510973196,16.583450240144934,0.011747236620253893,0.004931120031181224,0.14445005798143237,0.9450079322469048,False
991340,1ST SOURCE BANK,4,2022-05-26,2022-05-26,0.018551683499875057,-5.499345440261085e-05,0.6901518299871489,200,False,1.0,0.0889,4,2022-03-31,False,041,0.3934908236851088,15.896211431352963,0.01353943861491538,0.006887877957160533,0.10627495527198788,0.9393884454103846,False
485559,FIRST HORIZON BANK,4,2022-05-26,2022-05-26,-0.04588465599929581,0.0018476764720675926,0.8315155841083308,200,False,1.0,0.0889,4,2022-03-31,False,041,0.501080490910973,18.296518693071768,0.009852262706022066,0.0067888688398699175,0.09382735115060323,0.9428347379054837,False
451965,"WELLS FARGO BANK, NATIONAL ASSOCIATION",4,2022-05-26,2022-05-26,-0.021027756548622437,0.0005891287289556499,1.1316563040168157,200,False,1.0,0.0889,4,2022-03-31,False,031,0.5217545392084982,21.29100397765552,0.008100791714656243,0.012602736626561908,0.09379109343683967,0.9495118122056331,False
12311,"HUNTINGTON NATIONAL BANK, THE",4,2022-05-26,2022-05-26,-0.04240710389460878,6.092736369297139e-05,1.1904175965536412,200,False,1.0,0.0889,4,2022-03-31,False,031,0.5763029163450821,18.98611156320192,0.011293473925593763,0.008364867564897904,0.10190552418028129,0.9519137811337129,False
852218,"JPMORGAN CHASE BANK, NATIONAL ASSOCIATION",4,2022-05-26,2022-05-26,-0.0090594549871874,-0.0005379332938384513,0.9288511142610912,200,False,1.0,0.0889,4,2022-03-31,False,031,0.46571754077102234,21.969352568887533,0.007344872783501419,0.008861618576852165,0.08604482799979636,0.8292652453771585,False
541101,"BANK OF NEW YORK MELLON, THE",4,2022-05-26,2022-05-26,-0.019501342517918817,-5.99925827317267e-05,1.0486517635781236,200,False,1.0,0.0889,4,2022-03-31,False,031,0.5998728357624963,19.75690474680393,0.005004402507457979,0.0015482810920121335,0.07051371348218627,0.9539697486405552,False
210434,"NORTHERN TRUST COMPANY, THE",4,2022-05-26,2022-05-26,-0.019113092235714235,0.0002343246650901696,1.182992798571925,200,False,1.0,0.0889,4,2022-03-31,False,031,0.32351762200361006,18.96369317586131,0.009069198824360447,0.005270052337365003,0.061784259778244165,0.9355596600456684,False
1394676,AMERICAN EXPRESS NATIONAL BANK,4,2022-05-26,2022-05-26,0.010370721261905143,0.0005993673311112163,1.22005054955675,200,False,1.0,0.0889,4,2022-03-31,False,031,0.20750486343232222,18.699747079808745,0.05336239141469501,0.0033420745243242468,0.10200663966487566,0.8376403778985564,False
480228,"BANK OF AMERICA, NATIONAL ASSOCIATION",4,2022-05-26,2022-05-26,-0.026050085163905983,-5.336542627373068e-05,1.0275990169219626,200,False,1.0,0.0889,4,2022-03-31,False,031,0.47548507828823855,21.64498938431676,0.00927746010831395,0.006461916783562543,0.09125965390936336,0.9413788559543338,False
817824,"PNC BANK, NATIONAL ASSOCIATION",4,2022-05-26,2022-05-26,0.015417002484201562,-3.532822270536992e-05,0.9865260147882343,200,False,1.0,0.0889,4,2022-03-31,False,031,0.46261340176435456,20.097575778013052,0.010105602700195697,0.012328648237649589,0.08730448588300019,0.9309791963520001,False
280110,KEYBANK NATIONAL ASSOCIATION,4,2022-05-26,2022-05-26,-0.01115261922377103,0.00029063610638896826,1.0885948249073658,200,False,1.0,0.0889,4,2022-03-31,False,031,0.5174318010862701,19.00335591741197,0.011210020395150322,0.004795546994846259,0.08370371476007406,0.9202805895590155,False
504713,U.S. BANK NATIONAL ASSOCIATION,4,2022-05-26,2022-05-26,-0.023643048733405794,-0.0003007076731226776,0.9441190930975613,200,False,1.0,0.0889,4,2022-03-31,False,031,0.46573387182858705,20.174295080582933,0.01081797520312645,0.0077487085666738,0.07894880718148928,0.8903531909050812,False
34537,SEACOAST NATIONAL BANK,4,2022-05-26,2022-05-26,-0.015776552495814514,0.0001933764654316256,0.8603496541150165,200,False,1.0,0.0889,4,2022-03-31,False,041,0.3916784230870496,16.204768912460015,0.007700403185466873,0.004055884021711318,0.12105907502913922,0.9644753873746349,False
476810,"CITIBANK, N.A.",4,2022-05-26,2022-05-26,-0.0519022402262257,-0.00151246465689922,0.8037919984607488,200,False,1.0,0.0889,4,2022-03-31,False,031,0.37699608919062777,21.264431317075047,0.008405083096237038,0.008203819196152443,0.09556125466237643,0.8842033900924009,False
852320,TRUIST BANK,4,2022-05-26,2022-05-26,-0.005805578273980963,7.09492752237919e-05,1.1565298537278612,200,False,1.0,0.0889,4,2022-03-31,False,031,0.44727891156462585,20.090357321378207,0.009641367492397065,0.009924857601366476,0.11393761357323767,0.9335197952885768,False
35301,STATE STREET BANK AND TRUST COMPANY,4,2022-05-26,2022-05-26,-0.023200563675651084,0.00037586157532870933,1.3108991052230956,200,False,1.0,0.0889,4,2022-03-31,False,031,0.6088286220112449,19.579114194494498,0.007359636288281726,0.0,0.08427474300928746,0.8812012905747584,False
17147,FIRST MERCHANTS BANK,4,2022-05-26,2022-05-26,-0.015149455554431252,-5.913821510602905e-05,0.7446363551439222,200,False,1.0,0.0889,4,2022-03-31,False,041,0.47022847460793493,16.55307807177421,0.013061253868202559,0.00478441705014402,0.1141078409790335,0.9542982096327861,False
572374,GREAT SOUTHERN BANK,4,2022-05-26,2022-05-26,-0.0072698993027413995,0.0004607443493557595,0.5630235767528982,200,False,1.0,0.0889,4,2022-03-31,False,041,0.6153444156439555,15.497720193025367,0.01370990762307238,0.0011904776165531253,0.12026183535800128,0.9590519063676366,False
489623,"PARK NATIONAL BANK, THE",4,2022-05-26,2022-05-26,-0.019793377026391966,0.0003030008033714592,0.8414740385630679,200,False,1.0,0.0889,4,2022-03-31,False,041,0.2269320427206557,16.07148034506917,0.017378722610663998,0.007962123168326762,0.1011130441524452,0.9622164174068156,False
595869,CATHAY BANK,4,2022-05-26,2022-05-26,0.031121392522444682,0.0006172078687210988,1.051491287232603,200,False,1.0,0.0889,4,2022-03-31,False,031,0.4799529787353474,16.85280814970502,0.0139470689595217,0.0049753230572736175,0.11915266208047695,0.985584464747238,False
1718188,NORTHRIM BANK,4,2022-05-26,2022-05-26,0.04169638269668274,0.00019105611746083812,0.6020118110403417,200,False,1.0,0.0889,4,2022-03-31,False,051,0.3742595686432722,14.775668116150008,0.012521687464683696,0.00669188164513458,0.07400765971391689,0.980694908863598,False
463735,HANCOCK WHITNEY BANK,4,2022-05-26,2022-05-26,-0.014751617255271738,0.0006894051904649498,1.1173560644734288,200,False,1.0,0.0889,4,2022-03-31,False,041,0.4670701940180948,17.407265266945554,0.013865446946077482,0.0021841564807405763,0.09605363004698478,0.9327998668746649,False
339858,"BOKF, NATIONAL ASSOCIATION",4,2022-05-26,2022-05-26,-0.018427891594594403,0.0002955926485214908,0.9853943549451736,200,False,1.0,0.0889,4,2022-03-31,False,041,0.6693881226992581,17.658219497470917,0.005703545938752903,0.011314420231326677,0.0960421575385924,0.9421121545037366,False
693345,"FIRST FINANCIAL BANK, NATIONAL ASSOCIATION",4,2022-05-26,2022-05-26,-0.01635464096248127,0.0002742832688989866,0.3390683939917387,200,False,1.0,0.0889,4,2022-03-31,False,041,0.31709946948700457,15.442121565070572,0.01641329868810388,0.0026224278012288863,0.09760966396656946,0.9613527359395918,False
702117,"NBT BANK, NATIONAL ASSOCIATION",4,2022-05-26,2022-05-26,-0.0021060166503377407,0.00012960378741286215,0.596618935751921,200,False,1.0,0.0889,4,2022-03-31,False,041,0.3390709271638575,16.305125439945005,0.011989417940267233,0.003628193083766738,0.10443273046734776,0.9790297313504716,False
677176,TRUSTCO BANK,4,2022-05-26,2022-05-26,0.0009440165267550335,-0.00030624250715843593,0.38586246227990045,200,False,1.0,0.0889,4,2022-03-31,False,041,0.12044775832056237,15.653046607456707,0.010998810229447561,0.004345980550381858,0.09139883296452515,0.9374564019426795,False
749242,RENASANT BANK,4,2022-05-26,2022-05-26,-0.021917439358339695,-0.000843103119589014,0.8119247425699382,200,False,1.0,0.0889,4,2022-03-31,False,041,0.4612307950985294,16.640230582739676,0.008962386299423506,0.004931317234293922,0.14254917693611707,0.9785209470667907,False
936426,S & T BANK,4,2022-05-26,2022-05-26,-0.01689067291361552,-0.00032401665173769224,0.7203322596963556,200,False,1.0,0.0889,4,2022-03-31,False,041,0.31953818259586336,16.059081681344953,0.012799492857488371,0.00770107869658238,0.1258334627497206,0.967442497687093,False
42420,FIRST COMMONWEALTH BANK,4,2022-05-26,2022-05-26,-0.012314534601022113,0.0003747030439933662,0.7919939121639294,200,False,1.0,0.0889,4,2022-03-31,False,041,0.2557465514967514,16.07902524650812,0.012129984620711815,0.004667934103437375,0.11152749918632231,0.9610806703752647,False
143662,UMPQUA BANK,4,2022-05-26,2022-05-26,0.02085294055087657,-0.0008894856830936679,0.9999452868508356,200,False,1.0,0.0889,4,2022-03-31,False,041,0.3810914114441938,17.237773070283342,0.012230301086630526,0.001803509844193687,0.08914666200936941,0.9666130642484053,False
61122,FIRST UNITED BANK & TRUST,4,2022-05-26,2022-05-26,0.11073697159342405,0.0014381453815632548,0.38849672112565514,200,False,1.0,0.0889,4,2022-03-31,False,041,0.3387034753700825,14.368430262805227,0.013509587699855205,0.002005008713197426,0.08571316805124025,0.9506853228164931,False
936855,"UMB BANK, NATIONAL ASSOCIATION",4,2022-05-26,2022-05-26,-0.005756008958762068,0.00020918934716943513,0.9819260848567127,200,False,1.0,0.0889,4,2022-03-31,False,031,0.8067153454029461,17.511646445368225,0.01012684793866112,0.006426553130669112,0.06394641445415293,0.9160506313325889,False
577128,PEOPLES BANK,4,2022-05-26,2022-05-26,0.004818749636190475,0.0003202914815831674,0.6292736550395657,200,False,1.0,0.0889,4,2022-03-31,False,041,0.2959007708233446,15.793687351534016,0.014013596973532239,0.00834584080905542,0.11044006888395544,0.9359613678368209,False
317342,STOCK YARDS BANK & TRUST COMPANY,4,2022-05-26,2022-05-26,0.02506018294073454,0.0003986908309104081,0.6628619071211639,200,False,1.0,0.0889,4,2022-03-31,False,041,0.4195357301064184,15.864360022507878,0.004380478901256082,0.0025305291010846625,0.09367855445742856,0.963697149650461,False
584724,UNIFIED BANK,4,2022-05-26,2022-05-26,0.01043955678270646,0.001507077870989983,0.222897155785427,200,False,1.0,0.0889,4,2022-03-31,False,051,0.15529189077635466,13.507263807929736,0.015717252774473483,0.008902520001470775,0.1065160997041106,0.9447943784435917,False
1386251,BANCFIRST,4,2022-05-26,2022-05-26,0.055759485837927475,0.0015466267371682385,0.602461927772403,200,False,1.0,0.0889,4,2022-03-31,False,041,0.3141711433741733,16.177066765307973,0.012921866394606204,0.004322234224366075,0.09336469872201093,0.9890744440753098,False
100562,TRI COUNTIES BANK,4,2022-05-26,2022-05-26,-0.0109114680047281,-0.0002647571894222703,0.691454591728412,200,False,1.0,0.0889,4,2022-03-31,False,041,0.3614339352352443,16.12946022881734,0.008205812486763782,0.002406968728029448,0.11844247359232389,0.9783188871836536,False
37640,GERMAN AMERICAN BANK,4,2022-05-26,2022-05-26,-0.013324312963698974,0.00015206666557805184,0.7338138228315736,200,False,1.0,0.0889,4,2022-03-31,False,041,0.4088089676047581,15.716023530152993,0.006278062435298031,0.004177754277000497,0.10005583523001199,0.9738233384313238,False
981275,PREMIER BANK,4,2022-05-26,2022-05-26,0.006240826322730779,0.0003247839777257277,0.663113954804021,200,False,1.0,0.0889,4,2022-03-31,False,041,0.2511703306909029,15.83452830141127,0.013928171363832646,0.008536882516338985,0.1260521285303105,0.9668700862323724,False
435077,"PATHWARD, NATIONAL ASSOCIATION",4,2022-05-26,2022-05-26,0.005385931371499087,4.0193672118780004e-05,1.281831967864022,200,False,1.0,0.0889,4,2022-03-31,False,041,0.028368744471787017,15.745777414826737,0.029392793776661146,0.009528392173543173,0.12373165254001793,0.9659231356120688,False
2142155,QUAD CITY BANK AND TRUST COMPANY,4,2022-05-26,2022-05-26,0.017228760868009278,0.0009443417625054643,0.7918912699610766,200,False,1.0,0.0889,4,2022-03-31,False,041,0.7753338277395004,14.602099810865488,0.018161168070954244,0.001472032563180394,0.10598872258861311,0.9835886537683748,False
921178,RIVERVIEW BANK,4,2022-05-26,2022-05-26,-0.014167524792391709,0.0001637981072924366,0.42275589046351375,200,False,1.0,0.0889,4,2022-03-31,False,041,0.30176712400519656,14.368838044481466,0.009885970914820331,0.022313026550674065,0.09960782735202958,0.9877452498950879,False
693224,ATLANTIC UNION BANK,4,2022-05-26,2022-05-26,-0.04026151470380508,0.00019513421597123478,0.8561646753091527,200,False,1.0,0.0889,4,2022-03-31,False,041,0.39207574042836424,16.795689757068555,0.00956928031071519,0.002765312105358109,0.14190752333068157,0.9791452267104299,False
470050,"FIRST FINANCIAL BANK, NATIONAL ASSOCIATION",4,2022-05-26,2022-05-26,-0.012265452121720833,-0.000511600438325356,0.9539096255221656,200,False,1.0,0.0889,4,2022-03-31,False,041,0.46195786092955937,16.401054913479566,0.015949950985308704,0.00513636520464747,0.10060230536714072,0.9333462192974937,False
936136,OLD SECOND NATIONAL BANK,4,2022-05-26,2022-05-26,0.025000336438074835,0.0008410165817951824,0.505933664011346,200,False,1.0,0.0889,4,2022-03-31,False,041,0.2325063799071801,15.643830795570667,0.00896548266677636,0.01076575051056387,0.09502470022932713,0.9876314908705452,False
694904,"FLAGSTAR BANK, NATIONAL ASSOCIATION",4,2022-05-26,2022-05-26,-0.04063201137671703,-0.00021991371170436435,0.8363066316087597,200,False,1.0,0.0889,4,2022-03-31,False,041,0.3934380196156576,17.92573642534776,0.010754573228871129,0.0013429293336610618,0.12131261750952277,0.7111754571890123,False
229801,VALLEY NATIONAL BANK,4,2022-05-26,2022-05-26,-0.01840310804348367,-0.00011720244817001833,1.0270365903069427,200,False,1.0,0.0889,4,2022-03-31,False,041,0.5193332713287947,17.586451104519004,0.01112653507638087,0.00682424094303609,0.13197748042215168,0.9460053220803184,False
481177,LANDMARK NATIONAL BANK,4,2022-05-26,2022-05-26,0.0033740494563974893,0.000212061907105504,0.028586872687540024,200,False,1.0,0.0889,4,2022-03-31,False,041,0.2918894931872302,14.080362494838104,0.01023911211919849,0.0073184855931009655,0.1088864812106461,0.9857310521616108,False
272272,SOUTHERN BANK,4,2022-05-26,2022-05-26,0.007201335342206682,0.00011615703129984257,0.3533865678688666,200,False,1.0,0.0889,4,2022-03-31,False,051,0.17466443216359073,14.99014795609391,0.012086615596256869,0.001485792539423067,0.0950212992463011,0.9787556308689733,False
764030,AMERIS BANK,4,2022-05-26,2022-05-26,0.003609334644251151,-0.0009486415325014118,1.087582498885799,200,False,1.0,0.0889,4,2022-03-31,False,041,0.45059964095388555,16.970800069534423,0.014904627604260355,0.006405324243543005,0.1342674805629436,0.9747945045223185,False
2236821,"PATRIOT BANK, NATIONAL ASSOCIATION",4,2022-05-26,2022-05-26,-0.06758615754241215,0.003387457644946744,0.4976087262109685,200,False,1.0,0.0889,4,2022-03-31,False,051,0.35437286248106725,13.790455279618627,0.004655187971158342,0.030117165089962615,0.09440495623713159,0.8866004594723428,False
268677,CARVER FEDERAL SAVINGS BANK,4,2022-05-26,2022-05-26,0.2104822306718166,0.00021790995444664972,1.0372410449859353,200,False,1.0,0.0889,4,2022-03-31,False,041,0.2870165361989902,13.508088256269515,0.0027742268882421737,0.022683152000414146,0.09552587918513884,0.9737992710826707,False
112837,"CAPITAL ONE, NATIONAL ASSOCIATION",4,2022-05-26,2022-05-26,0.009537864849358707,-0.0005165089409266551,1.2003251160068884,200,False,1.0,0.0889,4,2022-03-31,False,031,0.33373047965687425,19.769509557314635,0.010038032522017556,0.007662480831285368,0.09953984110416936,0.9161678104106339,False
1002878,NORTHWEST BANK,4,2022-05-26,2022-05-26,-0.0190110922350894,0.00011201778161271042,0.4483605616908658,200,False,1.0,0.0889,4,2022-03-31,False,041,0.24119568186930873,16.48789399514758,0.008370901314435452,0.012284296854385413,0.10375464258446984,0.9779650060380934,False
697763,WESTAMERICA BANK,4,2022-05-26,2022-05-26,-0.006718721019492734,0.0003075853171569715,0.5090362160169244,200,False,1.0,0.0889,4,2022-03-31,False,041,0.3742535918405815,15.798208793404491,0.012184549493329398,0.0009127054584773879,0.08077110980635369,0.9599991132051985,False
749635,AUBURNBANK,4,2022-05-26,2022-05-26,0.01902170690248285,-0.00031594350065544864,0.07741284297569434,200,False,1.0,0.0889,4,2022-03-31,False,051,0.41946768687140046,13.918971069757388,0.007563557144171065,0.0008640103588088301,0.0755363831625191,0.9948245860449147,False
959304,FLUSHING BANK,4,2022-05-26,2022-05-26,0.002850489804410464,0.00013274683137654068,0.6016685123380369,200,False,1.0,0.0889,4,2022-03-31,False,041,0.40977929195720525,15.915564080697706,0.009986032142847084,0.002592147067227827,0.10292744587807397,0.8827238020436419,False
352772,BANNER BANK,4,2022-05-26,2022-05-26,-0.007972947467297346,0.0004003953610523713,0.9295443373946068,200,False,1.0,0.0889,4,2022-03-31,False,041,0.32753576773689913,16.634953524069378,0.011179955900423606,0.0020201182366833366,0.09962535875933383,0.9662872964691951,False
498317,"OHIO VALLEY BANK COMPANY, THE",4,2022-05-26,2022-05-26,-0.020578448754058596,0.0012224685858700276,0.31786831157604556,200,False,1.0,0.0889,4,2022-03-31,False,041,0.3314044206640905,14.032446079274276,0.011140949105826137,0.005174524648327212,0.10408818093416536,0.9702810256262809,False
506922,SANDY SPRING BANK,4,2022-05-26,2022-05-26,-0.012556350015015982,0.00011742156589831058,0.8751754824438565,200,False,1.0,0.0889,4,2022-03-31,False,041,0.45383051660633644,16.3777905095763,0.014205562150915549,0.004346151454103302,0.13398958022247617,0.977174546449126,False
3317932,CONNECTONE BANK,4,2022-05-26,2022-05-26,0.013852042446533902,0.0010390162648819007,0.6228486088826564,200,False,1.0,0.0889,4,2022-03-31,False,041,0.5548424189731073,15.935781374137866,0.01592196408810144,0.010280655316407672,0.1357266919096829,0.9287805474061867,False
276579,"ZIONS BANCORPORATION, NATIONAL ASSOCIATION",4,2022-05-26,2022-05-26,-0.008722572920679513,0.001188615470710451,1.2074866408050813,200,False,1.0,0.0889,4,2022-03-31,False,041,0.573613676364478,18.327750989685747,0.008882538592192233,0.004978693577327932,0.06906802886046996,0.9707499686880668,False
1412712,"COMMUNITY WEST BANK, NATIONAL ASSOCIATION",4,2022-05-26,2022-05-26,0.013890795468171926,0.0002857294250501226,0.2842951581996902,200,False,1.0,0.0889,4,2022-03-31,False,051,0.41590766772473065,13.943448963957845,0.01414187453749858,0.0006020388449839831,0.09160717758206678,0.8971757300898028,False
1929247,"SOUTHSTATE BANK, N.A.",4,2022-05-26,2022-05-26,0.018360765936590834,-4.45374821152702e-05,1.0274343520008624,200,False,1.0,0.0889,4,2022-03-31,False,041,0.402662382367269,17.645396831446284,0.009139398097587136,0.004288074521328014,0.11886545672455832,0.9547453965457874,False
1890525,UNITY BANK,4,2022-05-26,2022-05-26,0.01500663230203428,0.001338777541291355,0.4723701474853834,200,False,1.0,0.0889,4,2022-03-31,False,051,0.39319619628538915,14.536519470488301,0.017507355919527626,0.0057801805946971875,0.10359993912007107,0.9618981335569716,False
876634,CAPITAL CITY BANK,4,2022-05-26,2022-05-26,-0.004652098281832705,4.84342125518022e-06,0.5052800364582118,200,False,1.0,0.0889,4,2022-03-31,False,041,0.368367900465127,15.274129534144349,0.0058343955384362435,0.00134207013950453,0.09188242744156593,0.9762789055143497,False
2239288,"WINTRUST BANK, NATIONAL ASSOCIATION",4,2022-05-26,2022-05-26,0.014078247015454282,0.0010277522456501886,1.1075086624099746,200,False,1.0,0.0889,4,2022-03-31,False,041,0.5559947833432958,16.07110623946014,0.014007792704624003,0.000934569493632512,0.09661318680742796,0.9726141351317078,False
556815,"PEOPLES BANK, A CODORUS VALLEY COMPANY",4,2022-05-26,2022-05-26,0.04837301539387812,0.00046624185227889925,0.22561892502195574,200,False,1.0,0.0889,4,2022-03-31,False,041,0.2896579759594971,14.67263667669045,0.006817239501794915,0.019969134511849628,0.09399930995820283,0.9840304916292758,False
729310,PATHFINDER BANK,4,2022-05-26,2022-05-26,-0.03684957698605196,0.001422150045339129,0.07128917413924062,200,False,1.0,0.0889,4,2022-03-31,False,051,0.31095255026897906,14.1000276270729,0.010072830143252678,0.009289040148101052,0.09137775370169736,0.9341535255343011,False
431172,PACIFIC PREMIER BANK,4,2022-05-26,2022-05-26,-0.0020866230896407125,-0.0007670066475679755,1.0647458896295392,200,False,1.0,0.0889,4,2022-03-31,False,041,0.5603336598152441,16.889216276667128,0.0133009716685585,0.0038708624834128415,0.14317011948869013,0.9575388399781672,False
107244,BANK OZK,4,2022-05-26,2022-05-26,-0.00014924593414177706,8.78363123083156e-05,1.014522411559145,200,False,1.0,0.0889,4,2022-03-31,False,041,0.4592814676407311,17.09500547051595,0.019954256311554928,0.0024344697291039017,0.17656782891184378,0.9296031347122965,False
874845,LAKE CITY BANK,4,2022-05-26,2022-05-26,-0.04539339621219235,0.0010984564842858244,0.471084043718325,200,False,1.0,0.0889,4,2022-03-31,False,041,0.5620066472966132,15.69563783104118,0.015052013635547383,0.003195170558700297,0.08992058543203213,0.9758809900618286,False
522605,BAR HARBOR BANK AND TRUST COMPANY,4,2022-05-26,2022-05-26,-0.004248893678184502,0.00020835415363098294,0.6511136268307771,200,False,1.0,0.0889,4,2022-03-31,False,041,0.19740269770705374,15.120864079043805,0.01118896132359156,0.003784141376966862,0.12515095582995142,0.9468040276242272,False
593007,CAMDEN NATIONAL BANK,4,2022-05-26,2022-05-26,-0.016247846763462033,0.00010154544699387925,0.5539004400384357,200,False,1.0,0.0889,4,2022-03-31,False,041,0.257037173705248,15.503196460837662,0.012856036873995969,0.0012572992973865853,0.09149402787595382,0.9400649396915873,False
786612,MID PENN BANK,4,2022-05-26,2022-05-26,0.015643291848105895,6.549239964032111e-06,0.5982571056493794,200,False,1.0,0.0889,4,2022-03-31,False,041,0.36801019156121245,15.355599892798361,0.010273939567507617,0.0024416707547606988,0.11374966854283391,0.9738078214690337,False
881478,HERITAGE BANK,4,2022-05-26,2022-05-26,0.015978772361004645,0.00024205744071754463,0.5248250474605396,200,False,1.0,0.0889,4,2022-03-31,False,041,0.4593475785384152,15.827848157292403,0.011300954552357079,0.004668630569915654,0.11193652964715997,0.9775272070326524,False
671464,BANK OF HOPE,4,2022-05-26,2022-05-26,-0.003297754142911462,0.0007697198945967943,0.6924224747132499,200,False,1.0,0.0889,4,2022-03-31,False,041,0.5748749255941977,16.694629573904685,0.014410358216096493,0.0051178112636551,0.12818978990802976,0.9401898783327101,False
606046,CADENCE BANK,4,2022-05-26,2022-05-26,-0.0020070491058196156,-6.4868006368106415e-06,1.0395033530788855,200,False,1.0,0.0889,4,2022-03-31,False,041,0.46419019678323753,17.670095428081126,0.009739411000208328,0.0040734939970270495,0.09836589473430021,0.9531944573200989,False
782306,BROOKLINE BANK,4,2022-05-26,2022-05-26,-0.021618501679512493,0.00015072215203049106,0.6385384085296322,200,False,1.0,0.0889,4,2022-03-31,False,041,0.46924270821195807,15.547336354115826,0.012681026699524789,0.004224163173250583,0.10542045761411951,0.9014708515034415,False
1001152,INTERNATIONAL BANK OF COMMERCE,4,2022-05-26,2022-05-26,0.0014757880298251298,-6.18281028791347e-05,0.8788063372739742,200,False,1.0,0.0889,4,2022-03-31,False,041,0.4350353108435746,16.04611027066564,0.015022602358081746,0.0011811629764344755,0.15386002496387868,0.8795718764815921,False
59316,WAYNE BANK,4,2022-05-26,2022-05-26,0.03597084991336657,0.0008426729389150085,0.36987896796219416,200,False,1.0,0.0889,4,2022-03-31,False,051,0.3186979815641224,14.547178687668996,0.014157980702847425,0.0040682972415618,0.08958478166217233,0.942358636586785,False
491934,COLONY BANK,4,2022-05-26,2022-05-26,0.03583538827683838,0.00017534838344443216,0.19570552218120046,200,False,1.0,0.0889,4,2022-03-31,False,051,0.33171945817051024,14.802255280038029,0.00844290822549812,0.0044773845283183145,0.0881349702216748,0.975348999025783,False
361167,SOUTHSIDE BANK,4,2022-05-26,2022-05-26,-0.00340558458428091,0.00030326055089988454,0.627196708040435,200,False,1.0,0.0889,4,2022-03-31,False,041,0.3517481371677011,15.77766701811299,0.015033762012005365,0.0006198566624203286,0.12842847008842173,0.9832450911790798,False
316840,REPUBLIC BANK & TRUST COMPANY,4,2022-05-26,2022-05-26,0.002567890746211686,-2.7936325762875715e-05,0.5813916089006513,200,False,1.0,0.0889,4,2022-03-31,False,041,0.3621962108658414,15.662646548849386,0.017597365725000397,0.003839800256152654,0.1275588251665857,0.9252656026894645,False
2209553,HERITAGE BANK OF COMMERCE,4,2022-05-26,2022-05-26,-0.01703763051971206,0.0003455083713322285,0.8176508876434483,200,False,1.0,0.0889,4,2022-03-31,False,041,0.6500966083804242,15.506713693689717,0.0102491612152956,0.0012661596518226252,0.11409904708897246,0.9801090223788581,False
821906,SALISBURY BANK AND TRUST COMPANY,4,2022-05-26,2022-05-26,-0.026579208855023025,0.0005285213028831889,0.4979017127102955,200,False,1.0,0.0889,4,2022-03-31,False,051,0.3112018891147628,14.197166463160807,0.010407535153764436,0.002549525504975463,0.10096756486617128,0.9847146914536535,False
416245,BUSEY BANK,4,2022-05-26,2022-05-26,0.003714492302734732,6.232819449679702e-05,0.785998758253751,200,False,1.0,0.0889,4,2022-03-31,False,041,0.38498108673072207,16.344206635085513,0.010477662064769435,0.0017425317028126948,0.11588935537811311,0.9638714511955999,False
399517,CNB BANK,4,2022-05-26,2022-05-26,0.0014709783094405769,0.0005992428996208764,0.5589026528535529,200,False,1.0,0.0889,4,2022-03-31,False,041,0.3418748119963481,15.476280734026615,0.012014371799930956,0.0050781513597971195,0.08726131942638195,0.9876120979941193,False
664756,PROSPERITY BANK,4,2022-05-26,2022-05-26,-0.0068736395288776665,-0.000213177694256695,0.7570929710296425,200,False,1.0,0.0889,4,2022-03-31,False,041,0.4493378731400081,17.460302012882913,0.013066773194575334,0.0014091582222334393,0.1694519029366327,0.9795715216942285,False
767974,CFBANK NATIONAL ASSOCIATION,4,2022-05-26,2022-05-26,0.002117430923544328,0.0008196181284418877,0.25735910627853165,200,False,1.0,0.0889,4,2022-03-31,False,051,0.21669236865872465,14.245099010969643,0.012763035874074676,0.0007707005100719678,0.10374945090702026,0.9454712856002864,False
716374,FIRST HARRISON BANK,4,2022-05-26,2022-05-26,-0.028794916329067992,-0.0004852153235804146,0.28591721422393074,200,False,1.0,0.0889,4,2022-03-31,False,051,0.27017797223685214,13.97152749524924,0.008131096825415837,0.002321877570545991,0.07692459057908399,0.9961384020436993,False
197478,EAST WEST BANK,4,2022-05-26,2022-05-26,-0.015643648082240075,0.0005088332659251308,1.4732291489892797,200,False,1.0,0.0889,4,2022-03-31,False,031,0.6360724043901059,17.94625953153847,0.015452881830648406,0.0019231006819170752,0.08858462686166592,0.9754458352343734,False
958727,AMERICAN NATIONAL BANK AND TRUST COMPANY,4,2022-05-26,2022-05-26,-0.003651086576595833,0.0009059892710402309,0.601062958768987,200,False,1.0,0.0889,4,2022-03-31,False,041,0.425682676970581,15.021625366560201,0.011430689173205895,0.0009208593481541618,0.10590151538056944,0.9813193005435061,False
968070,CAPITOL FEDERAL SAVINGS BANK,4,2022-05-26,2022-05-26,-0.014772060205322249,-0.0004651752358757316,0.3928525530051331,200,False,1.0,0.0889,4,2022-03-31,False,041,0.14694393424702454,16.071904895397093,0.00909327212225292,0.0016974108939982757,0.11047475241915096,0.798499809094226,False
202907,"COMMUNITY BANK, NATIONAL ASSOCIATION",4,2022-05-26,2022-05-26,0.017254529128942257,-0.0003648295441914008,0.5835367087384804,200,False,1.0,0.0889,4,2022-03-31,False,041,0.45251818559710283,16.54971649589033,0.009861073659172988,0.004853952989581831,0.09243259560375729,0.9720042945334169,False
601416,FIVE STAR BANK,4,2022-05-26,2022-05-26,-0.005417691490817372,9.473543810348853e-05,0.5623098200631584,200,False,1.0,0.0889,4,2022-03-31,False,041,0.340418519561327,15.53675832429325,0.011029596525154874,0.002571946024702663,0.08511846818948973,0.9810261279261453,False
662369,BANK OF THE SIERRA,4,2022-05-26,2022-05-26,0.006305779204696551,-0.0001762438583997117,0.5675724149210007,200,False,1.0,0.0889,4,2022-03-31,False,041,0.3030899184986282,15.045261629246994,0.00977786665684319,0.015360732786716525,0.11712068081364106,0.9525578179344794,False
439404,FIRST NATIONAL BANK,4,2022-05-26,2022-05-26,0.0060674314882372795,0.00014269283147127154,0.5184486560890611,200,False,1.0,0.0889,4,2022-03-31,False,041,0.22403951772592473,14.737398396770493,0.015749998408930356,0.0029834612600922383,0.08144526402209677,0.9351138625266101,False
2608754,MERCANTILE BANK,4,2022-05-26,2022-05-26,0.009689275046969195,0.0008606524928168493,0.5993186076771794,200,False,1.0,0.0889,4,2022-03-31,False,041,0.47596367877082024,15.455772103472011,0.010573801933785551,0.00045147295853422526,0.10471698149797984,0.8646307420942467,False
29636,"CITIZENS BANK OF PHILADELPHIA, THE",4,2022-05-26,2022-05-26,0.00025976815002652816,0.0006681656662914294,0.033293255220583726,200,False,1.0,0.0889,4,2022-03-31,False,051,0.3752593990028298,14.114531600623547,0.0065997398664331295,0.006106019427464227,0.059494059492576405,0.9069208741094434,False
2652092,EAGLEBANK,4,2022-05-26,2022-05-26,-0.049055103549007835,0.0001291418605432439,0.711402526491346,200,False,1.0,0.0889,4,2022-03-31,False,041,0.43775007429235235,16.22915068204282,0.016743382560608183,0.003326931688506076,0.1139361678898613,0.9720001571498591,False
1436204,BANK OF MARIN,4,2022-05-26,2022-05-26,-0.0103404799610581,0.0003420812791017426,0.4914921186818102,200,False,1.0,0.0889,4,2022-03-31,False,041,0.48519517045734023,15.281105351339452,0.009987718579493677,0.003487061358291694,0.09683038660840189,0.9876995451861765,False
2634351,MACATAWA BANK,4,2022-05-26,2022-05-26,0.004661028600300785,0.00021488543929450287,0.39691143728493244,200,False,1.0,0.0889,4,2022-03-31,False,051,0.4301492163900197,14.890360750976814,0.008409471202783769,8.252044648095636e-05,0.08108196674306055,0.9621265815261402,False
754929,"NATIONAL BANK OF BLACKSBURG, THE",4,2022-05-26,2022-05-26,0.012422673951945842,5.6655813254459325e-05,0.30483085738560967,200,False,1.0,0.0889,4,2022-03-31,False,041,0.37847724680778666,14.356800011204292,0.011274451889483367,0.003958121777847211,0.0917530399174495,0.9905816404144898,False
687009,LAKELAND BANK,4,2022-05-26,2022-05-26,-0.0045317120666555485,-0.00032714641369187324,0.7103393118243392,200,False,1.0,0.0889,4,2022-03-31,False,041,0.4221895415285581,16.145416416682828,0.00667823038182251,0.0027648224385929997,0.11967365101828613,0.9719702167249119,False
2634191,GLACIER BANK,4,2022-05-26,2022-05-26,0.0028290700641704636,-0.0004539636014858384,1.02053652496297,200,False,1.0,0.0889,4,2022-03-31,False,041,0.3219295248213976,17.076807584339313,0.01080505545569192,0.004529939589921946,0.11269133185596664,0.943808841167718,False
186221,"OLD POINT NATIONAL BANK OF PHOEBUS, THE",4,2022-05-26,2022-05-26,-0.02527742726180241,0.0003205731359048879,0.2661702767231188,200,False,1.0,0.0889,4,2022-03-31,False,041,0.3037961449741309,14.09147651398074,0.006987387340899967,0.00561217109714387,0.08693029231228036,0.9936737790942168,False
474919,"FULTON BANK, NATIONAL ASSOCIATION",4,2022-05-26,2022-05-26,-0.023890995857681462,0.00029277538241820697,0.7829701576457645,200,False,1.0,0.0889,4,2022-03-31,False,041,0.3602592051239175,17.046319341039904,0.011314258660762397,0.008698690418896794,0.10905631995053303,0.9630871689677021,False
473501,BERKSHIRE BANK,4,2022-05-26,2022-05-26,-0.018642471451876322,0.0003370816681100009,0.8879990476572271,200,False,1.0,0.0889,4,2022-03-31,False,041,0.48857564697919376,16.308121619075308,0.00714077207861531,0.004993792330724915,0.08763538003160556,0.9814195564382366,False
508346,HAWTHORN BANK,4,2022-05-26,2022-05-26,-0.020491636179798756,0.0009807045649522109,0.17377372464648075,200,False,1.0,0.0889,4,2022-03-31,False,041,0.26735111473909984,14.362985514794527,0.016202378184283255,0.012809851726659235,0.10269468940043334,0.9412873428369759,False
236706,PEAPACK-GLADSTONE BANK,4,2022-05-26,2022-05-26,0.010543122198534928,0.00030073970751567485,0.7116305579235831,200,False,1.0,0.0889,4,2022-03-31,False,041,0.6015613606364778,15.648951971849451,0.009349396527179737,0.003084776789676446,0.10248942629676837,0.9624157700334667,False
657365,HANMI BANK,4,2022-05-26,2022-05-26,0.001753031204054705,0.0014563218750838632,0.9128454212144851,200,False,1.0,0.0889,4,2022-03-31,False,041,0.4482318119912966,15.721600442742874,0.014267843166112534,0.002142676874053005,0.10707914017721822,0.9658614867170947,False
636771,INDEPENDENT BANK,4,2022-05-26,2022-05-26,-0.022155007741656154,0.00010949553371131075,0.6203871614987074,200,False,1.0,0.0889,4,2022-03-31,False,041,0.2122009250632284,15.375960936752868,0.015564911735330967,0.0019414226051697255,0.08027133154728086,0.9752970907984752,False
2353595,FIRST COMMUNITY BANK,4,2022-05-26,2022-05-26,-0.025229438137991625,-0.0002299617747436045,0.7463536448855863,200,False,1.0,0.0889,4,2022-03-31,False,051,0.16638334583295786,14.986794454375138,0.011861882898777855,0.009128475031813986,0.12381111498227598,0.9853949887165285,False
780218,"UNION BANK COMPANY, THE",4,2022-05-26,2022-05-26,0.06915195650379886,0.00019627251779485297,0.19843955104951067,200,False,1.0,0.0889,4,2022-03-31,False,051,0.2062587414806931,13.880543331938787,0.010453582010393613,0.0022427339262731235,0.10934562975429023,0.9944292536251934,False
542528,CIVISTA BANK,4,2022-05-26,2022-05-26,-0.03516940566643025,0.0003949068472120519,0.5183698207490823,200,False,1.0,0.0889,4,2022-03-31,False,041,0.34377046944000683,14.972393641547033,0.01194085797322395,0.0019357562252160425,0.12026203724143916,0.9511744469847425,False
933023,"SHORE UNITED BANK, NATIONAL ASSOCIATION",4,2022-05-26,2022-05-26,0.030141956533728732,0.0008933918104870774,0.39261597813992266,200,False,1.0,0.0889,4,2022-03-31,False,051,0.24902965841897973,15.066301869735627,0.00721764527042695,0.0015072850591906785,0.10862796605656971,0.9889747008100122,False
1162017,UNITED SECURITY BANK,4,2022-05-26,2022-05-26,-0.004139996095468286,8.82613867384019e-05,0.25681912201859414,200,False,1.0,0.0889,4,2022-03-31,False,051,0.5704449452825677,14.115247675496567,0.009633168927250309,0.012884092069517239,0.09055104690315849,0.9916614044593642,False
628123,"BANK OF GLEN BURNIE, THE",4,2022-05-26,2022-05-26,-0.045169121447221725,0.0004282937776512934,0.09481599129296392,200,False,1.0,0.0889,4,2022-03-31,False,041,0.08822065736173461,12.98859652849072,0.0025423128187893377,0.0010575171846542507,0.06214720265571094,0.9454162949094863,False
333203,UNION BANK,4,2022-05-26,2022-05-26,-0.029844724838056176,-0.0005820702330500769,0.01880392069871045,200,False,1.0,0.0889,4,2022-03-31,False,041,0.23201413228707043,14.024718254766668,0.008732044510388164,0.005576662258127017,0.06903945076705544,0.9909881177696681,False
2925666,PINNACLE BANK,4,2022-05-26,2022-05-26,-0.02248383699859339,-5.300999486565652e-05,1.243893082446552,200,False,1.0,0.0889,4,2022-03-31,False,041,0.5127248980049813,17.484213809511477,0.013233832909377734,0.0011471191602799961,0.13509259282642994,0.9589142308958056,False
139740,WEST BANK,4,2022-05-26,2022-05-26,-0.01829033982845172,-8.860786624684883e-05,0.6681725072608568,200,False,1.0,0.0889,4,2022-03-31,False,041,0.4840036202860052,15.08137983378637,0.015418307167104604,0.003540062240730669,0.08219027041538289,0.9512015345131813,False
494261,PACIFIC WESTERN BANK,4,2022-05-26,2022-05-26,-0.01994952446797492,0.000521814793146468,1.066062726989742,200,False,1.0,0.0889,4,2022-03-31,False,041,0.5952622202449018,17.484128450988024,0.013309354711258135,0.002731310431521424,0.09829096319520642,0.9448739074595004,False
2760232,VILLAGE BANK,4,2022-05-26,2022-05-26,0.005290937713431629,0.0009497449581598995,0.19302828673605826,200,False,1.0,0.0889,4,2022-03-31,False,051,0.32409731256031665,13.546025903580793,0.01015484967392144,0.006477252641362048,0.09400044253986459,0.9898103696938342,False
2328137,FIRST COMMUNITY BANK,4,2022-05-26,2022-05-26,-0.02339217254587585,0.00021770887209523448,0.1925408165986738,200,False,1.0,0.0889,4,2022-03-31,False,041,0.28646816501836836,14.31765097427091,0.008993774564927668,0.000363782572900113,0.08222888248417011,0.9467360331207453,False
204004,PROVIDENT BANK,4,2022-05-26,2022-05-26,-0.022529032576674386,4.631086220159472e-05,0.6372336565154233,200,False,1.0,0.0889,4,2022-03-31,False,041,0.49801016583687957,16.426429842726918,0.013002479216559927,0.004585795417971574,0.11435090678084023,0.9473967082347222,False
3465226,HTLF BANK,4,2022-05-26,2022-05-26,-0.0009644150586774524,2.6448834921391343e-05,0.8052731214571626,200,False,1.0,0.0889,4,2022-03-31,False,041,0.4317983090184802,14.789289138297724,0.0110576899473589,0.002921628913674552,0.13117260230723535,0.9892388708138546,False
2953418,OPTIMUMBANK,4,2022-05-26,2022-05-26,0.09906330308267729,0.0001592520587092881,0.8267568049088608,200,False,1.0,0.0889,4,2022-03-31,False,041,0.5982348414655213,12.861681496934905,0.010444813023830475,0.0,0.12165715368462583,0.9408734814254432,False
2618780,TEXAS CAPITAL BANK,4,2022-05-26,2022-05-26,0.022610775780021342,-0.0004907692122896232,1.1486413864939493,200,False,1.0,0.0889,4,2022-03-31,False,041,0.8376348451747849,17.252127945644354,0.005557363875519708,0.003192135347313438,0.09750694324621127,0.9201825377356866,False
354310,UNIVEST BANK AND TRUST CO.,4,2022-05-26,2022-05-26,-0.0044588040941020875,9.377513057435976e-06,0.804366284135838,200,False,1.0,0.0889,4,2022-03-31,False,041,0.4705978654214334,15.774547881688953,0.012076989539366678,0.005786744869681442,0.10839569031833081,0.9707644258899062,False
703767,CENTRAL VALLEY COMMUNITY BANK,4,2022-05-26,2022-05-26,-0.020958204679904602,0.00047583541688208373,0.3216192937191528,200,False,1.0,0.0889,4,2022-03-31,False,041,0.47679043785389097,14.700449725558913,0.010681692577750793,0.0002885255750255424,0.08779212138497142,0.9867890183885027,False
2942690,SIGNATURE BANK,4,2022-05-26,2022-05-26,0.04941509913585644,0.0008565077739219361,1.7375069220614587,200,False,1.0,0.0889,4,2022-03-31,False,041,0.8952389169804613,18.618279195812512,0.011113385177785881,0.002810091485334582,0.0670770781613203,0.9604267429652272,True
2849801,SOUTHERN FIRST BANK,4,2022-05-26,2022-05-26,0.0250681844607982,-0.00013358163746902255,0.6486473793334117,200,False,1.0,0.0889,4,2022-03-31,False,041,0.49971748017231143,14.93801220987509,0.010823649948527777,0.0016923550204665568,0.09808623574505838,0.984791195594044,False
2858960,"BANCORP BANK NATIONAL ASSOCIATION, THE",4,2022-05-26,2022-05-26,-0.009094631076639884,0.0009079415560897833,1.7013661265345497,200,False,1.0,0.0889,4,2022-03-31,False,041,0.17995717493453123,15.773364382231547,0.017741121075669806,0.005635457576644803,0.0990727553945755,0.9837520065368642,False
895710,CITIZENS & NORTHERN BANK,4,2022-05-26,2022-05-26,-0.0368291723397883,0.00020055912070520278,0.6242787909654138,200,False,1.0,0.0889,4,2022-03-31,False,051,0.2612810309268004,14.654625169574443,0.012700075227378099,0.011923790018254938,0.11967375255853023,0.9781167141301904,False
2372774,"SUMMIT COMMUNITY BANK, INC.",4,2022-05-26,2022-05-26,-0.039478591644470575,0.0006358361256617225,0.749789800698534,200,False,1.0,0.0889,4,2022-03-31,False,041,0.2365111650446893,15.102258303243447,0.013792909178730352,0.00411556267069255,0.11647253472875244,0.9448004138476421,False
1356768,ENTERPRISE BANK AND TRUST COMPANY,4,2022-05-26,2022-05-26,-0.00447244237583903,0.0009345994253904205,0.6154926223805093,200,False,1.0,0.0889,4,2022-03-31,False,041,0.36728172994633385,15.309419542331549,0.010004323742825753,0.008496578484245232,0.08305245467815055,0.9878179046296516,False
1190476,ENTERPRISE BANK & TRUST,4,2022-05-26,2022-05-26,-0.0062807609836522255,7.103048981918173e-05,0.7217052318126955,200,False,1.0,0.0889,4,2022-03-31,False,041,0.5147805817740291,16.430404797267492,0.014586516926121475,0.002469553304990771,0.1107565025054203,0.971186819909272,False
633378,KEARNY BANK,4,2022-05-26,2022-05-26,-0.029709712300921565,0.0002768394966464437,0.6599516737240291,200,False,1.0,0.0889,4,2022-03-31,False,041,0.2258893342219534,15.81515996474126,0.009703151683091752,0.01609960641411356,0.11117644080403268,0.8602406757381461,False
1918344,PREFERRED BANK,4,2022-05-26,2022-05-26,-0.016997187113175098,0.0007104475337846784,0.7050487612877889,200,False,1.0,0.0889,4,2022-03-31,False,041,0.6348479492337132,15.630854546399133,0.016946898426859404,0.00046795639272099695,0.09690162552381182,0.957569200909028,False
3138146,WESTERN ALLIANCE BANK,4,2022-05-26,2022-05-26,0.007168752537687527,-0.000639103505739889,1.4494588914787825,200,False,1.0,0.0889,4,2022-03-31,False,041,0.7536798901099634,17.918769006525682,0.015447685543030516,0.013359810585543133,0.08805611899217579,0.9507059225634291,False
537449,FIRST BUSINESS BANK,4,2022-05-26,2022-05-26,0.052243423669474126,0.000998888829433616,0.43402718731406537,200,False,1.0,0.0889,4,2022-03-31,False,041,0.5523699343858106,14.816697431293882,0.01378352458745329,0.002492382414970801,0.09821422666093456,0.8322590608254602,False
310978,WATERSTONE BANK,4,2022-05-26,2022-05-26,0.006150567879486884,3.1258806938116036e-05,0.2486028785035165,200,False,1.0,0.0889,4,2022-03-31,False,041,0.184994956022824,14.507308328479873,0.010676397121518367,0.004880104798157808,0.18793042417700268,0.7822934013338274,False
220527,PEOPLES BANK,4,2022-05-26,2022-05-26,0.01698828374179015,0.0006043974539600093,0.0959114104933414,200,False,1.0,0.0889,4,2022-03-31,False,041,0.3103864586436606,14.323537067863683,0.00873642004129944,0.0037152933330189537,0.08351584348571126,0.965216740502257,False
2954059,BCB COMMUNITY BANK,4,2022-05-26,2022-05-26,0.02120521805243311,0.0016034367780781952,0.43386288171367243,200,False,1.0,0.0889,4,2022-03-31,False,041,0.37567407611000236,14.926889669491825,0.013699973605796983,0.004068742323273263,0.1018118534325299,0.9651819260394857,False
2385514,"FIRST BANK, THE",4,2022-05-26,2022-05-26,-0.014523466169422246,-0.0005085974414591175,0.6886310405193176,200,False,1.0,0.0889,4,2022-03-31,False,041,0.3985046964292236,15.638412687736444,0.011060784555743032,0.008304965755781765,0.11575583427951422,0.9955485648396916,False
456045,CENTENNIAL BANK,4,2022-05-26,2022-05-26,0.020198138697927602,-0.0003774904451997383,1.0079739527643432,200,False,1.0,0.0889,4,2022-03-31,False,041,0.4826598098433607,16.738231019899466,0.015066644714332885,0.004444073068817727,0.1459760990290503,0.9577526261602728,False
561574,SUMMIT STATE BANK,4,2022-05-26,2022-05-26,-0.004367555693559302,0.001186399528211079,0.2074111502666297,200,False,1.0,0.0889,4,2022-03-31,False,051,0.39516235662925187,13.798036776799623,0.016017454344149355,0.0,0.08518354944345961,0.925430214578907,False
522847,"LIMESTONE BANK, INC",4,2022-05-26,2022-05-26,0.04749557290274013,0.0013654617851672037,0.16874530774558416,200,False,1.0,0.0889,4,2022-03-31,False,051,0.2128834034181647,14.15527380184696,0.011892226695571384,0.0032913676792850084,0.11648245248698041,0.9682812759367028,False
663245,SIMMONS BANK,4,2022-05-26,2022-05-26,-0.014834886746103533,-0.0005779555294259175,0.8153360491856876,200,False,1.0,0.0889,4,2022-03-31,False,041,0.44735462011838806,17.011391167847364,0.011873109498532623,0.00535287497438796,0.12793598835348155,0.9186819686559478,False
30810,DISCOVER BANK,4,2022-05-26,2022-05-26,0.0024612295561839206,9.924953329058972e-06,1.279131223793287,200,False,1.0,0.0889,4,2022-03-31,False,031,0.11494179103830192,18.475712417883358,0.04906790823412969,0.009216452063030758,0.11467318032257615,0.8083682618305958,False
768074,FIRST FINANCIAL NORTHWEST BANK,4,2022-05-26,2022-05-26,0.0004692015662332155,0.0008660383488081212,0.2141248544749976,200,False,1.0,0.0889,4,2022-03-31,False,051,0.37042899398036866,14.162744677229517,0.010144521986392943,0.00016101486879927781,0.10554231783530768,0.912385150775405,False
2797724,TOWNEBANK,4,2022-05-26,2022-05-26,-0.011963446904231598,-3.129821993775e-05,0.7882883510012458,200,False,1.0,0.0889,4,2022-03-31,False,041,0.4989229616475523,16.62891655471317,0.010940691640064542,0.0004795972999411372,0.11175160746758725,0.9416373218600607,False
28013,NORTHFIELD BANK,4,2022-05-26,2022-05-26,-0.005926897366098707,-0.0007386803600782815,0.45171324963707904,200,False,1.0,0.0889,4,2022-03-31,False,041,0.3908535250550548,15.525771969343623,0.010326183949933522,0.0029251668748193254,0.12217274424829855,0.8967499918634443,False
836843,MIDWESTONE BANK,4,2022-05-26,2022-05-26,-0.013972351139994675,0.0005185533687351345,0.5893767509119414,200,False,1.0,0.0889,4,2022-03-31,False,041,0.38937106021702306,15.600317581520855,0.010545731006322135,0.00957530797626041,0.09612616075039901,0.949560583838331,False
676478,MALVERN BANK NA,4,2022-05-26,2022-05-26,0.028186531726248923,-0.0006445882254971124,0.13149975994295315,200,False,1.0,0.0889,4,2022-03-31,False,051,0.3564875749855334,13.910917096762285,0.0030797032285979713,0.017939340168644423,0.1460268374138492,0.9179018607478118,False
23504,DIME COMMUNITY BANK,4,2022-05-26,2022-05-26,0.019535315269312296,0.00034398247406309244,0.7090487835877095,200,False,1.0,0.0889,4,2022-03-31,False,041,0.55232015796918,16.306270792050423,0.012010158031403803,0.005546082175035411,0.11110870854928429,0.9734715493180385,False
785473,FIRST SAVINGS BANK,4,2022-05-26,2022-05-26,0.004050368370543322,0.00019404977831770725,0.240671070701424,200,False,1.0,0.0889,4,2022-03-31,False,041,0.3283450375591665,14.401630835213384,0.016044491856719214,0.007771582254268922,0.10686626566566666,0.7844082484093101,False
929978,"HOME BANK, NATIONAL ASSOCIATION",4,2022-05-26,2022-05-26,0.014891773840526912,0.0003937654238851922,0.5659130064231178,200,False,1.0,0.0889,4,2022-03-31,False,041,0.33173075619313636,15.017173296140792,0.00533671393373069,0.009769415342833727,0.09739322512765956,0.9827743643951339,False
1864197,OAK VALLEY COMMUNITY BANK,4,2022-05-26,2022-05-26,-0.016496656567054936,0.00017049755283624524,0.37465381147338855,200,False,1.0,0.0889,4,2022-03-31,False,041,0.4511596217231857,14.481217680158828,0.005190491020450535,0.0,0.06751698215601691,0.9916979289463083,False
342410,ORRSTOWN BANK,4,2022-05-26,2022-05-26,0.013099950310101187,-0.0001448156917232321,0.5269770345829157,200,False,1.0,0.0889,4,2022-03-31,False,041,0.30307563663294207,14.880176811208695,0.012917815999401353,0.002894682506509007,0.09476904317467914,0.9762922881938003,False
119528,"FARMERS NATIONAL BANK OF EMLENTON, THE",4,2022-05-26,2022-05-26,-0.009574903400634757,0.001656188674786254,0.33669802052480696,200,False,1.0,0.0889,4,2022-03-31,False,051,0.2857118436727084,13.866408024022126,0.010815280147118222,0.0053196244970943225,0.07939537071796163,0.9662538686906018,False
685676,OPPORTUNITY BANK OF MONTANA,4,2022-05-26,2022-05-26,-0.00890317661605893,-0.00013431710327120347,0.22249873678791834,200,False,1.0,0.0889,4,2022-03-31,False,051,0.2137519834742539,14.194837692784688,0.008326826574401851,0.004853329745070216,0.11524935656651163,0.9851201226402617,False
613008,ROCKLAND TRUST COMPANY,5,2022-10-14,2022-10-14,0.041317988148247525,0.0001722935572447686,0.6059507971782584,200,False,0.25,0.0103,4,2022-09-30,False,041,0.32065554753975367,16.796398649787452,0.01285122366430962,0.004087206184401096,0.14308859607327143,0.9753137328476207,False
433608,TOMPKINS COMMUNITY BANK,5,2022-10-14,2022-10-14,0.028027760260581652,-7.4472870081154e-05,0.5633960801039944,200,False,0.25,0.0103,4,2022-09-30,False,041,0.4498691796860886,15.860992313514215,0.011086335243056609,0.005793293802592563,0.06448539309336505,0.9642918520683577,False
379920,FIRST NATIONAL BANK OF PENNSYLVANIA,5,2022-10-14,2022-10-14,0.09211354448866818,0.0007293257056696159,0.816212442738563,200,False,0.25,0.0103,4,2022-09-30,False,041,0.4311686323331906,17.567289761475077,0.009425245677083638,0.003314881564282737,0.12790236863550536,0.9324574718566842,False
491224,FIRST-CITIZENS BANK & TRUST COMPANY,5,2022-10-14,2022-10-14,-0.02720504863844306,0.0010809883998134622,1.0699055272370381,200,False,0.25,0.0103,4,2022-09-30,False,031,0.32348000002054,18.508075717359482,0.010501410923670915,0.0072370310003684836,0.09237805980979277,0.8847331934320776,False
246022,"BANK OF SOUTH CAROLINA, THE",5,2022-10-14,2022-10-14,0.0022006533984643673,-0.0006770520960757027,0.20780253611934546,200,False,0.25,0.0103,4,2022-09-30,False,041,0.4115932826872012,13.353748076978679,0.01068279771237059,0.001927403173831094,0.05638936671258006,0.9746736244128771,False
437914,"WILMINGTON SAVINGS FUND SOCIETY, FSB",5,2022-10-14,2022-10-14,0.03704562140709161,0.00026947013598210026,0.7848960986557865,200,False,0.25,0.0103,4,2022-09-30,False,041,0.44859491859196243,16.805435652446114,0.009493101714847903,0.003749704046770553,0.1052772923698739,0.9547323220297005,False
761806,"WEBSTER BANK, NATIONAL ASSOCIATION",5,2022-10-14,2022-10-14,0.06182190213121505,0.00024486876420359925,1.066654845129232,200,False,0.25,0.0103,4,2022-09-30,False,031,0.40231024822456807,18.048903793753052,0.00882524905221552,0.004201546340847242,0.12116170889498863,0.8963621146762265,False
837000,"FIRST NATIONAL BANK OF LONG ISLAND, THE",5,2022-10-14,2022-10-14,0.05269495111404628,-0.0002445379987715325,0.3475642727790485,200,False,0.25,0.0103,4,2022-09-30,False,041,0.5048303879113872,15.271808479652794,0.01196692127143255,0.0,0.08371211697398258,0.9125303849974751,False
510871,FIRSTBANK PUERTO RICO,5,2022-10-14,2022-10-14,-0.013251004272006765,0.0014411735176578407,1.1390912129649544,200,False,0.25,0.0103,4,2022-09-30,False,031,0.49609137447325535,16.72956460795079,0.016878833037307212,0.015852654638443816,0.0762721966013485,0.9755799630297209,False
245276,ORIENTAL BANK,5,2022-10-14,2022-10-14,-0.007478415913302769,0.0010499247267763093,0.8434270283605975,200,False,0.25,0.0103,4,2022-09-30,False,041,0.360992548781299,16.11640271875692,0.01569561580079371,0.02536276031359923,0.0923590252912802,0.9788802785370404,False
216922,FIRST BANK,5,2022-10-14,2022-10-14,0.004066392284464395,-0.0007466585994144971,0.7327008992048376,200,False,0.25,0.0103,4,2022-09-30,False,041,0.34513023157809114,16.168364055325473,0.014066302361151514,0.0043910273493811295,0.09912811837497919,0.9759074808078582,False
645625,"WESBANCO BANK, INC.",5,2022-10-14,2022-10-14,0.009874105853618835,0.000619264808660067,0.6248236535468387,200,False,0.25,0.0103,4,2022-09-30,False,041,0.30870029759886497,16.622529148545908,0.01178976129362504,0.005128627090435513,0.14472323884990954,0.9672070024215277,False
365325,UNITED BANK,5,2022-10-14,2022-10-14,0.011287148704507277,0.0007038983500019763,0.6650478714826591,200,False,0.25,0.0103,4,2022-09-30,False,041,0.3762514385501795,17.182887453630354,0.013081514207819452,0.0030022367982569698,0.15604307388735486,0.943778527981,False
816603,"WASHINGTON TRUST COMPANY, OF WESTERLY, THE",5,2022-10-14,2022-10-14,0.0018498917053660895,-1.9281432860836402e-05,0.4450587475332761,200,False,0.25,0.0103,4,2022-09-30,False,041,0.34150308537286933,15.672897330391537,0.011627749686851551,0.002497672026853052,0.06832931375382942,0.8514880080841817,False
130541,HORIZON BANK,5,2022-10-14,2022-10-14,0.02322313974649331,0.0005634939024332216,0.6228419172074234,200,False,0.25,0.0103,4,2022-09-30,False,041,0.4247254021067689,15.849672136255093,0.013296644096220177,0.0041745256536259,0.09317695546558069,0.8485724872115836,False
701062,CENTRAL PACIFIC BANK,5,2022-10-14,2022-10-14,-0.00849727493763824,-0.0003897343415458257,0.7144291900008924,200,False,0.25,0.0103,4,2022-09-30,False,041,0.36557874417537556,15.806825555632264,0.010382662858786246,0.0011089779648014266,0.07117414500161089,0.9660715970697543,False
802866,SILICON VALLEY BANK,5,2022-10-14,2022-10-14,-0.40873259883483537,-0.0008141183947146651,1.804346667227184,200,False,0.25,0.0103,4,2022-09-30,False,031,0.8457901474748153,19.16377931895472,0.010191333244547605,0.0011368677905944987,0.07195924735069728,0.9167824103733696,True
509811,"COMMUNITY TRUST BANK, INC.",5,2022-10-14,2022-10-14,0.07435258437805237,0.0002082626614670117,0.3622209843011702,200,False,0.25,0.0103,4,2022-09-30,False,041,0.2684297293765616,15.510321622897402,0.014277904597403747,0.003770177761733687,0.11424710918891284,0.9424180222084885,False
208244,OLD NATIONAL BANK,5,2022-10-14,2022-10-14,-0.001938217487917086,0.00038974053153493084,0.6176639774731821,200,False,0.25,0.0103,4,2022-09-30,False,031,0.3951741483473251,17.64315128003264,0.00750367889692804,0.007673850141025729,0.10372892087372954,0.8871498872684677,False
4114567,FIRST REPUBLIC BANK,5,2022-10-14,2022-10-14,-0.17040728120128826,-0.0005671866551220252,1.166283631162049,200,False,0.25,0.0103,4,2022-09-30,False,031,0.6835630354768786,19.139050567343542,0.00831694994615497,0.0007535059090207749,0.08346388647560195,0.9169790196333129,True
5210,ACNB BANK,5,2022-10-14,2022-10-14,0.055203299247672546,0.0016810766494280184,0.28078055277760516,200,False,0.25,0.0103,4,2022-09-30,False,051,0.2619727381703954,14.783399317789991,0.012816787032981421,0.0025551230807109816,0.0852490577921661,0.9748689042609697,False
3938186,"BANKUNITED, NATIONAL ASSOCIATION",5,2022-10-14,2022-10-14,-0.05131498756558201,0.0003609039865295644,0.9299066668163011,200,False,0.25,0.0103,4,2022-09-30,False,041,0.6668125100266556,17.412041252935893,0.009774138429172043,0.030326374396024976,0.078436429951685,0.8228764089485427,False
680813,"FARMERS NATIONAL BANK OF CANFIELD, THE",5,2022-10-14,2022-10-14,0.03423417827212321,-0.0006404983944782471,0.3623063838516062,200,False,0.25,0.0103,4,2022-09-30,False,041,0.3574890102599908,15.226649959081278,0.013956246507138139,0.005401888246355411,0.05598414875781131,0.9501223826579576,False
785923,LCNB NATIONAL BANK,5,2022-10-14,2022-10-14,0.0901068710304404,0.00018584047274500172,0.37934593669299993,200,False,0.25,0.0103,4,2022-09-30,False,051,0.28704664274978225,14.457848537470896,0.012011727654679488,0.0003384932980506127,0.11038339330429477,0.9804114506028656,False
2787770,BANK OF THE JAMES,5,2022-10-14,2022-10-14,0.04211063946796821,-0.0008332794789799976,0.3006843150393837,200,False,0.25,0.0103,4,2022-09-30,False,041,0.23664058457553003,13.766458959623908,0.009263421458369217,0.0012633266533066132,0.0576821281082875,0.9886983106537927,False
258771,HOMESTREET BANK,5,2022-10-14,2022-10-14,-0.03544418997845401,-0.0010693012657793527,0.7061461832405299,200,False,0.25,0.0103,4,2022-09-30,False,041,0.36190328716222653,16.017667064430476,0.009545693917527973,0.003074211966216983,0.08268652198126662,0.7970622802800026,False
212577,HOMETRUST BANK,5,2022-10-14,2022-10-14,0.018363443731372893,-0.000968569379213301,0.382966785377195,200,False,0.25,0.0103,4,2022-09-30,False,041,0.2580848690972191,15.083896844360723,0.008904738370569395,0.00231858656571678,0.10765458518735421,0.9802196264201057,False
4210227,NBH BANK,5,2022-10-14,2022-10-14,0.0554660117253995,0.00021081896605127225,0.6383699051246989,200,False,0.25,0.0103,4,2022-09-30,False,041,0.34705197951113476,15.880809310205187,0.010674572354889467,0.0026045046862491917,0.10337306884911533,0.9783092673186297,False
884303,CHEMUNG CANAL TRUST COMPANY,5,2022-10-14,2022-10-14,-0.012544576358153507,-0.00011225677272331176,0.026382125605395608,200,False,0.25,0.0103,4,2022-09-30,False,041,0.2714486578355753,14.750702726870893,0.01068308720966821,0.0047780696529745445,0.0576542870185418,0.9734377922182323,False
2758613,FIRST INTERNET BANK OF INDIANA,5,2022-10-14,2022-10-14,-0.2956650177443213,5.8271916042102285e-05,0.8253377174625237,200,False,0.25,0.0103,4,2022-09-30,False,051,0.36448580126808905,15.263578292597348,0.010753443786769012,0.0018313459950857103,0.10143047344405313,0.8417800283000856,False
122854,INDEPENDENT BANK DBA INDEPENDENT FINANCIAL,5,2022-10-14,2022-10-14,-0.01582228053649659,0.0003619077939929521,0.6677324209375066,200,False,0.25,0.0103,4,2022-09-30,False,041,0.5123040815181227,16.70249542013217,0.012922656618767119,0.004045338940482653,0.14859603908526492,0.9799983684109698,False
2354985,CUSTOMERS BANK,5,2022-10-14,2022-10-14,-0.06397030124481033,-0.0007499015837227881,1.5151565106105007,200,False,0.25,0.0103,4,2022-09-30,False,041,0.6145777251014333,16.829066000979815,0.013588505256071986,0.005298210063462851,0.07261703155244398,0.9348327471329816,False
697978,COMMUNITY BANK OF THE CHESAPEAKE,5,2022-10-14,2022-10-14,0.037941938427956776,7.767426604158434e-05,0.15147860628922022,200,False,0.25,0.0103,4,2022-09-30,False,041,0.23354722909470507,14.673441825614374,0.013045682645988294,0.0036237325247476513,0.08783785789370799,0.9903985391870602,False
3401970,FIRST BANK,5,2022-10-14,2022-10-14,0.021109659732478955,0.0004732260167844969,0.501664260717086,200,False,0.25,0.0103,4,2022-09-30,False,041,0.44890858883604723,14.780672593573101,0.013808149408574973,0.0022687999132648367,0.10694332231327515,0.9341973261265688,False
3284070,ALLY BANK,5,2022-10-14,2022-10-14,-0.1587389582058334,-0.0004518683428861587,1.3675382361049568,200,False,0.25,0.0103,4,2022-09-30,False,031,0.13991909887764886,19.00130291617044,0.018591985377090153,0.010241167839271606,0.07478946926670957,0.895572395357698,False
3109043,BANKWELL BANK,5,2022-10-14,2022-10-14,-0.038391535777303795,0.0004932721135959754,0.31535365254888065,200,False,0.25,0.0103,4,2022-09-30,False,041,0.5963294151958461,14.816160820456167,0.01623058399661771,0.007352741368111298,0.1041054392382493,0.94553605063528,False
762447,"FIRST MID BANK & TRUST, NATIONAL ASSOCIATION",5,2022-10-14,2022-10-14,0.0360438157902178,-0.0005409151188616805,0.5008140821129502,200,False,0.25,0.0103,4,2022-09-30,False,041,0.3792496234805607,15.705059252833838,0.009514968553307027,0.0037849369424336216,0.0982464434490028,0.9266862833633852,False
1216022,SYNCHRONY BANK,5,2022-10-14,2022-10-14,-0.012436258500395552,-0.000618981714683164,1.239332323143275,200,False,0.25,0.0103,4,2022-09-30,False,041,0.13957070385914339,18.334578044898954,0.034092643051771114,0.014704790196806535,0.124,0.8804822515023703,False
3303298,"CITIZENS BANK, NATIONAL ASSOCIATION",5,2022-10-14,2022-10-14,0.0631630850247152,-0.00016964736267406982,1.0607403475457087,200,False,0.25,0.0103,4,2022-09-30,False,031,0.49184144285608167,19.229296492742996,0.008899037901904248,0.00928711188034295,0.10334453765018826,0.8986092239836491,False
177920,"MIDDLEFIELD BANKING COMPANY, THE",5,2022-10-14,2022-10-14,-0.004095100328549572,0.00023030761293568923,0.14721503815361509,200,False,0.25,0.0103,4,2022-09-30,False,041,0.28656393070972913,14.115103167521884,0.01479078056496572,0.003709825712548797,0.0937620663613746,0.9263547855527705,False
371924,COMMUNITY BANK,5,2022-10-14,2022-10-14,-0.03870292545857319,2.370070916626941e-06,0.22019156782462146,200,False,0.25,0.0103,4,2022-09-30,False,051,0.36508624029506115,14.169038655772319,0.007008954768319918,0.003864069142867005,0.07324151752390837,0.9778743594581222,False
3221468,VERITEX COMMUNITY BANK,5,2022-10-14,2022-10-14,-0.015635554601323216,-0.0006721632837066342,0.9002629943563213,200,False,0.25,0.0103,4,2022-09-30,False,041,0.5450632871258944,16.275397816775662,0.012960006580372193,0.0037085700105238127,0.13813629299699612,0.8692746917634555,False
3637685,FIRST FOUNDATION BANK,5,2022-10-14,2022-10-14,-0.024229969975626764,-0.0011934864110804855,0.7281068405048301,200,False,0.25,0.0103,4,2022-09-30,False,041,0.6701071950988677,16.324268979129855,0.010407663503411782,0.001195316076025888,0.09993106401136174,0.8687631553753395,False
866000,GLENS FALLS NATIONAL BANK AND TRUST COMPANY,5,2022-10-14,2022-10-14,0.041517551353028294,-3.2261296918521686e-05,0.4343354619470552,200,False,0.25,0.0103,4,2022-09-30,False,041,0.292951620569149,15.016416765083704,0.011003290976641378,0.0033983171652116374,0.08045765328860438,0.9798045613265743,False
766164,"TBK BANK, SSB",5,2022-10-14,2022-10-14,-0.1468354879962714,-0.0018195808769145767,1.474348189182338,200,False,0.25,0.0103,4,2022-09-30,False,041,0.38076019746383993,15.545592121700679,0.021848875948970364,0.01349849843753595,0.1759299670242438,0.9655482327967573,False
403179,FIRST FED BANK,5,2022-10-14,2022-10-14,-0.06820479217244904,-0.0004104425659557631,0.2676904280648562,200,False,0.25,0.0103,4,2022-09-30,False,051,0.24263291182897417,14.542729642355814,0.007644386540235318,0.0023089785627506566,0.08296646527986515,0.8556486656541777,False
917742,"ASSOCIATED BANK, NATIONAL ASSOCIATION",5,2022-10-14,2022-10-14,0.042626491585063125,0.00024041040555152157,0.8243889376475646,200,False,0.25,0.0103,4,2022-09-30,False,041,0.5586447421789724,17.453224525312393,0.009230995571609876,0.00438614841877977,0.10375560681625509,0.8591096318321725,False
3650808,LIVE OAK BANKING COMPANY,5,2022-10-14,2022-10-14,-0.16434061791481921,-0.0028254336164567823,1.5790213008375658,200,False,0.25,0.0103,4,2022-09-30,False,041,0.18101009257332348,16.03764192549521,0.007828494767227457,0.011950567106343771,0.06871568756654402,0.9920339236708097,False
139656,EQUITY BANK,5,2022-10-14,2022-10-14,0.0639130046792306,5.191719158877422e-05,0.49756564755130583,200,False,0.25,0.0103,4,2022-09-30,False,041,0.3106028521313148,15.424936870331093,0.01373135928376769,0.007156673292306162,0.09371548709965036,0.9384510644683617,False
422433,FIRST GUARANTY BANK,5,2022-10-14,2022-10-14,0.006926511678851749,0.0011012678121776894,0.3352306518117119,200,False,0.25,0.0103,4,2022-09-30,False,041,0.536656548717336,14.9449772493505,0.011190239019144326,0.006081924373491878,0.09154798019137649,0.9648692380270646,False
3532641,SMARTBANK,5,2022-10-14,2022-10-14,0.05280932378985698,0.0002839625742594872,0.49013994671134575,200,False,0.25,0.0103,4,2022-09-30,False,041,0.3491003529147214,15.383476889942852,0.008949144684162611,0.001255054228788036,0.09497563313510043,0.9885078096494687,False
2941068,NICOLET NATIONAL BANK,5,2022-10-14,2022-10-14,0.03681237823578058,0.0006341066234483337,0.472457006269296,200,False,0.25,0.0103,4,2022-09-30,False,041,0.3072044385735147,15.99923463448934,0.010203042758267757,0.006400311548850011,0.12115071528064336,0.9529300473359845,False
773247,MIDLAND STATES BANK,5,2022-10-14,2022-10-14,0.08169372127712297,0.0007237491361820775,0.504301083526293,200,False,0.25,0.0103,4,2022-09-30,False,041,0.39310576850020595,15.863830043657885,0.012405299147106669,0.006597505985993092,0.09931580952223755,0.9289864185578777,False
40499,HARBORONE BANK,5,2022-10-14,2022-10-14,-0.0486076489800087,9.091990794174699e-05,0.43168053489218344,200,False,0.25,0.0103,4,2022-09-30,False,041,0.35995342302724637,15.423272266352972,0.01008943111256065,0.005524696767840113,0.1081871919090092,0.8920533219995704,False
980661,FIRST HAWAIIAN BANK,5,2022-10-14,2022-10-14,0.009891482505469763,0.0005534762019785457,0.8085270158900323,200,False,0.25,0.0103,4,2022-09-30,False,031,0.3688498614170167,17.0291989915528,0.010396511132740352,0.0010202372354475872,0.08778970039827265,0.974581112998024,False
436159,FIRSTBANK,5,2022-10-14,2022-10-14,-0.08333569506330925,7.899561276049688e-05,0.7916356140259337,200,False,0.25,0.0103,4,2022-09-30,False,041,0.49081294414021226,16.319939893907804,0.00946593929531801,0.0074830963899083875,0.10478831738360754,0.9143096398094946,False
795968,BANK OF HAWAII,5,2022-10-14,2022-10-14,-0.026757500951871453,0.00033078493578594893,0.697081440170406,200,False,0.25,0.0103,4,2022-09-30,False,031,0.4883115050614024,16.955646419552185,0.009650233353468641,0.0013622554650854855,0.053954285553048285,0.9563807588227125,False
321273,AFFINITY BANK,5,2022-10-14,2022-10-14,-0.02825422258417041,0.00021043305968518054,0.10950160497676338,200,False,0.25,0.0103,4,2022-09-30,False,051,0.24814181809820887,13.562680696279704,0.009707271010387156,0.010788728799617467,0.1325676023693021,0.9684360378120324,False
214414,"FARMERS & MERCHANTS STATE BANK, THE",5,2022-10-14,2022-10-14,0.018771676050778563,0.001083400437265999,0.4364682942577302,200,False,0.25,0.0103,4,2022-09-30,False,041,0.20723329520426753,14.826692836573612,0.012512873569992384,0.002550356723570238,0.10442479743339848,0.9286270498712121,False
129732,BYLINE BANK,5,2022-10-14,2022-10-14,0.04914346110011503,-0.0003923401709825846,0.5698321079821369,200,False,0.25,0.0103,4,2022-09-30,False,041,0.32752967896691465,15.79828810384432,0.012964539725795027,0.007553518766364702,0.11261897471088636,0.8749895460770908,False
3835454,ROYAL BUSINESS BANK,5,2022-10-14,2022-10-14,0.033985068126164475,-0.00016957476759728635,0.5875144161905058,200,False,0.25,0.0103,4,2022-09-30,False,041,0.5193149221196305,15.176362487950117,0.018011475276149796,0.0031890160474967143,0.15464260418093126,0.9144584822705664,False
3595271,"BANK OF PRINCETON, THE",5,2022-10-14,2022-10-14,0.015849279427066154,0.00012030177141455455,0.27475200542183914,200,False,0.25,0.0103,4,2022-09-30,False,041,0.33418068019885705,14.287417374998654,0.01607188306276543,0.00353736798348261,0.13257120186045585,0.983087024372002,False
736206,CAMBRIDGE TRUST COMPANY,5,2022-10-14,2022-10-14,0.021885687680926524,6.1030583686265586e-06,0.4916188048513904,200,False,0.25,0.0103,4,2022-09-30,False,051,0.4869776600978229,15.45314868026819,0.010801979438232774,0.0017590767589114062,0.08364890740982708,0.9118046783643103,False
1007819,"FIDELITY DEPOSIT AND DISCOUNT BANK, THE",5,2022-10-14,2022-10-14,0.049218633526209525,-0.0005503503000863352,0.6366672440275133,200,False,0.25,0.0103,4,2022-09-30,False,051,0.43043398016126183,14.705731198960306,0.01330450071103042,0.0020132533715436145,0.05996098809894784,0.984430617805035,False
963945,MERCHANTS BANK OF INDIANA,5,2022-10-14,2022-10-14,-0.015307657268448044,0.00010058431930677813,0.7384731010865224,200,False,0.25,0.0103,4,2022-09-30,False,041,0.566967864187562,16.276187867001596,0.018340937302867823,0.002689855434656839,0.11326690197735081,0.9788294443445243,False
2705895,METROPOLITAN COMMERCIAL BANK,5,2022-10-14,2022-10-14,-0.10738628451153147,-0.0003624259333117705,1.1042652007116944,200,False,0.25,0.0103,4,2022-09-30,False,041,0.8061047118112563,15.674966213902385,0.014397382694304881,5.198716610159505e-06,0.09221896810415683,0.9893613315871028,False
3579589,ALLEGIANCE BANK,5,2022-10-14,2022-10-14,0.00768408603186637,0.000533459571892903,0.44816087114880154,200,False,0.25,0.0103,4,2022-09-30,False,041,0.5664101663291015,15.72120790190578,0.011070039908716339,0.004693251961274519,0.10368993894345634,0.9431643999857969,False
3271799,MERIDIAN BANK,5,2022-10-14,2022-10-14,-0.016537419366907096,2.6044971416275554e-05,0.24671999101041148,200,False,0.25,0.0103,4,2022-09-30,False,051,0.49916386462843004,14.468728574478856,0.013100104160433085,0.014040098579933193,0.09803014494865264,0.9666751089954648,False
979375,"STERLING BANK AND TRUST, FSB",5,2022-10-14,2022-10-14,0.0045696740930699815,0.0008171811984200263,0.23587669879660184,200,False,0.25,0.0103,4,2022-09-30,False,041,0.195560099313568,14.708679223294707,0.005930212344175006,0.023406413126299905,0.1526748587105759,0.9559823082813379,False
497570,LUTHER BURBANK SAVINGS,5,2022-10-14,2022-10-14,0.011929487543224367,3.8745115629512254e-05,0.3712726256317544,200,False,0.25,0.0103,4,2022-09-30,False,041,0.424429439352881,15.884805041941485,0.011931120274174666,0.0005587593034153469,0.10359613063586705,0.822954677614571,False
2757205,"MVB BANK, INC.",5,2022-10-14,2022-10-14,-0.05516085413405176,-0.0005678966341541049,0.6181465431431103,200,False,0.25,0.0103,4,2022-09-30,False,041,0.686302659744297,14.958158870621995,0.008061089739909284,0.008970960579150766,0.09497106913424304,0.9561111829821074,False
3378773,BRIDGEWATER BANK,5,2022-10-14,2022-10-14,0.014388137672555984,-0.0001537806000431358,0.44554477624195904,200,False,0.25,0.0103,4,2022-09-30,False,041,0.4605852908974056,15.23211635065055,0.01349922137911375,0.0001966778938200424,0.10463020318197318,0.9057448043598331,False
3357219,OPEN BANK,5,2022-10-14,2022-10-14,-0.054533986638528306,0.0007610871172400776,0.6365198961033844,200,False,0.25,0.0103,4,2022-09-30,False,051,0.3620984802284524,14.523267001658743,0.01694266329561015,0.0013604003239336179,0.0828034234192506,0.9769569928693035,False
3281510,UNITED BUSINESS BANK,5,2022-10-14,2022-10-14,-0.024310669795191205,0.0002256753196198782,0.36394488672519454,200,False,0.25,0.0103,4,2022-09-30,False,051,0.46995708457411345,14.73914902896515,0.01107406432375848,0.009848598193506291,0.14351996893311209,0.9853277088314231,False
667757,ORIGIN BANK,5,2022-10-14,2022-10-14,0.01761077644983507,6.988513601002698e-05,0.5853430531610491,200,False,0.25,0.0103,4,2022-09-30,False,041,0.5546001209742415,15.88401791371422,0.010933396587869357,0.006949021735144885,0.07681862372603675,0.9163396935608463,False
2562164,COASTAL COMMUNITY BANK,5,2022-10-14,2022-10-14,-0.024947940814969802,0.0005810340551913223,0.8905874566226852,200,False,0.25,0.0103,4,2022-09-30,False,041,0.3054308492015467,14.956815091144309,0.01231742178641583,0.008969102027553275,0.08027819921107686,0.9859708818615383,False
3158546,FIRST WESTERN TRUST BANK,5,2022-10-14,2022-10-14,0.06522301083813555,-0.0004235742608895879,0.39228713546117283,200,False,0.25,0.0103,4,2022-09-30,False,051,0.437133915471355,14.81692338325525,0.008439485083650946,0.0020007764333429437,0.09216953666712586,0.88118336308912,False
661308,AMALGAMATED BANK,5,2022-10-14,2022-10-14,-0.007093009469115164,0.0015666090011199122,0.5312856594829541,200,False,0.25,0.0103,4,2022-09-30,False,041,0.6923474192581847,15.880194743535863,0.009942649878063755,0.006595988208955071,0.06989691998079872,0.9800725371541162,False
83638,"AMERANT BANK, NATIONAL ASSOCIATION",5,2022-10-14,2022-10-14,0.09465971149973926,0.00012214907808220831,0.5830377637056885,200,False,0.25,0.0103,4,2022-09-30,False,031,0.46065475728400246,15.980454682726448,0.00803447433656009,0.0028815878071624217,0.08674168289034515,0.836653047615925,False
18854,BANK7,5,2022-10-14,2022-10-14,-0.0012279080859058135,0.0005952817286331163,0.7643518913370695,200,False,0.25,0.0103,4,2022-09-30,False,041,0.3245285958628979,14.27292211377558,0.017931883904786075,0.014722444065171827,0.085296070390809,0.9947827759645118,False
2808602,"CAPITAL BANK, NATIONAL ASSOCIATION",5,2022-10-14,2022-10-14,-0.01233143363855101,2.510167235666359e-05,0.5179725040499191,200,False,0.25,0.0103,4,2022-09-30,False,041,0.5010042407669396,14.488227964612706,0.02154774936146217,0.005295312389227537,0.08997757143841331,0.9747033347745311,False
3614976,FVCBANK,5,2022-10-14,2022-10-14,0.035317953273039035,1.782358549859804e-05,0.2414173024491234,200,False,0.25,0.0103,4,2022-09-30,False,051,0.5213406553993183,14.603954281871932,0.013241392685657834,0.0021388496640075403,0.09425855807124643,0.9486877472894765,False
594947,"BANK FIRST, NATIONAL ASSOCIATION",5,2022-10-14,2022-10-14,0.043902464164262814,0.0009478532076109864,0.37624235743767503,200,False,0.25,0.0103,4,2022-09-30,False,041,0.28440254555139594,15.107240636029681,0.012492178648596884,0.0017507659163717246,0.12378221180810409,0.9879255126976401,False
3476192,CARTER BANK & TRUST,5,2022-10-14,2022-10-14,0.008191750041936277,0.0008755772791165649,0.6549295256930273,200,False,0.25,0.0103,4,2022-09-30,False,041,0.1515715434040466,15.229710656737874,0.011723570930464841,0.002311348158933707,0.07596697944055655,0.9806447606879524,False
3248849,MAINSTREET BANK,5,2022-10-14,2022-10-14,0.08539186476536828,0.00024874699992603796,0.1866029149354832,200,False,0.25,0.0103,4,2022-09-30,False,041,0.4738558246527391,14.435986503000729,0.014883216753512315,0.0001560504453597579,0.1311475938709967,0.9730639772313066,False
289515,FARMERS AND MERCHANTS TRUST COMPANY OF CHAMBERSBURG,5,2022-10-14,2022-10-14,-0.02315602872596807,0.00032397794216653417,0.16714358229567525,200,False,0.25,0.0103,4,2022-09-30,False,051,0.2584132909993836,14.428982296733645,0.009325518870512675,0.005322327702368355,0.06064005821861436,0.991249913536695,False
2743244,RED RIVER BANK,5,2022-10-14,2022-10-14,0.07201005122286512,0.00045467044887926813,0.4958428023921497,200,False,0.25,0.0103,4,2022-09-30,False,041,0.36987300104962817,14.933617256499812,0.011876862706383046,0.0014432238910698197,0.07572464324790287,0.9930148110762814,False
575254,CITY BANK,5,2022-10-14,2022-10-14,0.015651965752395948,0.0008988430106424458,0.5934885670228952,200,False,0.25,0.0103,4,2022-09-30,False,041,0.4220734511448884,15.19935867947832,0.01666872586446836,0.002880077489025823,0.0899886146828238,0.9799474106289133,False
419675,FIRST BANK RICHMOND,5,2022-10-14,2022-10-14,-0.034269336388681945,-0.00018734616017944544,0.257805926847936,200,False,0.25,0.0103,4,2022-09-30,False,051,0.23072806549893476,14.058745322380755,0.01144767627853294,0.009190822101482444,0.07313889010858042,0.8346596576061531,False
3594005,CROSSFIRST BANK,5,2022-10-14,2022-10-14,0.02474396265800424,-0.000229260739706397,0.3997635417892067,200,False,0.25,0.0103,4,2022-09-30,False,041,0.5037713382295023,15.580875571454726,0.011631889928278948,0.003687324778317983,0.09679082020738555,0.9472026612667315,False
933256,"ALERUS FINANCIAL, NATIONAL ASSOCIATION",5,2022-10-14,2022-10-14,-0.0012626580338446734,-0.001058525321808568,0.6290620633721726,200,False,0.25,0.0103,4,2022-09-30,False,041,0.5539691125636415,15.120968167074183,0.011665564854626314,0.0022620246037298028,0.08870847300235243,0.9039873317196584,False
426534,HEARTLAND BANK AND TRUST COMPANY,5,2022-10-14,2022-10-14,-0.029473378047041546,0.0005716483658338687,0.5621675164967398,200,False,0.25,0.0103,4,2022-09-30,False,041,0.21084269486696552,15.25312426313242,0.015256602565503168,0.0012500847137642925,0.09776694067119551,0.9650379378648188,False
3437456,METRO CITY BANK,5,2022-10-14,2022-10-14,0.09299176890550682,-0.00048677093652149184,0.7604105322783205,200,False,0.25,0.0103,4,2022-09-30,False,041,0.28275693528697265,15.028051054570726,0.020903337234763474,0.005935173818439344,0.10212684952327697,0.866192748246492,False
324340,CHOICEONE BANK,5,2022-10-14,2022-10-14,0.019502108704455946,-0.0004121965965348497,0.22375834830705896,200,False,0.25,0.0103,4,2022-09-30,False,041,0.35195179179903285,14.67451322053475,0.010334892829635088,0.0010487874545043537,0.07555643096316722,0.9932034506474661,False
128904,EASTERN BANK,5,2022-10-14,2022-10-14,-0.003886941362009592,0.0004600408022839675,0.6667426631140909,200,False,0.25,0.0103,4,2022-09-30,False,041,0.49385894682248893,16.907480126872667,0.009727401635252925,0.002635038342469773,0.10302089797981018,0.9558759172055025,False
395238,SYNOVUS BANK,5,2022-10-14,2022-10-14,-0.1327537289171833,0.0003908948074958579,1.2052350351048138,200,False,0.25,0.0103,4,2022-09-30,False,041,0.473343605178611,17.885323003465853,0.012834607155470955,0.002911719235420395,0.07232926885280136,0.8933490805511102,False
933966,CITIZENS BUSINESS BANK,5,2022-10-14,2022-10-14,-0.04284933574474359,0.0017602501991389892,0.404880926638242,200,False,0.25,0.0103,4,2022-09-30,False,041,0.6385809204465337,16.609587862929317,0.014114582065303452,0.0011530480038148484,0.11222130207007318,0.9604072791035014,False
2708122,VIRGINIA NATIONAL BANK,5,2022-10-14,2022-10-14,0.02028515307142488,-3.441614616808298e-05,0.2266288474255843,200,False,0.25,0.0103,4,2022-09-30,False,051,0.28555519407392577,14.365361683523355,0.013343373754684808,0.0015556902075350163,0.07298636176099758,0.9949268912113837,False
2867337,FIVE STAR BANK,5,2022-10-14,2022-10-14,-0.033214993285547875,0.000429847875997248,0.6950925969524483,200,False,0.25,0.0103,4,2022-09-30,False,041,0.6392900065897908,14.938258556213578,0.01492733515375064,0.00016538216000666154,0.09817335700396448,0.9570695052953684,False
3146150,U.S. CENTURY BANK,5,2022-10-14,2022-10-14,0.005982049268142074,1.7079921434501803e-05,0.23798872962661616,200,False,0.25,0.0103,4,2022-09-30,False,031,0.5277514864700886,14.527211056346435,0.010278846514087277,0.0,0.08653696551527815,0.9741459257722963,False
176101,ORANGE BANK & TRUST COMPANY,5,2022-10-14,2022-10-14,0.030500195346047462,-5.222287205189518e-05,0.13590202567170956,200,False,0.25,0.0103,4,2022-09-30,False,041,0.5079997011841489,14.673990804622614,0.009128209127191993,0.006578777337268625,0.060937322531374336,0.9907689641508701,False
3630323,"THIRD COAST BANK, SSB",5,2022-10-14,2022-10-14,0.014691176899613193,-0.0010211414608061605,0.4426738031481295,200,False,0.25,0.0103,4,2022-09-30,False,051,0.794681146505012,15.07233925019237,0.00519825089727308,0.0032080305376789697,0.13503757122056173,0.9867681108213897,False
60143,COMERICA BANK,5,2022-10-14,2022-10-14,-0.10846084724810534,0.00081801424371642,1.0683184853399146,200,False,0.25,0.0103,4,2022-09-30,False,031,0.6288750250216855,18.249180425789994,0.012503956948401392,0.006400464081987818,0.05648148148148148,0.942792078709645,False
601050,COMMERCE BANK,5,2022-10-14,2022-10-14,-0.027927560150789146,0.0006431946913009207,0.6616770509099843,200,False,0.25,0.0103,4,2022-09-30,False,041,0.40261524664700604,17.29408880003352,0.01381160781097937,0.0012398299618658932,0.0593844775982184,0.9082418204163484,False
682563,FROST BANK,5,2022-10-14,2022-10-14,-0.016150252062470116,0.0009784641881421228,0.9159843255747123,200,False,0.25,0.0103,4,2022-09-30,False,041,0.5639939709645615,17.785917427172894,0.009966049248967157,0.0026105809735837006,0.05063336775264685,0.9343085368100642,False
723112,"FIFTH THIRD BANK, NATIONAL ASSOCIATION",5,2022-10-14,2022-10-14,-0.014675091872480638,-1.4707783546036906e-05,1.0669071402466466,200,False,0.25,0.0103,4,2022-09-30,False,031,0.5824880764163244,19.135024403475175,0.012159529797809862,0.0066921240610133105,0.09032298596216853,0.9031538664988455,False
233031,REGIONS BANK,5,2022-10-14,2022-10-14,-0.049866940084870866,0.0007781728965714137,1.035494071294912,200,False,0.25,0.0103,4,2022-09-30,False,031,0.37139566128525847,18.870539062192567,0.014114836095717296,0.006581015656110494,0.09304312890204006,0.9629725985979369,False
342634,TRUSTMARK NATIONAL BANK,5,2022-10-14,2022-10-14,0.031826666046219365,0.0004598544709642849,0.6350096678034365,200,False,0.25,0.0103,4,2022-09-30,False,041,0.403782792956502,16.65973860507537,0.008586468438629372,0.010076832616328154,0.09400193212993617,0.9313376554249004,False
501105,MANUFACTURERS AND TRADERS TRUST COMPANY,5,2022-10-14,2022-10-14,-0.1396828239299584,0.0017823493842987238,0.8903741763087816,200,False,0.25,0.0103,4,2022-09-30,False,031,0.47392391130468325,19.102153442163814,0.008193727989954876,0.02298086336877681,0.12231388837683457,0.9630829498440091,False
165628,FIRST FINANCIAL BANK,5,2022-10-14,2022-10-14,0.039469106023659314,0.0002071767412929062,0.7460464062237602,200,False,0.25,0.0103,4,2022-09-30,False,041,0.40240623501677797,16.620744818424974,0.01337023543154734,0.0037179398294474373,0.12869304289143005,0.8624768962565982,False
991340,1ST SOURCE BANK,5,2022-10-14,2022-10-14,0.13944731531611268,0.0002839313859612087,0.43316631552584406,200,False,0.25,0.0103,4,2022-09-30,False,041,0.40516402579203964,15.90654934092224,0.014842038003861129,0.005071519561724129,0.09980023026402768,0.9164645297871287,False
485559,FIRST HORIZON BANK,5,2022-10-14,2022-10-14,0.0038850687513018118,0.002188974329968687,0.49151633054845545,200,False,0.25,0.0103,4,2022-09-30,False,041,0.4890362698780646,18.197507654701916,0.011700678942137586,0.0056461124805340995,0.09850427206993627,0.9339777064500806,False
451965,"WELLS FARGO BANK, NATIONAL ASSOCIATION",5,2022-10-14,2022-10-14,0.05451416333803638,0.0004772087938277602,1.0433774441916215,200,False,0.25,0.0103,4,2022-09-30,False,031,0.5285017314453629,21.261186258913963,0.008848961502540427,0.010902250688112661,0.09253276899305203,0.9228465431753172,False
12311,"HUNTINGTON NATIONAL BANK, THE",5,2022-10-14,2022-10-14,0.06559006083097468,0.0002899459288047927,0.9976970050640873,200,False,0.25,0.0103,4,2022-09-30,False,031,0.6093746290787936,19.005318227606598,0.012747376953005742,0.006883186103020558,0.09303824454400204,0.9277643582373091,False
852218,"JPMORGAN CHASE BANK, NATIONAL ASSOCIATION",5,2022-10-14,2022-10-14,0.13901613723275583,-0.0009060613763459755,0.8449675740350885,200,False,0.25,0.0103,4,2022-09-30,False,031,0.4038522173432802,21.919783420042634,0.009512252253613716,0.007690668786501807,0.08984683738467467,0.8310061682107672,False
541101,"BANK OF NEW YORK MELLON, THE",5,2022-10-14,2022-10-14,0.0441858600555082,-0.0007296693857705972,0.9395174903903649,200,False,0.25,0.0103,4,2022-09-30,False,031,0.6234673863790463,19.658051573205665,0.006557300945295862,0.0012108682811577082,0.07515073087792394,0.9485181315940556,False
210434,"NORTHERN TRUST COMPANY, THE",5,2022-10-14,2022-10-14,-0.08218013654932924,-0.0002526908068378553,0.9529706802048179,200,False,0.25,0.0103,4,2022-09-30,False,031,0.33120922084061505,18.88665597006675,0.009890253452622243,0.002905082498660093,0.06614986103632434,0.8698462037239634,False
1394676,AMERICAN EXPRESS NATIONAL BANK,5,2022-10-14,2022-10-14,-0.024331091611437223,0.0004386735605216639,1.1769380275352388,200,False,0.25,0.0103,4,2022-09-30,False,031,0.32390675865941154,18.80885072316093,0.043917318412896714,0.0037699235622666886,0.08946973288038647,0.8445787754883056,False
480228,"BANK OF AMERICA, NATIONAL ASSOCIATION",5,2022-10-14,2022-10-14,0.1259719144008098,-0.0005823533868904013,0.9340674163370466,200,False,0.25,0.0103,4,2022-09-30,False,031,0.46134712588534216,21.602021665890394,0.010616711145221025,0.0054710176967501375,0.09507737441141707,0.9336464789475737,False
817824,"PNC BANK, NATIONAL ASSOCIATION",5,2022-10-14,2022-10-14,0.0457395215414084,-0.00023750646018832317,0.8672863278262926,200,False,0.25,0.0103,4,2022-09-30,False,031,0.45095275788377426,20.13158294801165,0.010215383184441727,0.010330014121316122,0.07685808831322746,0.8691363496754276,False
280110,KEYBANK NATIONAL ASSOCIATION,5,2022-10-14,2022-10-14,0.046420127171131885,-0.00029884412132653854,0.9729123399550276,200,False,0.25,0.0103,4,2022-09-30,False,031,0.5123134467678061,19.050444421417847,0.011830459267293746,0.003962040970488196,0.06739441726042358,0.8481545934419013,False
504713,U.S. BANK NATIONAL ASSOCIATION,5,2022-10-14,2022-10-14,0.009789147664728734,-0.0004834675945203813,0.7353064069013663,200,False,0.25,0.0103,4,2022-09-30,False,031,0.4686956933762978,20.19768335266533,0.011370807630456385,0.008322219056849666,0.07116240667778088,0.8827366836847335,False
34537,SEACOAST NATIONAL BANK,5,2022-10-14,2022-10-14,-0.019476804967373685,0.00015485341352743077,0.7050832854357854,200,False,0.25,0.0103,4,2022-09-30,False,041,0.3819766970279373,16.152034361943585,0.010861836374160336,0.0033255325170318487,0.12109592340881946,0.9640706550400364,False
476810,"CITIBANK, N.A.",5,2022-10-14,2022-10-14,0.0471891884700302,-0.0006055363819669449,0.9056124754960979,200,False,0.25,0.0103,4,2022-09-30,False,031,0.4028752488476985,21.260497531324052,0.009802506491793877,0.007412484332383496,0.09485976147441977,0.8622708626105646,False
852320,TRUIST BANK,5,2022-10-14,2022-10-14,-0.04365180267520884,-0.00040025314471123696,0.8476045264693602,200,False,0.25,0.0103,4,2022-09-30,False,031,0.4396335981870707,20.09589890625971,0.010714187621879813,0.008880481248213466,0.10593899579772133,0.8947469847214716,False
35301,STATE STREET BANK AND TRUST COMPANY,5,2022-10-14,2022-10-14,0.093646273617789,-0.0003914406196566092,1.217274594441815,200,False,0.25,0.0103,4,2022-09-30,False,031,0.6231338693739313,19.519326365398264,0.008937479861782385,0.0,0.08935368821039298,0.892695175382408,False
17147,FIRST MERCHANTS BANK,5,2022-10-14,2022-10-14,0.03905556125008324,0.0003973123847356374,0.5820772234952946,200,False,0.25,0.0103,4,2022-09-30,False,041,0.4738591072999879,16.689384189349195,0.012047802176389556,0.0037919056449991074,0.11268410270950165,0.9223062892635394,False
572374,GREAT SOUTHERN BANK,5,2022-10-14,2022-10-14,-0.0027506993797941394,0.0005239908797921008,0.36522172151629634,200,False,0.25,0.0103,4,2022-09-30,False,041,0.6197236027568962,15.552335726413538,0.01359889732578966,0.0007215214308078915,0.10374247880542688,0.9384060697278434,False
489623,"PARK NATIONAL BANK, THE",5,2022-10-14,2022-10-14,0.010359626350077087,0.0005691828756074817,0.6092935065801397,200,False,0.25,0.0103,4,2022-09-30,False,041,0.23068222803090582,16.09958987039279,0.014658505832882737,0.006376435236478481,0.09032211008161241,0.9637499910414173,False
595869,CATHAY BANK,5,2022-10-14,2022-10-14,-0.028219540112972407,0.0008047101411843457,0.896028389328926,200,False,0.25,0.0103,4,2022-09-30,False,031,0.47418986414235204,16.900857870203804,0.016265278870282566,0.00392802842508104,0.11438929341597782,0.9600934609831625,False
1718188,NORTHRIM BANK,5,2022-10-14,2022-10-14,-0.01145791360509625,3.2872309541424014e-05,0.516922261729866,200,False,0.25,0.0103,4,2022-09-30,False,051,0.3772399573017011,14.80952685346756,0.012188209141280217,0.004852857554397919,0.06704390901033098,0.9780888473518272,False
463735,HANCOCK WHITNEY BANK,5,2022-10-14,2022-10-14,0.062426358204670934,0.000631057763188261,0.9296453967018448,200,False,0.25,0.0103,4,2022-09-30,False,041,0.4552548268894352,17.357609580124972,0.01494172452194756,0.0018748679187891768,0.09277125198273899,0.9275096565881233,False
339858,"BOKF, NATIONAL ASSOCIATION",5,2022-10-14,2022-10-14,-0.005224610951142759,-5.330649173958591e-06,0.7981363624905181,200,False,0.25,0.0103,4,2022-09-30,False,041,0.6604734604070859,17.587786711903394,0.010941916208875824,0.009337797829953995,0.09630170871091384,0.9331744984797132,False
693345,"FIRST FINANCIAL BANK, NATIONAL ASSOCIATION",5,2022-10-14,2022-10-14,0.022176674601239187,0.0005407545457859767,0.17603832696507085,200,False,0.25,0.0103,4,2022-09-30,False,041,0.32231314117674975,15.423968590472809,0.014587620448800888,0.003478230425022791,0.07340489275196127,0.965116525272673,False
702117,"NBT BANK, NATIONAL ASSOCIATION",5,2022-10-14,2022-10-14,0.019498515233827198,0.0007296265979048691,0.4706322014007668,200,False,0.25,0.0103,4,2022-09-30,False,041,0.3202247151877793,16.26209469109972,0.012681804130808057,0.002761588392777061,0.10307433740041198,0.9701425175716579,False
677176,TRUSTCO BANK,5,2022-10-14,2022-10-14,0.020508632231994336,0.0004200951385866053,0.3310467495745328,200,False,0.25,0.0103,4,2022-09-30,False,041,0.12988302623238596,15.620309311685068,0.012167198464771583,0.004033488778787992,0.09417037850557385,0.9592391274737528,False
749242,RENASANT BANK,5,2022-10-14,2022-10-14,0.017344483479627547,6.284193508224044e-06,0.6960411538911864,200,False,0.25,0.0103,4,2022-09-30,False,041,0.46390756444126424,16.617600859934637,0.010713153469076942,0.004965934039168877,0.1426224206882712,0.961842973778192,False
936426,S & T BANK,5,2022-10-14,2022-10-14,0.11608340923180921,0.0003216470603990545,0.5551960598700171,200,False,0.25,0.0103,4,2022-09-30,False,041,0.2904912307468779,16.005101293757445,0.014711582015692597,0.003208952437709171,0.1296911613507029,0.9544889609997822,False
42420,FIRST COMMONWEALTH BANK,5,2022-10-14,2022-10-14,0.007057063951936903,2.3925890798492823e-05,0.6456712295272804,200,False,0.25,0.0103,4,2022-09-30,False,041,0.2448627553168874,16.072086790375707,0.013533347259546392,0.004213660169067953,0.10784846814274054,0.9512497497167368,False
143662,UMPQUA BANK,5,2022-10-14,2022-10-14,0.03594762487103516,0.00018396713453108456,0.8594081428072475,200,False,0.25,0.0103,4,2022-09-30,False,041,0.3771862994920712,17.264481936879445,0.011187574308937541,0.002018457430176987,0.08516672187088302,0.9367441202890929,False
61122,FIRST UNITED BANK & TRUST,5,2022-10-14,2022-10-14,0.024201054063352698,-1.5828744344395248e-05,0.4033749747714459,200,False,0.25,0.0103,4,2022-09-30,False,041,0.35770193255826704,14.393041478712664,0.013818775348921272,0.001964904043664534,0.08031672049365919,0.9240591771083874,False
936855,"UMB BANK, NATIONAL ASSOCIATION",5,2022-10-14,2022-10-14,-0.020874749448735592,3.888326603621895e-05,0.7538900815792593,200,False,0.25,0.0103,4,2022-09-30,False,031,0.8132575121983461,17.434892843812154,0.010167661940775086,0.001122876365730437,0.0667108836023605,0.9193047327444556,False
577128,PEOPLES BANK,5,2022-10-14,2022-10-14,0.012040389059088687,0.00021346927238217095,0.5132056826532805,200,False,0.25,0.0103,4,2022-09-30,False,041,0.29393335372568835,15.760690440439845,0.014988084158578618,0.00785871947455664,0.1073194860819827,0.941880003241407,False
317342,STOCK YARDS BANK & TRUST COMPANY,5,2022-10-14,2022-10-14,0.017650685843005685,0.0006517495249198387,0.4531558507378069,200,False,0.25,0.0103,4,2022-09-30,False,041,0.4081732505213617,15.835090624057502,0.011426078986157337,0.0020895581759108267,0.09457370513698449,0.9547352800983564,False
584724,UNIFIED BANK,5,2022-10-14,2022-10-14,-0.11197704275362828,0.0007716868543948151,0.2832754191148862,200,False,0.25,0.0103,4,2022-09-30,False,051,0.16149773185407706,13.540418234325886,0.015755938320987525,0.0085773326160651,0.08523874854839092,0.9525176211168412,False
1386251,BANCFIRST,5,2022-10-14,2022-10-14,0.08425775382298828,0.0028722224568669174,0.3925085543470267,200,False,0.25,0.0103,4,2022-09-30,False,041,0.2933409461779089,16.16188552496402,0.015121263250695117,0.0026640578286115687,0.095967812023935,0.9900339777947933,False
100562,TRI COUNTIES BANK,5,2022-10-14,2022-10-14,0.024804163748115993,0.0007551152020882763,0.5000464302407723,200,False,0.25,0.0103,4,2022-09-30,False,041,0.36131963479651896,16.115124340985723,0.012239780872537397,0.002766790344248517,0.1083919881897602,0.9742238903837023,False
37640,GERMAN AMERICAN BANK,5,2022-10-14,2022-10-14,0.008531204718609063,9.816786634902028e-05,0.4605338811690334,200,False,0.25,0.0103,4,2022-09-30,False,041,0.4028549260729429,15.648344789764048,0.013205621618854753,0.0037314503860615975,0.0808515607254486,0.9775079923357112,False
981275,PREMIER BANK,5,2022-10-14,2022-10-14,0.01698516432016007,-5.971997737709078e-05,0.5602926831392004,200,False,0.25,0.0103,4,2022-09-30,False,041,0.3066499841409936,15.917100625128983,0.012579442196524135,0.005233482792222663,0.10720972128573027,0.9295647290387015,False
435077,"PATHWARD, NATIONAL ASSOCIATION",5,2022-10-14,2022-10-14,0.0010445437602142563,-0.0019508044180102167,1.1077836855724703,200,False,0.25,0.0103,4,2022-09-30,False,041,0.03485349404959636,15.724318719210338,0.019188209023562233,0.008203518548503166,0.09862083944584506,0.9669907578661594,False
2142155,QUAD CITY BANK AND TRUST COMPANY,5,2022-10-14,2022-10-14,0.016711025698857213,0.0005924255019160185,0.6181663339523916,200,False,0.25,0.0103,4,2022-09-30,False,041,0.7083193365616349,14.608823836523612,0.015773521827914333,0.0016554348740519024,0.10394267178538649,0.879122449041406,False
921178,RIVERVIEW BANK,5,2022-10-14,2022-10-14,0.021474876357545088,4.424425143476216e-05,0.3828266133494573,200,False,0.25,0.0103,4,2022-09-30,False,041,0.2934191470310744,14.336444915878552,0.011563316702304583,0.020750577641324302,0.09906806842480399,0.9873774483141912,False
693224,ATLANTIC UNION BANK,5,2022-10-14,2022-10-14,0.006418260052577576,0.0003115231664037435,0.7127516762568327,200,False,0.25,0.0103,4,2022-09-30,False,041,0.3984328483272121,16.802858985087465,0.011612013041144573,0.0024299418681646896,0.12971375419098974,0.9603885377448783,False
470050,"FIRST FINANCIAL BANK, NATIONAL ASSOCIATION",5,2022-10-14,2022-10-14,-0.11143916316340328,-0.0004079107257100596,0.734881244415886,200,False,0.25,0.0103,4,2022-09-30,False,041,0.4559717245129422,16.385294976885262,0.016949031443089776,0.0039207542256088045,0.07433165470005071,0.9336558768172015,False
936136,OLD SECOND NATIONAL BANK,5,2022-10-14,2022-10-14,0.044847948653341435,0.0007576392536256803,0.6167385646936913,200,False,0.25,0.0103,4,2022-09-30,False,041,0.23402474198969883,15.601628979692759,0.011120108016499703,0.01366133842259828,0.09189308056033196,0.9789342619922657,False
694904,"FLAGSTAR BANK, NATIONAL ASSOCIATION",5,2022-10-14,2022-10-14,-0.01782060493923785,-0.0001251862063036092,0.7652204671614237,200,False,0.25,0.0103,4,2022-09-30,False,041,0.44746707458145346,17.957206313025043,0.01072505157283571,0.0009288377090104301,0.11547056314786612,0.751344468460681,False
229801,VALLEY NATIONAL BANK,5,2022-10-14,2022-10-14,-0.026334128723604584,2.1066476933866147e-05,0.8913871491163257,200,False,0.25,0.0103,4,2022-09-30,False,041,0.5607568766199549,17.83952707203334,0.009962221020618939,0.007180942876918236,0.12516543502330252,0.9297608627279876,False
481177,LANDMARK NATIONAL BANK,5,2022-10-14,2022-10-14,0.01687783373485463,-0.00013402398917578543,0.08125564274156799,200,False,0.25,0.0103,4,2022-09-30,False,041,0.2906071415215134,14.091905924511387,0.009038440679354566,0.006757391027787546,0.0760667157677403,0.9219931285583518,False
272272,SOUTHERN BANK,5,2022-10-14,2022-10-14,0.024469183677172546,0.00017069703986304788,0.43549423678544574,200,False,0.25,0.0103,4,2022-09-30,False,051,0.1673719744880185,15.04456087640624,0.013011576226362027,0.001309879359405498,0.09087759970649348,0.9209963814989167,False
764030,AMERIS BANK,5,2022-10-14,2022-10-14,-0.02601730624562376,0.00039263860810911683,0.9550719609510943,200,False,0.25,0.0103,4,2022-09-30,False,041,0.45032394795023895,16.98211678043237,0.01589379738869953,0.006859726614869329,0.14167151069186504,0.9618432902575146,False
2236821,"PATRIOT BANK, NATIONAL ASSOCIATION",5,2022-10-14,2022-10-14,-0.09427747313468918,0.0018508472671499312,0.38395036974792185,200,False,0.25,0.0103,4,2022-09-30,False,051,0.43278946620271325,13.872592913356296,0.00685844754896451,0.02227007702915727,0.08271034613688119,0.862001042037781,False
268677,CARVER FEDERAL SAVINGS BANK,5,2022-10-14,2022-10-14,-0.1038856292819235,-0.0029691531215350056,1.181428728044937,200,False,0.25,0.0103,4,2022-09-30,False,041,0.19857018281234043,13.535989758209197,-0.0010685767034408697,0.027703256738665305,0.08208732176061237,0.9169673061739636,False
112837,"CAPITAL ONE, NATIONAL ASSOCIATION",5,2022-10-14,2022-10-14,-0.017895332468337605,-0.0005254900122373857,1.2253250961617481,200,False,0.25,0.0103,4,2022-09-30,False,031,0.3028349984890373,19.78627529973219,0.007740105138203385,0.007239373499000731,0.08807742529472287,0.9013810389989493,False
1002878,NORTHWEST BANK,5,2022-10-14,2022-10-14,-0.01868672450939006,0.0006065672512978462,0.4085674950890969,200,False,0.25,0.0103,4,2022-09-30,False,041,0.23007620335496023,16.457144066379538,0.010010083750869394,0.007816605372185044,0.10619934450513471,0.9695314338933195,False
697763,WESTAMERICA BANK,5,2022-10-14,2022-10-14,0.07148452052301874,0.00040587216963972056,0.3553313118052798,200,False,0.25,0.0103,4,2022-09-30,False,041,0.38614647990506984,15.780956211806993,0.015194908033093245,0.0009866878848823278,0.05483649484533194,0.9630550798060968,False
749635,AUBURNBANK,5,2022-10-14,2022-10-14,0.07530912114046226,-0.0005949289897768306,0.23666182780492157,200,False,0.25,0.0103,4,2022-09-30,False,051,0.4014432621398862,13.856569004527541,0.0076333948547847395,0.0007320134589218096,0.05524357599914772,0.9952974234878915,False
959304,FLUSHING BANK,5,2022-10-14,2022-10-14,0.02045295982741771,-0.00017077773680895868,0.39028510751280926,200,False,0.25,0.0103,4,2022-09-30,False,041,0.3640414237425459,15.962287214478149,0.010166528557349138,0.004625055019108269,0.09644159424935472,0.8026185605250313,False
352772,BANNER BANK,5,2022-10-14,2022-10-14,0.020084306860745048,0.0008463799506610497,0.7442022390005855,200,False,0.25,0.0103,4,2022-09-30,False,041,0.33043433454165927,16.60973918925222,0.012157870791369041,0.0015328729770626994,0.09244311257997853,0.9639060809514882,False
498317,"OHIO VALLEY BANK COMPANY, THE",5,2022-10-14,2022-10-14,-0.013445042671376936,0.0005152816071396835,0.22821426921174662,200,False,0.25,0.0103,4,2022-09-30,False,041,0.34254293710468525,14.026531324354881,0.00958536649883098,0.004508286507706245,0.09861385753778733,0.969072618752448,False
506922,SANDY SPRING BANK,5,2022-10-14,2022-10-14,-0.09777259861381227,-0.0004716555421188382,0.686975328437809,200,False,0.25,0.0103,4,2022-09-30,False,041,0.4265159778465348,16.437435970759115,0.013693744806424789,0.0037741702502065177,0.12625703049135473,0.9006594136597391,False
3317932,CONNECTONE BANK,5,2022-10-14,2022-10-14,0.0375570549324193,-0.0009276068133479635,0.5877257139168406,200,False,0.25,0.0103,4,2022-09-30,False,041,0.4631878450431746,16.064074428630075,0.013796180190526051,0.008536984749378203,0.12130139791347376,0.8910081279093457,False
276579,"ZIONS BANCORPORATION, NATIONAL ASSOCIATION",5,2022-10-14,2022-10-14,-0.05800191210048484,0.0004128751154869236,1.0588953358359572,200,False,0.25,0.0103,4,2022-09-30,False,041,0.5251016968997753,18.29822571275133,0.00938464776998989,0.0031730849549524934,0.05307678865324566,0.9070922781817505,False
1412712,"COMMUNITY WEST BANK, NATIONAL ASSOCIATION",5,2022-10-14,2022-10-14,-0.017737769404287222,0.0007048684999503029,0.08062331087046762,200,False,0.25,0.0103,4,2022-09-30,False,051,0.40367004769419396,13.900006106242461,0.012620600250451523,0.0002516670297157432,0.1005322707523103,0.8707901329420948,False
1929247,"SOUTHSTATE BANK, N.A.",5,2022-10-14,2022-10-14,-0.006722132402058392,0.0007053374016130948,0.8856482590870287,200,False,0.25,0.0103,4,2022-09-30,False,041,0.381698310484512,17.60889402604316,0.011090414892353864,0.003464714150431682,0.1173535730012214,0.9440673583424681,False
1890525,UNITY BANK,5,2022-10-14,2022-10-14,0.051205294162322244,0.0004894130408073859,0.2574412038983042,200,False,0.25,0.0103,4,2022-09-30,False,051,0.37197351341069895,14.660197870978736,0.016085365416979983,0.004169315238700626,0.09766204748093243,0.8562243388702484,False
876634,CAPITAL CITY BANK,5,2022-10-14,2022-10-14,0.010181469141392813,0.0011891936659105314,0.4252750628398707,200,False,0.25,0.0103,4,2022-09-30,False,041,0.35797977448508966,15.279424539605571,0.007690612465337265,0.0010075446750574396,0.08984405181216264,0.9703359847745462,False
2239288,"WINTRUST BANK, NATIONAL ASSOCIATION",5,2022-10-14,2022-10-14,0.016606522555823785,0.0007124732250617736,1.0211849780123474,200,False,0.25,0.0103,4,2022-09-30,False,041,0.5474391413767904,16.06315487046849,0.0160309979111316,0.0012084739796359785,0.10162727200886765,0.9676008659055341,False
556815,"PEOPLES BANK, A CODORUS VALLEY COMPANY",5,2022-10-14,2022-10-14,0.03255853944602326,-0.0004702268442555451,0.11738982715964943,200,False,0.25,0.0103,4,2022-09-30,False,041,0.28474166328680667,14.628829031134375,0.008931532602044889,0.00954874566846845,0.09059759331021823,0.9857302218183095,False
729310,PATHFINDER BANK,5,2022-10-14,2022-10-14,-0.05600124923655351,0.0009133739176456712,-0.017209574705297517,200,False,0.25,0.0103,4,2022-09-30,False,051,0.2647947102936639,14.154012162596011,0.010316186261622817,0.011989176453595964,0.08652423220258275,0.9310569334176444,False
431172,PACIFIC PREMIER BANK,5,2022-10-14,2022-10-14,0.01555614039577589,-0.0002447533083834596,0.9707016048974865,200,False,0.25,0.0103,4,2022-09-30,False,041,0.5202385587198183,16.88923551625302,0.013857363429737684,0.004054502426237212,0.14137310586133434,0.9583563240258105,False
107244,BANK OZK,5,2022-10-14,2022-10-14,-0.05874944581059118,0.0003032620324698751,0.8888469642550448,200,False,0.25,0.0103,4,2022-09-30,False,041,0.44871559850672554,17.08249513394037,0.020395454900155034,0.001677333354105052,0.17304831531146989,0.9406305102797081,False
874845,LAKE CITY BANK,5,2022-10-14,2022-10-14,0.004958567014229582,0.0006328364890481813,0.37706614123320253,200,False,0.25,0.0103,4,2022-09-30,False,041,0.5527269781155478,15.651721427444256,0.017345996622945635,0.0022082276017539345,0.07959937666644082,0.9813038608041008,False
522605,BAR HARBOR BANK AND TRUST COMPANY,5,2022-10-14,2022-10-14,0.047909125095520394,0.00027381041380068955,0.6486619243303624,200,False,0.25,0.0103,4,2022-09-30,False,041,0.22729281349627634,15.16027824925524,0.011996992673224238,0.002816213816211712,0.11322402890577868,0.9237238749849023,False
593007,CAMDEN NATIONAL BANK,5,2022-10-14,2022-10-14,0.024478463953935475,4.9339432171333486e-05,0.3639727348201009,200,False,0.25,0.0103,4,2022-09-30,False,041,0.24971574202839886,15.527501990126702,0.011531443327533676,0.000715337376649577,0.08023273717626932,0.9037339846275975,False
786612,MID PENN BANK,5,2022-10-14,2022-10-14,0.013700923783982142,0.0006187471439253169,0.5705623818230623,200,False,0.25,0.0103,4,2022-09-30,False,041,0.3626597023658265,15.281170474464906,0.013136276864338936,0.0023632593390204583,0.12634883613523,0.990242539567077,False
881478,HERITAGE BANK,5,2022-10-14,2022-10-14,0.04899730067326096,0.0006884601458415676,0.4699317971052666,200,False,0.25,0.0103,4,2022-09-30,False,041,0.44423065102896153,15.78909646143334,0.01175933939151732,0.0015629939806987487,0.10907246309145249,0.9744148914848827,False
671464,BANK OF HOPE,5,2022-10-14,2022-10-14,-0.021868504639425294,0.0006408182553029933,0.6267390285993034,200,False,0.25,0.0103,4,2022-09-30,False,041,0.5518070237827916,16.764094723436507,0.01231977362243003,0.005133656817275693,0.11686556504607545,0.9237445125905581,False
606046,CADENCE BANK,5,2022-10-14,2022-10-14,-0.005949598164661202,7.443649828489329e-05,0.9234535586409932,200,False,0.25,0.0103,4,2022-09-30,False,041,0.4490658603483946,17.680434827950567,0.010211197871571131,0.0034553512105222777,0.08735754091328952,0.8961051034353803,False
782306,BROOKLINE BANK,5,2022-10-14,2022-10-14,0.022494505621833766,-0.0007231972850755388,0.5229167705223251,200,False,0.25,0.0103,4,2022-09-30,False,041,0.4711823348424802,15.551283984680005,0.013941763138793306,0.00477278725934073,0.10024352609427224,0.8664355940846307,False
1001152,INTERNATIONAL BANK OF COMMERCE,5,2022-10-14,2022-10-14,0.051034075113335874,0.0005359127231184344,0.7303521621491167,200,False,0.25,0.0103,4,2022-09-30,False,041,0.43275718870392477,16.052758304177818,0.017539765619779164,0.001322212813568395,0.14386986771516969,0.8722587103361912,False
59316,WAYNE BANK,5,2022-10-14,2022-10-14,0.0076342289680852125,0.0001162474031367787,0.25216247792573626,200,False,0.25,0.0103,4,2022-09-30,False,051,0.31106628372163886,14.518468455671451,0.014874023667330455,0.0017180487266822532,0.07729148326647582,0.9509656253370473,False
491934,COLONY BANK,5,2022-10-14,2022-10-14,0.0378788981561805,-0.000891526099499557,0.2707988595159065,200,False,0.25,0.0103,4,2022-09-30,False,051,0.32901263211327875,14.845048900430395,0.007061048639776629,0.003292026738558934,0.08596982683953307,0.9591805951911568,False
361167,SOUTHSIDE BANK,5,2022-10-14,2022-10-14,-0.020849224118582844,-0.00013988757361402124,0.4489783872519556,200,False,0.25,0.0103,4,2022-09-30,False,041,0.335518510462351,15.823596528464893,0.01481621494439243,0.0007478008895853162,0.11421234343297115,0.9385233075381998,False
316840,REPUBLIC BANK & TRUST COMPANY,5,2022-10-14,2022-10-14,0.10703868293370808,-0.0008154304240015256,0.4008264338328053,200,False,0.25,0.0103,4,2022-09-30,False,041,0.34973254591936875,15.60552183332484,0.015937170257382893,0.0037920582584765566,0.13539365424942232,0.9326863344891849,False
2209553,HERITAGE BANK OF COMMERCE,5,2022-10-14,2022-10-14,0.025165147709368688,0.0005077856300579254,0.6184032407755577,200,False,0.25,0.0103,4,2022-09-30,False,041,0.6553509688387245,15.507273249089014,0.011997942423973389,0.0003218836781983462,0.11552517000236874,0.9795110260605754,False
821906,SALISBURY BANK AND TRUST COMPANY,5,2022-10-14,2022-10-14,0.014067654190833383,-0.0004671000820762436,0.19129526473535668,200,False,0.25,0.0103,4,2022-09-30,False,051,0.34882508332156265,14.229021213680245,0.011171975008106735,0.0015619397276010706,0.09339290544316346,0.9708891119384694,False
416245,BUSEY BANK,5,2022-10-14,2022-10-14,0.034535904289439576,-0.00011415681723051362,0.6024336298818341,200,False,0.25,0.0103,4,2022-09-30,False,041,0.4037229814764248,16.337477495918474,0.011779695181382492,0.0021699984103530317,0.10740976500005983,0.9604002020244549,False
399517,CNB BANK,5,2022-10-14,2022-10-14,-0.03302654472178257,0.0004776063330054043,0.5311382128813014,200,False,0.25,0.0103,4,2022-09-30,False,041,0.3629910428018438,15.482368150105424,0.01224964361256848,0.004950999251697377,0.0855981332077928,0.9857159610551504,False
664756,PROSPERITY BANK,5,2022-10-14,2022-10-14,0.001263796905163813,0.000409376741882322,0.6623030765739495,200,False,0.25,0.0103,4,2022-09-30,False,041,0.41316334917956743,17.448886630857082,0.013923583993345236,0.000978424198304922,0.17434388098863665,0.9410221175421059,False
767974,CFBANK NATIONAL ASSOCIATION,5,2022-10-14,2022-10-14,0.0395041177610506,0.00012293126231526343,0.12835361642212717,200,False,0.25,0.0103,4,2022-09-30,False,051,0.2832287044777399,14.378650984200734,0.011096818718365268,0.0006740200192001718,0.09348135924640939,0.9377434424051623,False
716374,FIRST HARRISON BANK,5,2022-10-14,2022-10-14,0.030781410071604343,-0.0017861982669526105,0.12386151692812872,200,False,0.25,0.0103,4,2022-09-30,False,051,0.26949159859451016,13.947018529853088,0.009916879064752847,0.0022548919690175296,0.062462134396916565,0.9965722067225901,False
197478,EAST WEST BANK,5,2022-10-14,2022-10-14,-0.08644967276011983,0.0007872911609364246,1.2807684393971555,200,False,0.25,0.0103,4,2022-09-30,False,031,0.6236578894160364,17.951549837773047,0.017036240257153182,0.002044528168814826,0.08901007694577834,0.9507772373503643,False
958727,AMERICAN NATIONAL BANK AND TRUST COMPANY,5,2022-10-14,2022-10-14,0.03698205341415722,-0.00016494859961449913,0.46298062086884745,200,False,0.25,0.0103,4,2022-09-30,False,041,0.3856428983635517,14.929392338963153,0.012297012194588158,0.0005602502231105809,0.10943318801376159,0.9932711812737277,False
968070,CAPITOL FEDERAL SAVINGS BANK,5,2022-10-14,2022-10-14,0.0009185217020647547,-0.0009771946826383838,0.3360593137015402,200,False,0.25,0.0103,4,2022-09-30,False,041,0.14653919519683103,16.08187015964621,0.008626921719395268,0.0012834829036922656,0.09911316903748024,0.7369753870639308,False
202907,"COMMUNITY BANK, NATIONAL ASSOCIATION",5,2022-10-14,2022-10-14,-0.021481074675611146,2.1550659065299052e-05,0.5316167267979791,200,False,0.25,0.0103,4,2022-09-30,False,041,0.4394479049294878,16.547865719293615,0.009696462735269775,0.0038030134313918494,0.06754702521777384,0.9594787160365199,False
601416,FIVE STAR BANK,5,2022-10-14,2022-10-14,0.03194534090887157,-0.0005040197177315962,0.493018827834064,200,False,0.25,0.0103,4,2022-09-30,False,041,0.3283951960986577,15.534143445112667,0.011033132690168257,0.002206297614970567,0.07505640679524589,0.9547036368645044,False
662369,BANK OF THE SIERRA,5,2022-10-14,2022-10-14,0.04914367749590372,-0.0006898497205570372,0.46766253140572617,200,False,0.25,0.0103,4,2022-09-30,False,041,0.29562300972173716,15.077303773628122,0.011159343430124848,0.013253848853747271,0.104504595315239,0.916263973579244,False
439404,FIRST NATIONAL BANK,5,2022-10-14,2022-10-14,0.02590551568975529,0.00029980046864860915,0.4114296406446872,200,False,0.25,0.0103,4,2022-09-30,False,041,0.2105497360667942,14.808716774381317,0.015039203637795352,0.0010010898962580228,0.07082507832764233,0.945073023106378,False
2608754,MERCANTILE BANK,5,2022-10-14,2022-10-14,0.048118946803847214,0.00015919868471538602,0.47524274676666556,200,False,0.25,0.0103,4,2022-09-30,False,041,0.46955079922681187,15.42445114675347,0.012271701489980818,0.0003635086595156093,0.1038054120508717,0.8626264723711665,False
29636,"CITIZENS BANK OF PHILADELPHIA, THE",5,2022-10-14,2022-10-14,-0.012761792851248795,8.484850361020132e-05,0.06571328345252263,200,False,0.25,0.0103,4,2022-09-30,False,051,0.3760969045362793,14.099275719325677,0.007905906163670328,0.005358886402322587,0.03764641926450978,0.888387806484827,False
2652092,EAGLEBANK,5,2022-10-14,2022-10-14,-0.08606438874011493,-0.0003019559942217423,0.6026597900102272,200,False,0.25,0.0103,4,2022-09-30,False,041,0.44120590192250214,16.181772269514553,0.014459457274299849,0.0010393928808013798,0.1152406897054528,0.9317926183719644,False
1436204,BANK OF MARIN,5,2022-10-14,2022-10-14,0.016099125441171987,-0.00046997613883304905,0.4435634642632178,200,False,0.25,0.0103,4,2022-09-30,False,041,0.4700975892011916,15.28557881107016,0.010625204428123914,0.004928333679278852,0.08914039487466698,0.9876104702569253,False
2634351,MACATAWA BANK,5,2022-10-14,2022-10-14,0.03277373049056238,0.0008512017638644085,0.2823975745090524,200,False,0.25,0.0103,4,2022-09-30,False,051,0.4229578638274236,14.85746148571175,0.010864245611534783,7.463479438992202e-05,0.08070152415987063,0.9837734374940041,False
754929,"NATIONAL BANK OF BLACKSBURG, THE",5,2022-10-14,2022-10-14,0.019412462566364093,-0.0002655050886440109,0.1431234972813026,200,False,0.25,0.0103,4,2022-09-30,False,041,0.3868648617738441,14.343583193279429,0.013310050377601025,0.0034425224215378085,0.06275900666465761,0.9903268411438654,False
687009,LAKELAND BANK,5,2022-10-14,2022-10-14,0.022735074523505445,-5.761547328417442e-05,0.5488410675118665,200,False,0.25,0.0103,4,2022-09-30,False,041,0.4629691490776363,16.16770861938861,0.009890271591996543,0.002430870590125178,0.11596245109858619,0.9389889273829432,False
2634191,GLACIER BANK,5,2022-10-14,2022-10-14,0.009015491580522166,0.00021915996417947044,0.8303304970543379,200,False,0.25,0.0103,4,2022-09-30,False,041,0.3191427612425286,17.100605004310722,0.011579578793513972,0.0023544080318145294,0.1053168209491138,0.9201516373357542,False
186221,"OLD POINT NATIONAL BANK OF PHOEBUS, THE",5,2022-10-14,2022-10-14,-0.030656324429657066,0.0002233922445773926,0.12227409116646046,200,False,0.25,0.0103,4,2022-09-30,False,041,0.3119541996490805,14.08458991793407,0.007511441500434126,0.004922377094887319,0.07948293001232465,0.9915674401424379,False
474919,"FULTON BANK, NATIONAL ASSOCIATION",5,2022-10-14,2022-10-14,0.007024850610048573,0.0007029710930585492,0.6754049073274527,200,False,0.25,0.0103,4,2022-09-30,False,041,0.3782664994655883,17.044756665097665,0.01236887718898483,0.010507014147372118,0.1049130808659143,0.9389898396902515,False
473501,BERKSHIRE BANK,5,2022-10-14,2022-10-14,-0.03126548822283566,0.0009961190054087955,0.7710703871397155,200,False,0.25,0.0103,4,2022-09-30,False,041,0.3930628721769581,16.241261329720096,0.007976976645809163,0.005553747883324865,0.08285406815022707,0.9748447474107056,False
508346,HAWTHORN BANK,5,2022-10-14,2022-10-14,0.02061079119695649,5.077797924111968e-05,0.08732702658757652,200,False,0.25,0.0103,4,2022-09-30,False,041,0.30579954609196713,14.425585864221139,0.012524381034136164,0.011620258421472159,0.08614505289122391,0.9488137435241324,False
236706,PEAPACK-GLADSTONE BANK,5,2022-10-14,2022-10-14,0.009754851572732268,0.00050257480133667,0.6097288260650314,200,False,0.25,0.0103,4,2022-09-30,False,041,0.6168666412772571,15.621524612789328,0.012538872476369806,0.0030304729823620075,0.10610452602141916,0.9744637706147161,False
657365,HANMI BANK,5,2022-10-14,2022-10-14,-0.006702241151714711,0.0012781909749051653,0.8196601932242682,200,False,0.25,0.0103,4,2022-09-30,False,041,0.4621270130933108,15.776364771881527,0.015002499040400387,0.0019948253624354354,0.09860719898150616,0.9705769982314691,False
636771,INDEPENDENT BANK,5,2022-10-14,2022-10-14,0.03324140432987255,1.4955580221076636e-05,0.5567708177084935,200,False,0.25,0.0103,4,2022-09-30,False,041,0.21091693936757655,15.410331359044854,0.013774275760708488,0.0015512241575905779,0.07223113150301394,0.9615019563467906,False
2353595,FIRST COMMUNITY BANK,5,2022-10-14,2022-10-14,0.025549439454966214,0.00033727066972236467,0.5520761667271428,200,False,0.25,0.0103,4,2022-09-30,False,051,0.1612086449183796,14.960925322371665,0.014673369924511476,0.006532265812514575,0.12079414838035528,0.9843585326912202,False
542528,CIVISTA BANK,5,2022-10-14,2022-10-14,0.030842291311296274,-0.00028448584011495136,0.44741547119054825,200,False,0.25,0.0103,4,2022-09-30,False,041,0.3239746116185626,14.98937254771789,0.012684239924644814,0.0021448433925573677,0.12028313845278656,0.9560864536521815,False
933023,"SHORE UNITED BANK, NATIONAL ASSOCIATION",5,2022-10-14,2022-10-14,0.0033965294362899977,0.00031161570079712243,0.3338249841742564,200,False,0.25,0.0103,4,2022-09-30,False,051,0.22408868984977393,15.05524039150228,0.009558048791783898,0.0015766162910101755,0.11138571445112137,0.9886471058459001,False
1162017,UNITED SECURITY BANK,5,2022-10-14,2022-10-14,0.025455123650562322,-0.00019387199414684823,0.2019529783719662,200,False,0.25,0.0103,4,2022-09-30,False,051,0.5723374964940888,14.129398244184136,0.012129926199549558,0.011583228275340975,0.08424780235195099,0.9927430723706203,False
628123,"BANK OF GLEN BURNIE, THE",5,2022-10-14,2022-10-14,-0.13021897878083377,-0.0004227484774273836,0.16503998634030503,200,False,0.25,0.0103,4,2022-09-30,False,041,0.08329682857188095,12.937497787300096,0.003458387069867118,0.0009995877988458368,0.03431839618101673,0.9441901605850328,False
333203,UNION BANK,5,2022-10-14,2022-10-14,0.05064429498584809,-0.0007717618881698839,0.06795915255366423,200,False,0.25,0.0103,4,2022-09-30,False,041,0.23383685296754153,14.077553232265652,0.010083242150168283,0.0017920519472251842,0.05037850631972434,0.9717318782508219,False
2925666,PINNACLE BANK,5,2022-10-14,2022-10-14,-0.07920962866789016,2.9135856800304853e-05,1.0256113653480956,200,False,0.25,0.0103,4,2022-09-30,False,041,0.4869274682159653,17.52619558312305,0.013774930958278208,0.0014716654707644394,0.1335883384005431,0.9555969341576467,False
139740,WEST BANK,5,2022-10-14,2022-10-14,0.02702620858323817,-0.0007838208912887899,0.5601934593481714,200,False,0.25,0.0103,4,2022-09-30,False,041,0.5043827427190887,15.072780782076181,0.015108510288711956,0.00012585376863180888,0.08853547588308928,0.8847846038288839,False
494261,PACIFIC WESTERN BANK,5,2022-10-14,2022-10-14,-0.0801740276622252,-0.0002279624805467372,0.8167977726806432,200,False,0.25,0.0103,4,2022-09-30,False,041,0.5152662762866934,17.537805445617614,0.012640121988175143,0.0038032118958409326,0.09449428422213195,0.9223774633259381,False
2760232,VILLAGE BANK,5,2022-10-14,2022-10-14,0.030968461798877762,-0.00017893405240151843,0.32771573649144203,200,False,0.25,0.0103,4,2022-09-30,False,051,0.32681056187225044,13.518008426173623,0.011845532319604956,0.0049435739951150595,0.09163950120578292,0.9926491188281281,False
2328137,FIRST COMMUNITY BANK,5,2022-10-14,2022-10-14,0.06325024543034515,-0.000469056026179676,0.13164249857982052,200,False,0.25,0.0103,4,2022-09-30,False,041,0.2841171221579032,14.317957175699378,0.00925966262494252,0.00515248411711318,0.07520269125583871,0.9436173999063114,False
204004,PROVIDENT BANK,5,2022-10-14,2022-10-14,0.02594790828637494,0.000247263897946554,0.501881248638986,200,False,0.25,0.0103,4,2022-09-30,False,041,0.4982023056454136,16.425477183620032,0.012479326605041191,0.005918461988215034,0.1101090796352006,0.8866588040426624,False
3465226,HTLF BANK,5,2022-10-14,2022-10-14,0.05943987547859736,6.911351806648111e-05,0.6321270390900149,200,False,0.25,0.0103,4,2022-09-30,False,041,0.4510460761787314,15.438008416827161,0.009881304325854053,0.002891225756927565,0.10674122258439458,0.9522866931005174,False
2953418,OPTIMUMBANK,5,2022-10-14,2022-10-14,-0.012417776435760502,6.247339032941727e-06,0.5798308491360518,200,False,0.25,0.0103,4,2022-09-30,False,041,0.4338371007574236,13.204455675539299,0.007573384821541526,0.0,0.08981388339247354,0.8565185444579164,False
2618780,TEXAS CAPITAL BANK,5,2022-10-14,2022-10-14,-0.1322090339246027,0.0007389352591504736,0.9622921247666724,200,False,0.25,0.0103,4,2022-09-30,False,041,0.7463534936612166,17.22974656608871,0.005555489752488343,0.0031724871378967577,0.09670866218416173,0.9039697630804611,False
354310,UNIVEST BANK AND TRUST CO.,5,2022-10-14,2022-10-14,0.03235932008819208,-0.0002765607609704233,0.5026900873461934,200,False,0.25,0.0103,4,2022-09-30,False,041,0.4522446805937115,15.746000278136567,0.011440395905826562,0.002395898091372548,0.11003723404641162,0.9568843691757856,False
703767,CENTRAL VALLEY COMMUNITY BANK,5,2022-10-14,2022-10-14,0.01698338419033337,-0.00022855585837250325,0.5283523221161571,200,False,0.25,0.0103,4,2022-09-30,False,041,0.4604304299075185,14.70157875537538,0.011124239733220536,0.00020485280795253292,0.0919938950532946,0.9734657442940453,False
2942690,SIGNATURE BANK,5,2022-10-14,2022-10-14,-0.10607360579609734,-0.0008066616501367629,1.7448702444543367,200,False,0.25,0.0103,4,2022-09-30,False,041,0.8758207815616139,18.555812382999328,0.012069705035468808,0.002944868556287183,0.06718448719618192,0.9627477595571876,True
2849801,SOUTHERN FIRST BANK,5,2022-10-14,2022-10-14,0.005516081217774594,-0.001269756143114554,0.609456328835429,200,False,0.25,0.0103,4,2022-09-30,False,041,0.523410247711779,15.051275009682465,0.009581688466480364,0.0008617200840991422,0.09013986599275561,0.9660046070761931,False
2858960,"BANCORP BANK NATIONAL ASSOCIATION, THE",5,2022-10-14,2022-10-14,-0.023883260527399676,0.0003183134477186265,1.4915153116192252,200,False,0.25,0.0103,4,2022-09-30,False,041,0.20722152182368864,15.865386178627228,0.016944478956842906,0.00607271548896575,0.09599037458147905,0.9867847991222244,False
895710,CITIZENS & NORTHERN BANK,5,2022-10-14,2022-10-14,0.01645891391836688,-4.3772350186022914e-05,0.4314353934977647,200,False,0.25,0.0103,4,2022-09-30,False,051,0.2662017168945513,14.684902955030815,0.011145295046394246,0.012102274811201437,0.10258017213444277,0.9616757600104636,False
2372774,"SUMMIT COMMUNITY BANK, INC.",5,2022-10-14,2022-10-14,0.014972928217087803,0.0008228014957697521,0.4973800565561996,200,False,0.25,0.0103,4,2022-09-30,False,041,0.27373443265682657,15.16740522611533,0.014491009876211627,0.002991394214058317,0.11198318334915587,0.9096622770403459,False
1356768,ENTERPRISE BANK AND TRUST COMPANY,5,2022-10-14,2022-10-14,-0.018690668140046426,-0.0002460670526309938,0.6946826823839924,200,False,0.25,0.0103,4,2022-09-30,False,041,0.3722019609046508,15.326192982329719,0.009586545104836003,0.0018386367137512467,0.07309560355696175,0.9857077564995542,False
1190476,ENTERPRISE BANK & TRUST,5,2022-10-14,2022-10-14,0.017293252499197224,0.00045694092252208176,0.6302703930451574,200,False,0.25,0.0103,4,2022-09-30,False,041,0.4872675519779605,16.377315206777833,0.015620120496793663,0.0026338820569804396,0.11533782646637523,0.9726487461628109,False
633378,KEARNY BANK,5,2022-10-14,2022-10-14,0.04418425863749065,-0.00030062046428108946,0.4214301800740423,200,False,0.25,0.0103,4,2022-09-30,False,041,0.26056734899646394,15.880479626802243,0.00783558362441145,0.013588435692128807,0.09849139904431853,0.8711895317737609,False
1918344,PREFERRED BANK,5,2022-10-14,2022-10-14,0.05037659007239445,0.0006508178162188928,0.6471633014793289,200,False,0.25,0.0103,4,2022-09-30,False,041,0.6579160371941754,15.655040306376467,0.01891557817614506,0.0012312653771243162,0.09383422275850081,0.9570840036647218,False
3138146,WESTERN ALLIANCE BANK,5,2022-10-14,2022-10-14,-0.055086715611055534,-0.0006099334368376752,1.279227084242629,200,False,0.25,0.0103,4,2022-09-30,False,041,0.7401180473667699,18.050844671060627,0.014595327688084168,0.016209198147744845,0.07731366848406226,0.8765994419420653,False
537449,FIRST BUSINESS BANK,5,2022-10-14,2022-10-14,-0.016987911191240903,0.000828137120699602,0.3090477914438832,200,False,0.25,0.0103,4,2022-09-30,False,041,0.4962040811447288,14.862320299790793,0.015280762240705705,0.0015633893251176402,0.09920243604726477,0.8150244391391,False
310978,WATERSTONE BANK,5,2022-10-14,2022-10-14,0.008505379377602092,-0.0005868172370185377,0.31283089989312585,200,False,0.25,0.0103,4,2022-09-30,False,041,0.20126983127923306,14.493063274475862,0.012611815595280235,0.003294355000993175,0.16515096343267552,0.7732005484645305,False
220527,PEOPLES BANK,5,2022-10-14,2022-10-14,-0.0020934932601459483,-0.0002690159717039431,0.10036152298992518,200,False,0.25,0.0103,4,2022-09-30,False,041,0.3160647384286082,14.331698578347483,0.010029274596350342,0.003686317082918275,0.07004657358315808,0.9642042129149511,False
2954059,BCB COMMUNITY BANK,5,2022-10-14,2022-10-14,0.0853819781797549,0.0015139977987368462,0.3926995111644444,200,False,0.25,0.0103,4,2022-09-30,False,041,0.3654755518376301,14.999092167822349,0.014238193667724927,0.003094450413267097,0.09712310064968367,0.9210296787688184,False
2385514,"FIRST BANK, THE",5,2022-10-14,2022-10-14,0.007412689368039356,-0.0010068685021563395,0.5672123644049367,200,False,0.25,0.0103,4,2022-09-30,False,041,0.38115391106979746,15.678538507516372,0.011082869525166284,0.0044107230952608704,0.11640737848810617,0.9761649862054224,False
456045,CENTENNIAL BANK,5,2022-10-14,2022-10-14,-0.03304290441727628,0.0005449018049922028,0.8476506652255559,200,False,0.25,0.0103,4,2022-09-30,False,041,0.4769928048183442,16.954593154036495,0.012241674468692206,0.0044610317563158605,0.15156900535080825,0.9636090306495149,False
561574,SUMMIT STATE BANK,5,2022-10-14,2022-10-14,-0.007266583293101625,-3.431229863173368e-05,0.1414925061421785,200,False,0.25,0.0103,4,2022-09-30,False,051,0.37139319056475223,13.858390912607092,0.01585852382882119,0.0043479266657780605,0.0808775135009815,0.9056902705046529,False
522847,"LIMESTONE BANK, INC",5,2022-10-14,2022-10-14,0.00202446061552718,0.0005688081784542902,0.28699579430195327,200,False,0.25,0.0103,4,2022-09-30,False,051,0.22025253467686756,14.211020948542982,0.013917412162159127,0.0009344427254875016,0.10991339548676153,0.9243115049871209,False
663245,SIMMONS BANK,5,2022-10-14,2022-10-14,0.024572239745392806,-0.0006863298099469564,0.6807280507853949,200,False,0.25,0.0103,4,2022-09-30,False,041,0.4140371394029282,17.11221456641042,0.009775075496542388,0.0037551432524605636,0.12440248594709856,0.9401063966735699,False
30810,DISCOVER BANK,5,2022-10-14,2022-10-14,-0.02377565589946867,0.0006649082817844534,1.258550206481941,200,False,0.25,0.0103,4,2022-09-30,False,031,0.11241445026453087,18.60539690638836,0.03646591831692757,0.009733087618131266,0.09764326105603302,0.8031168811115625,False
768074,FIRST FINANCIAL NORTHWEST BANK,5,2022-10-14,2022-10-14,-0.014731090062259793,-0.0002822668174000153,0.14129095073104672,200,False,0.25,0.0103,4,2022-09-30,False,051,0.3426889322763439,14.210325823951633,0.009997462003041104,0.00020724064265323288,0.1001212848104251,0.8717112972559732,False
2797724,TOWNEBANK,5,2022-10-14,2022-10-14,0.04128590746115347,7.279366238398732e-05,0.6167147834337943,200,False,0.25,0.0103,4,2022-09-30,False,041,0.4830701588701172,16.585082045425754,0.01189433391109478,0.0005571285696089955,0.11451129925988902,0.9603085777276383,False
28013,NORTHFIELD BANK,5,2022-10-14,2022-10-14,0.010885904195125248,-0.00039224511644446035,0.42780574637417024,200,False,0.25,0.0103,4,2022-09-30,False,041,0.3654168827467062,15.553816154822192,0.011287519133399839,0.0029714949358134487,0.1196825147889357,0.8961980653789432,False
836843,MIDWESTONE BANK,5,2022-10-14,2022-10-14,0.0412764758338152,0.00019230941457933204,0.5185589062658283,200,False,0.25,0.0103,4,2022-09-30,False,041,0.38222610094322856,15.685491539033482,0.010183452259981353,0.006926033916571743,0.08974914818085153,0.9297415365911683,False
676478,MALVERN BANK NA,5,2022-10-14,2022-10-14,-0.0075205766768630744,-0.00012011503578357517,0.1691381565338785,200,False,0.25,0.0103,4,2022-09-30,False,051,0.372869455406472,13.858055547276123,0.007611833545287822,0.017251832128081637,0.1563677868788831,0.8995523112033526,False
23504,DIME COMMUNITY BANK,5,2022-10-14,2022-10-14,0.03312244840387385,7.921198228126563e-06,0.7518665814659697,200,False,0.25,0.0103,4,2022-09-30,False,041,0.5633361663108403,16.370305689172003,0.012346892602595933,0.004335376382666007,0.10240457769389097,0.910165968673506,False
785473,FIRST SAVINGS BANK,5,2022-10-14,2022-10-14,0.0033195198692572685,-0.0007226249509129566,0.16553490066181947,200,False,0.25,0.0103,4,2022-09-30,False,041,0.2914250656336357,14.551700465392068,0.007627203201841665,0.007002222057386486,0.0864808557614711,0.8049807171662309,False
929978,"HOME BANK, NATIONAL ASSOCIATION",5,2022-10-14,2022-10-14,-0.0038392150371304307,0.00018121232663981338,0.5061468674379369,200,False,0.25,0.0103,4,2022-09-30,False,041,0.3165547968311948,14.96631452068938,0.01018160449912515,0.007416273343266269,0.11216765225028498,0.9802633524825912,False
1864197,OAK VALLEY COMMUNITY BANK,5,2022-10-14,2022-10-14,0.041077360159566326,0.0002839371944694353,0.12816413100205,200,False,0.25,0.0103,4,2022-09-30,False,041,0.44435323815110095,14.489671128195614,0.009463994068442227,0.0,0.054001635764643535,0.9863182384523271,False
342410,ORRSTOWN BANK,5,2022-10-14,2022-10-14,0.04119328874331872,0.0007601065139231367,0.3456234425000989,200,False,0.25,0.0103,4,2022-09-30,False,041,0.3076370708058888,14.862318544509636,0.011946688085796346,0.0026385752456267618,0.08853014031027781,0.9724337361277049,False
119528,"FARMERS NATIONAL BANK OF EMLENTON, THE",5,2022-10-14,2022-10-14,-0.09332729432509539,0.0015085496746285309,0.30226557945687493,200,False,0.25,0.0103,4,2022-09-30,False,051,0.263667412452831,13.842365708631503,0.011417234299599208,0.004585819633480063,0.06337791649103064,0.9634867313296941,False
685676,OPPORTUNITY BANK OF MONTANA,5,2022-10-14,2022-10-14,0.0263089540056506,-0.0006240139013450368,0.0913844023917986,200,False,0.25,0.0103,4,2022-09-30,False,051,0.2250483294703495,14.463277977313995,0.007733779668551801,0.003382559133059297,0.10112338974785862,0.9776611689789552,False
613008,ROCKLAND TRUST COMPANY,6,2023-04-18,2023-04-18,-0.0844747185819269,0.00016189396814692873,0.5644871993126301,200,False,0.0952,0.0159,21,2023-03-31,False,041,0.3044120927939263,16.783102274091927,0.012897894650119923,0.004031448090992654,0.14778374776819625,0.927220398260277,False
433608,TOMPKINS COMMUNITY BANK,6,2023-04-18,2023-04-18,-0.03327165994187654,0.0001843202604191484,0.6558480700561055,200,False,0.0952,0.0159,21,2023-03-31,False,041,0.4358435817041795,15.844440999263051,0.0105101968236171,0.005392259016537057,0.07512831735482774,0.9321893303675401,False
379920,FIRST NATIONAL BANK OF PENNSYLVANIA,6,2023-04-18,2023-04-18,0.0007415851157983322,0.0012147699546551738,0.8259743650011109,200,False,0.0952,0.0159,21,2023-03-31,False,041,0.40132794616010686,17.602689424217964,0.013485718651864102,0.003864588030999457,0.13135890932697097,0.9042189352880389,False
491224,FIRST-CITIZENS BANK & TRUST COMPANY,6,2023-04-18,2023-04-18,0.028459464527335582,0.00039148490752294486,0.8874415590021134,200,False,0.0952,0.0159,21,2023-03-31,False,031,0.4761840140957617,19.184279575462924,0.17770959837573544,0.007153767486087481,0.09076010107766903,0.7188399530624892,False
246022,"BANK OF SOUTH CAROLINA, THE",6,2023-04-18,2023-04-18,-0.0526228548318749,-5.619856946097687e-05,0.23315466063850163,200,False,0.0952,0.0159,21,2023-03-31,False,041,0.42932033227444916,13.37919389737293,0.010296822619594593,0.0026890064106390344,0.06655961436419132,0.9756077349897578,False
437914,"WILMINGTON SAVINGS FUND SOCIETY, FSB",6,2023-04-18,2023-04-18,-0.05637962036539661,0.0013104212525515174,0.8475841374049209,200,False,0.0952,0.0159,21,2023-03-31,False,041,0.37615115040082375,16.82212772553121,0.013007046332471218,0.003740601412749541,0.11579831273600767,0.9158478086184171,False
761806,"WEBSTER BANK, NATIONAL ASSOCIATION",6,2023-04-18,2023-04-18,-0.013088720254212358,0.0006523741501189906,1.0519799327663528,200,False,0.0952,0.0159,21,2023-03-31,False,041,0.35610657936781215,18.130237569831912,0.01252541624671429,0.003528074164805939,0.11791618283816512,0.843646304596271,False
837000,"FIRST NATIONAL BANK OF LONG ISLAND, THE",6,2023-04-18,2023-04-18,0.005239860420849864,-0.00022369530019624635,0.5529227498139957,200,False,0.0952,0.0159,21,2023-03-31,False,041,0.47486051760638887,15.247333340979717,0.006714245412979361,0.0,0.08705085584652689,0.8895139891364956,False
510871,FIRSTBANK PUERTO RICO,6,2023-04-18,2023-04-18,0.012297930328009809,0.0003602205784672279,0.9972430189921258,200,False,0.0952,0.0159,21,2023-03-31,False,031,0.44409300087734216,16.758329646869274,0.015141982177784917,0.014105117772812401,0.08144097654482542,0.923717771652386,False
245276,ORIENTAL BANK,6,2023-04-18,2023-04-18,0.04416985234612251,0.0005222041285993998,0.7610522837519638,200,False,0.0952,0.0159,21,2023-03-31,False,041,0.36010528358332455,16.1139638267168,0.01780019554629604,0.021761929618355304,0.10026602690875286,0.9576343984497738,False
216922,FIRST BANK,6,2023-04-18,2023-04-18,-0.04005823775290418,0.0007696830014344495,0.7328869528513701,200,False,0.0952,0.0159,21,2023-03-31,False,041,0.33096210386167946,16.330576396069066,0.0054617683894211426,0.00359507367665247,0.11282568729152387,0.9469991049994259,False
645625,"WESBANCO BANK, INC.",6,2023-04-18,2023-04-18,-0.061896226318292835,0.0007114292075082309,0.6116571861976469,200,False,0.0952,0.0159,21,2023-03-31,False,041,0.2896272670529346,16.662550519327787,0.010661910918485775,0.004015220534057526,0.14232487279311537,0.8895142116779572,False
365325,UNITED BANK,6,2023-04-18,2023-04-18,-0.026677632185918704,0.0008083940183444357,0.7195117290206439,200,False,0.0952,0.0159,21,2023-03-31,False,041,0.37356459805460057,17.220304132234133,0.013685761430154297,0.002050305178794,0.15482564813166433,0.8851284677206701,False
816603,"WASHINGTON TRUST COMPANY, OF WESTERLY, THE",6,2023-04-18,2023-04-18,-0.11092754024894387,-0.00039667265845410194,0.5333078314798827,200,False,0.0952,0.0159,21,2023-03-31,False,041,0.2304626789404813,15.741100791667295,0.007747846832194327,0.0026735215366694353,0.06850846658996186,0.8257665218460349,False
130541,HORIZON BANK,6,2023-04-18,2023-04-18,-0.04234683465885233,-0.000406969455119132,0.7221396031653737,200,False,0.0952,0.0159,21,2023-03-31,False,041,0.412765967057934,15.88003400109065,0.00983564000999297,0.004650347346423932,0.09746228561140519,0.8091420009705642,False
701062,CENTRAL PACIFIC BANK,6,2023-04-18,2023-04-18,-0.0648670720050937,-4.66388272944795e-05,0.8144682804298018,200,False,0.0952,0.0159,21,2023-03-31,False,041,0.3764046114729258,15.831318235847329,0.00949807027985871,0.0012993493176751633,0.0733111152199849,0.9724960565414262,False
509811,"COMMUNITY TRUST BANK, INC.",6,2023-04-18,2023-04-18,-0.04039005503183113,0.0004034890389498253,0.5437968434076275,200,False,0.0952,0.0159,21,2023-03-31,False,041,0.2745155940515377,15.520300103888937,0.014106324319646386,0.003232526132740849,0.12229511212989716,0.9448870520345921,False
208244,OLD NATIONAL BANK,6,2023-04-18,2023-04-18,-0.012499412334133406,0.0007446234372554284,0.7359213525739784,200,False,0.0952,0.0159,21,2023-03-31,False,031,0.38219369435169126,17.67737730654314,0.013281479344341722,0.007400129136601129,0.11011053950410943,0.8319855605103087,False
4114567,FIRST REPUBLIC BANK,6,2023-04-18,2023-04-18,-0.25115478992073403,-0.0005801635529475997,1.3983333451867972,200,False,0.0952,0.0159,21,2023-03-31,False,031,0.49129678334483334,19.266309330448244,0.004620884229847685,0.0007532150624894716,0.07722810446405652,0.48602864352694464,True
5210,ACNB BANK,6,2023-04-18,2023-04-18,0.009746986974656466,0.000771019128318786,0.6002568531837953,200,False,0.0952,0.0159,21,2023-03-31,False,051,0.22542114915808686,14.687447231585281,0.015559861478262106,0.0025055604771663013,0.09885228668747893,0.9636903405782206,False
3938186,"BANKUNITED, NATIONAL ASSOCIATION",6,2023-04-18,2023-04-18,0.042547169234842294,-0.0003846212540697435,1.150606241483671,200,False,0.0952,0.0159,21,2023-03-31,False,041,0.5236811351694645,17.428998300899416,0.007452068065075579,0.02219275910627346,0.07846693181862907,0.7599155510988195,False
680813,"FARMERS NATIONAL BANK OF CANFIELD, THE",6,2023-04-18,2023-04-18,-0.03350247454545573,9.031734570168722e-06,0.5987584567090196,200,False,0.0952,0.0159,21,2023-03-31,False,041,0.3346354758323822,15.442324233672228,0.005913156557129261,0.005693963491925599,0.07770521408952445,0.9474015099624875,False
785923,LCNB NATIONAL BANK,6,2023-04-18,2023-04-18,-0.10595190819157248,0.000915341026301131,0.28336338801974004,200,False,0.0952,0.0159,21,2023-03-31,False,051,0.24698395557888725,14.46858077889653,0.010050842314920495,0.0005032874997580348,0.11262803608352316,0.9407034739686949,False
2787770,BANK OF THE JAMES,6,2023-04-18,2023-04-18,-0.0013798429580236145,0.00024164180008943013,0.15031246193979875,200,False,0.0952,0.0159,21,2023-03-31,False,041,0.20836723732950996,13.751903869202696,0.007868930724849581,0.0008371870515069367,0.06389563223192458,0.9877392943662229,False
258771,HOMESTREET BANK,6,2023-04-18,2023-04-18,-0.35051831816197426,-0.0020139096220475987,1.0009837215892563,200,False,0.0952,0.0159,21,2023-03-31,False,041,0.2738938142621851,16.103387514677756,0.0033379355276717715,0.003989852478301211,0.07948938476222081,0.7791920740026108,False
212577,HOMETRUST BANK,6,2023-04-18,2023-04-18,-0.035388774920085006,0.0005319015481262261,0.5079561341286617,200,False,0.0952,0.0159,21,2023-03-31,False,041,0.2512423605325781,15.32549756962926,0.006393217798859736,0.002122622778806823,0.10572314495063924,0.9088428689226398,False
4210227,NBH BANK,6,2023-04-18,2023-04-18,-0.031425587849903736,0.0003448736126799451,0.7863489255642226,200,False,0.0952,0.0159,21,2023-03-31,False,041,0.3450231875567211,16.10568596837736,0.017305022846769203,0.0013203721302835916,0.1087715798948431,0.8695016080330193,False
884303,CHEMUNG CANAL TRUST COMPANY,6,2023-04-18,2023-04-18,-0.017405424844746907,0.0006096131711418809,0.2183891456875325,200,False,0.0952,0.0159,21,2023-03-31,False,041,0.23173960808884358,14.79004114093648,0.01037766003012163,0.0041265944388109085,0.06339203063636188,0.9414417517916436,False
2758613,FIRST INTERNET BANK OF INDIANA,6,2023-04-18,2023-04-18,0.04438911064007206,-0.0014447637754439596,1.0399275161618282,200,False,0.0952,0.0159,21,2023-03-31,False,051,0.2701014909447417,15.365457031287828,-0.0011232764011344838,0.002543453304006801,0.09285369515908624,0.8508389794101874,False
122854,INDEPENDENT BANK DBA INDEPENDENT FINANCIAL,6,2023-04-18,2023-04-18,-0.09412396704254869,-0.000810923958326776,0.8608354780503313,200,False,0.0952,0.0159,21,2023-03-31,False,041,0.45494715347841813,16.749002574015087,-0.00647427662708024,0.0026577458065449146,0.14543230716822125,0.8754697692629371,False
2354985,CUSTOMERS BANK,6,2023-04-18,2023-04-18,0.05036257267418982,-0.0010399385370094716,1.5077554068020866,200,False,0.0952,0.0159,21,2023-03-31,False,041,0.2298703517655092,16.895972966786825,0.010202831931289968,0.007199147741361251,0.07063699389750293,0.8803386340446033,False
697978,COMMUNITY BANK OF THE CHESAPEAKE,6,2023-04-18,2023-04-18,-0.06360667541961813,0.0006130212766617834,0.27131830674475055,200,False,0.0952,0.0159,21,2023-03-31,False,041,0.23527134352870155,14.702046164326733,0.013527791559594314,0.004425349739261126,0.09394125704452287,0.9808940575056624,False
3401970,FIRST BANK,6,2023-04-18,2023-04-18,-0.018886863239603015,-8.330573766862706e-05,0.635986398313539,200,False,0.0952,0.0159,21,2023-03-31,False,041,0.43577939909108915,14.85114648246977,0.009924395531679007,0.0032688521150572416,0.10444861846208789,0.8886610884632034,False
3284070,ALLY BANK,6,2023-04-18,2023-04-18,-0.010209729691559585,-0.0009522503107329216,1.6844223699397745,200,False,0.0952,0.0159,21,2023-03-31,False,031,0.11679386905512805,19.043314254339897,0.010623286458528943,0.01006143774576929,0.07423423810111437,0.9188221180316087,False
3109043,BANKWELL BANK,6,2023-04-18,2023-04-18,0.008594357674232098,-0.00041798976345144975,0.5136315737783057,200,False,0.0952,0.0159,21,2023-03-31,False,041,0.2896452723030135,14.995743385797947,0.014772980020472289,0.005179632277715774,0.09244110530694301,0.9507559345533717,False
762447,"FIRST MID BANK & TRUST, NATIONAL ASSOCIATION",6,2023-04-18,2023-04-18,-0.04469346142349132,-0.0006267354581125221,0.6298727555094041,200,False,0.0952,0.0159,21,2023-03-31,False,041,0.3150034937162315,15.70984165752222,0.00982476196206435,0.0028983552810541292,0.10676388742648275,0.8555529902970923,False
1216022,SYNCHRONY BANK,6,2023-04-18,2023-04-18,0.0004291399079678383,0.0005760511697315831,1.4795465084988877,200,False,0.0952,0.0159,21,2023-03-31,False,041,0.12626226847677682,18.41440106799506,0.02133354801054602,0.01921558610440275,0.11731438806931391,0.8851064800036481,False
3303298,"CITIZENS BANK, NATIONAL ASSOCIATION",6,2023-04-18,2023-04-18,0.009480292988881766,0.00046772897572315434,1.0547352888440338,200,False,0.0952,0.0159,21,2023-03-31,False,031,0.4266841364353676,19.21798536526566,0.009697982383665975,0.010391835329034028,0.1079258608206465,0.8829205373354274,False
177920,"MIDDLEFIELD BANKING COMPANY, THE",6,2023-04-18,2023-04-18,-0.0731315715920505,0.0006204854230832561,0.1347552053594853,200,False,0.0952,0.0159,21,2023-03-31,False,041,0.28743202446455846,14.361354229891717,0.013440984807052346,0.0049763151405942795,0.11306591180860037,0.9353611099317071,False
371924,COMMUNITY BANK,6,2023-04-18,2023-04-18,-0.06512474619051097,0.0007325056561859044,0.036008942832247155,200,False,0.0952,0.0159,21,2023-03-31,False,051,0.3528491106436581,14.172503651288123,0.0124896258010701,0.005050076268933121,0.08049468659072682,0.9865981429181345,False
3221468,VERITEX COMMUNITY BANK,6,2023-04-18,2023-04-18,-0.07321586569730695,-0.0008588875559504182,1.0007341293699283,200,False,0.0952,0.0159,21,2023-03-31,False,041,0.4569319845823127,16.349310858630265,0.013051347701793403,0.004731784261674534,0.1355896977011268,0.8305099278902186,False
3637685,FIRST FOUNDATION BANK,6,2023-04-18,2023-04-18,-0.03416904051445949,-0.001646860237924883,0.8790374308315627,200,False,0.0952,0.0159,21,2023-03-31,False,041,0.6495367434982753,16.424547979759435,0.003045200978333011,0.0012769682814200037,0.09428515467467277,0.8195423133272849,False
866000,GLENS FALLS NATIONAL BANK AND TRUST COMPANY,6,2023-04-18,2023-04-18,-0.05019393687492008,-4.275910342561388e-06,0.5758270412295886,200,False,0.0952,0.0159,21,2023-03-31,False,041,0.2814017671475702,14.99305663198647,0.009366688865628922,0.004083738982426088,0.08580494443380017,0.9597489701881039,False
766164,"TBK BANK, SSB",6,2023-04-18,2023-04-18,-0.05145220446138818,-0.0003526708938870694,1.373450331310854,200,False,0.0952,0.0159,21,2023-03-31,False,041,0.422059449674078,15.543232891451202,0.010081344093921963,0.011820461942159872,0.16812528330236515,0.8688925808509066,False
403179,FIRST FED BANK,6,2023-04-18,2023-04-18,0.025433596662586634,-0.0006624418955678339,0.16393974169716485,200,False,0.0952,0.0159,21,2023-03-31,False,051,0.21627297864921627,14.58036053484581,0.007604697226938313,0.0017027867714196332,0.0825831024930748,0.8132864387072424,False
917742,"ASSOCIATED BANK, NATIONAL ASSOCIATION",6,2023-04-18,2023-04-18,-0.050301949923433786,0.0009876944609007936,0.8620482531033338,200,False,0.0952,0.0159,21,2023-03-31,False,041,0.4993078847938186,17.52057814928197,0.010492661082712762,0.004169822802769093,0.10287418122173396,0.8329600562336773,False
3650808,LIVE OAK BANKING COMPANY,6,2023-04-18,2023-04-18,-0.0041029208127887,-0.0002969126467999324,1.5394404101819088,200,False,0.0952,0.0159,21,2023-03-31,False,041,0.13027944249801848,16.142760848538757,0.0003746444170810927,0.016777897684494652,0.0649204139157376,0.9928156486705397,False
139656,EQUITY BANK,6,2023-04-18,2023-04-18,-0.05034202519196267,-0.0002361058185977867,0.6691230087979558,200,False,0.0952,0.0159,21,2023-03-31,False,041,0.27234258707126924,15.454995697030624,0.01080792374055704,0.005021813021892271,0.09865937340126649,0.9262156957149735,False
422433,FIRST GUARANTY BANK,6,2023-04-18,2023-04-18,0.0036900287747603042,-0.0016046077873970493,0.6147817887041057,200,False,0.0952,0.0159,21,2023-03-31,False,041,0.5606058807427601,14.989795712748208,0.006320482324622222,0.009223686040395581,0.08727346222559969,0.9697642772277764,False
3532641,SMARTBANK,6,2023-04-18,2023-04-18,-0.023368210033700775,0.0005688448464989547,0.6122779326056422,200,False,0.0952,0.0159,21,2023-03-31,False,041,0.34906591254303515,15.377811788473426,0.010295642256411977,0.0009883991708040218,0.10238805313027736,0.9892061411458265,False
2941068,NICOLET NATIONAL BANK,6,2023-04-18,2023-04-18,-0.05889936619758898,-2.6867775134725292e-05,0.7136275993675324,200,False,0.0952,0.0159,21,2023-03-31,False,041,0.2992265296772161,15.916785628948276,-0.003776635954185786,0.006244487207109548,0.13213138143546166,0.9848590901756643,False
773247,MIDLAND STATES BANK,6,2023-04-18,2023-04-18,-0.039646867874436865,0.0003630371443413795,0.6522011326602346,200,False,0.0952,0.0159,21,2023-03-31,False,041,0.32269457159508946,15.876395103726944,0.00877228615674209,0.008011948804290145,0.10290894601786624,0.9126139957852469,False
40499,HARBORONE BANK,6,2023-04-18,2023-04-18,-0.05607367161972389,3.8091137676011594e-05,0.5630910939155841,200,False,0.0952,0.0159,21,2023-03-31,False,041,0.33546289652813666,15.533436350749433,0.005491519134276471,0.002642891712612809,0.10046336262777553,0.8585254690779858,False
980661,FIRST HAWAIIAN BANK,6,2023-04-18,2023-04-18,-0.05360723350641071,0.0005995530422129176,0.8603850797727234,200,False,0.0952,0.0159,21,2023-03-31,False,031,0.46808414522481584,17.029707212570134,0.01104017820148731,0.001291586294109275,0.09306665749317594,0.9436242995399267,False
436159,FIRSTBANK,6,2023-04-18,2023-04-18,-0.04054330034546987,-0.0001242458558736076,0.8506890894503081,200,False,0.0952,0.0159,21,2023-03-31,False,041,0.5216553850621668,16.387567672291006,0.011347060544286792,0.007968027978165025,0.10437250290810243,0.9549643718346297,False
795968,BANK OF HAWAII,6,2023-04-18,2023-04-18,-0.01920192384188341,8.31979884777982e-05,0.7693007259508654,200,False,0.0952,0.0159,21,2023-03-31,False,031,0.4724831758673952,16.9895361190524,0.00801405115465022,0.0013455154895925419,0.055018893454837355,0.9081131171433301,False
321273,AFFINITY BANK,6,2023-04-18,2023-04-18,-0.00018703397016162256,0.00048406964320905183,-0.0008832718424100935,200,False,0.0952,0.0159,21,2023-03-31,False,051,0.19868945396983168,13.745320899184447,0.007680615135746291,0.009591420016837129,0.10990466811911818,0.9166471831681856,False
214414,"FARMERS & MERCHANTS STATE BANK, THE",6,2023-04-18,2023-04-18,0.0021917282613093184,-0.0019097856436919298,0.7590607781072564,200,False,0.0952,0.0159,21,2023-03-31,False,041,0.17674630017784554,14.933910767938078,0.008841960094184392,0.003152880593789107,0.10702935173883277,0.9218979304287361,False
129732,BYLINE BANK,6,2023-04-18,2023-04-18,-0.022475270480932882,0.00038266986134580716,0.7244144394345644,200,False,0.0952,0.0159,21,2023-03-31,False,041,0.28459657324741466,15.832229794853335,0.013879834977322559,0.008394376979608063,0.1153272837085224,0.8781722635125326,False
3835454,ROYAL BUSINESS BANK,6,2023-04-18,2023-04-18,-0.07926254713719201,-3.663453960819603e-05,0.6220675578404984,200,False,0.0952,0.0159,21,2023-03-31,False,041,0.38964243222811323,15.22801491644912,0.012630576105650299,0.007564233588656643,0.1550270248154875,0.9195804215959404,False
3595271,"BANK OF PRINCETON, THE",6,2023-04-18,2023-04-18,-0.09489920520714885,0.0010882434672906912,0.2480256271737952,200,False,0.0952,0.0159,21,2023-03-31,False,041,0.39836854732605836,14.27652641794576,0.015380113566132975,0.004771798426444376,0.14206676740132335,0.9497864983449854,False
736206,CAMBRIDGE TRUST COMPANY,6,2023-04-18,2023-04-18,-0.16032646510753912,1.231674110647874e-05,0.6333022032956219,200,False,0.0952,0.0159,21,2023-03-31,False,041,0.33743695344688696,15.525377526372546,0.00899746139177378,0.001807329964893698,0.09132604202505469,0.931149799287528,False
1007819,"FIDELITY DEPOSIT AND DISCOUNT BANK, THE",6,2023-04-18,2023-04-18,-0.024720458185231515,0.001833686217022479,0.2734699922689529,200,False,0.0952,0.0159,21,2023-03-31,False,051,0.41848364197545257,14.708782375832842,0.012518470310383077,0.002063782491210953,0.07167176263041779,0.9454009862399074,False
963945,MERCHANTS BANK OF INDIANA,6,2023-04-18,2023-04-18,-0.054582423789920176,0.0013428815495874172,0.8124962818698794,200,False,0.0952,0.0159,21,2023-03-31,False,041,0.4592151934973053,16.45134484200096,0.015400413473355332,0.005557385107828746,0.10236217256242408,0.8912007361039895,False
2705895,METROPOLITAN COMMERCIAL BANK,6,2023-04-18,2023-04-18,0.08229635241663426,-0.0017320390348746397,0.9649496717522753,200,False,0.0952,0.0159,21,2023-03-31,False,041,0.7708638579827318,15.656241286074234,0.016488442331317455,0.004960104850967679,0.09637873521636796,0.9072791760225296,False
3579589,ALLEGIANCE BANK,6,2023-04-18,2023-04-18,-0.05268151828779077,0.00033687392893924634,0.5902845983060027,200,False,0.0952,0.0159,21,2023-03-31,False,041,0.5753585336178533,16.175945225891404,0.014751089985273072,0.005505168370858697,0.14046379444363277,0.9617686497283926,False
3271799,MERIDIAN BANK,6,2023-04-18,2023-04-18,-0.2390807754114197,0.0001703290163143833,0.3047853930334057,200,False,0.0952,0.0159,21,2023-03-31,False,051,0.4178224348031842,14.6173865750148,0.00797409540211327,0.012471613741915648,0.08429488904436432,0.869350356505104,False
979375,"STERLING BANK AND TRUST, FSB",6,2023-04-18,2023-04-18,-0.03698798780871202,-0.0003543213636764715,0.334967481708578,200,False,0.0952,0.0159,21,2023-03-31,False,041,0.17261919784661234,14.69522070447867,0.00037507245246350823,0.016539401804847132,0.16183297575596392,0.9610662767288188,False
497570,LUTHER BURBANK SAVINGS,6,2023-04-18,2023-04-18,-0.009850264548929615,-0.0006140585067601456,0.7052057214788576,200,False,0.0952,0.0159,21,2023-03-31,False,041,0.34764205735118947,15.931742698999686,0.0073731843852735835,0.0007075548924502327,0.10103513262840119,0.7614066252311615,False
2757205,"MVB BANK, INC.",6,2023-04-18,2023-04-18,-0.02119906101941526,-0.0018368261365114414,0.6498014899724244,200,False,0.0952,0.0159,21,2023-03-31,False,041,0.44053296375455003,15.069830314036782,0.016901667202498506,0.005495483917572361,0.08542804596153479,0.9880735066772641,False
3378773,BRIDGEWATER BANK,6,2023-04-18,2023-04-18,-0.03273908489344092,-0.00020838925991203627,0.6053173278322154,200,False,0.0952,0.0159,21,2023-03-31,False,041,0.31927481054425466,15.340816797623066,0.010817676122814692,0.00018853936405373236,0.09896376652842534,0.832365725908386,False
3357219,OPEN BANK,6,2023-04-18,2023-04-18,0.027025631905383415,-0.000153084321272427,0.49633780219739976,200,False,0.0952,0.0159,21,2023-03-31,False,051,0.4309245305359869,14.590440930675527,0.014192507421302859,0.002563502268799507,0.08271959477359671,0.9586936179211142,False
3281510,UNITED BUSINESS BANK,6,2023-04-18,2023-04-18,-0.009172506989395167,-0.0003406638541899442,0.5642773723808435,200,False,0.0952,0.0159,21,2023-03-31,False,051,0.421994996202935,14.744725017544749,0.01349012583913487,0.006402430673756784,0.14309073298166766,0.9848111111776711,False
667757,ORIGIN BANK,6,2023-04-18,2023-04-18,-0.010419496171586683,7.46398868448641e-05,0.6304745773721591,200,False,0.0952,0.0159,21,2023-03-31,False,041,0.464045213855945,16.147845988253913,0.009661062012101953,0.002903997128413554,0.09757063040254522,0.8884145442255795,False
2562164,COASTAL COMMUNITY BANK,6,2023-04-18,2023-04-18,-0.005702730026146258,0.0010438633237634248,0.7248629759785074,200,False,0.0952,0.0159,21,2023-03-31,False,041,0.27499740572133513,15.053345513189692,0.015176877968991979,0.011012059364020756,0.08576768924695632,0.9843233776413597,False
3158546,FIRST WESTERN TRUST BANK,6,2023-04-18,2023-04-18,-0.030238197735442958,-0.0011492988135539024,0.7521567280086202,200,False,0.0952,0.0159,21,2023-03-31,False,051,0.36190553396990105,14.902294837377289,0.005931072865105532,0.006901417598292154,0.08865307912200963,0.8948385446796006,False
661308,AMALGAMATED BANK,6,2023-04-18,2023-04-18,-0.03220518424128012,0.0010413555746824148,0.4451056633996241,200,False,0.0952,0.0159,21,2023-03-31,False,041,0.679307955481103,15.876338944645187,0.01096571882077389,0.008778186677030134,0.07409068125298632,0.9720443202049255,False
83638,"AMERANT BANK, NATIONAL ASSOCIATION",6,2023-04-18,2023-04-18,-0.051510860426838126,5.948870411109038e-06,0.6973343370285571,200,False,0.0952,0.0159,21,2023-03-31,False,031,0.37128231918315213,16.064502556161212,0.009924271302382303,0.0031166396229955298,0.08472462584313419,0.8475295120378322,False
18854,BANK7,6,2023-04-18,2023-04-18,-0.021334494168727767,0.0012273296860273095,0.5270049220762115,200,False,0.0952,0.0159,21,2023-03-31,False,041,0.28026438041776175,14.322067885500315,0.0231530133143083,0.014336822309227327,0.09216675664992335,0.9922713958679447,False
2808602,"CAPITAL BANK, NATIONAL ASSOCIATION",6,2023-04-18,2023-04-18,0.05944397228494935,-0.0004654495337841913,0.6218865716981994,200,False,0.0952,0.0159,21,2023-03-31,False,041,0.41523684612210054,14.600136953179682,0.016964867484216925,0.00928994435429902,0.08787783105218681,0.9733671302994104,False
3614976,FVCBANK,6,2023-04-18,2023-04-18,-0.01736542319354319,-0.0008082915199996275,0.24513017251630095,200,False,0.0952,0.0159,21,2023-03-31,False,051,0.39488931559313345,14.66704983936635,0.0020057603730885,0.0024320026606524836,0.09218005241435936,0.8984792572570219,False
594947,"BANK FIRST, NATIONAL ASSOCIATION",6,2023-04-18,2023-04-18,-0.02689937436677202,0.0006304369421071888,0.5596093533309647,200,False,0.0952,0.0159,21,2023-03-31,False,041,0.2638508004450195,15.242351675729951,0.010981582131402563,0.0015642111378328008,0.14038751464403004,0.9701938122725151,False
3476192,CARTER BANK & TRUST,6,2023-04-18,2023-04-18,-0.020532730339171294,0.00082995572483282,0.6705846107981619,200,False,0.0952,0.0159,21,2023-03-31,False,041,0.1366933817827812,15.288111964757384,0.015048512073208878,0.0025753540342391594,0.0802010932530746,0.8810070304439815,False
3248849,MAINSTREET BANK,6,2023-04-18,2023-04-18,-0.09305444478398335,0.0009493118700813171,0.17810001173716677,200,False,0.0952,0.0159,21,2023-03-31,False,041,0.2147472896625439,14.534868710019202,0.017064801533279918,0.0,0.13178170730816344,0.9184865294252286,False
289515,FARMERS AND MERCHANTS TRUST COMPANY OF CHAMBERSBURG,6,2023-04-18,2023-04-18,-0.01957718782015137,0.000587948687794967,0.06780597661572645,200,False,0.0952,0.0159,21,2023-03-31,False,051,0.21647686440549338,14.352585046146967,0.008512011146736926,0.00020975529168051112,0.07549763470824562,0.9579793629861337,False
2743244,RED RIVER BANK,6,2023-04-18,2023-04-18,-0.01669725487345238,-9.056754893799776e-05,0.7676139017090865,200,False,0.0952,0.0159,21,2023-03-31,False,041,0.3108220960781216,14.92403786333066,0.01286514078219924,0.0012271973121208216,0.08793049787566756,0.991852281531247,False
575254,CITY BANK,6,2023-04-18,2023-04-18,-0.025866170859564233,0.000526537257481006,0.5285830318051707,200,False,0.0952,0.0159,21,2023-03-31,False,041,0.376279109097689,15.21561561092866,0.010872797442367714,0.0026976717362817626,0.0944524963593783,0.9821222895624363,False
419675,FIRST BANK RICHMOND,6,2023-04-18,2023-04-18,-0.002386690857465762,-0.00043072785519124665,0.17369548072243116,200,False,0.0952,0.0159,21,2023-03-31,False,051,0.18838568298027758,14.121189952658655,0.00922840977144806,0.008577078757249165,0.07972026014568925,0.843760980947281,False
3594005,CROSSFIRST BANK,6,2023-04-18,2023-04-18,0.021281754526264948,0.00038779437872045816,0.5444187930974469,200,False,0.0952,0.0159,21,2023-03-31,False,041,0.42850590948854306,15.745662626648167,0.009550460209463443,0.0018322700866680748,0.09410515084554835,0.9354326838585795,False
933256,"ALERUS FINANCIAL, NATIONAL ASSOCIATION",6,2023-04-18,2023-04-18,-0.03263453044941029,-0.0009841486934774124,0.7698101639820368,200,False,0.0952,0.0159,21,2023-03-31,False,041,0.5842811504880291,15.172567130312283,0.009593429885433833,0.0008460071299467751,0.08758213544168442,0.8786158756024813,False
426534,HEARTLAND BANK AND TRUST COMPANY,6,2023-04-18,2023-04-18,-0.03942587721720495,0.001649984180420757,0.5082672601409213,200,False,0.0952,0.0159,21,2023-03-31,False,041,0.1932127986589151,15.426483891036579,0.009407144981022162,0.0020364486185704867,0.10697941543024987,0.9641698815106741,False
3437456,METRO CITY BANK,6,2023-04-18,2023-04-18,0.00416651866941436,0.00015959406791633712,0.8455017978994785,200,False,0.0952,0.0159,21,2023-03-31,False,041,0.29343701253118587,15.046619036953182,0.01844191456760595,0.0030056089889726914,0.10284774646834592,0.8701890282637674,False
324340,CHOICEONE BANK,6,2023-04-18,2023-04-18,-0.04399087319815529,0.0018151713269722173,0.2584697511874456,200,False,0.0952,0.0159,21,2023-03-31,False,041,0.3231320697612832,14.69361623220878,0.009975327645296565,0.001314461964198207,0.0795861095100146,0.9547657468351916,False
128904,EASTERN BANK,6,2023-04-18,2023-04-18,-0.022594063859066378,-0.0006772906909978368,0.6033123858842544,200,False,0.0952,0.0159,21,2023-03-31,False,041,0.4239415377332616,16.937980587060107,-0.034022679378282086,0.0025300844998313544,0.10785518315123353,0.9222183612214113,False
395238,SYNOVUS BANK,6,2023-04-18,2023-04-18,0.017811188162964786,0.00036640030806591996,1.2228845133473232,200,False,0.0952,0.0159,21,2023-03-31,False,041,0.4523448498980741,17.938209022069657,0.013058831911864355,0.004159489073605975,0.07699671426346373,0.886393438004708,False
933966,CITIZENS BUSINESS BANK,6,2023-04-18,2023-04-18,-0.04901321958736011,0.0002039366296217568,0.4830030577803639,200,False,0.0952,0.0159,21,2023-03-31,False,041,0.6143192867863536,16.6049233337937,0.014908801679898217,0.0006905236338563011,0.12150211210277233,0.8608931651421234,False
2708122,VIRGINIA NATIONAL BANK,6,2023-04-18,2023-04-18,-0.06793262468513084,0.0010441872129814643,0.15167807543545334,200,False,0.0952,0.0159,21,2023-03-31,False,051,0.22923544132344525,14.267458408285414,0.014619090347912967,0.0013798488868651578,0.09061646843200519,0.9795819109881327,False
2867337,FIVE STAR BANK,6,2023-04-18,2023-04-18,-0.005041112890640291,0.0006074887816170934,0.6910009988454837,200,False,0.0952,0.0159,21,2023-03-31,False,041,0.535685023572254,15.037410113583599,0.016977700561169345,0.0001450803026416763,0.09575386577432765,0.9537490936642036,False
3146150,U.S. CENTURY BANK,6,2023-04-18,2023-04-18,0.009504161235643111,-0.00013647985178479,0.2777570747769776,200,False,0.0952,0.0159,21,2023-03-31,False,031,0.5241873336326,14.587386198336866,0.010738411356577092,0.00030751825177772124,0.08435217145965401,0.9287113801154596,False
176101,ORANGE BANK & TRUST COMPANY,6,2023-04-18,2023-04-18,-0.17852216238947174,0.00205957386667814,0.034648865250567144,200,False,0.0952,0.0159,21,2023-03-31,False,041,0.45940170519143503,14.709646065354368,0.005718910478848333,0.0047632273796297635,0.06393859696117447,0.8869135388227501,False
3630323,"THIRD COAST BANK, SSB",6,2023-04-18,2023-04-18,-0.07023778121707208,-0.0011432843740516296,0.5776505973846099,200,False,0.0952,0.0159,21,2023-03-31,False,051,0.3580009901088308,15.164971055138627,0.01124361114245288,0.002950836609793093,0.1273458017375877,0.9888609590525217,False
3419416,JOHN MARSHALL BANK,6,2023-04-18,2023-04-18,-0.19273618741469895,0.00011648008986873403,0.47361929517539836,200,False,0.0952,0.0159,21,2023-03-31,False,041,0.3685559443535407,14.669222234360179,0.011408876115838077,0.0,0.10320749020481215,0.9930512160609313,False
978118,FIRST CITIZENS COMMUNITY BANK,6,2023-04-18,2023-04-18,-0.012890951891923116,0.0015242823627857728,0.26708849767497894,187,False,0.0952,0.0159,21,2023-03-31,False,041,0.28671934597695575,14.662291284660897,0.01274544653871766,0.0060580716482246865,0.09181661204557041,0.8565858624106999,False
60143,COMERICA BANK,6,2023-04-18,2023-04-18,-0.03596953412187841,-0.00030512244508688126,1.0509407853254602,200,False,0.0952,0.0159,21,2023-03-31,False,031,0.5259133772094209,18.329212175700228,0.014289001632715678,0.004372992687485257,0.061418599809333875,0.7787493870689052,False
601050,COMMERCE BANK,6,2023-04-18,2023-04-18,-0.03887056872831827,0.00015562267778415013,0.6539281868172706,200,False,0.0952,0.0159,21,2023-03-31,False,041,0.3505009081945343,17.276653585893087,0.014769303023401138,0.0013663058730900674,0.068907570675814,0.8410146193461226,False
682563,FROST BANK,6,2023-04-18,2023-04-18,-0.030534113963694102,0.0005051764884222535,0.6652531932993396,200,False,0.0952,0.0159,21,2023-03-31,False,041,0.5145210264647304,17.752922947815055,0.014049992315600042,0.002766495116328332,0.06565490098784219,0.8887334747496497,False
723112,"FIFTH THIRD BANK, NATIONAL ASSOCIATION",6,2023-04-18,2023-04-18,-0.00878031793992284,0.00016425917937474134,1.1174078924890831,200,False,0.0952,0.0159,21,2023-03-31,False,031,0.47553368615091873,19.151056269602428,0.012351507327083715,0.006844327945245377,0.10164461957935507,0.9017835118990165,False
233031,REGIONS BANK,6,2023-04-18,2023-04-18,-0.02555193608753423,0.0009193370513066402,1.0106484444981678,200,False,0.0952,0.0159,21,2023-03-31,False,031,0.3541977376500011,18.846765139263265,0.016744489795918367,0.007231163984138092,0.10189061224489795,0.9508741563881778,False
342634,TRUSTMARK NATIONAL BANK,6,2023-04-18,2023-04-18,-0.005010627889328413,0.0005148788062076938,0.6205058663783559,200,False,0.0952,0.0159,21,2023-03-31,False,041,0.38404699740133236,16.753338733842867,0.011077622030506376,0.009160805771522264,0.08845334540868731,0.8637515054254601,False
501105,MANUFACTURERS AND TRADERS TRUST COMPANY,6,2023-04-18,2023-04-18,0.04930273374963428,-0.0002108912518255408,0.8055505361545071,200,False,0.0952,0.0159,21,2023-03-31,False,031,0.39892205415950505,19.12557263954433,0.014004847363466142,0.022984654494564386,0.12518254405771662,0.9128881473769983,False
165628,FIRST FINANCIAL BANK,6,2023-04-18,2023-04-18,-0.018992654649388468,0.0011661230038152517,0.7553665347036134,200,False,0.0952,0.0159,21,2023-03-31,False,041,0.3658532309142112,16.640261134783973,0.01857915587474209,0.0033146240288535163,0.13222538877624024,0.8734549149263612,False
991340,1ST SOURCE BANK,6,2023-04-18,2023-04-18,-0.009509991987922413,0.0007887572059440874,0.6185619256682119,200,False,0.0952,0.0159,21,2023-03-31,False,041,0.367351973333596,15.934862839097553,0.015930349999993994,0.0031435984666234335,0.10613995651799485,0.9213306831966998,False
485559,FIRST HORIZON BANK,6,2023-04-18,2023-04-18,-0.03714061687535834,6.991164388403244e-05,0.2582674070694782,200,False,0.0952,0.0159,21,2023-03-31,False,041,0.44299566626895903,18.20333873112196,0.014164733912205225,0.007473805101675613,0.10551289626437536,0.8727136275307361,False
451965,"WELLS FARGO BANK, NATIONAL ASSOCIATION",6,2023-04-18,2023-04-18,0.03681673365114031,0.00056358531069265,0.9477206309862434,200,False,0.0952,0.0159,21,2023-03-31,False,031,0.5251848882140694,21.246518128850504,0.014262459355724155,0.010874726267667181,0.09629293389597791,0.9225000688532717,False
12311,"HUNTINGTON NATIONAL BANK, THE",6,2023-04-18,2023-04-18,-0.030484070567380818,0.0009429302079079226,0.9541753813973434,200,False,0.0952,0.0159,21,2023-03-31,False,031,0.4038458969471396,19.054298033883967,0.013995517780762,0.005982133300887016,0.0943688065186754,0.872925347191676,False
852218,"JPMORGAN CHASE BANK, NATIONAL ASSOCIATION",6,2023-04-18,2023-04-18,0.0009363400201227254,0.0010252467758606447,0.8773403472045472,200,False,0.0952,0.0159,21,2023-03-31,False,031,0.43314948807337744,21.907432691970648,0.014337983630781622,0.007823423195553963,0.094554620110448,0.8357510584130445,False
541101,"BANK OF NEW YORK MELLON, THE",6,2023-04-18,2023-04-18,-0.0752579205429038,0.0009012783829336467,0.9256308242504254,200,False,0.0952,0.0159,21,2023-03-31,False,031,0.6413804311541367,19.64872645669658,0.008832789093731239,0.0016998130205677375,0.07849350573281984,0.9044407649061029,False
210434,"NORTHERN TRUST COMPANY, THE",6,2023-04-18,2023-04-18,-0.0905459860027813,-0.0003644125694646305,1.1058534180425144,200,False,0.0952,0.0159,21,2023-03-31,False,031,0.28467768121570125,18.829959397908926,0.008971826871308056,0.0029792372917458753,0.07592445913521725,0.8228340376521414,False
1394676,AMERICAN EXPRESS NATIONAL BANK,6,2023-04-18,2023-04-18,-0.028321843061654972,0.0006641216966636195,1.1441400383495461,200,False,0.0952,0.0159,21,2023-03-31,False,031,0.24991727864564997,18.92418043850863,0.03185515587959007,0.0054151645697683775,0.08813382690398448,0.8627177797209284,False
480228,"BANK OF AMERICA, NATIONAL ASSOCIATION",6,2023-04-18,2023-04-18,-0.004976760468888831,-3.993393670364052e-05,0.9645873515246682,200,False,0.0952,0.0159,21,2023-03-31,False,031,0.45170962711268986,21.646845936707376,0.013164488601392214,0.005405094423749047,0.09231303781534295,0.881688795132073,False
817824,"PNC BANK, NATIONAL ASSOCIATION",6,2023-04-18,2023-04-18,0.04687055446741166,-7.675239568582318e-06,1.0366358610551438,200,False,0.0952,0.0159,21,2023-03-31,False,031,0.45668717827732963,20.13684356144162,0.011917599056505612,0.00961567287862275,0.08201827655743964,0.874673845691443,False
280110,KEYBANK NATIONAL ASSOCIATION,6,2023-04-18,2023-04-18,-0.11879944978663097,0.00010469968386638019,1.167572751572848,200,False,0.0952,0.0159,21,2023-03-31,False,031,0.47756752817351683,19.0894875463801,0.00820983820273561,0.004111478058967516,0.07235408028575462,0.8139948351133317,False
504713,U.S. BANK NATIONAL ASSOCIATION,6,2023-04-18,2023-04-18,-0.0790854777363088,-1.1516151190102583e-05,0.8131304588012314,200,False,0.0952,0.0159,21,2023-03-31,False,031,0.5085973610960963,20.19641322776935,0.010301268980149048,0.009942028823211171,0.07762950825743525,0.8440272238985307,False
34537,SEACOAST NATIONAL BANK,6,2023-04-18,2023-04-18,-0.039206588252749815,-0.0003644581075484456,0.797977671405662,200,False,0.0952,0.0159,21,2023-03-31,False,041,0.3027457236400885,16.539928277439635,0.00332407872145612,0.005096854338851637,0.13233439140613765,0.9309626796040653,False
476810,"CITIBANK, N.A.",6,2023-04-18,2023-04-18,-0.018489134811685515,0.0005876826450336992,1.0874747857252645,200,False,0.0952,0.0159,21,2023-03-31,False,031,0.4371369386452596,21.264115203396074,0.010617974747665892,0.007135838099819183,0.0975460926423537,0.87481894488437,False
852320,TRUIST BANK,6,2023-04-18,2023-04-18,-0.06669201759763302,0.00010979047415212379,1.0311638953145759,200,False,0.0952,0.0159,21,2023-03-31,False,031,0.4209577335110821,20.151613904359863,0.011115991724997875,0.0077436614506398455,0.10906105647972342,0.8291709245040696,False
35301,STATE STREET BANK AND TRUST COMPANY,6,2023-04-18,2023-04-18,-0.10751728973154537,0.0014938676068401162,1.2563935865198264,200,False,0.0952,0.0159,21,2023-03-31,False,031,0.7038869702544167,19.47523316294656,0.008583302272276003,0.0013181405430739038,0.09186989887448663,0.8841255715469359,False
17147,FIRST MERCHANTS BANK,6,2023-04-18,2023-04-18,-0.033792366899980164,0.00035707391892942573,0.703889013835908,200,False,0.0952,0.0159,21,2023-03-31,False,041,0.4525728220333858,16.715005902414436,0.014684302362964861,0.004375852847663297,0.12122135476534623,0.9250208278610409,False
572374,GREAT SOUTHERN BANK,6,2023-04-18,2023-04-18,0.01950117871239722,0.00010569868013540567,0.4669092365970719,200,False,0.0952,0.0159,21,2023-03-31,False,041,0.7173186619823904,15.56851793755123,0.015368849441305212,0.0006426150770168351,0.10958543365439839,0.9408134936540786,False
489623,"PARK NATIONAL BANK, THE",6,2023-04-18,2023-04-18,-0.017740645230867887,0.0006382565346957732,0.7040594575309659,200,False,0.0952,0.0159,21,2023-03-31,False,041,0.19162191647780946,16.099724632421132,0.014776582565412982,0.01047294387292112,0.09505593164043025,0.9660645123966328,False
595869,CATHAY BANK,6,2023-04-18,2023-04-18,-0.039027603455661065,0.0005480496322358208,0.9326029185835855,200,False,0.0952,0.0159,21,2023-03-31,False,031,0.438185772696113,16.907270753683907,0.01709518020606659,0.004703673271387673,0.1189386020837039,0.9628401793489682,False
1718188,NORTHRIM BANK,6,2023-04-18,2023-04-18,-0.07640575224466445,0.0016487788668250133,0.4004147391120186,200,False,0.0952,0.0159,21,2023-03-31,False,051,0.34748746798449065,14.75738911136578,0.008498145075922248,0.00555252530749284,0.07445078456562805,0.9794430468050975,False
463735,HANCOCK WHITNEY BANK,6,2023-04-18,2023-04-18,-0.016363188936893456,0.00034738415660354795,0.9378728571860337,200,False,0.0952,0.0159,21,2023-03-31,False,041,0.45860572551197504,17.44051433787573,0.013740542437661001,0.0028810827226592403,0.09344108233300773,0.8752614937383631,False
339858,"BOKF, NATIONAL ASSOCIATION",6,2023-04-18,2023-04-18,-0.00839710422690777,0.0011511183119523236,0.7174435518867391,200,False,0.0952,0.0159,21,2023-03-31,False,041,0.6302529312040357,17.628134222352625,0.01427403364779834,0.008146858742494854,0.10053826174498809,0.8055260721224943,False
693345,"FIRST FINANCIAL BANK, NATIONAL ASSOCIATION",6,2023-04-18,2023-04-18,-0.05242252828139408,0.00013650686794867717,0.3217442073885949,200,False,0.0952,0.0159,21,2023-03-31,False,041,0.4501990879325586,15.395514098415065,0.013127982380128581,0.0039681251306799515,0.09081863071123156,0.9554108006454841,False
702117,"NBT BANK, NATIONAL ASSOCIATION",6,2023-04-18,2023-04-18,-0.029235570352966478,0.0007787074242050296,0.5626033530179381,200,False,0.0952,0.0159,21,2023-03-31,False,041,0.30772755850449623,16.280120788560943,0.01103538783991493,0.002251904808745986,0.10464169346481278,0.9339319159452785,False
677176,TRUSTCO BANK,6,2023-04-18,2023-04-18,-0.008923692981782274,0.0011811427227289755,0.5159539842804706,200,False,0.0952,0.0159,21,2023-03-31,False,041,0.11185923144704306,15.61475064414457,0.012065404896434307,0.0039901440068262,0.09874356746641716,0.9567428675684297,False
749242,RENASANT BANK,6,2023-04-18,2023-04-18,-0.042268043021926854,0.001101157204115179,0.7424610764660754,200,False,0.0952,0.0159,21,2023-03-31,False,041,0.42974570642038895,16.676534746863137,0.011741579526094115,0.006313233481553309,0.13972917865695772,0.9361054223788133,False
936426,S & T BANK,6,2023-04-18,2023-04-18,-0.0937558401974588,0.0016761886723394937,0.6181739963023488,200,False,0.0952,0.0159,21,2023-03-31,False,041,0.25954076327222214,16.033527468754354,0.017897310832737517,0.003398635663746898,0.13330699775494637,0.9000670507224904,False
42420,FIRST COMMONWEALTH BANK,6,2023-04-18,2023-04-18,0.016187293972731637,0.0010504393169780315,0.7041286967546083,200,False,0.0952,0.0159,21,2023-03-31,False,041,0.2583523257381691,16.221089418075067,0.011933770837571477,0.005269273561523158,0.11099812401526589,0.940818805883394,False
143662,UMPQUA BANK,6,2023-04-18,2023-04-18,-0.053508777281633425,0.0002045550420683915,0.8645592871339878,200,False,0.0952,0.0159,21,2023-03-31,False,041,0.3490440437432678,17.804233366705216,-0.000500501103112211,0.0021817892206317086,0.09815600908348375,0.8551387843803014,False
61122,FIRST UNITED BANK & TRUST,6,2023-04-18,2023-04-18,-0.044608233065417224,0.0001554271677592438,0.36712443093559965,200,False,0.0952,0.0159,21,2023-03-31,False,041,0.3968430588038861,14.465866097189261,0.009362172023909546,0.0025937299061556873,0.08109133492883393,0.911556064658034,False
936855,"UMB BANK, NATIONAL ASSOCIATION",6,2023-04-18,2023-04-18,-0.025147850202091954,1.0825995544039752e-05,0.8204608696503791,200,False,0.0952,0.0159,21,2023-03-31,False,031,0.7639896099264358,17.51320112991814,0.009398324359502188,0.000788607742209112,0.0708211046825046,0.8554697987552674,False
577128,PEOPLES BANK,6,2023-04-18,2023-04-18,0.03436320437598575,0.0008566406455601139,0.5122827620536643,200,False,0.0952,0.0159,21,2023-03-31,False,041,0.2844898691793105,15.801957723794684,0.015017033196247415,0.007138439958464968,0.11054532704107187,0.896228715471997,False
317342,STOCK YARDS BANK & TRUST COMPANY,6,2023-04-18,2023-04-18,-0.07235436057971903,0.0005925179764725166,0.535155119344843,200,False,0.0952,0.0159,21,2023-03-31,False,041,0.3996578175971838,15.851509486801271,0.015301505241582788,0.0034372432546959145,0.10408947897492134,0.9265600353219668,False
584724,UNIFIED BANK,6,2023-04-18,2023-04-18,-0.0457648330487459,-0.00030080790720812687,0.11956772915159394,200,False,0.0952,0.0159,21,2023-03-31,False,051,0.14115126552846607,13.646508304124,0.014166845271856835,0.0005067505644338734,0.08479858663101668,0.8569506297111894,False
1386251,BANCFIRST,6,2023-04-18,2023-04-18,-0.03494919602067086,0.0006559870034345611,0.5713716836186048,200,False,0.0952,0.0159,21,2023-03-31,False,041,0.26947042859119874,16.159650177111754,0.01780762257417764,0.004205711075417997,0.10329010101397695,0.9670524102887456,False
100562,TRI COUNTIES BANK,6,2023-04-18,2023-04-18,-0.05431899520351108,0.0011043446980205506,0.5888539107228439,200,False,0.0952,0.0159,21,2023-03-31,False,041,0.330091596353575,16.101940963830213,0.015089406225828276,0.0024950775739469373,0.12020832640988578,0.9278721292799954,False
37640,GERMAN AMERICAN BANK,6,2023-04-18,2023-04-18,-0.05944232398827734,0.0006440719138898892,0.4998113407733588,200,False,0.0952,0.0159,21,2023-03-31,False,041,0.37570007020138413,15.605084139880441,0.01485443465807591,0.003865815178907532,0.10132323929299626,0.9682195392178893,False
981275,PREMIER BANK,6,2023-04-18,2023-04-18,-0.05066583292118016,-9.406220565473378e-05,0.7672707027576108,200,False,0.0952,0.0159,21,2023-03-31,False,041,0.281855637833741,15.957150658641906,0.008724610140567992,0.005137281086102247,0.10981196794836932,0.9004405479330587,False
435077,"PATHWARD, NATIONAL ASSOCIATION",6,2023-04-18,2023-04-18,-0.01998286579194965,0.0014303047759262044,1.0347859575895564,200,False,0.0952,0.0159,21,2023-03-31,False,041,0.028959882734616284,15.742550784618933,0.032475056226033236,0.0076061301259920285,0.10272174908420242,0.9580066089246927,False
2142155,QUAD CITY BANK AND TRUST COMPANY,6,2023-04-18,2023-04-18,-0.047263405293181196,9.736793549350459e-05,0.6807096332750037,200,False,0.0952,0.0159,21,2023-03-31,False,041,0.6865970994914287,14.748052126792352,0.011079281483880692,0.0027814740049432996,0.09728925181398047,0.9475060719319578,False
921178,RIVERVIEW BANK,6,2023-04-18,2023-04-18,-0.02919341402994157,0.0005563940039275561,0.4140869267400332,200,False,0.0952,0.0159,21,2023-03-31,False,041,0.24010946979792427,14.27783162677064,0.008364010820309178,0.0018357426629766786,0.11074315621742649,0.9008635037912859,False
693224,ATLANTIC UNION BANK,6,2023-04-18,2023-04-18,-0.15275675958153856,0.0005371727387907269,0.8350917328558908,200,False,0.0952,0.0159,21,2023-03-31,False,041,0.34366856273603225,16.810731400759845,0.008190387745254149,0.002973731807367501,0.1372158584684349,0.9550299590766087,False
470050,"FIRST FINANCIAL BANK, NATIONAL ASSOCIATION",6,2023-04-18,2023-04-18,-0.028214517452067656,-0.0004826192990475135,0.742125302800963,200,False,0.0952,0.0159,21,2023-03-31,False,041,0.43840601508119387,16.376763322205417,0.015101258620943908,0.0036698879756753428,0.09643829659791632,0.9430768845593863,False
936136,OLD SECOND NATIONAL BANK,6,2023-04-18,2023-04-18,-0.04514864330826565,0.0009129912906507354,0.7276459136577187,200,False,0.0952,0.0159,21,2023-03-31,False,041,0.21134285013745419,15.593648169525789,0.017480502458005587,0.01611442699098469,0.1005117064659646,0.9246454486851022,False
694904,"FLAGSTAR BANK, NATIONAL ASSOCIATION",6,2023-04-18,2023-04-18,0.05283471877348204,-7.271551102317274e-05,1.1137270721163475,200,False,0.0952,0.0159,21,2023-03-31,False,041,0.43184667090690576,18.63282815470502,0.06547147779591425,0.008391583689197527,0.09375366508097369,0.7582092794097293,False
229801,VALLEY NATIONAL BANK,6,2023-04-18,2023-04-18,0.006174132740373027,-1.952213087628629e-05,1.0560466919060867,200,False,0.0952,0.0159,21,2023-03-31,False,041,0.4541876220293677,17.979292419567283,0.009659066287460123,0.005336915134614196,0.11279076371999498,0.837058239945807,False
481177,LANDMARK NATIONAL BANK,6,2023-04-18,2023-04-18,-0.02893358063459321,8.978310279010197e-05,0.11936259786020686,200,False,0.0952,0.0159,21,2023-03-31,False,041,0.32122403079651046,14.231977589023291,0.00923912398440189,0.0038065912078986196,0.09514148150394898,0.9493129432785616,False
272272,SOUTHERN BANK,6,2023-04-18,2023-04-18,-0.032104141868686764,0.0002597617704805699,0.6203733040552936,200,False,0.0952,0.0159,21,2023-03-31,False,051,0.16949050870032487,15.26081129106387,0.00269706688084828,0.002125450117291975,0.0933372738225196,0.9793134335962336,False
764030,AMERIS BANK,6,2023-04-18,2023-04-18,-0.02460792743804676,0.0004950896726717836,0.9563490864527999,200,False,0.0952,0.0159,21,2023-03-31,False,041,0.4098327475804924,17.073262151883995,0.010465917226144879,0.007787930406984447,0.1312396856254232,0.8868450624708315,False
2236821,"PATRIOT BANK, NATIONAL ASSOCIATION",6,2023-04-18,2023-04-18,-0.05055669564998262,-0.0008872998989601613,0.09176780053952888,200,False,0.0952,0.0159,21,2023-03-31,False,051,0.38592325349522005,13.90624300318432,-0.0008475071599742826,0.030667836427667333,0.07136412122274827,0.8453011996058354,False
268677,CARVER FEDERAL SAVINGS BANK,6,2023-04-18,2023-04-18,0.011269158744037722,-0.0032666761924568023,1.137516356845638,200,False,0.0952,0.0159,21,2023-03-31,False,041,0.16322955127837768,13.492780069542745,-0.004286292288126114,0.02143349345036595,0.08568441896850044,0.9223946148653037,False
112837,"CAPITAL ONE, NATIONAL ASSOCIATION",6,2023-04-18,2023-04-18,0.010408117624494763,-0.00010357609390302132,1.4835568983110965,200,False,0.0952,0.0159,21,2023-03-31,False,031,0.27338071064580743,19.96703329756358,0.008786488657513122,0.013388812943669892,0.10844079084439265,0.8882772256069064,False
1002878,NORTHWEST BANK,6,2023-04-18,2023-04-18,-0.015065992802349581,0.0007496260593133419,0.6185665367219939,200,False,0.0952,0.0159,21,2023-03-31,False,041,0.2243286102834249,16.47368764872246,0.010293861664110768,0.0071441776182751635,0.1020887367651251,0.931121433621937,False
697763,WESTAMERICA BANK,6,2023-04-18,2023-04-18,-0.01019617485470841,-9.049148879335945e-05,0.5199923142854422,200,False,0.0952,0.0159,21,2023-03-31,False,041,0.35118329095283524,15.711807053876164,0.024005360012093954,0.0008363270646091956,0.07938744777763816,0.9625126684403162,False
749635,AUBURNBANK,6,2023-04-18,2023-04-18,-0.007640041443644635,-0.0005357684827028494,0.0143502742705202,200,False,0.0952,0.0159,21,2023-03-31,False,051,0.392317348892236,13.832554481573402,0.007864804018914854,0.005306499868327522,0.07045291440143926,0.9949689379244991,False
959304,FLUSHING BANK,6,2023-04-18,2023-04-18,-0.047703877968994404,-0.0005155867682942987,0.5290616813218285,200,False,0.0952,0.0159,21,2023-03-31,False,041,0.36026130626184194,15.953133739809404,0.002220005047610287,0.003067129227296639,0.10429117635265342,0.8892841662642061,False
352772,BANNER BANK,6,2023-04-18,2023-04-18,-0.057133714046536534,0.00084556223406291,0.725028213846022,200,False,0.0952,0.0159,21,2023-03-31,False,041,0.30135713106609674,16.557993296410988,0.015110383361342124,0.0026222122099571975,0.10415205762036518,0.9521170981255166,False
498317,"OHIO VALLEY BANK COMPANY, THE",6,2023-04-18,2023-04-18,0.021665396962261167,-0.0003675434363597736,0.22257785965244894,200,False,0.0952,0.0159,21,2023-03-31,False,041,0.2874015893073582,14.03822361662982,0.010327645018415927,0.0038376175926939987,0.10452418721017526,0.9704101395791979,False
506922,SANDY SPRING BANK,6,2023-04-18,2023-04-18,-0.024473273647173565,-0.0007227380018063216,0.7465235123107878,200,False,0.0952,0.0159,21,2023-03-31,False,041,0.3464646915454934,16.46358737514861,0.01544888582333039,0.004140208349417251,0.1288444184702542,0.9066949743306053,False
3317932,CONNECTONE BANK,6,2023-04-18,2023-04-18,-0.03856709355761848,-0.0002179795803793255,0.8368302584924848,200,False,0.0952,0.0159,21,2023-03-31,False,041,0.7667046931198478,16.113667762312396,0.010778018362929258,0.005853512254712945,0.12022988766670024,0.8894097980187312,False
276579,"ZIONS BANCORPORATION, NATIONAL ASSOCIATION",6,2023-04-18,2023-04-18,-0.08303315690614332,-0.00026656763587614855,1.1606652828091388,200,False,0.0952,0.0159,21,2023-03-31,False,041,0.433079317308953,18.29934364634326,0.009225645317772297,0.003067210998768891,0.0585351382562554,0.8342464867823066,False
1412712,"COMMUNITY WEST BANK, NATIONAL ASSOCIATION",6,2023-04-18,2023-04-18,-0.010406431047713209,0.0006356459502057385,0.09431797078160116,200,False,0.0952,0.0159,21,2023-03-31,False,051,0.2719782344373649,13.970332441055644,0.009257784059274488,0.001673159970698681,0.09600411152511885,0.8821664439959446,False
1929247,"SOUTHSTATE BANK, N.A.",6,2023-04-18,2023-04-18,-0.015358494840960515,0.0003574027159520012,0.8828659832227425,200,False,0.0952,0.0159,21,2023-03-31,False,041,0.3482075113107449,17.620004854456987,0.013295997061368714,0.0040561550563802595,0.12300924110368196,0.9271631075461075,False
1890525,UNITY BANK,6,2023-04-18,2023-04-18,0.038208439204011305,-0.00026335981663760965,0.3971320088374541,200,False,0.0952,0.0159,21,2023-03-31,False,051,0.3362067784367209,14.717556310168627,0.01672130615424565,0.0067992202948312895,0.09700199623474422,0.8198542841930027,False
876634,CAPITAL CITY BANK,6,2023-04-18,2023-04-18,0.031055348591101924,0.0018016783805267621,0.4965682208277514,200,False,0.0952,0.0159,21,2023-03-31,False,041,0.3841126969435215,15.295969670408413,0.013134126498903404,0.0017087289276003846,0.09436780241380871,0.9758367627920065,False
2239288,"WINTRUST BANK, NATIONAL ASSOCIATION",6,2023-04-18,2023-04-18,-0.06512595425061186,0.0004980217663761359,0.9071188065462809,200,False,0.0952,0.0159,21,2023-03-31,False,041,0.474241929540699,16.03812809879387,0.023276050610829508,0.0015446661508655658,0.1163449390416232,0.9637961911773918,False
556815,"PEOPLES BANK, A CODORUS VALLEY COMPANY",6,2023-04-18,2023-04-18,-0.0237718959558945,0.000697901953363552,0.1592192328646305,200,False,0.0952,0.0159,21,2023-03-31,False,041,0.2598322519385979,14.602033320928442,0.013790289231733331,0.005238849164472434,0.10089955677973975,0.9602380308358128,False
729310,PATHFINDER BANK,6,2023-04-18,2023-04-18,0.004835322331459215,2.5104429645807886e-05,-0.08828740759162164,200,False,0.0952,0.0159,21,2023-03-31,False,051,0.2684312031591649,14.15558985275087,0.008913504699802642,0.02099049373043336,0.09094635883617698,0.904927335065521,False
431172,PACIFIC PREMIER BANK,6,2023-04-18,2023-04-18,-0.06004184741359791,0.00029148583610529163,1.026336767180225,200,False,0.0952,0.0159,21,2023-03-31,False,041,0.39108487087268556,16.877145265853216,0.012618590096173426,0.001754647979392904,0.14748500289058605,0.9464535895363277,False
107244,BANK OZK,6,2023-04-18,2023-04-18,0.0229906964775745,0.0008463243903155077,1.0549950122028893,200,False,0.0952,0.0159,21,2023-03-31,False,041,0.5254226061205539,17.181811755536852,0.02345766498211843,0.0018185109731182196,0.16436778355862053,0.9204849976073899,False
874845,LAKE CITY BANK,6,2023-04-18,2023-04-18,-0.025355718119586118,0.00016119061053080006,0.49102983660754984,200,False,0.0952,0.0159,21,2023-03-31,False,041,0.5352973453465987,15.671078281750157,0.015581999859897725,0.003730257330768409,0.0906219352627418,0.9491975317770126,False
522605,BAR HARBOR BANK AND TRUST COMPANY,6,2023-04-18,2023-04-18,-0.008367698370705666,0.000969508463781777,0.8300017542052597,200,False,0.0952,0.0159,21,2023-03-31,False,041,0.21456131055780106,15.183007346551197,0.014579499438544577,0.002694204861455448,0.11754568576022695,0.88375833733872,False
593007,CAMDEN NATIONAL BANK,6,2023-04-18,2023-04-18,-0.024342898752535272,3.357447269566076e-05,0.5220795725432846,200,False,0.0952,0.0159,21,2023-03-31,False,041,0.2203525314183584,15.55727413642664,0.009341556575673687,0.0007254144463417703,0.08324420927217296,0.8949296025527628,False
786612,MID PENN BANK,6,2023-04-18,2023-04-18,-0.042296344845676806,0.0008608338052556141,0.4943748531965508,200,False,0.0952,0.0159,21,2023-03-31,False,041,0.28695652173913044,15.336809476069028,0.011693760473621763,0.0037058414664650815,0.12017033887790925,0.9660780216921119,False
881478,HERITAGE BANK,6,2023-04-18,2023-04-18,-0.077550049991396,0.0006768311187574836,0.557682395313129,200,False,0.0952,0.0159,21,2023-03-31,False,041,0.41910461780040803,15.794220575875066,0.012252595803415431,0.0017344757275155349,0.11520644631311999,0.9062858833909812,False
671464,BANK OF HOPE,6,2023-04-18,2023-04-18,-0.02109707211146552,-0.0004032924415106361,0.8143219588637025,200,False,0.0952,0.0159,21,2023-03-31,False,041,0.47387799428187627,16.839032594203474,0.008315668616228976,0.00853001931913893,0.10352312023338338,0.871928028661905,False
606046,CADENCE BANK,6,2023-04-18,2023-04-18,0.016521506319322025,0.00034377712695085876,0.9196037843291875,200,False,0.0952,0.0159,21,2023-03-31,False,041,0.4418799484686391,17.760834790909605,0.005929457194825398,0.00698478565064178,0.08686686129227006,0.835135967600483,False
782306,BROOKLINE BANK,6,2023-04-18,2023-04-18,-0.02980508072030707,-0.0004575076496563241,0.6753233186806809,200,False,0.0952,0.0159,21,2023-03-31,False,041,0.36354107558153576,15.668296137029113,0.008972710566423523,0.003092613389449635,0.09100000627199117,0.7499450597029395,False
1001152,INTERNATIONAL BANK OF COMMERCE,6,2023-04-18,2023-04-18,-0.014474340630686883,0.0011608810830197828,0.7089271604142716,200,False,0.0952,0.0159,21,2023-03-31,False,041,0.3996486150201638,16.035802688359183,0.0276785470956038,0.006511471191726322,0.15135633241227137,0.8410178011178571,False
59316,WAYNE BANK,6,2023-04-18,2023-04-18,-0.08497333386504076,0.0016574066869141047,0.11530668390193645,200,False,0.0952,0.0159,21,2023-03-31,False,051,0.30098889306127363,14.560073975354038,0.011136430775836112,0.0017671859484625027,0.08226463556305752,0.9109558911811343,False
491934,COLONY BANK,6,2023-04-18,2023-04-18,-0.0003098466945387346,-0.0013243893140914278,0.458918703870307,200,False,0.0952,0.0159,21,2023-03-31,False,051,0.3151416119872644,14.910031488429096,0.007366075687030144,0.003950975915865443,0.08625082880065976,0.9358950643851498,False
361167,SOUTHSIDE BANK,6,2023-04-18,2023-04-18,0.0008743902492260418,0.00017306871047591821,0.5120090462222295,200,False,0.0952,0.0159,21,2023-03-31,False,041,0.34635689783254675,15.868088995740754,0.014512665454196197,0.00076305347562551,0.11397984272124805,0.8489943750157602,False
316840,REPUBLIC BANK & TRUST COMPANY,6,2023-04-18,2023-04-18,-0.007457770095962726,0.0002551318617847292,0.5656015531237077,200,False,0.0952,0.0159,21,2023-03-31,False,041,0.3263968572892798,15.61796743864725,0.0182048762566722,0.003466035997784174,0.13841272751766873,0.9265184480895275,False
2209553,HERITAGE BANK OF COMMERCE,6,2023-04-18,2023-04-18,-0.032127357516523875,0.0005134562299692525,0.6502946476484792,200,False,0.0952,0.0159,21,2023-03-31,False,041,0.5720790086943242,15.527302511136277,0.014394250965628779,0.0006861258912361814,0.11990930293102682,0.9161124291368828,False
821906,SALISBURY BANK AND TRUST COMPANY,6,2023-04-18,2023-04-18,-0.032563691603292415,0.0010301889938775113,0.22081878040169092,200,False,0.0952,0.0159,21,2023-03-31,False,051,0.37063377683358845,14.263609777716248,0.009250421954675488,0.0017918811233599411,0.09636282096983775,0.9178073572599106,False
416245,BUSEY BANK,6,2023-04-18,2023-04-18,-0.03102340280183342,0.0005858928831830065,0.6357506607833433,200,False,0.0952,0.0159,21,2023-03-31,False,041,0.3509500139366348,16.326275644570458,0.013530233188147679,0.001953889040575497,0.11521178384758982,0.9088043878303057,False
399517,CNB BANK,6,2023-04-18,2023-04-18,0.0069108747738050435,-2.937218541927373e-05,0.6309453710510838,200,False,0.0952,0.0159,21,2023-03-31,False,041,0.3664124353996188,15.531637483212945,0.012392725358762569,0.005007509050234451,0.09442936748744954,0.9653214537547485,False
664756,PROSPERITY BANK,6,2023-04-18,2023-04-18,-0.0011329777173753972,0.00038282781178789024,0.7051199912016269,200,False,0.0952,0.0159,21,2023-03-31,False,041,0.3813784745800975,17.448583680821326,0.013492438887515893,0.0011635244799168155,0.1776872602477297,0.8700574552260107,False
767974,CFBANK NATIONAL ASSOCIATION,6,2023-04-18,2023-04-18,-0.09468873173721892,0.00011508479357771851,0.03862631769928503,200,False,0.0952,0.0159,21,2023-03-31,False,051,0.29814355174924034,14.469589413759238,0.010225801587838014,0.00043979198696549656,0.0936216120663211,0.9235100536281456,False
716374,FIRST HARRISON BANK,6,2023-04-18,2023-04-18,-0.05632401198455598,-0.0009001231988931914,0.11721638675028051,200,False,0.0952,0.0159,21,2023-03-31,False,051,0.25837124768301195,13.937510467873587,0.012746137654746078,0.0022895505471031865,0.07729381794620775,0.996353348184733,False
197478,EAST WEST BANK,6,2023-04-18,2023-04-18,-0.0010463074506380683,0.00032195341869041164,1.2980720686435325,200,False,0.0952,0.0159,21,2023-03-31,False,031,0.5754697112066873,18.023465670527603,0.019377692098227546,0.0019026770037175807,0.09216769308366403,0.9018624111365307,False
958727,AMERICAN NATIONAL BANK AND TRUST COMPANY,6,2023-04-18,2023-04-18,-0.039418029158257484,-9.873142777162196e-05,0.5777996049850102,200,False,0.0952,0.0159,21,2023-03-31,False,041,0.3810702420412361,14.937698087227632,0.012658038277543117,0.0008576621683717645,0.11390964739159112,0.9610480272331294,False
968070,CAPITOL FEDERAL SAVINGS BANK,6,2023-04-18,2023-04-18,-0.02568548077678623,-0.00023838598334667468,0.5716048713020307,200,False,0.0952,0.0159,21,2023-03-31,False,041,0.11201481916292814,16.127869926710737,0.005655252974236455,0.0007524263996898058,0.09688448124828311,0.6885452530471682,False
202907,"COMMUNITY BANK, NATIONAL ASSOCIATION",6,2023-04-18,2023-04-18,-0.01175068470638822,-0.00019921447888278688,0.6573952583053392,200,False,0.0952,0.0159,21,2023-03-31,False,041,0.2863247077167464,16.525695811552303,-0.0007048934078230129,0.0037595730126066813,0.08323909031762779,0.9667254738000032,False
601416,FIVE STAR BANK,6,2023-04-18,2023-04-18,-0.009391597040556823,-0.00028563227871632353,0.6886527474818996,200,False,0.0952,0.0159,21,2023-03-31,False,041,0.3041680516728651,15.595041732080897,0.00852561895180373,0.0020737443373183974,0.07499193953444505,0.9432500382118392,False
662369,BANK OF THE SIERRA,6,2023-04-18,2023-04-18,0.01848512699845239,-0.00015655307967944593,0.5543012011076797,200,False,0.0952,0.0159,21,2023-03-31,False,041,0.26925445254753544,15.122435901097429,0.010845524353712627,0.0005049184067587286,0.098752407440086,0.8939474931274749,False
439404,FIRST NATIONAL BANK,6,2023-04-18,2023-04-18,0.04777993318496649,0.00019830344478142237,0.6151387590725784,200,False,0.0952,0.0159,21,2023-03-31,False,041,0.19422598666718546,14.83680650238358,0.011777623883108235,0.0010126852954363095,0.07199929703027703,0.9574800998422889,False
2608754,MERCANTILE BANK,6,2023-04-18,2023-04-18,-0.03828088056615616,0.0006606683886147509,0.6637576361653936,200,False,0.0952,0.0159,21,2023-03-31,False,041,0.43284902818559146,15.399893397127066,0.019319641341423926,0.001967325616196917,0.11683576069549724,0.8394513296816923,False
29636,"CITIZENS BANK OF PHILADELPHIA, THE",6,2023-04-18,2023-04-18,0.03350110578031324,-0.0003523941255593742,0.10694545204236273,200,False,0.0952,0.0159,21,2023-03-31,False,051,0.3843808107103012,14.069438567863319,0.004555190178414202,0.005283477892955362,0.045322280480870454,0.9067813481438746,False
2652092,EAGLEBANK,6,2023-04-18,2023-04-18,-0.1830612543397992,-0.0004336169204098557,0.5952745422039557,200,False,0.0952,0.0159,21,2023-03-31,False,041,0.39553997129565804,16.217072373499345,0.009655804324587338,0.0008723988799823971,0.11137706348842606,0.765239036575971,False
1436204,BANK OF MARIN,6,2023-04-18,2023-04-18,-0.09168085122362478,5.2299988976081654e-05,0.552539554525753,200,False,0.0952,0.0159,21,2023-03-31,False,041,0.3908561294531688,15.235038272565149,0.009386803483390152,0.0009591313470256513,0.10058626410976872,0.8778197399136272,False
2634351,MACATAWA BANK,6,2023-04-18,2023-04-18,-0.0332709225385114,0.0010610333242675085,0.37425775418221485,200,False,0.0952,0.0159,21,2023-03-31,False,051,0.3713596425224535,14.785185077621232,0.01852802676894117,6.142375346634716e-05,0.09559377282348774,0.9807375019758935,False
754929,"NATIONAL BANK OF BLACKSBURG, THE",6,2023-04-18,2023-04-18,-0.08438690258513053,0.0015501386751025582,0.08926016366043905,200,False,0.0952,0.0159,21,2023-03-31,False,041,0.3824040307322317,14.316950473447768,0.011965378169786512,0.0033221893542910155,0.07233433287081256,0.9941468962554499,False
687009,LAKELAND BANK,6,2023-04-18,2023-04-18,-0.034892959512837884,0.0013799095090479378,0.6732235128968628,200,False,0.0952,0.0159,21,2023-03-31,False,041,0.4377469040524375,16.198472979563103,0.007943925966684934,0.0021223373173369607,0.11601714097100488,0.8964382548655562,False
2634191,GLACIER BANK,6,2023-04-18,2023-04-18,-0.11793604595662532,0.00015027018492355345,0.8568175295630668,200,False,0.0952,0.0159,21,2023-03-31,False,041,0.26601679112259513,17.1399937640165,0.009216028599402923,0.002056772668228624,0.10680197501957557,0.8163071455896966,False
186221,"OLD POINT NATIONAL BANK OF PHOEBUS, THE",6,2023-04-18,2023-04-18,-0.033140419888069206,0.0009033356409686103,-0.08539687525077712,200,False,0.0952,0.0159,21,2023-03-31,False,041,0.3360723178251517,14.157771010496088,0.009905356548095448,0.0015736077685557664,0.08572522222782462,0.9355654548067251,False
474919,"FULTON BANK, NATIONAL ASSOCIATION",6,2023-04-18,2023-04-18,-0.10553868283090417,0.000766411157947467,0.7979203042286294,200,False,0.0952,0.0159,21,2023-03-31,False,041,0.3310792814647899,17.111199709355635,0.01100725544202603,0.008034092246820949,0.10441056997603942,0.8897356242771671,False
473501,BERKSHIRE BANK,6,2023-04-18,2023-04-18,-0.10372100835169952,0.0006794758868959794,0.8801387907830426,200,False,0.0952,0.0159,21,2023-03-31,False,041,0.38954796784325646,16.32630163018028,0.009409916694465495,0.003907127164673278,0.0814354881512031,0.8998348364369756,False
508346,HAWTHORN BANK,6,2023-04-18,2023-04-18,-0.03255276020790468,0.00030180498347867504,0.15725667157809486,200,False,0.0952,0.0159,21,2023-03-31,False,041,0.26028854868948736,14.450607986383817,0.008149613767654405,0.012695075290171762,0.09020424903269701,0.9381748799630978,False
236706,PEAPACK-GLADSTONE BANK,6,2023-04-18,2023-04-18,-0.04774956231946778,0.0009784487765537573,0.7323208406572649,200,False,0.0952,0.0159,21,2023-03-31,False,041,0.4542628760213847,15.684203135839583,0.012234292346746105,0.005327418069500136,0.10535201677701182,0.9164456812230999,False
657365,HANMI BANK,6,2023-04-18,2023-04-18,-0.016969933611824757,0.00031209408026146925,0.8846500170448002,200,False,0.0952,0.0159,21,2023-03-31,False,041,0.41928091748572965,15.818069705415233,0.014025396902533616,0.003350540573375251,0.10164336074967704,0.9337486290418191,False
636771,INDEPENDENT BANK,6,2023-04-18,2023-04-18,-0.00553207866600177,0.0008432438753735931,0.6867580513387525,200,False,0.0952,0.0159,21,2023-03-31,False,041,0.1855160813134862,15.451548920445527,0.01100883055129648,0.0017613985096120333,0.07605047687469801,0.9727657534835604,False
2353595,FIRST COMMUNITY BANK,6,2023-04-18,2023-04-18,-0.0037086607943485703,0.0007192088840081016,0.5735356737519539,200,False,0.0952,0.0159,21,2023-03-31,False,051,0.16272008198673402,14.92318961894581,0.015436735545980542,0.006521838321200119,0.12678656133271496,0.984811045961793,False
542528,CIVISTA BANK,6,2023-04-18,2023-04-18,-0.03799210803316759,0.000285664344201969,0.5368184975993516,200,False,0.0952,0.0159,21,2023-03-31,False,041,0.2590354981552387,15.091053789025668,0.015868644931668754,0.002722028129819088,0.11747126077249748,0.9083130091141741,False
933023,"SHORE UNITED BANK, NATIONAL ASSOCIATION",6,2023-04-18,2023-04-18,-0.016635039986642355,-0.0005649914553237913,0.48412134686046854,200,False,0.0952,0.0159,21,2023-03-31,False,051,0.19832346348834246,15.084035508334962,0.008731006040042705,0.001121924111077223,0.11036015259292092,0.9496473041441803,False
1162017,UNITED SECURITY BANK,6,2023-04-18,2023-04-18,-0.020185630186396363,0.0004543503390061146,0.2021943177459486,200,False,0.0952,0.0159,21,2023-03-31,False,051,0.5267547949003958,14.048091833523806,0.019371511578607017,0.014401836374687475,0.0965255065368153,0.9774650629971264,False
628123,"BANK OF GLEN BURNIE, THE",6,2023-04-18,2023-04-18,0.05725294049453399,-0.001292968160371496,0.46492604806167365,200,False,0.0952,0.0159,21,2023-03-31,False,041,0.07092760906446216,12.803196141802,0.005305784350688129,0.0025958227889346266,0.04997564512888818,0.9937343757694436,False
333203,UNION BANK,6,2023-04-18,2023-04-18,0.05657086153765479,-0.00026527665026006536,0.20509772091553471,200,False,0.0952,0.0159,21,2023-03-31,False,041,0.15087797512512285,14.124160754727235,0.0094154904647962,0.0024052442311000436,0.05631961550720997,0.9566426077630823,False
2925666,PINNACLE BANK,6,2023-04-18,2023-04-18,-0.0004340324552991534,-9.668194089248471e-05,1.1512524264788053,200,False,0.0952,0.0159,21,2023-03-31,False,041,0.42140142009265785,17.62189929915776,0.012912423162579855,0.0013914547456599002,0.1286968924360919,0.9278842414182332,False
139740,WEST BANK,6,2023-04-18,2023-04-18,-0.02255102717036596,-0.000546719345804068,0.715523970740615,200,False,0.0952,0.0159,21,2023-03-31,False,041,0.46886386551266307,15.102948483741994,0.01030718718495506,0.00011465122987027358,0.0908786581779836,0.8514510230578476,False
494261,PACIFIC WESTERN BANK,6,2023-04-18,2023-04-18,-0.0263045312420907,-0.00013304900171749794,0.8675714871817976,200,False,0.0952,0.0159,21,2023-03-31,False,041,0.23637504300274903,17.60546800330454,-0.10726227110330908,0.003205885900712835,0.06357653841301669,0.6883827134539907,False
2760232,VILLAGE BANK,6,2023-04-18,2023-04-18,-0.024809494825574062,0.0008186644932927528,0.16857886639822778,200,False,0.0952,0.0159,21,2023-03-31,False,051,0.30935529200701484,13.50631880202461,0.009574410113890252,0.0045415105137814535,0.10009127567979946,0.9383289255172435,False
2328137,FIRST COMMUNITY BANK,6,2023-04-18,2023-04-18,0.0006684038097157672,0.00031217247767066777,0.20831834290156476,200,False,0.0952,0.0159,21,2023-03-31,False,041,0.2771577266079614,14.366602693998816,0.009089719775903712,0.004150771806139038,0.07699635823362516,0.8897472256511985,False
204004,PROVIDENT BANK,6,2023-04-18,2023-04-18,-0.03330695821436012,0.0004953316876221735,0.674300528321976,200,False,0.0952,0.0159,21,2023-03-31,False,041,0.4691694012503845,16.438251351087384,0.01207165510502764,0.003467748229839477,0.1160458889591853,0.8496681585016566,False
3465226,HTLF BANK,6,2023-04-18,2023-04-18,-0.10584316018698871,0.0008945528378698279,0.7004550694903752,200,False,0.0952,0.0159,21,2023-03-31,False,041,0.41602026483096416,16.168096225143042,0.012061201685539523,0.003738666180070095,0.09094347350927452,0.970588346088495,False
2953418,OPTIMUMBANK,6,2023-04-18,2023-04-18,0.01955636545914065,4.9849020756484866e-05,0.18335938892313258,200,False,0.0952,0.0159,21,2023-03-31,False,041,0.32573291133975396,13.338880220507502,0.009058227782860235,0.0,0.1002203352703939,0.9467822313872063,False
2618780,TEXAS CAPITAL BANK,6,2023-04-18,2023-04-18,0.016694057031656714,0.001232669085428313,0.9723163814359918,200,False,0.0952,0.0159,21,2023-03-31,False,041,0.6347547858540132,17.168620273647353,0.00604780993180947,0.004827665969827399,0.1144958186359327,0.8830628086477476,False
354310,UNIVEST BANK AND TRUST CO.,6,2023-04-18,2023-04-18,-0.044376845960220276,0.000781207328828452,0.5413104563137826,200,False,0.0952,0.0159,21,2023-03-31,False,041,0.43669927512553464,15.80936411823708,0.012669226565777647,0.002138912760444813,0.11113869303528878,0.9118726772668856,False
703767,CENTRAL VALLEY COMMUNITY BANK,6,2023-04-18,2023-04-18,-0.2723130498985901,0.0020209089339288545,0.46129837162160314,200,False,0.0952,0.0159,21,2023-03-31,False,041,0.39433340898711833,14.717192702134078,0.012640923732335827,0.0,0.10149634052888612,0.983240147753766,False
2849801,SOUTHERN FIRST BANK,6,2023-04-18,2023-04-18,-0.10545816378338776,-0.00034773488598901885,0.7022153295090678,200,False,0.0952,0.0159,21,2023-03-31,False,041,0.41814665372466914,15.186603967817737,0.0032185551225792303,0.0013819284749092243,0.08287627143080513,0.9537780309270133,False
2858960,"BANCORP BANK NATIONAL ASSOCIATION, THE",6,2023-04-18,2023-04-18,-0.03452380635835137,0.00328042131644811,1.1931221440137156,200,False,0.0952,0.0159,21,2023-03-31,False,041,0.1736609477725923,15.844881215703115,0.028541405144444375,0.006610654719366532,0.10635845944224012,0.9883414414418389,False
895710,CITIZENS & NORTHERN BANK,6,2023-04-18,2023-04-18,-0.04447072346932497,-0.00019701959626500871,0.31101297408215284,200,False,0.0952,0.0159,21,2023-03-31,False,051,0.2287916488773889,14.69700692593139,0.010950461998500732,0.008071167398257013,0.10835573263312225,0.8986485105560726,False
2372774,"SUMMIT COMMUNITY BANK, INC.",6,2023-04-18,2023-04-18,0.0074496968367963965,-0.00011985558461572628,0.5317713621093297,200,False,0.0952,0.0159,21,2023-03-31,False,041,0.2829621654345759,15.189057515066509,0.01563301559199602,0.0023555332611812827,0.11653838343376377,0.9487378496081351,False
1356768,ENTERPRISE BANK AND TRUST COMPANY,6,2023-04-18,2023-04-18,-0.028529260534067354,0.00043033264993940607,0.8011515263626207,200,False,0.0952,0.0159,21,2023-03-31,False,041,0.321997018453918,15.306590744639264,0.010296515605628324,0.0023315146363524363,0.08345319594740168,0.9866150062352608,False
1190476,ENTERPRISE BANK & TRUST,6,2023-04-18,2023-04-18,-0.016602056545630465,0.00133101076851102,0.7309254493464392,200,False,0.0952,0.0159,21,2023-03-31,False,041,0.45697972677278226,16.403326020441007,0.01719189780014321,0.0018784122816821393,0.12109211827000776,0.9646425875601282,False
633378,KEARNY BANK,6,2023-04-18,2023-04-18,-0.040082303850352274,-0.0005837312836434089,0.6645404899803342,200,False,0.0952,0.0159,21,2023-03-31,False,041,0.2238547628915694,15.936962667531107,0.004962578105111154,0.0073724079102088745,0.09393216835082373,0.7768607766737283,False
1918344,PREFERRED BANK,6,2023-04-18,2023-04-18,-0.03724434093363442,0.00032543011960003873,0.6562507757267113,200,False,0.0952,0.0159,21,2023-03-31,False,041,0.5659401070799817,15.681475268424785,0.02356670757657609,5.347865846318517e-05,0.10159765292354717,0.93181820530637,False
3138146,WESTERN ALLIANCE BANK,6,2023-04-18,2023-04-18,0.22923749259157467,0.0001711979631693588,1.501214609042679,200,False,0.0952,0.0159,21,2023-03-31,False,041,0.5216021473876893,18.07799138702784,0.008046728286160728,0.012806245630069418,0.08272945140672998,0.7349042507433242,False
537449,FIRST BUSINESS BANK,6,2023-04-18,2023-04-18,-0.01579566048290458,0.00042253683790216307,0.5398044078410634,200,False,0.0952,0.0159,21,2023-03-31,False,041,0.39911395113208387,14.96727807321453,0.0126443684453407,0.0013422158756758776,0.09521363685211993,0.8654152161800076,False
310978,WATERSTONE BANK,6,2023-04-18,2023-04-18,-0.02979809629904353,0.00016421455915605914,0.3952846778619899,200,False,0.0952,0.0159,21,2023-03-31,False,041,0.1500766307673528,14.561946340960034,0.003915679213906066,0.0026157668163950213,0.15031941702836923,0.6993032704111977,False
220527,PEOPLES BANK,6,2023-04-18,2023-04-18,-0.07254036215908038,0.0013303499602722673,0.12846358518410775,200,False,0.0952,0.0159,21,2023-03-31,False,041,0.27225794323303965,14.286883249616247,0.008698083625433157,0.003466224288682074,0.08017203930615058,0.9601266436911234,False
2954059,BCB COMMUNITY BANK,6,2023-04-18,2023-04-18,0.03281022697217105,-0.00032938096961381133,0.6117584333205142,200,False,0.0952,0.0159,21,2023-03-31,False,041,0.33952431430769503,15.14082273334937,0.009111007185068663,0.0017029845317605235,0.08865800773776625,0.8364394286627317,False
2385514,"FIRST BANK, THE",6,2023-04-18,2023-04-18,-0.020136184565268018,0.00021248043401818586,0.631678795117282,200,False,0.0952,0.0159,21,2023-03-31,False,041,0.36379325400552126,15.895863184480246,0.010147750325578235,0.00349548207032421,0.1290807179256108,0.9573601120207982,False
456045,CENTENNIAL BANK,6,2023-04-18,2023-04-18,0.023815687844593966,0.0009555028259518599,0.8387709576874599,200,False,0.0952,0.0159,21,2023-03-31,False,041,0.45310732272206045,16.926879966375584,0.020767361360256288,0.0051413697701192486,0.16084817191910356,0.9470770405982492,False
561574,SUMMIT STATE BANK,6,2023-04-18,2023-04-18,0.07936697752914681,0.0004760904609590504,0.11923247291973041,200,False,0.0952,0.0159,21,2023-03-31,False,051,0.2912158889068303,13.955015075904258,0.01432020763605241,0.01128105106325342,0.08059900635293954,0.9608462885475371,False
522847,"LIMESTONE BANK, INC",6,2023-04-18,2023-04-18,0.03221864646685705,0.0016787570257866113,0.28844643187110536,200,False,0.0952,0.0159,21,2023-03-31,False,051,0.30091382219105833,14.212504553968905,0.013164379260522259,0.0007715886826637453,0.11345099697649573,0.9323042667787041,False
663245,SIMMONS BANK,6,2023-04-18,2023-04-18,-0.048194665630601354,-0.00040174197692333764,0.8253588165976528,200,False,0.0952,0.0159,21,2023-03-31,False,041,0.36207802858263144,17.131086033238912,0.007746465396459476,0.003938219792270667,0.12691927228311675,0.9410967901648639,False
30810,DISCOVER BANK,6,2023-04-18,2023-04-18,0.024291172385300448,0.000617979981477696,1.240499531597314,200,False,0.0952,0.0159,21,2023-03-31,False,031,0.07984698585533855,18.690061359238058,0.02667919730991327,0.01318987761867471,0.0863725030589045,0.8234582650462869,False
768074,FIRST FINANCIAL NORTHWEST BANK,6,2023-04-18,2023-04-18,-0.00040233328497195787,-0.0002579902646576394,0.12321657078714647,200,False,0.0952,0.0159,21,2023-03-31,False,051,0.29578499930119473,14.269009989110362,0.006249801437276418,0.0001673914745273481,0.09471854925308645,0.8738304014554225,False
2797724,TOWNEBANK,6,2023-04-18,2023-04-18,-0.037253311802295415,0.0005082780341778212,0.6622711457842924,200,False,0.0952,0.0159,21,2023-03-31,False,041,0.45960887487904223,16.632742524441106,0.009164831891214571,0.0008428245229635264,0.11802868011645336,0.927656180739675,False
28013,NORTHFIELD BANK,6,2023-04-18,2023-04-18,-0.022767133953999263,0.0007855962108451226,0.4761683723604676,200,False,0.0952,0.0159,21,2023-03-31,False,041,0.34163479359081644,15.549157216884455,0.008618574554326325,0.0029196608808582697,0.12771377260295896,0.7888934520178885,False
836843,MIDWESTONE BANK,6,2023-04-18,2023-04-18,-0.05150566968162057,0.0003109597268764297,0.7152462022904628,200,False,0.0952,0.0159,21,2023-03-31,False,041,0.33215408225927523,15.672732184146982,0.0024071506423595447,0.003682381936593269,0.09473183686199971,0.9598025200592509,False
676478,MALVERN BANK NA,6,2023-04-18,2023-04-18,-0.027605184952394106,0.0007683048767771499,0.10453662775103366,200,False,0.0952,0.0159,21,2023-03-31,False,051,0.6361314734149671,13.811456350761231,0.004703028453121329,0.018447911125406703,0.16629583294007555,0.8988475680180554,False
23504,DIME COMMUNITY BANK,6,2023-04-18,2023-04-18,-0.057681236001984215,0.00040372639524330047,0.8611356607419403,200,False,0.0952,0.0159,21,2023-03-31,False,041,0.5261648612827069,16.44210237201382,0.011231711474852107,0.0029386950792694923,0.09943625915502084,0.8503747916429917,False
785473,FIRST SAVINGS BANK,6,2023-04-18,2023-04-18,-0.05756699879868789,-0.0009765450913922349,0.08000599747551095,200,False,0.0952,0.0159,21,2023-03-31,False,041,0.2697260644326868,14.619784895101382,0.008040897079917711,0.007482804696333011,0.09014153446373588,0.7657308390387298,False
929978,"HOME BANK, NATIONAL ASSOCIATION",6,2023-04-18,2023-04-18,-0.010108748979906764,0.0006660770692133626,0.5841594514281445,200,False,0.0952,0.0159,21,2023-03-31,False,041,0.3006898036520669,14.997074243043295,0.014790148205212694,0.004553147415849671,0.11894644124330757,0.8928021617367716,False
1864197,OAK VALLEY COMMUNITY BANK,6,2023-04-18,2023-04-18,0.0669653502400812,0.0024541025197797597,0.17488028399179067,200,False,0.0952,0.0159,21,2023-03-31,False,041,0.44542995437754057,14.478463959727726,0.019320644261961388,0.0,0.07275491299989952,0.9833110380346495,False
342410,ORRSTOWN BANK,6,2023-04-18,2023-04-18,-0.039379872750225524,-4.8476657841243327e-05,0.5233106439910101,200,False,0.0952,0.0159,21,2023-03-31,False,041,0.3033107912599791,14.917760223349669,0.013478882950528275,0.009605199829152599,0.08652337548639424,0.9197837708913852,False
685676,OPPORTUNITY BANK OF MONTANA,6,2023-04-18,2023-04-18,0.017017648800257492,-0.00028700531453869924,0.03446460987935894,200,False,0.0952,0.0159,21,2023-03-31,False,051,0.21662289199324797,14.498876558364266,0.007805979501477632,0.005134973247539011,0.1048904512068216,0.9136188412190023,False
613008,ROCKLAND TRUST COMPANY,8,2019-10-16,2019-10-16,0.12590183716573525,-0.001218247421747364,1.146853122268265,169,False,-0.6667,-0.0584,12,2019-09-30,False,041,0.2826812883175476,16.261356248504324,0.014024701542405796,0.005095414572843312,0.15513792746378888,0.9664381393740245,False
433608,TOMPKINS COMMUNITY BANK,8,2019-10-16,2019-10-16,0.06009407231005717,-0.0004138233385334657,0.8602958118814826,169,False,-0.6667,-0.0584,12,2019-09-30,False,041,0.42393721259863487,14.532736016108014,0.015291993147661581,0.006812073336170182,0.07633126881338344,0.8737866028687892,False
379920,FIRST NATIONAL BANK OF PENNSYLVANIA,8,2019-10-16,2019-10-16,0.03279182566496477,-0.0004691909445356826,1.2036530728735242,169,False,-0.6667,-0.0584,12,2019-09-30,False,041,0.32979302481849404,17.349564412877434,0.011981311468781503,0.0052644188159177525,0.1438538695069741,0.8501742527127352,False
491224,FIRST-CITIZENS BANK & TRUST COMPANY,8,2019-10-16,2019-10-16,0.02870632117788157,2.1214041507916174e-05,0.9824091214240613,169,False,-0.6667,-0.0584,12,2019-09-30,False,041,0.2971183982229138,17.444250680302012,0.012496442462533563,0.005019134721648753,0.09608777386887832,0.963602556588255,False
246022,"BANK OF SOUTH CAROLINA, THE",8,2019-10-16,2019-10-16,0.0031245652767947257,0.00032999264781546136,0.04227366137727147,169,False,-0.6667,-0.0584,12,2019-09-30,False,041,0.35569522271454324,13.023285308011085,0.01682139523653891,0.0064999893033637355,0.11014362815677199,0.9650138103380245,False
437914,"WILMINGTON SAVINGS FUND SOCIETY, FSB",8,2019-10-16,2019-10-16,0.015186351146028072,-0.00030471111460265933,0.9468478616470191,169,False,-0.6667,-0.0584,12,2019-09-30,False,041,0.3477150313732023,16.32141487234085,0.010426095071285675,0.006064465586784074,0.15279384879322405,0.9314337894301099,False
761806,"WEBSTER BANK, NATIONAL ASSOCIATION",8,2019-10-16,2019-10-16,-0.019675214710236477,-0.0016908099184169286,1.3482267113856052,169,False,-0.6667,-0.0584,12,2019-09-30,False,031,0.28882132419177853,17.214275583846096,0.013760808285426392,0.008323780459249858,0.10586041061488112,0.8839649253236881,False
837000,"FIRST NATIONAL BANK OF LONG ISLAND, THE",8,2019-10-16,2019-10-16,0.012070992919175029,-0.00022766090575293576,0.9917097846572095,169,False,-0.6667,-0.0584,12,2019-09-30,False,041,0.4721020987713225,15.24119268559095,0.01094144127363337,0.0003540671113566088,0.09323586564263903,0.8555535204364686,False
510871,FIRSTBANK PUERTO RICO,8,2019-10-16,2019-10-16,0.026780651263852776,-0.00046960173372350745,1.2199491060313319,169,False,-0.6667,-0.0584,12,2019-09-30,False,031,0.3339862162305003,16.34308294154021,0.01446567779290719,0.039882510435746935,0.18648058127608985,0.9007609033547025,False
245276,ORIENTAL BANK,8,2019-10-16,2019-10-16,-0.11352981115329605,0.0003461509156713153,1.2226665696546084,169,False,-0.6667,-0.0584,12,2019-09-30,False,041,0.3394015265616624,15.653620710309463,0.01191432034136083,0.04027329402784239,0.16371858416936505,0.9316725573735058,False
216922,FIRST BANK,8,2019-10-16,2019-10-16,0.028996571647424564,-0.0005006972702219045,1.031295594481412,169,False,-0.6667,-0.0584,12,2019-09-30,False,041,0.27354325492426856,15.618792553840976,0.016186632638799072,0.004710147472825157,0.14622899447816018,0.9420682351365585,False
645625,"WESBANCO BANK, INC.",8,2019-10-16,2019-10-16,0.048611782223363306,-0.0011602170464944121,0.9133454638327215,169,False,-0.6667,-0.0584,12,2019-09-30,False,041,0.2501620935399175,16.346055266395595,0.013567991412550788,0.005175400937447115,0.16656937635316735,0.8277229167982162,False
365325,UNITED BANK,8,2019-10-16,2019-10-16,0.02992460580927198,-2.3303393370739283e-05,1.1772463859411009,169,False,-0.6667,-0.0584,12,2019-09-30,False,041,0.3604781239773327,16.79787958980475,0.013696613643316154,0.00928979929046925,0.17894411683733974,0.8763795572974526,False
816603,"WASHINGTON TRUST COMPANY, OF WESTERLY, THE",8,2019-10-16,2019-10-16,0.06360919987804683,-0.0009411193361905357,0.9293209385597178,169,False,-0.6667,-0.0584,12,2019-09-30,False,041,0.29954454009811665,15.46392646178942,0.01396595353205592,0.0039092223380994716,0.09949741648838623,0.766288716146635,False
130541,HORIZON BANK,8,2019-10-16,2019-10-16,0.03613947515317269,-0.000606460999303263,0.9586712873098721,169,False,-0.6667,-0.0584,12,2019-09-30,False,041,0.3964554187597565,15.46207661103278,0.012906723606205022,0.004270813878509196,0.12398032040052957,0.8739959096137715,False
701062,CENTRAL PACIFIC BANK,8,2019-10-16,2019-10-16,0.05043793095069353,0.00014499154250663916,0.8499828779059526,169,False,-0.6667,-0.0584,12,2019-09-30,False,041,0.3718067064042431,15.60190214586127,0.010464019126393146,0.00025806433916557216,0.09383769342508452,0.9336940054184025,False
802866,SILICON VALLEY BANK,8,2019-10-16,2019-10-16,0.040273893693543075,-0.0014266884746277878,1.7763821812100562,169,False,-0.6667,-0.0584,12,2019-09-30,False,031,0.8121434850951121,18.021092542946423,0.015570205936467215,0.0033788666063504294,0.07334916959110442,0.9725045427848771,True
509811,"COMMUNITY TRUST BANK, INC.",8,2019-10-16,2019-10-16,0.024301880832570365,-0.0010223149567043174,1.1214055952713964,169,False,-0.6667,-0.0584,12,2019-09-30,False,041,0.19533921552913783,15.277869262010297,0.01385253943658143,0.00976768940364246,0.14497114080027285,0.9230809876615469,False
208244,OLD NATIONAL BANK,8,2019-10-16,2019-10-16,0.06582322228933644,-0.00046033024791925317,1.11521036569364,169,False,-0.6667,-0.0584,12,2019-09-30,False,031,0.3060143846337388,16.82775642842812,0.013004007505560496,0.010799226926694092,0.1454394316553365,0.8333453231944765,False
4114567,FIRST REPUBLIC BANK,8,2019-10-16,2019-10-16,0.08736124686414537,-0.0007775268922658543,1.072769776983677,169,False,-0.6667,-0.0584,12,2019-09-30,False,041,0.6239715254173858,18.525299599648424,0.008214077794065352,0.0015859919644880683,0.08494383008146494,0.8437264158265109,True
5210,ACNB BANK,8,2019-10-16,2019-10-16,0.014494659066034721,-0.0013929697341630064,0.7675182667829762,169,False,-0.6667,-0.0584,12,2019-09-30,False,051,0.16015415187718338,14.358988833855463,0.014236275246527362,0.0037768286874803976,0.10063612596153511,0.9208583759714649,False
3938186,"BANKUNITED, NATIONAL ASSOCIATION",8,2019-10-16,2019-10-16,0.036535700839069235,-0.0005447375234087034,1.071149859068156,169,False,-0.6667,-0.0584,12,2019-09-30,False,041,0.5476098519200814,17.30818666757229,0.009697366734112466,0.024423024323992945,0.09311906830131371,0.8127346447106001,False
680813,"FARMERS NATIONAL BANK OF CANFIELD, THE",8,2019-10-16,2019-10-16,0.03105586928143321,-0.000295238856223788,0.8938153588242842,169,False,-0.6667,-0.0584,12,2019-09-30,False,041,0.2443776191518639,14.695645475081971,0.013876763885576834,0.0037789221365104124,0.11425769059295586,0.958206210165733,False
785923,LCNB NATIONAL BANK,8,2019-10-16,2019-10-16,0.03318750374825179,0.00025624091121308776,0.617312166879515,169,False,-0.6667,-0.0584,12,2019-09-30,False,051,0.2534455700235408,14.311285486101752,0.01147298342642392,0.002874641485546851,0.13516448710842566,0.954982949047161,False
2787770,BANK OF THE JAMES,8,2019-10-16,2019-10-16,0.03095047648703378,0.0005938339117720868,0.1832048591276052,169,False,-0.6667,-0.0584,12,2019-09-30,False,041,0.14728349524978465,13.470833352459158,0.008237713653346959,0.003154562894431689,0.0924639600027666,0.9858821077451656,False
258771,HOMESTREET BANK,8,2019-10-16,2019-10-16,0.11558482381365484,0.0003969609087535398,1.0545478978511607,169,False,-0.6667,-0.0584,12,2019-09-30,False,041,0.26022202332584893,15.731680092536914,0.002392585437969161,0.006237843704709018,0.10964459863241166,0.9621728374165415,False
212577,HOMETRUST BANK,8,2019-10-16,2019-10-16,0.0461516195045304,-0.0007992534297291419,0.6567179757218433,169,False,-0.6667,-0.0584,12,2019-09-30,False,041,0.1621634942148629,15.111033846926109,0.00733406754310106,0.004012008138420359,0.107164513085058,0.7714157375028553,False
4210227,NBH BANK,8,2019-10-16,2019-10-16,0.015106923780498147,-0.0005256863502020767,0.977753121065276,169,False,-0.6667,-0.0584,12,2019-09-30,False,041,0.20385648572542653,15.60433071163365,0.013957409441154232,0.005940711413542417,0.1060275241166156,0.9087100595876062,False
884303,CHEMUNG CANAL TRUST COMPANY,8,2019-10-16,2019-10-16,0.007595651853936087,-0.0008881825885489662,1.1030519856309688,169,False,-0.6667,-0.0584,12,2019-09-30,False,041,0.2343755630790824,14.397362983378201,0.008075930738350051,0.018022860201078024,0.09703355967250678,0.9789462543680163,False
2758613,FIRST INTERNET BANK OF INDIANA,8,2019-10-16,2019-10-16,0.042577300887218957,-0.0009558617139699258,1.2293823728337978,169,False,-0.6667,-0.0584,12,2019-09-30,False,041,0.22663262237710707,15.22478924411356,0.007078097363907143,0.001976829763952921,0.0783056055188832,0.8453761527179479,False
122854,INDEPENDENT BANK DBA INDEPENDENT FINANCIAL,8,2019-10-16,2019-10-16,0.030065484911441485,-0.0006619179312436327,1.2672334651582071,169,False,-0.6667,-0.0584,12,2019-09-30,False,041,0.4659994380551187,16.52050522901879,0.015971749901605367,0.001961895604655503,0.1712409666905774,0.9470968516537634,False
2354985,CUSTOMERS BANK,8,2019-10-16,2019-10-16,0.053373168318681614,-0.0008449709216702395,1.1710777648837978,169,False,-0.6667,-0.0584,12,2019-09-30,False,041,0.5481346859776348,16.27717186610988,0.006232994858899424,0.0020043548988622952,0.09469883548429826,0.8441246173213901,False
3475083,TRISTATE CAPITAL BANK,8,2019-10-16,2019-10-16,0.07591881478463323,-0.0009905311452311273,1.1442284944780046,169,False,-0.6667,-0.0584,12,2019-09-30,False,041,0.6318293214317864,15.777572841833479,0.008205998430602565,3.0581649680554726e-05,0.06900100829591524,0.9258621816847098,False
697978,COMMUNITY BANK OF THE CHESAPEAKE,8,2019-10-16,2019-10-16,0.03255640568503373,-4.364840969451212e-05,0.5253751202862992,169,False,-0.6667,-0.0584,12,2019-09-30,False,041,0.2012110403483948,14.433020520747151,0.009929326621025128,0.011424349931839156,0.10728440035484993,0.9443730604754111,False
3401970,FIRST BANK,8,2019-10-16,2019-10-16,0.04518631991280704,-0.0013493391391278843,0.5863681616159483,169,False,-0.6667,-0.0584,12,2019-09-30,False,041,0.32069432073425763,14.530878518163295,0.005346532749061626,0.009083105252202395,0.1083215685162247,0.906319306273678,False
3284070,ALLY BANK,8,2019-10-16,2019-10-16,-0.03796983757395654,0.0008618776268279233,1.252466542055523,169,False,-0.6667,-0.0584,12,2019-09-30,False,031,0.07646243221670905,18.933941400617904,0.01304020797296192,0.006033886305491641,0.10163820605364123,0.8096833941848999,False
3109043,BANKWELL BANK,8,2019-10-16,2019-10-16,0.022359172993283393,-0.0012021872609359685,0.7711480065839227,169,False,-0.6667,-0.0584,12,2019-09-30,False,041,0.36460750425724237,14.433861452613849,0.012475045329266946,0.0063090472992911924,0.10490525981146258,0.8890664740319352,False
762447,"FIRST MID BANK & TRUST, NATIONAL ASSOCIATION",8,2019-10-16,2019-10-16,0.007250809516103379,-0.0007272079861511041,0.938741903092761,169,False,-0.6667,-0.0584,12,2019-09-30,False,041,0.27189692118963854,15.15288485897862,0.011948101909086715,0.0081679154796654,0.13217883087789564,0.9146639778603055,False
1216022,SYNCHRONY BANK,8,2019-10-16,2019-10-16,0.03699807623182768,0.0009697920852535954,1.1243440021154467,169,False,-0.6667,-0.0584,12,2019-09-30,False,041,0.11183921350290102,18.336614117833914,0.0369383382098611,0.022680153295218948,0.13579951488519312,0.8590343855409556,False
3303298,"CITIZENS BANK, NATIONAL ASSOCIATION",8,2019-10-16,2019-10-16,0.02641027691770262,-0.0002304348604121118,1.2140195432925767,169,False,-0.6667,-0.0584,12,2019-09-30,False,031,0.4007849155847424,18.919347161274743,0.011038170717334341,0.00818529067319654,0.13172664112287508,0.886498076306929,False
177920,"MIDDLEFIELD BANKING COMPANY, THE",8,2019-10-16,2019-10-16,-0.00033387197941759554,0.00032220274718608086,0.5403793335738574,169,False,-0.6667,-0.0584,12,2019-09-30,False,041,0.28494714056550896,14.062595610587096,0.011853582943837636,0.010052276236111,0.10748206653502962,0.905607869219729,False
371924,COMMUNITY BANK,8,2019-10-16,2019-10-16,-0.01916184716034114,-1.9927658688146928e-05,0.2852552521935115,169,False,-0.6667,-0.0584,12,2019-09-30,False,041,0.2562778902776189,14.097844856529123,0.00961729383667792,0.006344145771606462,0.10884678432419308,0.9539220572196364,False
3221468,VERITEX COMMUNITY BANK,8,2019-10-16,2019-10-16,0.032242843709171645,-0.0003796549911060665,1.1158011913034374,169,False,-0.6667,-0.0584,12,2019-09-30,False,041,0.49782352292301296,15.889811785838978,0.011550386944328606,0.007232399604022773,0.15834824625206512,0.8796568046418615,False
3637685,FIRST FOUNDATION BANK,8,2019-10-16,2019-10-16,0.06708415429591771,-0.00039778621338853727,1.0455060765811168,169,False,-0.6667,-0.0584,12,2019-09-30,False,041,0.7129889905765754,15.662711198897123,0.008907122065803947,0.004416468351138663,0.09677531255316703,0.9052226424369725,False
866000,GLENS FALLS NATIONAL BANK AND TRUST COMPANY,8,2019-10-16,2019-10-16,0.03777544380844074,-0.0006705340685588901,0.9394096727257735,169,False,-0.6667,-0.0584,12,2019-09-30,False,041,0.29781601588352086,14.74229246450822,0.011598741697230991,0.00237343997853246,0.09618123423130298,0.9211691638487509,False
766164,"TBK BANK, SSB",8,2019-10-16,2019-10-16,0.04297411983576957,-0.000997850549146943,1.2528634088687378,169,False,-0.6667,-0.0584,12,2019-09-30,False,041,0.1785264418999839,15.427867406157386,0.012453196815070186,0.01166205933084546,0.13805483809727404,0.8566419361436116,False
403179,FIRST FED BANK,8,2019-10-16,2019-10-16,0.004177083356546972,4.4461465323169434e-05,0.47283502325618443,169,False,-0.6667,-0.0584,12,2019-09-30,False,041,0.15937997835707957,14.025651541084494,0.007528725757492254,0.0016110007668082252,0.11898185519819232,0.9002480115836864,False
917742,"ASSOCIATED BANK, NATIONAL ASSOCIATION",8,2019-10-16,2019-10-16,0.030342658297164836,-0.001139051292182464,1.167840378975555,169,False,-0.6667,-0.0584,12,2019-09-30,False,031,0.5892759648554043,17.298387368678934,0.01076923113155639,0.006127106136794417,0.11450102489039723,0.8543839279856694,False
3650808,LIVE OAK BANKING COMPANY,8,2019-10-16,2019-10-16,0.03537474108703385,0.00029653715070853727,1.1248165282994667,169,False,-0.6667,-0.0584,12,2019-09-30,False,041,0.08875010514650909,15.336936593075162,0.00487003367003367,0.024244196196885667,0.10442391482391482,0.9828006454635264,False
139656,EQUITY BANK,8,2019-10-16,2019-10-16,0.09344618155144953,-0.0026012240466657443,0.8159514149649201,169,False,-0.6667,-0.0584,12,2019-09-30,False,041,0.3238681361082306,15.219855031230205,0.005993501038746929,0.01955582770179652,0.11724107113043034,0.8650131419750511,False
422433,FIRST GUARANTY BANK,8,2019-10-16,2019-10-16,0.007802928379098604,-0.0016551576740896326,0.7773280317758341,169,False,-0.6667,-0.0584,12,2019-09-30,False,041,0.4325914908976598,14.403772665381242,0.008614421882334473,0.00872681878335013,0.1006038239592727,0.9938000213622048,False
3532641,SMARTBANK,8,2019-10-16,2019-10-16,-0.0062981510281409185,-0.00047784944178286466,0.8931431642823695,169,False,-0.6667,-0.0584,12,2019-09-30,False,041,0.24844773726807703,14.68798356258835,0.01011358559624811,0.0016981428035309806,0.13769103497503574,0.9783434810655095,False
2941068,NICOLET NATIONAL BANK,8,2019-10-16,2019-10-16,0.04205446559026264,0.0009624174405181048,0.6868668308324162,169,False,-0.6667,-0.0584,12,2019-09-30,False,041,0.26094077847458647,14.946501617243053,0.018138206906107002,0.00408700661052747,0.12911757928903686,0.9821057152396385,False
773247,MIDLAND STATES BANK,8,2019-10-16,2019-10-16,0.004715331701698887,9.211076347329157e-06,1.1353710728028574,169,False,-0.6667,-0.0584,12,2019-09-30,False,041,0.358690702672391,15.558214752884309,0.010995014503469507,0.010629560069379877,0.13529738895537735,0.8468999450995254,False
40499,HARBORONE BANK,8,2019-10-16,2019-10-16,0.018382781712910176,0.00023767792528210448,0.473976743889668,169,False,-0.6667,-0.0584,12,2019-09-30,False,041,0.1736286551462604,15.155435011230153,0.005657690355451798,0.008504270645862273,0.13694227568932807,0.8897077073104425,False
980661,FIRST HAWAIIAN BANK,8,2019-10-16,2019-10-16,0.043353661257838655,4.054992187972526e-05,0.9120136892134404,169,False,-0.6667,-0.0584,12,2019-09-30,False,031,0.4470137492591981,16.840867117052625,0.01438656598005629,0.0008843136506918261,0.1281169014708697,0.9395953717320953,False
436159,FIRSTBANK,8,2019-10-16,2019-10-16,0.020595667940376934,-0.000614043381469834,0.9640673098534406,169,False,-0.6667,-0.0584,12,2019-09-30,False,041,0.36562044806875904,15.62127351901829,0.014001878837960415,0.004540473037433907,0.12531349574960574,0.9263048539982504,False
795968,BANK OF HAWAII,8,2019-10-16,2019-10-16,0.02665788914510525,0.0005192052098965247,0.835740435921479,169,False,-0.6667,-0.0584,12,2019-09-30,False,031,0.44254650885153735,16.685876867997557,0.012747976400725178,0.0022711997727059984,0.06966845542942776,0.9371803927383744,False
321273,AFFINITY BANK,8,2019-10-16,2019-10-16,0.006898178030063769,-0.00090242239801054,0.11873822531155978,169,False,-0.6667,-0.0584,12,2019-09-30,False,051,0.15237949401350015,12.645327076794413,0.001993705219511671,0.008668823958630754,0.1994586059102188,0.9726708424578127,False
214414,"FARMERS & MERCHANTS STATE BANK, THE",8,2019-10-16,2019-10-16,0.004882943338448632,-0.0027953481655625637,0.6621491638089191,169,False,-0.6667,-0.0584,12,2019-09-30,False,041,0.14938983379579374,14.254537448922118,0.011234334946925932,0.002831013834186433,0.13110262590760555,0.9486857031779207,False
129732,BYLINE BANK,8,2019-10-16,2019-10-16,0.010882782692017855,-0.0007474224944594912,0.937856132283112,169,False,-0.6667,-0.0584,12,2019-09-30,False,041,0.20657689720540573,15.507996503707261,0.010873365151411964,0.016020254979722613,0.13992678037979228,0.8749126852869572,False
3835454,ROYAL BUSINESS BANK,8,2019-10-16,2019-10-16,0.07091205976613604,-0.0005355675617466953,1.1132664015204095,169,False,-0.6667,-0.0584,12,2019-09-30,False,041,0.4263713578791211,14.850723232249786,0.015720396845550225,0.002826269168413892,0.1663707668239393,0.9770175469989119,False
3595271,"BANK OF PRINCETON, THE",8,2019-10-16,2019-10-16,-0.029142881283724276,-0.0005774600976774094,0.4283145677913781,169,False,-0.6667,-0.0584,12,2019-09-30,False,041,0.35111558288434586,14.137302710348209,0.006526538890314425,0.0021190996699463087,0.13998063203918823,0.9700307042422087,False
736206,CAMBRIDGE TRUST COMPANY,8,2019-10-16,2019-10-16,0.06100710072505576,-0.000810448222998481,0.3482385017321912,169,False,-0.6667,-0.0584,12,2019-09-30,False,051,0.4129095756743568,14.859967565929434,0.008546061170139457,0.001595810013364107,0.08415348425588216,0.9267438505277014,False
1007819,"FIDELITY DEPOSIT AND DISCOUNT BANK, THE",8,2019-10-16,2019-10-16,-0.004262690569962459,-0.0013142314900201765,0.7916231179139599,169,False,-0.6667,-0.0584,12,2019-09-30,False,041,0.36145785075502124,13.829886723908782,0.012642273217149017,0.005146697524658207,0.1032440264963331,0.9372172959116936,False
963945,MERCHANTS BANK OF INDIANA,8,2019-10-16,2019-10-16,0.03162476977042561,-0.0021906116688459208,1.0746283616319847,169,False,-0.6667,-0.0584,12,2019-09-30,False,041,0.4879611910490358,15.631191285454857,0.01065038007083402,0.0015934673709080062,0.09921308430012214,0.9673155491902548,False
2705895,METROPOLITAN COMMERCIAL BANK,8,2019-10-16,2019-10-16,0.020387074381827453,0.00010681359350108558,0.9104494219492663,169,False,-0.6667,-0.0584,12,2019-09-30,False,051,0.761055756337483,14.99142210217251,0.01003899092570332,0.0018858074388182701,0.10252210980483145,0.9362041960772989,False
3579589,ALLEGIANCE BANK,8,2019-10-16,2019-10-16,0.0050835168883141294,-0.001580033656715623,1.1239069344988981,169,False,-0.6667,-0.0584,12,2019-09-30,False,051,0.4817524553510538,15.405190154120447,0.011050326337939311,0.008907607918056698,0.15225946507858343,0.9526762156276507,False
3271799,MERIDIAN BANK,8,2019-10-16,2019-10-16,0.004053004750687678,0.0003728392187475227,-0.007248805645922233,169,False,-0.6667,-0.0584,12,2019-09-30,False,051,0.43066992270973586,13.935013890838297,0.008689039405042162,0.003991983528243029,0.10428444535941228,0.8507016440215373,False
979375,"STERLING BANK AND TRUST, FSB",8,2019-10-16,2019-10-16,-0.014753605669396947,0.0009476342969590935,1.0151467524270936,169,False,-0.6667,-0.0584,12,2019-09-30,False,041,0.2197264120192023,15.016364704327886,0.018567816466914678,0.0034072877149411308,0.10106579868394205,0.9037744420456246,False
497570,LUTHER BURBANK SAVINGS,8,2019-10-16,2019-10-16,-0.0023484108086972016,0.0002913777118992145,0.7433222782335493,169,False,-0.6667,-0.0584,12,2019-09-30,False,041,0.3041147457284297,15.783830157686976,0.007671292733518964,0.002067248190718503,0.10417723373876898,0.8426506384816782,False
2757205,"MVB BANK, INC.",8,2019-10-16,2019-10-16,0.005031495551275987,-8.938024387909381e-05,0.5575759521178034,169,False,-0.6667,-0.0584,12,2019-09-30,False,041,0.3936834283222943,14.487575562955191,0.01848836162265774,0.0036483619652267728,0.10451994278643931,0.8318702462023794,False
3378773,BRIDGEWATER BANK,8,2019-10-16,2019-10-16,0.01768655093798483,-0.0005774964489014113,0.9150586212898651,169,False,-0.6667,-0.0584,12,2019-09-30,False,041,0.40632856438301634,14.61627730061414,0.013919120517038664,0.0004500763172885837,0.10906149651947156,0.9216732406375718,False
3357219,OPEN BANK,8,2019-10-16,2019-10-16,-0.012831642319443927,-0.0006333258058773386,1.433319663391653,169,False,-0.6667,-0.0584,12,2019-09-30,False,051,0.4274523583564584,13.95668280973329,0.015311723830918045,0.0012832512902480157,0.11666838887378943,0.981962418838749,False
3281510,UNITED BUSINESS BANK,8,2019-10-16,2019-10-16,-0.02267250270375456,-0.0009783664321782414,0.6994878950661916,169,False,-0.6667,-0.0584,12,2019-09-30,False,051,0.4602081492613038,14.386408745308236,0.009808707601070369,0.0055551603494771425,0.1381959888262096,0.9846807350047762,False
667757,ORIGIN BANK,8,2019-10-16,2019-10-16,0.039118035074640296,-0.0011192040267280147,0.8181138995024175,169,False,-0.6667,-0.0584,12,2019-09-30,False,041,0.41706118324707286,15.495570201240023,0.010262878481227172,0.013465024351339805,0.1043372973956163,0.8936988336490835,False
2562164,COASTAL COMMUNITY BANK,8,2019-10-16,2019-10-16,-0.019483487836566744,-0.0006384411698924188,0.5496545460438325,169,False,-0.6667,-0.0584,12,2019-09-30,False,041,0.3786973972074728,13.901162427909513,0.012422432465262319,0.0014872202023992294,0.10935381627222383,0.9652445547432016,False
3158546,FIRST WESTERN TRUST BANK,8,2019-10-16,2019-10-16,0.013745833943456534,0.0011286458063826962,0.08807392570956599,169,False,-0.6667,-0.0584,12,2019-09-30,False,051,0.4031285982139906,14.047697890726022,0.007582316174022243,0.007568163340147233,0.0886831314870663,0.9738876637131958,False
661308,AMALGAMATED BANK,8,2019-10-16,2019-10-16,0.017580107512272847,-0.0018601202603870197,0.8358222770779313,169,False,-0.6667,-0.0584,12,2019-09-30,False,041,0.5548259152637764,15.431117602113893,0.00932734717686678,0.005256968804081727,0.09663758728237919,0.9519996021677457,False
83638,"AMERANT BANK, NATIONAL ASSOCIATION",8,2019-10-16,2019-10-16,-0.018134084690967757,0.0016714204847243683,0.4632183845183521,169,False,-0.6667,-0.0584,12,2019-09-30,False,041,0.21928097319994197,15.876650899641652,0.008040818228366876,0.0057048418680889145,0.1126636267043772,0.8207491566549936,False
18854,BANK7,8,2019-10-16,2019-10-16,-0.015206007165703646,0.0008312874190858045,1.1202992226162471,169,False,-0.6667,-0.0584,12,2019-09-30,False,041,0.26940320716455923,13.624132111080064,0.005765582491745577,0.005186815793179611,0.12056864692063646,0.9947580178780919,False
2808602,"CAPITAL BANK, NATIONAL ASSOCIATION",8,2019-10-16,2019-10-16,0.03280613896796998,-0.0002606782436772586,0.8030737964458982,169,False,-0.6667,-0.0584,12,2019-09-30,False,041,0.5332596583900558,14.057778859809293,0.011910816427759674,0.005551906228406173,0.0820618835038018,0.9523965054062234,False
3614976,FVCBANK,8,2019-10-16,2019-10-16,-0.0152542133142992,-0.0007603832157796517,0.41640767699457637,169,False,-0.6667,-0.0584,12,2019-09-30,False,051,0.44251611168350097,14.261532025314766,0.01176376445583947,0.008399515845601392,0.12205993911983022,0.9653402283915103,False
594947,"BANK FIRST, NATIONAL ASSOCIATION",8,2019-10-16,2019-10-16,0.04056161997071575,0.0010122033681151893,0.25843227955199805,169,False,-0.6667,-0.0584,12,2019-09-30,False,041,0.2518613047165383,14.584431037536817,0.012386925962114286,0.003078217488913348,0.11563309409873572,0.9635192469463538,False
3476192,CARTER BANK & TRUST,8,2019-10-16,2019-10-16,0.008563374249140113,-4.6184831643276485e-05,0.5113056576606301,112,False,-0.6667,-0.0584,12,2019-09-30,False,041,0.07134166822592172,15.206811365889134,0.00761809809897458,0.016108596666113813,0.11792015872336742,0.9932186096669288,False
395238,SYNOVUS BANK,8,2019-10-16,2019-10-16,-0.016263287401117738,-0.0005873542693600899,1.3790261205033094,169,False,-0.6667,-0.0584,12,2019-09-30,False,041,0.38434546342408105,17.6777641178835,0.012091595277640945,0.003600134959571914,0.11035913273984402,0.8948057393268362,False
933966,CITIZENS BUSINESS BANK,8,2019-10-16,2019-10-16,0.04119420590733866,-0.000773505561487547,1.0405631243204514,169,False,-0.6667,-0.0584,12,2019-09-30,False,041,0.5523001420450683,16.242992081877244,0.018872444601623614,0.0008822527494008567,0.17443148736164435,0.9434912402762983,False
60143,COMERICA BANK,8,2019-10-16,2019-10-16,0.004828693960532639,-0.0016583376036674335,1.1869870485012268,169,False,-0.6667,-0.0584,12,2019-09-30,False,031,0.5823496153648465,18.10453060752106,0.01704735121293184,0.004874259636857947,0.10443789011592015,0.8940749364296438,False
601050,COMMERCE BANK,8,2019-10-16,2019-10-16,0.07705868238059807,-0.0007909126176860752,0.9692460769982604,169,False,-0.6667,-0.0584,12,2019-09-30,False,041,0.3589379706158655,17.065184959924803,0.016059611331092797,0.0019361777375396145,0.11026976864118547,0.8911235602626049,False
682563,FROST BANK,8,2019-10-16,2019-10-16,0.07101776512605643,-0.0013457130088224895,1.1774554810980615,169,False,-0.6667,-0.0584,12,2019-09-30,False,041,0.46269525917373894,17.317204977726966,0.013966601340726763,0.007642063278506028,0.11692989526496014,0.9300008213606197,False
723112,"FIFTH THIRD BANK, NATIONAL ASSOCIATION",8,2019-10-16,2019-10-16,0.034724171125852785,-0.0002383201049334724,1.0671816545966735,169,False,-0.6667,-0.0584,12,2019-09-30,False,031,0.5709018441967042,18.94830141206185,0.015220626172318341,0.008150443999470661,0.13642383666776153,0.8873284115945012,False
233031,REGIONS BANK,8,2019-10-16,2019-10-16,0.0439463342085726,-0.0005735172836702431,1.2925092098771604,169,False,-0.6667,-0.0584,12,2019-09-30,False,031,0.3496886739052128,18.663964120607066,0.013956077558156855,0.008219934240526076,0.13255137483044935,0.8782324177264387,False
342634,TRUSTMARK NATIONAL BANK,8,2019-10-16,2019-10-16,-0.0061558979731112,-2.4668848605846998e-05,0.9856829521544381,169,False,-0.6667,-0.0584,12,2019-09-30,False,041,0.3659967835387605,16.424309543572836,0.011645083373531444,0.010316987640078554,0.12446130114657379,0.9476399833033473,False
501105,MANUFACTURERS AND TRADERS TRUST COMPANY,8,2019-10-16,2019-10-16,0.0015557305900314395,-0.0006753483016710765,0.9476262467505282,169,False,-0.6667,-0.0584,12,2019-09-30,False,031,0.47007690356480336,18.644148994546057,0.01564265335037249,0.01816543674919456,0.12176636013101473,0.8805843081923269,False
165628,FIRST FINANCIAL BANK,8,2019-10-16,2019-10-16,-0.013602797067034572,-0.0011515463479651424,1.2787137288850723,169,False,-0.6667,-0.0584,12,2019-09-30,False,041,0.30473733385301466,16.483397852855358,0.014992060095933972,0.006710423423877483,0.159368885541713,0.83623496280514,False
991340,1ST SOURCE BANK,8,2019-10-16,2019-10-16,0.10648763496530095,-0.0004384799852926671,1.1604296912784908,169,False,-0.6667,-0.0584,12,2019-09-30,False,041,0.31564370706398764,15.71356630488826,0.014661473928108504,0.0023093873093873096,0.11902157200428959,0.9203538327644183,False
485559,FIRST HORIZON BANK,8,2019-10-16,2019-10-16,-0.005086777190569122,0.0002686637169631289,0.9567702240620203,169,False,-0.6667,-0.0584,12,2019-09-30,False,041,0.3988478359352546,17.589022845908815,0.01158470252642596,0.006290750888175898,0.12085346149937509,0.8441193494688564,False
451965,"WELLS FARGO BANK, NATIONAL ASSOCIATION",8,2019-10-16,2019-10-16,0.025532885675461102,-0.0006314415668656341,0.9512937450851934,169,False,-0.6667,-0.0584,12,2019-09-30,False,031,0.4986205850867546,21.258909723944985,0.012651678501277106,0.014300719936422306,0.09807567595408499,0.8882654187166539,False
12311,"HUNTINGTON NATIONAL BANK, THE",8,2019-10-16,2019-10-16,0.018983653760484005,-0.00035311757437376086,1.1255632198388015,169,False,-0.6667,-0.0584,12,2019-09-30,False,031,0.34618854040424957,18.504933901382667,0.015035489596279764,0.008127485655403732,0.11363801338880672,0.8972761135097829,False
852218,"JPMORGAN CHASE BANK, NATIONAL ASSOCIATION",8,2019-10-16,2019-10-16,0.06012811930939728,-0.00013655952648494377,1.0392863389697578,169,False,-0.6667,-0.0584,12,2019-09-30,False,031,0.46231865944544737,21.584942820453783,0.013448088477438402,0.009566004588562738,0.10355929360782079,0.7635939733467305,False
541101,"BANK OF NEW YORK MELLON, THE",8,2019-10-16,2019-10-16,0.06035410266735937,-0.0014241082826494942,0.9499386388068173,169,False,-0.6667,-0.0584,12,2019-09-30,False,031,0.5070693609493393,19.53285399899318,0.008747237714405977,0.0029157919290879403,0.08550918131116489,0.9187717777865678,False
210434,"NORTHERN TRUST COMPANY, THE",8,2019-10-16,2019-10-16,0.07414684521151606,-0.0007983478936176858,1.2841162878393744,169,False,-0.6667,-0.0584,12,2019-09-30,False,031,0.2490749534897355,18.634373836016778,0.011852766457544742,0.0040549881723432706,0.0807557843856071,0.8732299973277806,False
1394676,AMERICAN EXPRESS NATIONAL BANK,8,2019-10-16,2019-10-16,-0.014640887874437881,0.0003877374168216801,1.042060532521513,169,False,-0.6667,-0.0584,12,2019-09-30,False,031,0.13069355236978827,18.604428982551678,0.047741217641351225,0.008130139904047757,0.10307452383565317,0.7222633927654422,False
480228,"BANK OF AMERICA, NATIONAL ASSOCIATION",8,2019-10-16,2019-10-16,0.0626434504801326,-0.00046209332565119336,1.2759789050595134,169,False,-0.6667,-0.0584,12,2019-09-30,False,031,0.40844275397926244,21.318235530903983,0.015050024563664015,0.006443459955254037,0.11672962024869607,0.9035812551753596,False
817824,"PNC BANK, NATIONAL ASSOCIATION",8,2019-10-16,2019-10-16,0.037752709385373825,-0.0002444251517275572,1.0093634990903466,169,False,-0.6667,-0.0584,12,2019-09-30,False,031,0.41689844976324214,19.7963766341717,0.011311774438577575,0.010797620644083636,0.10540556620878394,0.8269847921120468,False
280110,KEYBANK NATIONAL ASSOCIATION,8,2019-10-16,2019-10-16,0.02258194342066764,-0.00020714986668784788,1.1626210830165467,169,False,-0.6667,-0.0584,12,2019-09-30,False,031,0.4653027539871519,18.79350980274712,0.012533306042833915,0.008224454451539805,0.11608177077063256,0.9049499872013809,False
504713,U.S. BANK NATIONAL ASSOCIATION,8,2019-10-16,2019-10-16,0.048704238245297245,5.525934522158085e-05,0.9110451963672063,169,False,-0.6667,-0.0584,12,2019-09-30,False,031,0.4920485637715065,19.983851876303792,0.015173005930818866,0.010293835290651133,0.10396274998279459,0.8722574963818246,False
34537,SEACOAST NATIONAL BANK,8,2019-10-16,2019-10-16,0.051420493017382385,-0.0019661691068693548,1.3424979330324374,169,False,-0.6667,-0.0584,12,2019-09-30,False,041,0.26548592699633206,15.745665819417878,0.014265272299283949,0.005162518598930752,0.1429926072986599,0.9606943144759654,False
476810,"CITIBANK, N.A.",8,2019-10-16,2019-10-16,0.012210058929450656,5.0556404534817005e-06,1.5118949569434768,169,False,-0.6667,-0.0584,12,2019-09-30,False,031,0.3439105882651862,21.110509267398683,0.011807877576099095,0.008358758205299589,0.101536748556434,0.8330917978480284,False
852320,TRUIST BANK,8,2019-10-16,2019-10-16,0.017667000197348192,-0.0002571508460791301,1.0082662130496267,169,False,-0.6667,-0.0584,12,2019-09-30,False,031,0.4452061912212132,19.253094091837415,0.015016138433832421,0.00536178248254664,0.13102581279416756,0.86738342280266,False
35301,STATE STREET BANK AND TRUST COMPANY,8,2019-10-16,2019-10-16,0.12313938413665665,-0.0022639741710711184,1.1446556297460586,169,False,-0.6667,-0.0584,12,2019-09-30,False,031,0.5856285009828317,19.301816725432143,0.009429740972141661,0.0007739082365948038,0.10906763228981953,0.8185584940406159,False
17147,FIRST MERCHANTS BANK,8,2019-10-16,2019-10-16,0.03604358566166234,-0.0009158886862148565,1.255396119360795,169,False,-0.6667,-0.0584,12,2019-09-30,False,041,0.4087852554830057,16.32553241396421,0.01356142228987926,0.0027458207789174895,0.1433590793614959,0.9375078798425635,False
572374,GREAT SOUTHERN BANK,8,2019-10-16,2019-10-16,0.05468543840226738,0.000267531379474191,1.1078559139381727,169,False,-0.6667,-0.0584,12,2019-09-30,False,041,0.5124635564868203,15.420168665308632,0.016148201082039598,0.0025682467551139763,0.1301616628732448,0.9239765271231863,False
489623,"PARK NATIONAL BANK, THE",8,2019-10-16,2019-10-16,0.03081959439374795,-0.00034111860306964306,0.9825678192988611,169,False,-0.6667,-0.0584,12,2019-09-30,False,041,0.17883142464181798,15.97661802764396,0.013366285954379189,0.014032666530977863,0.10311752008410337,0.9292079784638556,False
595869,CATHAY BANK,8,2019-10-16,2019-10-16,0.03247566826885575,-0.0010025939737121643,1.1509913942652619,169,False,-0.6667,-0.0584,12,2019-09-30,False,031,0.341934275340187,16.70428181351738,0.015867004495819445,0.0032280411561595836,0.1309635509320628,0.9406836756385728,False
1718188,NORTHRIM BANK,8,2019-10-16,2019-10-16,0.017024924295839548,-0.00018720744418602986,1.0274517653820294,169,False,-0.6667,-0.0584,12,2019-09-30,False,051,0.31832713488248293,14.287870159725964,0.013841517986116911,0.015404738710301355,0.11644845221334178,0.9650879276677697,False
463735,HANCOCK WHITNEY BANK,8,2019-10-16,2019-10-16,0.05745092011070283,-0.0011649419805257705,1.4270460777528815,169,False,-0.6667,-0.0584,12,2019-09-30,False,041,0.4060729413216233,17.234201661620993,0.010516410247961074,0.01136163995191112,0.11239745099720011,0.9038847849983315,False
339858,"BOKF, NATIONAL ASSOCIATION",8,2019-10-16,2019-10-16,0.028773738457831828,-0.0007885115351997998,1.1991230243662088,169,False,-0.6667,-0.0584,12,2019-09-30,False,041,0.5676289756832601,17.577452747090437,0.012185682654821135,0.011858148062346629,0.10700516948801797,0.6872816378925359,False
693345,"FIRST FINANCIAL BANK, NATIONAL ASSOCIATION",8,2019-10-16,2019-10-16,0.02379570829255533,-0.0006479226440287114,0.9558142394908229,169,False,-0.6667,-0.0584,12,2019-09-30,False,051,0.2387719293805294,15.173514749288076,0.011411989858790297,0.003490065381100496,0.1365473167156368,0.941431214148983,False
702117,"NBT BANK, NATIONAL ASSOCIATION",8,2019-10-16,2019-10-16,0.02243501705613697,-0.0007312921397261799,0.9509711931083534,169,False,-0.6667,-0.0584,12,2019-09-30,False,041,0.3589275811877872,16.07637429379937,0.012279928032526463,0.0046879921840724875,0.117560056592541,0.9210657804460806,False
677176,TRUSTCO BANK,8,2019-10-16,2019-10-16,0.0633084132863419,2.764358236092418e-05,0.8113722212286028,169,False,-0.6667,-0.0584,12,2019-09-30,False,041,0.08063427165010155,15.468417646040919,0.011655504893046061,0.0052655746589985244,0.09766362021386256,0.9467446328896978,False
749242,RENASANT BANK,8,2019-10-16,2019-10-16,-0.04820859237231902,-0.0005873905297429839,1.1936009636722957,169,False,-0.6667,-0.0584,12,2019-09-30,False,041,0.37675286473835656,16.38204527346601,0.014161223892000276,0.00373110801390282,0.1767673075011908,0.9614619080782218,False
936426,S & T BANK,8,2019-10-16,2019-10-16,0.029365992669617022,-0.0012982155687344258,0.901128585555089,169,False,-0.6667,-0.0584,12,2019-09-30,False,041,0.25781826688022846,15.837754170317552,0.014018848068305287,0.008056399795233373,0.1288054132374319,0.9099241746439851,False
42420,FIRST COMMONWEALTH BANK,8,2019-10-16,2019-10-16,0.02615240396342037,-0.0007332454136340697,1.0406388643361992,169,False,-0.6667,-0.0584,12,2019-09-30,False,041,0.22988192602364524,15.911347458199074,0.013681340599224519,0.004796697166394655,0.13106308664619506,0.9485008434979757,False
143662,UMPQUA BANK,8,2019-10-16,2019-10-16,0.04205595695028592,-0.0011030760159607064,1.10752645829967,169,False,-0.6667,-0.0584,12,2019-09-30,False,041,0.33499800145880215,17.179508542237322,0.01308427424730342,0.003449988987792037,0.1578936443158371,0.9271088564493679,False
61122,FIRST UNITED BANK & TRUST,8,2019-10-16,2019-10-16,-0.01829426473846623,0.0012992209342049081,0.8219224923968709,169,False,-0.6667,-0.0584,12,2019-09-30,False,041,0.29297464013440017,14.167730292178257,0.009953446053742702,0.011767961784205904,0.10294602596924107,0.8925230971093635,False
936855,"UMB BANK, NATIONAL ASSOCIATION",8,2019-10-16,2019-10-16,0.03312377214748283,-0.0008825175558163088,1.1506332131288188,169,False,-0.6667,-0.0584,12,2019-09-30,False,041,0.6464967066058014,16.99209384926615,0.009935822499392476,0.005691842777186638,0.09519067039052762,0.8986889763347399,False
577128,PEOPLES BANK,8,2019-10-16,2019-10-16,0.047199593707018664,-0.0005408593229338959,0.8778798203627989,169,False,-0.6667,-0.0584,12,2019-09-30,False,041,0.2956130416465487,15.295501752690578,0.013059840936005854,0.007256103498692395,0.12955270849121095,0.8839555687361819,False
317342,STOCK YARDS BANK & TRUST COMPANY,8,2019-10-16,2019-10-16,0.05888337443166895,-0.00013926849795734645,0.9335576445087234,169,False,-0.6667,-0.0584,12,2019-09-30,False,041,0.21097387184629202,15.076784349299455,0.01854246726432034,0.0011211984039164403,0.10619547496186169,0.9383430521315959,False
584724,UNIFIED BANK,8,2019-10-16,2019-10-16,0.005604884802072743,0.0001063493386118105,0.06622421648093467,169,False,-0.6667,-0.0584,12,2019-09-30,False,051,0.1543177709815027,13.422060479434315,0.013571949065668729,0.006219363108732033,0.11175515950942977,0.9285741697687884,False
1386251,BANCFIRST,8,2019-10-16,2019-10-16,0.04950082433804498,-0.000530330603784183,1.0797227927144084,169,False,-0.6667,-0.0584,12,2019-09-30,False,041,0.2712585069726727,15.837556142887195,0.017070348576468507,0.005800734046929509,0.1121312945961621,0.9940561357009389,False
100562,TRI COUNTIES BANK,8,2019-10-16,2019-10-16,0.03492600245567306,-0.0005944258126392414,0.9928946207089516,169,False,-0.6667,-0.0584,12,2019-09-30,False,041,0.24853018777260363,15.669169913944039,0.014928296727757336,0.00443083834850614,0.14845416868043682,0.9751588252998971,False
37640,GERMAN AMERICAN BANK,8,2019-10-16,2019-10-16,0.0265652297849607,-0.0002027392736700209,0.9743606772241096,169,False,-0.6667,-0.0584,12,2019-09-30,False,041,0.3217560076074201,15.284264012636715,0.01396007244319915,0.004392627849299576,0.13395384750324427,0.9196782728938693,False
981275,PREMIER BANK,8,2019-10-16,2019-10-16,0.10277391477245726,-0.0004730496946109773,1.0404936367708737,169,False,-0.6667,-0.0584,12,2019-09-30,False,041,0.16623247820649226,15.016296991197397,0.01431152926806048,0.005557601526666444,0.12508302663262638,0.9579572441653434,False
435077,"PATHWARD, NATIONAL ASSOCIATION",8,2019-10-16,2019-10-16,0.014577364896259437,0.0021562225518992725,0.8934504857111927,169,False,-0.6667,-0.0584,12,2019-09-30,False,041,0.0965331464700179,15.638478115862178,0.01830462909578111,0.006965763154598026,0.15009981097544328,0.8257820135643749,False
2142155,QUAD CITY BANK AND TRUST COMPANY,8,2019-10-16,2019-10-16,0.023124889093650285,-0.0004230824254598655,1.1484586429286363,169,False,-0.6667,-0.0584,12,2019-09-30,False,041,0.6806745968391578,14.324038143261351,0.012402869546757626,0.005301524188204109,0.101220140710988,0.9178302447327852,False
921178,RIVERVIEW BANK,8,2019-10-16,2019-10-16,-0.010289002125020087,-0.0011407868554490204,1.1433487848940798,169,False,-0.6667,-0.0584,12,2019-09-30,False,041,0.21576435850841333,13.974375820944086,0.0156915604543102,0.0016843877108887442,0.13794383115221212,0.981352518839963,False
693224,ATLANTIC UNION BANK,8,2019-10-16,2019-10-16,0.0012560687633627688,0.00044325030650465544,1.2046312324225652,169,False,-0.6667,-0.0584,12,2019-09-30,False,041,0.32070614143177917,16.671736366505986,0.011708071803906716,0.004074978966743018,0.15995684692604192,0.8985508218300754,False
470050,"FIRST FINANCIAL BANK, NATIONAL ASSOCIATION",8,2019-10-16,2019-10-16,0.061567251993281655,-0.0006190074454904804,1.0951123562004252,169,False,-0.6667,-0.0584,12,2019-09-30,False,041,0.39540076918737616,15.90512196085417,0.019390297229296437,0.006235487458386815,0.13437074582882422,0.9299591756220142,False
936136,OLD SECOND NATIONAL BANK,8,2019-10-16,2019-10-16,0.05084692022147988,-0.0016045750824739136,1.0607756432582438,169,False,-0.6667,-0.0584,12,2019-09-30,False,041,0.18052418052465974,14.775282912410377,0.0180414246551839,0.007171711181309151,0.1369601800312665,0.9260154826857068,False
694904,"FLAGSTAR BANK, NATIONAL ASSOCIATION",8,2019-10-16,2019-10-16,0.008746980766637873,0.0009013236988311224,0.6702766845451524,169,False,-0.6667,-0.0584,12,2019-09-30,False,041,0.29784610016154683,17.776588568678825,0.008120388784893153,0.00137578830003364,0.13632265327968557,0.7000850026229702,False
229801,VALLEY NATIONAL BANK,8,2019-10-16,2019-10-16,0.022031178987342276,-3.9252140035916175e-05,1.1943159596100021,169,False,-0.6667,-0.0584,12,2019-09-30,False,041,0.3518871294549967,17.33409418546103,0.011691867923544543,0.006653781195530197,0.110553368860909,0.8544529485953488,False
481177,LANDMARK NATIONAL BANK,8,2019-10-16,2019-10-16,0.015132176709518042,0.00011011554715856727,0.13458531853694602,169,False,-0.6667,-0.0584,12,2019-09-30,False,041,0.26578315867023183,13.82107902523263,0.010363463751743596,0.010966625481798319,0.12395284730067305,0.9522259770540299,False
272272,SOUTHERN BANK,8,2019-10-16,2019-10-16,0.014328152737712332,-0.0007665778642751556,0.8976057688374451,169,False,-0.6667,-0.0584,12,2019-09-30,False,051,0.13467967596667707,14.621105678946432,0.01400101637095991,0.007398136456861968,0.10750714468272962,0.940744679146741,False
764030,AMERIS BANK,8,2019-10-16,2019-10-16,0.06210442968849069,-0.0006690151249863145,1.3511447908588916,169,False,-0.6667,-0.0584,12,2019-09-30,False,041,0.30453484999681196,16.687673424558767,0.009004628668354227,0.007700818512562764,0.1455469316736676,0.9065841759788392,False
2236821,"PATRIOT BANK, NATIONAL ASSOCIATION",8,2019-10-16,2019-10-16,-0.006273901162539585,-0.00017805246048161087,-0.020749873684590456,169,False,-0.6667,-0.0584,12,2019-09-30,False,051,0.1531099666007913,13.7872746503117,-6.994740572272642e-05,0.023855815896252686,0.09934691753098002,0.874377983026089,False
268677,CARVER FEDERAL SAVINGS BANK,8,2019-10-16,2019-10-16,0.05341606906980992,0.0005280199132348356,0.8001537748086041,169,False,-0.6667,-0.0584,12,2019-09-30,False,041,0.14579531709182508,13.287501473887696,-0.0067437804281158895,0.01891830762271397,0.11290180372953891,0.919652669866263,False
112837,"CAPITAL ONE, NATIONAL ASSOCIATION",8,2019-10-16,2019-10-16,0.031519353297757055,-0.00028979400566291145,1.309644409071371,169,False,-0.6667,-0.0584,12,2019-09-30,False,031,0.28541921157289224,19.578119957979844,0.00906025098902421,0.00798357503302573,0.13508921006384553,0.920787043424598,False
1002878,NORTHWEST BANK,8,2019-10-16,2019-10-16,0.055049347501345325,-0.000859814221677782,0.6771949695312444,169,False,-0.6667,-0.0584,12,2019-09-30,False,041,0.1481159514393581,16.188078232520642,0.010989012013637427,0.007403051405563074,0.13073815641085532,0.9449230709162605,False
697763,WESTAMERICA BANK,8,2019-10-16,2019-10-16,0.054491793834306,-0.00019450091369272658,0.9415267208356947,169,False,-0.6667,-0.0584,12,2019-09-30,False,041,0.31808147267314774,15.536366223894785,0.014496961967928414,0.004106848659891337,0.1006693313967791,0.9547789108304419,False
749635,AUBURNBANK,8,2019-10-16,2019-10-16,-0.0170470351261058,0.0012297059319422894,0.6551689910053105,169,False,-0.6667,-0.0584,12,2019-09-30,False,051,0.35170841819462967,13.62404007710493,0.011419196910099658,0.0005748864706475409,0.11547283419558604,0.9928942363905459,False
959304,FLUSHING BANK,8,2019-10-16,2019-10-16,0.056541270463537414,-0.0012961100387898178,0.8143386462814692,169,False,-0.6667,-0.0584,12,2019-09-30,False,041,0.28537494417952064,15.777135297792656,0.0064672808717806856,0.0030901374198002937,0.09476335599394223,0.7747324422275459,False
352772,BANNER BANK,8,2019-10-16,2019-10-16,0.04195234639959541,-0.00079472271521748,1.0578111811386728,169,False,-0.6667,-0.0584,12,2019-09-30,False,041,0.2496657868577109,16.283149305325097,0.013050192727203255,0.0020247872477213973,0.1319640980370279,0.9289217096327885,False
498317,"OHIO VALLEY BANK COMPANY, THE",8,2019-10-16,2019-10-16,0.04861097900803319,-0.0015583342539129802,1.325253707772193,169,False,-0.6667,-0.0584,12,2019-09-30,False,041,0.2742904690285205,13.84554691606078,0.007421697596876055,0.011776674544634817,0.11686165443302811,0.9468489682627762,False
506922,SANDY SPRING BANK,8,2019-10-16,2019-10-16,0.0371412761833134,-0.0004094335595272513,1.0049230741546875,169,False,-0.6667,-0.0584,12,2019-09-30,False,041,0.3849086972732699,15.946720206290477,0.014149863209548539,0.007658753794547357,0.13521127228650934,0.894513916625148,False
3317932,CONNECTONE BANK,8,2019-10-16,2019-10-16,0.010209294621672435,-0.0003149276187223935,1.1136745200667377,169,False,-0.6667,-0.0584,12,2019-09-30,False,041,0.5697204324514666,15.633768163315214,0.01231963353813396,0.010579705411418516,0.13008572800308515,0.8901603670842879,False
276579,"ZIONS BANCORPORATION, NATIONAL ASSOCIATION",8,2019-10-16,2019-10-16,0.07596914116181709,-0.0009680258118332573,1.1619982643051276,169,False,-0.6667,-0.0584,12,2019-09-30,False,041,0.4648232003738003,18.069147473213647,0.011987576499224483,0.004903188489553895,0.10671905811704022,0.8931944903392972,False
1412712,"COMMUNITY WEST BANK, NATIONAL ASSOCIATION",8,2019-10-16,2019-10-16,0.001716713812968515,-7.427608477788204e-05,0.06510839166679479,169,False,-0.6667,-0.0584,12,2019-09-30,False,051,0.39319868155102694,13.713566422051908,0.007850172003956829,0.00863631584747491,0.08727798201709705,0.9249630881480502,False
1929247,"SOUTHSTATE BANK, N.A.",8,2019-10-16,2019-10-16,0.009847858672192233,0.0002181527500754082,1.1647032721241533,169,False,-0.6667,-0.0584,12,2019-09-30,False,041,0.37501980299479626,16.672503443655994,0.012092451817958545,0.004231608634125924,0.16840798807657859,0.9234609628641209,False
1890525,UNITY BANK,8,2019-10-16,2019-10-16,-0.00871152954044388,-0.0008377049062796587,0.675813750629409,169,False,-0.6667,-0.0584,12,2019-09-30,False,041,0.280055068945944,14.321580290386255,0.013467899797378642,0.004174201798802306,0.09504756266582427,0.8497060151968759,False
876634,CAPITAL CITY BANK,8,2019-10-16,2019-10-16,0.051785230958840786,-0.0006685857205893918,1.0836127777997802,169,False,-0.6667,-0.0584,12,2019-09-30,False,041,0.2974518759482143,14.884283378341141,0.010908243366197267,0.0026792305849490474,0.12191136491329774,0.9834845757741446,False
2239288,"WINTRUST BANK, NATIONAL ASSOCIATION",8,2019-10-16,2019-10-16,0.024936981326763676,-0.001485684952015817,1.2449087589643306,169,False,-0.6667,-0.0584,12,2019-09-30,False,041,0.46045378100592826,15.6787759383483,0.015501617053392475,0.002617481497672749,0.10948435989806893,0.9709880281881561,False
556815,"PEOPLES BANK, A CODORUS VALLEY COMPANY",8,2019-10-16,2019-10-16,0.01859025157872939,-0.0005078037119053961,1.0150084475799845,169,False,-0.6667,-0.0584,12,2019-09-30,False,041,0.19612244088392275,14.439166707262004,0.010528815154547505,0.021386849443618003,0.10482667171203658,0.9358048759458686,False
729310,PATHFINDER BANK,8,2019-10-16,2019-10-16,0.0021572665333441203,-0.000733423613994972,-0.10920401786574926,169,False,-0.6667,-0.0584,12,2019-09-30,False,041,0.23271222940043068,13.866479299690306,0.0038747240146094074,0.007335620118196471,0.07661861273983407,0.9082430546119353,False
431172,PACIFIC PREMIER BANK,8,2019-10-16,2019-10-16,0.07213030381861066,-0.00025144958085979456,1.292474963123148,169,False,-0.6667,-0.0584,12,2019-09-30,False,041,0.4231489909477078,16.28458436044244,0.014346016281417892,0.0009252024743261733,0.18582556223586127,0.9244538337418448,False
107244,BANK OZK,8,2019-10-16,2019-10-16,0.06376394264914362,-0.0004752944447586084,1.6000400327516517,169,False,-0.6667,-0.0584,12,2019-09-30,False,041,0.3967996773115602,16.96836106095426,0.01852209598168939,0.003604090048458823,0.17426739904435729,0.954394572478327,False
874845,LAKE CITY BANK,8,2019-10-16,2019-10-16,0.056409151593647025,-0.0005677195338286908,1.0541954399779017,169,False,-0.6667,-0.0584,12,2019-09-30,False,041,0.5020051466362523,15.412254846154383,0.018171605731736686,0.004705202269115737,0.12022140061451107,0.9879444728789205,False
522605,BAR HARBOR BANK AND TRUST COMPANY,8,2019-10-16,2019-10-16,-0.015912503168900027,-0.0009618301462757721,1.087044567433436,169,False,-0.6667,-0.0584,12,2019-09-30,False,041,0.20287799520201144,15.09921666825782,0.007885516337884957,0.006764815664108181,0.11581736700947426,0.7852600994895194,False
593007,CAMDEN NATIONAL BANK,8,2019-10-16,2019-10-16,0.012114722927852746,-2.73053321706515e-05,1.0873611610950362,169,False,-0.6667,-0.0584,12,2019-09-30,False,041,0.2552065090064534,15.319696615503421,0.013061691740608632,0.003237841784180337,0.11249799743983376,0.9134776411655621,False
786612,MID PENN BANK,8,2019-10-16,2019-10-16,0.021580680851177585,-0.0005527446256674707,1.0655186108018457,169,False,-0.6667,-0.0584,12,2019-09-30,False,041,0.30532101452917076,14.625821026621196,0.00876632011121557,0.0028680387761637217,0.11195914268662452,0.9466565908173556,False
881478,HERITAGE BANK,8,2019-10-16,2019-10-16,0.04660969784672515,-0.001735000944656872,1.130901765568138,169,False,-0.6667,-0.0584,12,2019-09-30,False,041,0.3751780987435308,15.522232700482707,0.013025171352316914,0.011106490097560479,0.14707537905099524,0.9747621190314348,False
671464,BANK OF HOPE,8,2019-10-16,2019-10-16,0.019393986272435028,-0.00016870400315149636,1.1943434290499146,169,False,-0.6667,-0.0584,12,2019-09-30,False,041,0.38935349675726416,16.54859315132358,0.012054353344418997,0.007834373741242675,0.14994858657789467,0.9374232731848644,False
606046,CADENCE BANK,8,2019-10-16,2019-10-16,0.02274578972337568,-0.0006709596514254827,1.14569746248187,169,False,-0.6667,-0.0584,12,2019-09-30,False,041,0.3194345756090711,16.804367450158406,0.011304925756968261,0.006481561593644082,0.12533008668796863,0.9116334802752024,False
782306,BROOKLINE BANK,8,2019-10-16,2019-10-16,0.04859956080907826,-0.0005993292228153853,0.8697200023650248,169,False,-0.6667,-0.0584,12,2019-09-30,False,041,0.29285753381525703,15.420745851754766,0.013012706019839334,0.0038594594619178546,0.10896939585232548,0.7989250009410637,False
1001152,INTERNATIONAL BANK OF COMMERCE,8,2019-10-16,2019-10-16,0.04265827393669317,-0.0009618330881392618,1.3378548127775203,169,False,-0.6667,-0.0584,12,2019-09-30,False,041,0.34020990977562277,15.958608239410216,0.01930687226049882,0.001405093406168475,0.17198899763975423,0.8885514221905295,False
59316,WAYNE BANK,8,2019-10-16,2019-10-16,0.02127269962387087,-0.0012147231397853112,0.9770181726991205,169,False,-0.6667,-0.0584,12,2019-09-30,False,051,0.22771601076687906,14.011544337711705,0.011938502410058458,0.0015352811131726237,0.10948175523275312,0.901532801169677,False
491934,COLONY BANK,8,2019-10-16,2019-10-16,-0.013538907676270804,0.0003883230785471962,0.25570582398582603,169,False,-0.6667,-0.0584,12,2019-09-30,False,051,0.1868227359631792,14.203150402503395,0.008445204238346955,0.01049030244297973,0.11156302108111373,0.9572939193085995,False
361167,SOUTHSIDE BANK,8,2019-10-16,2019-10-16,0.020109024154269534,-0.0006551117827985627,1.053567934933241,169,False,-0.6667,-0.0584,12,2019-09-30,False,041,0.31053103316090536,15.69305819803693,0.013058704462833868,0.004898716536267498,0.14410229794386284,0.8065557885052179,False
316840,REPUBLIC BANK & TRUST COMPANY,8,2019-10-16,2019-10-16,0.024477443590202826,-0.0005322552065449562,1.2013236704201888,169,False,-0.6667,-0.0584,12,2019-09-30,False,041,0.3029890839751468,15.622690025569186,0.014273529816746008,0.004281288649519503,0.11153825134325154,0.73468045709996,False
2209553,HERITAGE BANK OF COMMERCE,8,2019-10-16,2019-10-16,0.03080840226823512,-0.0007347570831433911,1.07604797419262,169,False,-0.6667,-0.0584,12,2019-09-30,False,041,0.5574928398959779,14.972747666255115,0.015671151024226594,0.0075823940716077745,0.12997637319042404,0.9790967821191909,False
821906,SALISBURY BANK AND TRUST COMPANY,8,2019-10-16,2019-10-16,-0.010821395594706532,0.00024414211510751877,0.538908253335951,169,False,-0.6667,-0.0584,12,2019-09-30,False,051,0.2999734698449173,13.950251219128782,0.01014938590971591,0.005808953577049765,0.10390127945186324,0.9447575076656601,False
416245,BUSEY BANK,8,2019-10-16,2019-10-16,0.05431803604195325,-0.0007808345190191147,0.9785966791120798,169,False,-0.6667,-0.0584,12,2019-09-30,False,041,0.2984310005542955,15.870109947748293,0.01333741515201336,0.005181468090576533,0.14591865331763312,0.9573997254915376,False
399517,CNB BANK,8,2019-10-16,2019-10-16,0.10434832178960084,-4.1072644988336275e-05,1.127340493036639,169,False,-0.6667,-0.0584,12,2019-09-30,False,041,0.2923281159162283,15.074494422215142,0.011272513438284124,0.005358503964017099,0.09724828576872153,0.9066948636635478,False
664756,PROSPERITY BANK,8,2019-10-16,2019-10-16,0.045273282041513783,-0.0007728346666519587,1.1371755559454815,169,False,-0.6667,-0.0584,12,2019-09-30,False,041,0.3544888249759467,16.910325386957847,0.015340988431193999,0.004713986544423191,0.18627107936463227,0.9442298887955651,False
767974,CFBANK NATIONAL ASSOCIATION,8,2019-10-16,2019-10-16,0.0629787431775327,-5.931454631644805e-05,0.16164455614874676,169,False,-0.6667,-0.0584,12,2019-09-30,False,051,0.20535472820697737,13.573456831000419,0.013173438095796167,0.0033657592683397765,0.09518683743219866,0.9682876454861458,False
716374,FIRST HARRISON BANK,8,2019-10-16,2019-10-16,0.02422450622869668,0.0015392874235977858,0.272911883724719,169,False,-0.6667,-0.0584,12,2019-09-30,False,051,0.23536374573060276,13.614607835585959,0.012011527415101045,0.004076683461208789,0.10921622705356532,0.9926181939968266,False
197478,EAST WEST BANK,8,2019-10-16,2019-10-16,0.003045482980761457,-0.0016522677702322168,1.5444669454763387,169,False,-0.6667,-0.0584,12,2019-09-30,False,031,0.48947368478173925,17.582357190407034,0.01534714349007054,0.003901688362796239,0.11237784779011924,0.9601951360984197,False
958727,AMERICAN NATIONAL BANK AND TRUST COMPANY,8,2019-10-16,2019-10-16,0.017716686673440916,2.2643936251157348e-05,1.1005177803104764,169,False,-0.6667,-0.0584,12,2019-09-30,False,041,0.3400476791145892,14.70815469997548,0.008611920355846514,0.001281702100389317,0.13630452777037136,0.9732982925190359,False
968070,CAPITOL FEDERAL SAVINGS BANK,8,2019-10-16,2019-10-16,0.03580962095968997,-5.214230356964043e-06,0.6075884991744871,169,False,-0.6667,-0.0584,12,2019-09-30,False,041,0.12127020895575942,16.051792907829245,0.00991700036597843,0.0010196116346143876,0.12491201825083681,0.7078430656662461,False
202907,"COMMUNITY BANK, NATIONAL ASSOCIATION",8,2019-10-16,2019-10-16,0.061347416596305576,-0.0006406582275638464,1.0647973899035865,169,False,-0.6667,-0.0584,12,2019-09-30,False,041,0.3660303476532535,16.248375124320237,0.012279600745599023,0.004183773193210831,0.13728389855318898,0.9557606138911302,False
601416,FIVE STAR BANK,8,2019-10-16,2019-10-16,0.02452712039399534,6.49759802210903e-05,0.8624853481937325,169,False,-0.6667,-0.0584,12,2019-09-30,False,041,0.3089217923626207,15.273974871633337,0.012313173396052863,0.003094708579500939,0.10130410350210915,0.9318866610935838,False
662369,BANK OF THE SIERRA,8,2019-10-16,2019-10-16,0.022596558364656356,-0.0006200527982550322,1.0430708997860294,169,False,-0.6667,-0.0584,12,2019-09-30,False,041,0.29444769230978557,14.784669982633993,0.014333294887282248,0.0037548469792947486,0.12503642257471181,0.956075129056247,False
439404,FIRST NATIONAL BANK,8,2019-10-16,2019-10-16,0.026386369004802727,-0.0008633824652190216,0.8439740754945889,169,False,-0.6667,-0.0584,12,2019-09-30,False,041,0.1604538027652221,14.50922507755699,0.012829385990117275,0.013347190683304979,0.08977855067249337,0.8917592106621224,False
2608754,MERCANTILE BANK,8,2019-10-16,2019-10-16,0.06310155146389294,-0.00032811572457268893,0.9995566835082924,169,False,-0.6667,-0.0584,12,2019-09-30,False,041,0.34663024027638656,15.121835417064363,0.014778473648130565,0.0009307831466198252,0.11683273853659963,0.8501105280539488,False
29636,"CITIZENS BANK OF PHILADELPHIA, THE",8,2019-10-16,2019-10-16,0.023378246799356954,4.232856245670556e-05,0.14110518596603355,169,False,-0.6667,-0.0584,12,2019-09-30,False,051,0.33997492758392855,13.86372722438197,0.005294464064158688,0.026652699694613282,0.09245395931762782,0.8359021689940013,False
2652092,EAGLEBANK,8,2019-10-16,2019-10-16,0.07126115078545762,-0.0015856479584677166,0.8677619430018076,169,False,-0.6667,-0.0584,12,2019-09-30,False,041,0.43252999016636856,16.012141514698197,0.017240898181909953,0.007574204872716571,0.14791855922498007,0.9747004964130549,False
1436204,BANK OF MARIN,8,2019-10-16,2019-10-16,0.0696193720265648,-0.0008347657835753486,0.9069561005684988,169,False,-0.6667,-0.0584,12,2019-09-30,False,041,0.4337249307599235,14.767960397981463,0.013414854331626064,0.0002346151921676331,0.12399481183247867,0.9860383652089203,False
2634351,MACATAWA BANK,8,2019-10-16,2019-10-16,0.018417617297370393,-0.0005228582281226391,0.9097668364981916,169,False,-0.6667,-0.0584,12,2019-09-30,False,051,0.40115728869109357,14.57770980825892,0.015903058538934492,0.00015306004015831195,0.11419963938134862,0.9624776637081616,False
754929,"NATIONAL BANK OF BLACKSBURG, THE",8,2019-10-16,2019-10-16,0.0646913337704459,-0.0007523634046464097,0.5580426269847095,169,False,-0.6667,-0.0584,12,2019-09-30,False,041,0.30484771609243283,14.053990306320388,0.013760670428266727,0.005917584389059093,0.14610995826105042,0.9855857501628442,False
687009,LAKELAND BANK,8,2019-10-16,2019-10-16,0.03031462665381618,-0.0007410434440781465,0.9570440471570415,169,False,-0.6667,-0.0584,12,2019-09-30,False,041,0.4151377753564857,15.685434202297126,0.01133635264090252,0.004429115977274697,0.12188428714135961,0.9195492747110781,False
2634191,GLACIER BANK,8,2019-10-16,2019-10-16,0.053725915118684436,-0.0009302714878274593,1.121611095367753,169,False,-0.6667,-0.0584,12,2019-09-30,False,041,0.21838494598947816,16.43343041405812,0.01600299872015989,0.004971099500919408,0.14997015068233213,0.9382424411318943,False
186221,"OLD POINT NATIONAL BANK OF PHOEBUS, THE",8,2019-10-16,2019-10-16,-0.01615826559065367,0.0008624039524414314,-0.13292889170228905,169,False,-0.6667,-0.0584,12,2019-09-30,False,041,0.19007775026407384,13.858808524733874,0.007385211764627019,0.012249659207853576,0.0991880289088139,0.9208682728942713,False
474919,"FULTON BANK, NATIONAL ASSOCIATION",8,2019-10-16,2019-10-16,0.05998738113433361,-0.0008604974973992866,1.1347464556761178,169,False,-0.6667,-0.0584,12,2019-09-30,False,041,0.32791328768818523,16.88655538501534,0.011728021275042752,0.008123634774227907,0.11703188705915697,0.9171032689052875,False
473501,BERKSHIRE BANK,8,2019-10-16,2019-10-16,0.041364305793859135,-0.00036963858236569423,1.1049466668752,169,False,-0.6667,-0.0584,12,2019-09-30,False,041,0.2673302075841028,16.418555143387174,0.007397176745360709,0.006325727860371921,0.13027072168160753,0.8941663084447653,False
508346,HAWTHORN BANK,8,2019-10-16,2019-10-16,0.005339870221942614,1.9894794407211657e-06,0.6671456584026204,169,False,-0.6667,-0.0584,12,2019-09-30,False,041,0.2140536488203036,14.181189246270653,0.013031867907233154,0.004134542404026685,0.11146020928315939,0.889388307361751,False
236706,PEAPACK-GLADSTONE BANK,8,2019-10-16,2019-10-16,0.021032269168025194,-0.0003750921331052611,0.9928481015915088,169,False,-0.6667,-0.0584,12,2019-09-30,False,041,0.4926057042729736,15.408980254342362,0.010432735807690616,0.007050332265173883,0.1167539459595232,0.9346613041647589,False
657365,HANMI BANK,8,2019-10-16,2019-10-16,0.018446134942272818,-0.0014507880038272833,1.1845711593327286,169,False,-0.6667,-0.0584,12,2019-09-30,False,041,0.31695139089814967,15.522550385805824,0.008727370178615041,0.014027075660421266,0.12165614928221957,0.9700589119109454,False
636771,INDEPENDENT BANK,8,2019-10-16,2019-10-16,0.05923601166840959,-0.0012848483703490853,1.0101094065349396,169,False,-0.6667,-0.0584,12,2019-09-30,False,041,0.15088256718078902,15.08240717423628,0.01267257100526346,0.002501319301976021,0.10168659303474346,0.968225849444157,False
2353595,FIRST COMMUNITY BANK,8,2019-10-16,2019-10-16,0.005733696856027651,-0.0006843853541944024,1.0094973842431598,169,False,-0.6667,-0.0584,12,2019-09-30,False,051,0.13526145662450617,14.604935631761007,0.018141223875671887,0.010065929446990788,0.14228224491742086,0.9817535522441161,False
780218,"UNION BANK COMPANY, THE",8,2019-10-16,2019-10-16,-0.013387747230024383,-0.0003622652733245437,0.3778553118134652,169,False,-0.6667,-0.0584,12,2019-09-30,False,041,0.13797928911279037,13.682561852687359,0.011434097459385577,0.002055910616113263,0.12743543763063814,0.9260608504082132,False
542528,CIVISTA BANK,8,2019-10-16,2019-10-16,0.03593665861610222,0.00019375841018334824,1.0348260761805537,169,False,-0.6667,-0.0584,12,2019-09-30,False,041,0.23945517232211588,14.63161182566305,0.01578777876770727,0.0037228006609464274,0.14071049425975996,0.8566491970443987,False
933023,"SHORE UNITED BANK, NATIONAL ASSOCIATION",8,2019-10-16,2019-10-16,-0.0004697566866675067,-0.00037833080839257,0.8987778816628442,169,False,-0.6667,-0.0584,12,2019-09-30,False,041,0.15231723906602315,14.261639568096733,0.0105744716124725,0.010721963345168355,0.1144699354073892,0.9697510954719529,False
1162017,UNITED SECURITY BANK,8,2019-10-16,2019-10-16,-0.009801520648872606,5.913015796235975e-05,0.7283305955629749,169,False,-0.6667,-0.0584,12,2019-09-30,False,051,0.4857042862836977,13.77073597056384,0.01611077587664394,0.02297274280466584,0.1291971558638086,0.9882679034867229,False
628123,"BANK OF GLEN BURNIE, THE",8,2019-10-16,2019-10-16,-0.01225560769414703,0.0003920581024684763,0.11722654442650714,169,False,-0.6667,-0.0584,12,2019-09-30,False,041,0.06719416189431036,12.856948865658927,0.004162276629703424,0.01497416243672703,0.09213600943032099,0.9344929118251153,False
333203,UNION BANK,8,2019-10-16,2019-10-16,0.014463244516754108,-0.003914679161904565,0.933944067375326,169,False,-0.6667,-0.0584,12,2019-09-30,False,041,0.11621774371607388,13.646179063789795,0.01296014864845123,0.0029072145018699857,0.08321438851306932,0.9304294572060927,False
2925666,PINNACLE BANK,8,2019-10-16,2019-10-16,0.04745412907756907,-0.0004009120930777871,1.2417771271697504,169,False,-0.6667,-0.0584,12,2019-09-30,False,041,0.4148793471145374,17.126693111334554,0.014916199535462634,0.0038947024474696394,0.16726616756747115,0.8849855819058865,False
139740,WEST BANK,8,2019-10-16,2019-10-16,0.024144396339245616,-0.0004209247696452984,1.1718845686257024,169,False,-0.6667,-0.0584,12,2019-09-30,False,041,0.40668286252614,14.714187473347197,0.012076449986178685,0.0002836562804549389,0.09434645130113734,0.9118489905839379,False
494261,PACIFIC WESTERN BANK,8,2019-10-16,2019-10-16,-0.013891020756746891,-0.0003970752241457583,1.187595345978473,169,False,-0.6667,-0.0584,12,2019-09-30,False,041,0.5480849457721251,17.09952436175932,0.018449337085633313,0.005287344468989659,0.19510305888952514,0.9237484709655619,False
2760232,VILLAGE BANK,8,2019-10-16,2019-10-16,0.013270728903721097,0.0006742640228611887,0.1933767999575771,169,False,-0.6667,-0.0584,12,2019-09-30,False,051,0.23706373332497624,13.231013277101711,0.008903464863966204,0.010975414522584334,0.09365861359991101,0.9474506217561196,False
2328137,FIRST COMMUNITY BANK,8,2019-10-16,2019-10-16,0.030807850651770392,-0.0007439736064386541,0.4642857380356871,169,False,-0.6667,-0.0584,12,2019-09-30,False,041,0.21877999348937824,13.937529055818244,0.010528350040199745,0.0030958008926739865,0.11543537430019252,0.9529008094188375,False
204004,PROVIDENT BANK,8,2019-10-16,2019-10-16,0.022144298973562845,-0.0005223156765071037,0.7098996804869799,169,False,-0.6667,-0.0584,12,2019-09-30,False,041,0.5252587318568847,16.109810725547334,0.011625384224285983,0.0055017246470824115,0.1360051375887031,0.818049812797331,False
3465226,HTLF BANK,8,2019-10-16,2019-10-16,0.027772493600209277,-0.0012179101093993884,1.240975767553582,169,False,-0.6667,-0.0584,12,2019-09-30,False,041,0.5330952046897137,14.663869712122818,0.012234437346743093,0.0018220889358944506,0.15923719855758878,0.965390151960702,False
2953418,OPTIMUMBANK,8,2019-10-16,2019-10-16,0.042198995785382165,0.0011130521079028494,0.21007176737687422,169,False,-0.6667,-0.0584,12,2019-09-30,False,041,0.15665077409331976,11.682955118234924,-0.0017322737217450972,0.008621421897562218,0.09117215313749641,0.8664030373072674,False
2618780,TEXAS CAPITAL BANK,8,2019-10-16,2019-10-16,0.02899472513198582,-0.0010204810514169846,1.3738431185184978,169,False,-0.6667,-0.0584,12,2019-09-30,False,041,0.7373096721285662,17.32725161945098,0.01023759908782821,0.005822257080602388,0.0831870087267106,0.8951080789381848,False
354310,UNIVEST BANK AND TRUST CO.,8,2019-10-16,2019-10-16,0.01760728235391712,0.00015364015896594672,0.937474830771466,169,False,-0.6667,-0.0584,12,2019-09-30,False,041,0.4426740691305123,15.489420551828877,0.013659657513496052,0.009500741040879227,0.12658647258877262,0.9483397654219845,False
703767,CENTRAL VALLEY COMMUNITY BANK,8,2019-10-16,2019-10-16,-0.008473083461027285,-0.0002883618306077464,0.6583751274250257,169,False,-0.6667,-0.0584,12,2019-09-30,False,041,0.3687082599781478,14.275444911783216,0.01472418459103813,0.0022885868798295603,0.14930143878987606,0.9733280098198045,False
2942690,SIGNATURE BANK,8,2019-10-16,2019-10-16,0.03321807743307652,-2.993281559677656e-05,0.9031312080998317,169,False,-0.6667,-0.0584,12,2019-09-30,False,041,0.7691376918858667,17.715965591663462,0.011888844066707977,0.0009025704314200842,0.09594060358279892,0.8741783830151177,True
2849801,SOUTHERN FIRST BANK,8,2019-10-16,2019-10-16,0.029185149197348687,0.0004937760917234508,0.6919479700862605,169,False,-0.6667,-0.0584,12,2019-09-30,False,041,0.4668015585180913,14.60465268382313,0.012823942871860049,0.0037401739276669097,0.10312572251643988,0.9694354195419036,False
2858960,"BANCORP BANK NATIONAL ASSOCIATION, THE",8,2019-10-16,2019-10-16,0.02950110298984275,-0.00029996815202993466,1.2060593061822866,169,False,-0.6667,-0.0584,12,2019-09-30,False,041,0.2273151058275101,15.414302199435056,0.014947625699970886,0.019205822082905426,0.09611968827489346,0.9748270283495045,False
895710,CITIZENS & NORTHERN BANK,8,2019-10-16,2019-10-16,0.03091141656066057,-0.0011615026113523778,0.8051966426381028,169,False,-0.6667,-0.0584,12,2019-09-30,False,051,0.2254753044421134,14.302170940055403,0.011878813806928706,0.010000586981452262,0.13947976303020393,0.9301836197943081,False
2372774,"SUMMIT COMMUNITY BANK, INC.",8,2019-10-16,2019-10-16,0.00444590126754232,0.0005912081076741018,0.9567324514507738,169,False,-0.6667,-0.0584,12,2019-09-30,False,041,0.12000300956190156,14.65781238751869,0.01340738810486259,0.006874558466937843,0.11260086875808942,0.8902454473398991,False
1356768,ENTERPRISE BANK AND TRUST COMPANY,8,2019-10-16,2019-10-16,0.06985735379292782,-0.0017495119949328232,1.4561987623814325,169,False,-0.6667,-0.0584,12,2019-09-30,False,041,0.30926952099448884,14.959326905867254,0.011119168171524477,0.004921173163730202,0.09723282454908427,0.9827671210928249,False
1190476,ENTERPRISE BANK & TRUST,8,2019-10-16,2019-10-16,0.0771018781111359,-0.0006004799131743532,1.0419644259968002,169,False,-0.6667,-0.0584,12,2019-09-30,False,041,0.3773377417657746,15.80537525283095,0.012593357380400837,0.0038715815596942855,0.13368447848560347,0.8906015895475303,False
633378,KEARNY BANK,8,2019-10-16,2019-10-16,0.024195086209141348,-0.0007960484004043456,0.818797976502901,169,False,-0.6667,-0.0584,12,2019-09-30,False,041,0.183987023087018,15.705800924005958,0.006366130109671965,0.004719371698026947,0.1488880340706971,0.7607183796886146,False
1918344,PREFERRED BANK,8,2019-10-16,2019-10-16,-0.0050680659895626845,-4.909699568342218e-05,1.1114002748318,169,False,-0.6667,-0.0584,12,2019-09-30,False,041,0.5708587409667012,15.318939077598635,0.017420188784680553,0.0018491678203086676,0.10208399626335395,0.9582890147872672,False
3138146,WESTERN ALLIANCE BANK,8,2019-10-16,2019-10-16,0.07898409075219845,-0.0007053169438181735,1.3731084745987783,169,False,-0.6667,-0.0584,12,2019-09-30,False,041,0.6616464810245213,17.086776231784253,0.018962677651105687,0.0024882819367433736,0.11105665352624376,0.9692123613599128,False
537449,FIRST BUSINESS BANK,8,2019-10-16,2019-10-16,0.03568834267555318,0.00015582127410776464,0.9080309169710808,169,False,-0.6667,-0.0584,12,2019-09-30,False,041,0.4680342392319895,14.547991426064884,0.013421560544842288,0.013221653133071712,0.10518186647181689,0.8107446310152614,False
310978,WATERSTONE BANK,8,2019-10-16,2019-10-16,0.007931179808833067,-9.61794517748871e-05,0.4308606558251212,169,False,-0.6667,-0.0584,12,2019-09-30,False,041,0.09083620081863308,14.509830550511298,0.018012861906552657,0.00388945878424378,0.1715996278367336,0.6729491272015892,False
220527,PEOPLES BANK,8,2019-10-16,2019-10-16,0.0003332045875698731,-0.00015183312855666405,1.1308491477358333,169,False,-0.6667,-0.0584,12,2019-09-30,False,041,0.24801426268845458,14.015793178134949,0.013051245701514004,0.0038335635667908438,0.1217075861798014,0.8990757204683464,False
2954059,BCB COMMUNITY BANK,8,2019-10-16,2019-10-16,-0.01605023989813615,0.0004353498498048768,0.8894132460429317,169,False,-0.6667,-0.0584,12,2019-09-30,False,041,0.26196908604525426,14.853617780168923,0.008263845287331166,0.0052424082381327015,0.09178513010704824,0.8826963852772161,False
2385514,"FIRST BANK, THE",8,2019-10-16,2019-10-16,0.03327271722598938,-0.0003972446545396645,0.698710165685142,169,False,-0.6667,-0.0584,12,2019-09-30,False,041,0.30332633883901505,15.060502265422691,0.01430540686483692,0.015793976510848802,0.1564076309580507,0.9452520499420252,False
456045,CENTENNIAL BANK,8,2019-10-16,2019-10-16,-0.007936942009837316,-0.0006885720815189727,1.353404878424069,169,False,-0.6667,-0.0584,12,2019-09-30,False,041,0.4532375462667466,16.515832170315512,0.02113560770549193,0.005440334973798144,0.1835338571259076,0.9171368843397416,False
561574,SUMMIT STATE BANK,8,2019-10-16,2019-10-16,0.04431654682887715,9.788814517835172e-05,0.4313362794281821,169,False,-0.6667,-0.0584,12,2019-09-30,False,051,0.3941962884008395,13.43108260892191,0.00909073105771302,0.0010558758061754467,0.09767933728923095,0.9850147150744869,False
522847,"LIMESTONE BANK, INC",8,2019-10-16,2019-10-16,0.002427422519100077,0.00021615953150749131,0.20720104705022666,169,False,-0.6667,-0.0584,12,2019-09-30,False,051,0.12524447086596535,13.934220275229706,0.010590477746705351,0.0029729867628044385,0.12114990280122517,0.9382724532473478,False
663245,SIMMONS BANK,8,2019-10-16,2019-10-16,0.021988455033197088,-0.0010890590590342613,1.1564325828154385,169,False,-0.6667,-0.0584,12,2019-09-30,False,041,0.37177840240485927,16.689981622774752,0.014770184017495396,0.005356560340385472,0.15643768467363298,0.9081670541312166,False
30810,DISCOVER BANK,8,2019-10-16,2019-10-16,0.01373769616871995,0.0006620363225279141,1.3169677687888697,169,False,-0.6667,-0.0584,12,2019-09-30,False,031,0.07502429354250383,18.50840381429486,0.026589617388310227,0.012765310698394677,0.1033012100478438,0.7500965509407217,False
768074,FIRST FINANCIAL NORTHWEST BANK,8,2019-10-16,2019-10-16,-0.007776830639481101,-0.001187277808026662,0.6738302289914089,169,False,-0.6667,-0.0584,12,2019-09-30,False,051,0.2348863527380838,14.08411607446627,0.00879926878310842,0.00012489675505467196,0.10267181087025155,0.8882887641310923,False
2797724,TOWNEBANK,8,2019-10-16,2019-10-16,0.030170911964591568,-0.0004068563902566107,1.1152098499887813,169,False,-0.6667,-0.0584,12,2019-09-30,False,041,0.4013932025846436,16.30219196527139,0.011502567605742997,0.001796732315358641,0.13520815857431914,0.9153894399400854,False
28013,NORTHFIELD BANK,8,2019-10-16,2019-10-16,0.024329043117972696,0.00017798638308879955,0.8361556791294655,169,False,-0.6667,-0.0584,12,2019-09-30,False,041,0.23876607123882834,15.38628040450746,0.008322332747790354,0.004318736461103951,0.1310590705458023,0.8105742807912911,False
836843,MIDWESTONE BANK,8,2019-10-16,2019-10-16,0.0318759051074113,-7.438226346952794e-05,1.160124371621913,169,False,-0.6667,-0.0584,12,2019-09-30,False,041,0.2699731154741493,15.350295826861199,0.009790972436077988,0.00911614393112901,0.12063282581903137,0.9134602589403936,False
676478,MALVERN BANK NA,8,2019-10-16,2019-10-16,0.009586102747412187,-0.0002652199245827894,0.8066895779991773,169,False,-0.6667,-0.0584,12,2019-09-30,False,051,0.5034168070751408,14.049875710932316,0.008995026260983387,0.0022823535653546,0.12065206557045058,0.8708335544882146,False
23504,DIME COMMUNITY BANK,8,2019-10-16,2019-10-16,0.014640217252647662,-0.0005443999037291378,1.099110653498286,169,False,-0.6667,-0.0584,12,2019-09-30,False,041,0.5725443166600961,15.370661647239592,0.011325079328344667,0.004882738446027024,0.11866395596775373,0.8976424834092609,False
785473,FIRST SAVINGS BANK,8,2019-10-16,2019-10-16,-0.006983892893424546,0.0005183095578588161,0.44249293401380857,169,False,-0.6667,-0.0584,12,2019-09-30,False,051,0.22070537930740575,14.013227987736185,0.014669075953251962,0.005570347036874236,0.10769740804747673,0.7770040067257067,False
929978,"HOME BANK, NATIONAL ASSOCIATION",8,2019-10-16,2019-10-16,0.012581810841773214,-0.00021410146731226998,0.785877494356627,169,False,-0.6667,-0.0584,12,2019-09-30,False,041,0.27448202277589506,14.610192595673457,0.01291330752779877,0.01602705630293913,0.13777562555985648,0.9643638886007404,False
1864197,OAK VALLEY COMMUNITY BANK,8,2019-10-16,2019-10-16,0.02220092244820781,-0.001573860623862877,1.013829196110905,169,False,-0.6667,-0.0584,12,2019-09-30,False,041,0.3673849746251017,13.911781185481905,0.011781406412202093,0.0016405746933150682,0.09909296248968037,0.9860698623922577,False
342410,ORRSTOWN BANK,8,2019-10-16,2019-10-16,0.010495108166193772,0.00038279751000070984,0.8171808558259022,169,False,-0.6667,-0.0584,12,2019-09-30,False,041,0.20130778876119357,14.653364392161611,0.009444776854672411,0.006425253714746223,0.10386860609647569,0.9352316084581853,False
119528,"FARMERS NATIONAL BANK OF EMLENTON, THE",8,2019-10-16,2019-10-16,-0.004586754185815119,0.0005657419010950714,0.4332917055169186,169,False,-0.6667,-0.0584,12,2019-09-30,False,051,0.24814119953270103,13.749477587359836,0.00980806893850372,0.007724957555178268,0.09003204785813482,0.9486124432245742,False
685676,OPPORTUNITY BANK OF MONTANA,8,2019-10-16,2019-10-16,0.05068512798228573,5.799212632563473e-06,0.14557003546338732,169,False,-0.6667,-0.0584,12,2019-09-30,False,051,0.12261563822271515,13.827739478976843,0.013990527219754802,0.004766975687267898,0.12931194581864736,0.8961130020422056,False
613008,ROCKLAND TRUST COMPANY,9,2020-02-05,2020-02-05,-0.0050600212511955536,-0.0004691654418398322,1.3135374030209739,200,False,-0.1111,-0.0152,18,2019-12-31,False,041,0.27945051874571086,16.248916698914837,0.01500881147479855,0.00539455386840787,0.15279867635732947,0.9621770459152531,False
433608,TOMPKINS COMMUNITY BANK,9,2020-02-05,2020-02-05,-0.03347894070316545,0.00041965869255034834,0.8890033535652577,200,False,-0.1111,-0.0152,18,2019-12-31,False,041,0.4266428834751154,14.540002808516848,0.01537154688971126,0.007220365205419178,0.07416594506036053,0.8623658560856426,False
379920,FIRST NATIONAL BANK OF PENNSYLVANIA,9,2020-02-05,2020-02-05,-0.04025022206452985,-0.00028156075913114334,1.3734672952771263,200,False,-0.1111,-0.0152,18,2019-12-31,False,041,0.3388888904403515,17.35737998946725,0.011837482584335602,0.005131535747931047,0.1445743329414293,0.8508742489618727,False
491224,FIRST-CITIZENS BANK & TRUST COMPANY,9,2020-02-05,2020-02-05,-0.0413083421348724,0.00039073759494021276,1.1092124400637353,200,False,-0.1111,-0.0152,18,2019-12-31,False,041,0.3003428216329726,17.499067522728406,0.011378450799300466,0.005143204631734287,0.09460084941901342,0.9564920823416372,False
246022,"BANK OF SOUTH CAROLINA, THE",9,2020-02-05,2020-02-05,-0.007882127376010552,0.00025941546686796576,0.13342900859002277,200,False,-0.1111,-0.0152,18,2019-12-31,False,041,0.3542959696872553,13.00598011161284,0.016936775811282345,0.005968438210901535,0.11398733224435871,0.965082987814929,False
437914,"WILMINGTON SAVINGS FUND SOCIETY, FSB",9,2020-02-05,2020-02-05,-0.011362738791485222,-0.00043381717323019595,1.09584315446894,200,False,-0.1111,-0.0152,18,2019-12-31,False,041,0.343146363523309,16.318840370953314,0.011599814024676337,0.004566666884839395,0.15623465255658392,0.937098383927659,False
761806,"WEBSTER BANK, NATIONAL ASSOCIATION",9,2020-02-05,2020-02-05,-0.004117725420126985,-0.0011591991513593112,1.713779032956411,200,False,-0.1111,-0.0152,18,2019-12-31,False,031,0.29268458627152444,17.230357788453265,0.013312046772649872,0.007539529742635137,0.10119914299157154,0.8721517604571846,False
837000,"FIRST NATIONAL BANK OF LONG ISLAND, THE",9,2020-02-05,2020-02-05,-0.00851373661666169,-5.9741499493104426e-05,1.0576024298282556,200,False,-0.1111,-0.0152,18,2019-12-31,False,041,0.4763230976398438,15.225719424149329,0.010811335939099949,0.00027852278790019226,0.09494335960335978,0.8484229303582164,False
510871,FIRSTBANK PUERTO RICO,9,2020-02-05,2020-02-05,-0.05904869936741682,-0.0009065438582111453,1.3369684715915835,200,False,-0.1111,-0.0152,18,2019-12-31,False,031,0.3272120221668125,16.348997826159003,0.01380868689947735,0.03730076952620006,0.18751412994468683,0.9174491071331742,False
245276,ORIENTAL BANK,9,2020-02-05,2020-02-05,-0.02550258938021735,-3.820099016685131e-05,1.5237792135613533,200,False,-0.1111,-0.0152,18,2019-12-31,False,041,0.30133948711460223,16.040537919838126,0.006064145335462347,0.043865071887007306,0.11105071508415627,0.9377282217020892,False
216922,FIRST BANK,9,2020-02-05,2020-02-05,0.0034649109131186673,-0.00017612567073220105,1.0720112295980844,200,False,-0.1111,-0.0152,18,2019-12-31,False,041,0.28217759075608606,15.631095434600667,0.015518329791238551,0.005729260047331003,0.1472697715694694,0.9416845667107846,False
645625,"WESBANCO BANK, INC.",9,2020-02-05,2020-02-05,-0.003706579648857889,-0.0007421366443540636,0.9572669299531111,200,False,-0.1111,-0.0152,18,2019-12-31,False,041,0.25072510350735,16.567536878102082,0.010779322997600987,0.005483050942751686,0.16414806319696224,0.8399295650212629,False
365325,UNITED BANK,9,2020-02-05,2020-02-05,-0.03989926502122115,-0.0005290846286717952,1.3289676004421105,200,False,-0.1111,-0.0152,18,2019-12-31,False,041,0.361875583656509,16.793310402310915,0.013670815943436316,0.008588160707331384,0.17916731909535408,0.8669737552274379,False
816603,"WASHINGTON TRUST COMPANY, OF WESTERLY, THE",9,2020-02-05,2020-02-05,-0.017436917462804576,-0.00011887184795726141,1.011341644817337,200,False,-0.1111,-0.0152,18,2019-12-31,False,041,0.2587636931142911,15.481689797269645,0.01327290146657823,0.004452022741351429,0.09863527535426718,0.7339967098125533,False
130541,HORIZON BANK,9,2020-02-05,2020-02-05,-0.0388087864183478,9.349297292571473e-05,1.0652797104678613,200,False,-0.1111,-0.0152,18,2019-12-31,False,041,0.400716028932471,15.471148043788043,0.013294968678010173,0.004897376466280996,0.1265017663795683,0.8705643046426969,False
701062,CENTRAL PACIFIC BANK,9,2020-02-05,2020-02-05,-0.026684226500376034,-0.000218017319512462,0.9489081274476767,200,False,-0.1111,-0.0152,18,2019-12-31,False,041,0.3761398007446445,15.607868514729596,0.010325152008997281,0.0005752897251012253,0.0940203797992935,0.9432574903495631,False
802866,SILICON VALLEY BANK,9,2020-02-05,2020-02-05,0.012650572367232327,-0.0010816245970188417,2.033965152190223,200,False,-0.1111,-0.0152,18,2019-12-31,False,031,0.7984415514346841,18.06319016747583,0.014820912061031932,0.0031081498153973253,0.07197432352311126,0.9697255076250484,True
509811,"COMMUNITY TRUST BANK, INC.",9,2020-02-05,2020-02-05,-0.05014029027882688,6.658465064737715e-05,1.1992015683055817,200,False,-0.1111,-0.0152,18,2019-12-31,False,041,0.20800271321984823,15.284470952059793,0.013976287517987367,0.010344845624280155,0.1461428088740438,0.922763882475638,False
208244,OLD NATIONAL BANK,9,2020-02-05,2020-02-05,-0.02895553535017272,-0.00021055191785259472,1.1632537281608608,200,False,-0.1111,-0.0152,18,2019-12-31,False,031,0.3039159075877208,16.826699509233396,0.012551833231707993,0.009958524234505243,0.14605375713849297,0.8417011536320149,False
4114567,FIRST REPUBLIC BANK,9,2020-02-05,2020-02-05,0.0059106384267893055,-5.1168687787337726e-05,1.1652402354858185,200,False,-0.1111,-0.0152,18,2019-12-31,False,041,0.6305165132963257,18.571370877275207,0.008001891631909596,0.0015765336618361115,0.08473076800609897,0.847017250140108,True
5210,ACNB BANK,9,2020-02-05,2020-02-05,0.04995047557361222,-0.0004834701056704118,0.9616627056356748,200,False,-0.1111,-0.0152,18,2019-12-31,False,051,0.14983400751278828,14.349717105164132,0.013828663602357197,0.004029781797276407,0.10356346133331458,0.9286258381527457,False
3938186,"BANKUNITED, NATIONAL ASSOCIATION",9,2020-02-05,2020-02-05,-0.04578829458563538,-0.00046603270254121575,1.2445746028874585,200,False,-0.1111,-0.0152,18,2019-12-31,False,041,0.54898582320058,17.30539621261751,0.01024101525343068,0.03173628807488356,0.09470569683260113,0.8298051543224374,False
680813,"FARMERS NATIONAL BANK OF CANFIELD, THE",9,2020-02-05,2020-02-05,-0.029482280316693754,1.2906805187861743e-05,1.0203276146767841,200,False,-0.1111,-0.0152,18,2019-12-31,False,041,0.2512852324616788,14.704266873145059,0.014145782477140155,0.003498378981500929,0.10675000195304228,0.9371854971010036,False
785923,LCNB NATIONAL BANK,9,2020-02-05,2020-02-05,-0.0006459722699210134,0.0004462319342369833,0.6235320995654462,200,False,-0.1111,-0.0152,18,2019-12-31,False,051,0.2178224414960208,14.30801720927373,0.01155148486353995,0.0025815251264424575,0.1357029062956601,0.9555866024486195,False
2787770,BANK OF THE JAMES,9,2020-02-05,2020-02-05,0.010996592696870696,0.0001863993708213455,0.012335414052922083,200,False,-0.1111,-0.0152,18,2019-12-31,False,041,0.15178251378057842,13.494872693361799,0.008281818858294083,0.002234147597990813,0.09130257439167905,0.9857149139634441,False
258771,HOMESTREET BANK,9,2020-02-05,2020-02-05,-0.004667870079257167,0.0006269585933552967,1.0584545410889072,200,False,-0.1111,-0.0152,18,2019-12-31,False,041,0.2864436654519307,15.728204240816298,0.003454578320512563,0.0061104654901908,0.1109427371744054,0.89076634734074,False
212577,HOMETRUST BANK,9,2020-02-05,2020-02-05,-0.013350275052850934,-0.0004843015199973644,0.7904244505996374,200,False,-0.1111,-0.0152,18,2019-12-31,False,041,0.15823321128781678,15.059205968704765,0.008501309102420794,0.00549442118456592,0.11562743357397215,0.8383240463146858,False
4210227,NBH BANK,9,2020-02-05,2020-02-05,-0.03390108483906789,-0.0002427463444170185,1.121376510164354,200,False,-0.1111,-0.0152,18,2019-12-31,False,041,0.20683775609048916,15.589410321201553,0.014228358546016123,0.005164521217335672,0.11105038809472949,0.9268621716775912,False
884303,CHEMUNG CANAL TRUST COMPANY,9,2020-02-05,2020-02-05,-0.0612292300432678,-0.0006069938579657848,1.021206731938253,200,False,-0.1111,-0.0152,18,2019-12-31,False,041,0.24094825508990236,14.393962680154562,0.00840980308151963,0.013773625365631793,0.09839699519311648,0.9808670946619181,False
2758613,FIRST INTERNET BANK OF INDIANA,9,2020-02-05,2020-02-05,-0.03385334359950193,0.00025122271743161244,1.2441056540957685,200,False,-0.1111,-0.0152,18,2019-12-31,False,051,0.22192918760529354,15.22588880985563,0.007411095288474327,0.002227189176098806,0.08111082231748344,0.8478449614132546,False
122854,INDEPENDENT BANK DBA INDEPENDENT FINANCIAL,9,2020-02-05,2020-02-05,-0.017355665069352384,-0.0006052647694611069,1.3939651163343678,200,False,-0.1111,-0.0152,18,2019-12-31,False,041,0.47584637278846986,16.52043989422997,0.01593318112572108,0.003193787334245991,0.1730904832792314,0.9664185010052169,False
2354985,CUSTOMERS BANK,9,2020-02-05,2020-02-05,-0.03428151788575011,0.0003070334244526372,1.3895176438676513,200,False,-0.1111,-0.0152,18,2019-12-31,False,041,0.5669292432020764,16.258876986619025,0.007247738371881409,0.00242700455961269,0.10234483455960439,0.8432131298759199,False
3475083,TRISTATE CAPITAL BANK,9,2020-02-05,2020-02-05,-0.0747295750586129,0.0002879757426709533,1.2813266941580412,200,False,-0.1111,-0.0152,18,2019-12-31,False,041,0.6395211179366128,15.855038676622737,0.007606497271165364,2.7973903388779942e-05,0.06945639647086418,0.9300659814504847,False
697978,COMMUNITY BANK OF THE CHESAPEAKE,9,2020-02-05,2020-02-05,-0.01970121099544221,0.0008769193637636541,0.3537096637083733,200,False,-0.1111,-0.0152,18,2019-12-31,False,041,0.19983720677230313,14.4010446878131,0.010403407667251315,0.012991623667979174,0.11281160388652245,0.9576463618071656,False
3401970,FIRST BANK,9,2020-02-05,2020-02-05,-0.022710441730596623,-0.00041570073578072933,0.727664019908048,200,False,-0.1111,-0.0152,18,2019-12-31,False,041,0.3326546270965288,14.514435017861478,0.00668377421221443,0.013196996473606587,0.11254441764416968,0.9191528096370425,False
3284070,ALLY BANK,9,2020-02-05,2020-02-05,-0.02236316784091648,3.801495985321115e-05,1.3901727105491846,200,False,-0.1111,-0.0152,18,2019-12-31,False,031,0.07829235761514,18.936446146894763,0.012896138323024383,0.006861091155649907,0.10121677453251499,0.8167916619613522,False
3109043,BANKWELL BANK,9,2020-02-05,2020-02-05,0.020408992425354433,-0.00042791148773478355,0.8348901046551154,200,False,-0.1111,-0.0152,18,2019-12-31,False,041,0.38805455170365627,14.446361501587402,0.011540493899294863,0.008704720382388606,0.10701204602574807,0.8929057732176239,False
762447,"FIRST MID BANK & TRUST, NATIONAL ASSOCIATION",9,2020-02-05,2020-02-05,-0.034758553191238044,-0.0002449011380768169,1.006975471429819,200,False,-0.1111,-0.0152,18,2019-12-31,False,041,0.2599949369528465,15.152668770068878,0.011924775077818795,0.009319022745494366,0.13193640260006942,0.8914248618928261,False
1216022,SYNCHRONY BANK,9,2020-02-05,2020-02-05,-0.007352818216411264,-0.00011604887527655916,1.3288169916553567,200,False,-0.1111,-0.0152,18,2019-12-31,False,041,0.13039009883670077,18.329453218760452,0.035363328622604925,0.022471180807975905,0.13048717695906048,0.864281214564697,False
3303298,"CITIZENS BANK, NATIONAL ASSOCIATION",9,2020-02-05,2020-02-05,-0.019904935650206554,-7.252755346885134e-05,1.3935979201228885,200,False,-0.1111,-0.0152,18,2019-12-31,False,031,0.4001139596291688,18.925945430327314,0.010931209063586958,0.007916645978519925,0.1325702287337238,0.8845599857316454,False
177920,"MIDDLEFIELD BANKING COMPANY, THE",9,2020-02-05,2020-02-05,-0.020954015863692402,0.001270156867848282,0.568559964807001,200,False,-0.1111,-0.0152,18,2019-12-31,False,041,0.3015785041631254,13.982608487820071,0.01285505174003909,0.008817032123464833,0.1193904574953252,0.9846891616367176,False
371924,COMMUNITY BANK,9,2020-02-05,2020-02-05,0.014371390020220958,0.001030792433504387,0.32305133754324517,200,False,-0.1111,-0.0152,18,2019-12-31,False,041,0.27170987883168457,14.092999102492877,0.010722747423684148,0.003279803799700996,0.10777452226114194,0.9551873393406246,False
3221468,VERITEX COMMUNITY BANK,9,2020-02-05,2020-02-05,-0.045138119726262305,-0.00033072741842818447,1.2899572172062175,200,False,-0.1111,-0.0152,18,2019-12-31,False,041,0.4859645688080468,15.888845240680952,0.012570155247686728,0.012597204683515618,0.16201752821616205,0.8915381781152611,False
3637685,FIRST FOUNDATION BANK,9,2020-02-05,2020-02-05,-0.013601208014577,0.0001982636941350371,1.2027483584643703,200,False,-0.1111,-0.0152,18,2019-12-31,False,041,0.6673262378984915,15.655778405632145,0.00923021962537064,0.0026430162024080376,0.09700637878132332,0.8627573890189946,False
866000,GLENS FALLS NATIONAL BANK AND TRUST COMPANY,9,2020-02-05,2020-02-05,-0.0338570416997934,0.00029887332009296847,0.9462269928660114,200,False,-0.1111,-0.0152,18,2019-12-31,False,041,0.2346492023139494,14.757205844060156,0.011560937088707555,0.0021141716397307113,0.09728135084281439,0.8936739079157799,False
766164,"TBK BANK, SSB",9,2020-02-05,2020-02-05,0.004700358845139201,0.0003376966274429783,1.284129451522985,200,False,-0.1111,-0.0152,18,2019-12-31,False,041,0.20201342984946416,15.432441130185257,0.013358136129795037,0.009428878475649154,0.1416046199740988,0.8830097015532845,False
403179,FIRST FED BANK,9,2020-02-05,2020-02-05,0.04274105724623375,0.00035891008286242145,0.6091831806310122,200,False,-0.1111,-0.0152,18,2019-12-31,False,041,0.167311496076684,14.074285310913538,0.00715795519638829,0.0021175618109766665,0.11405790903097406,0.8819760926735669,False
917742,"ASSOCIATED BANK, NATIONAL ASSOCIATION",9,2020-02-05,2020-02-05,-0.028100090216555573,-0.0008463907730708681,1.3569626358963611,200,False,-0.1111,-0.0152,18,2019-12-31,False,031,0.5841795059792637,17.291912160679693,0.010567592269752256,0.005600599319540742,0.11494237307713796,0.8380933789350581,False
3650808,LIVE OAK BANKING COMPANY,9,2020-02-05,2020-02-05,-0.020105979193100292,0.0005418097025445131,0.9891165377980993,200,False,-0.1111,-0.0152,18,2019-12-31,False,041,0.08448046547936956,15.382337585100032,0.005307193836650965,0.021229500144586848,0.10115558620292393,0.9839279901141048,False
139656,EQUITY BANK,9,2020-02-05,2020-02-05,-0.010202488274682495,-0.0006403170738466437,0.951614132540487,200,False,-0.1111,-0.0152,18,2019-12-31,False,041,0.3434003084840951,15.188243375644628,0.0073434158109738175,0.015051598288447017,0.1239853324278025,0.8872959527709982,False
422433,FIRST GUARANTY BANK,9,2020-02-05,2020-02-05,0.010251043440932438,0.0002624739580749472,0.8577111283618298,200,False,-0.1111,-0.0152,18,2019-12-31,False,041,0.4132980516870723,14.563622136158763,0.007611431297402847,0.012165271486538752,0.10633003408414363,0.9816372138344464,False
3532641,SMARTBANK,9,2020-02-05,2020-02-05,-0.04755771361496003,0.00023406916852893706,1.0175596646643263,200,False,-0.1111,-0.0152,18,2019-12-31,False,041,0.2551738322254173,14.711202177432181,0.010466597169735433,0.0020507049002547223,0.1378109446641914,0.9763213903120302,False
2941068,NICOLET NATIONAL BANK,9,2020-02-05,2020-02-05,-0.018796547814667858,0.0008470618348526002,0.8275865115050004,200,False,-0.1111,-0.0152,18,2019-12-31,False,041,0.2717974737364721,15.088200235693193,0.015323868774827101,0.005466575150600835,0.1346465970749288,0.9804514685106459,False
773247,MIDLAND STATES BANK,9,2020-02-05,2020-02-05,-0.03512237195380309,0.00027640638343765775,1.194769008109009,200,False,-0.1111,-0.0152,18,2019-12-31,False,041,0.30719626334898825,15.61949944212755,0.010617029428068992,0.00957503902924528,0.13585898972756386,0.8760195730591698,False
40499,HARBORONE BANK,9,2020-02-05,2020-02-05,-0.004605764328962116,0.0005485554650394463,0.4328357013161497,200,False,-0.1111,-0.0152,18,2019-12-31,False,041,0.14506552974866505,15.183636620544888,0.005349310320334889,0.009211452388859606,0.13477120445786042,0.8679237122065413,False
980661,FIRST HAWAIIAN BANK,9,2020-02-05,2020-02-05,-0.05084735163330643,-4.508373082174126e-05,1.0627577589832293,200,False,-0.1111,-0.0152,18,2019-12-31,False,031,0.4269040468144409,16.819587914253763,0.014363632757492216,0.0013336558548786254,0.1298096451734465,0.9384487474993093,False
436159,FIRSTBANK,9,2020-02-05,2020-02-05,-0.014848139985843273,0.00017364088420105078,1.0906932560455738,200,False,-0.1111,-0.0152,18,2019-12-31,False,041,0.3719899457690199,15.627089321016289,0.014011204388423591,0.005855107701791034,0.1278679669064339,0.9254478235935414,False
795968,BANK OF HAWAII,9,2020-02-05,2020-02-05,-0.04094001044485682,0.00012026019646791387,1.0374914497470438,200,False,-0.1111,-0.0152,18,2019-12-31,False,031,0.45606021361513654,16.70954067146535,0.012572476729869653,0.002337815733411037,0.0680713480609484,0.9397335360077775,False
321273,AFFINITY BANK,9,2020-02-05,2020-02-05,-0.017713603739992076,0.00039657566270526125,-0.06044428315607255,200,False,-0.1111,-0.0152,18,2019-12-31,False,051,0.17412943278713428,12.673579410202322,0.0026315624588818367,0.010181699911549704,0.19603573912444158,0.9747727246158822,False
214414,"FARMERS & MERCHANTS STATE BANK, THE",9,2020-02-05,2020-02-05,-0.024369999561661644,-0.00040064340329374926,0.6445000498246726,200,False,-0.1111,-0.0152,18,2019-12-31,False,041,0.15546433272750826,14.274790013267497,0.011069325107253433,0.0027794877077156124,0.12925941906574695,0.9353033103972651,False
129732,BYLINE BANK,9,2020-02-05,2020-02-05,-0.019385736840052084,-0.0006136205164407715,1.0589282907747768,200,False,-0.1111,-0.0152,18,2019-12-31,False,041,0.22415215193852553,15.523251621338256,0.01095479984903433,0.015756862668678224,0.13954481167902902,0.8765996676841479,False
3835454,ROYAL BUSINESS BANK,9,2020-02-05,2020-02-05,-0.011758867449446209,-0.0005085149497787595,1.1870746318211205,200,False,-0.1111,-0.0152,18,2019-12-31,False,041,0.4464213261622861,14.839142083450948,0.016284719777069103,0.004928044643824888,0.1726852164565312,0.9922530412610892,False
3595271,"BANK OF PRINCETON, THE",9,2020-02-05,2020-02-05,0.002489401177800622,-0.0004552683233918264,0.6212619844540186,200,False,-0.1111,-0.0152,18,2019-12-31,False,041,0.28572144074074374,14.1904436037002,0.006970954585007567,0.002058032817280059,0.13466616811946439,0.9832577291418613,False
736206,CAMBRIDGE TRUST COMPANY,9,2020-02-05,2020-02-05,-0.017151297532525554,-0.000275918513587945,0.5560241924456385,200,False,-0.1111,-0.0152,18,2019-12-31,False,051,0.41136121205240456,14.864775027002045,0.008878499763618217,0.0025355959525605706,0.09975941587434994,0.9182613796650072,False
1007819,"FIDELITY DEPOSIT AND DISCOUNT BANK, THE",9,2020-02-05,2020-02-05,-0.044270378080808234,0.00021236280133155974,0.9335352650616575,200,False,-0.1111,-0.0152,18,2019-12-31,False,041,0.3436986643917975,13.829032720048376,0.0127030605338916,0.004861822581200247,0.10567632254487408,0.9220076359709167,False
963945,MERCHANTS BANK OF INDIANA,9,2020-02-05,2020-02-05,0.035249719983466696,-0.0007682910982339218,1.3166869618042867,200,False,-0.1111,-0.0152,18,2019-12-31,False,041,0.5004001345445351,15.634802992403246,0.01277553132204609,0.0005556028189787149,0.10271385796465436,0.9605540724025236,False
2705895,METROPOLITAN COMMERCIAL BANK,9,2020-02-05,2020-02-05,-0.047041132063563945,0.0006268375215437911,1.037995860437185,200,False,-0.1111,-0.0152,18,2019-12-31,False,051,0.7571837672254487,15.026016872354916,0.009803936178741965,0.0016779074891512993,0.10158730537201696,0.9308193272223197,False
3579589,ALLEGIANCE BANK,9,2020-02-05,2020-02-05,-0.045500330234348095,-0.0009449727222389043,1.1579332035324088,200,False,-0.1111,-0.0152,18,2019-12-31,False,051,0.4980535120071804,15.422082367045308,0.011154123100313097,0.007246424931870018,0.1523941520632049,0.9660010885255212,False
3271799,MERIDIAN BANK,9,2020-02-05,2020-02-05,-0.0054621273228264156,0.0005362364704327228,-0.005063260903657322,200,False,-0.1111,-0.0152,18,2019-12-31,False,051,0.44127679968425354,13.955254239303136,0.009184515543327313,0.003388373961102308,0.13882253502020472,0.859623400542846,False
979375,"STERLING BANK AND TRUST, FSB",9,2020-02-05,2020-02-05,-0.05139574439258017,-0.0014913019693588204,0.9634086281780715,200,False,-0.1111,-0.0152,18,2019-12-31,False,041,0.22027207904219923,14.992147827756424,0.01241117094796311,0.005068531288229131,0.10034102586475076,0.890233989193961,False
497570,LUTHER BURBANK SAVINGS,9,2020-02-05,2020-02-05,-0.03125345479790695,0.00017579659515538188,0.7739677646078005,200,False,-0.1111,-0.0152,18,2019-12-31,False,041,0.297029305347705,15.767568910877674,0.007837522024883681,0.0010163604666110421,0.10700536832136666,0.8393177659383166,False
2757205,"MVB BANK, INC.",9,2020-02-05,2020-02-05,-0.06183672314399721,0.0018464569576123648,0.5076935638752917,200,False,-0.1111,-0.0152,18,2019-12-31,False,041,0.4057784470251724,14.478151107234607,0.016856469482057913,0.003354406136539979,0.10884382145957437,0.8412788118195632,False
3378773,BRIDGEWATER BANK,9,2020-02-05,2020-02-05,-0.011725151990027336,0.000667987113297177,0.9050742114613132,200,False,-0.1111,-0.0152,18,2019-12-31,False,041,0.42075547476228237,14.63258673788327,0.01415451675470908,0.00024189519903619717,0.11117064532387225,0.9193885284477896,False
3357219,OPEN BANK,9,2020-02-05,2020-02-05,-0.0459432608947517,-0.00017227709551294204,1.3298490645132393,200,False,-0.1111,-0.0152,18,2019-12-31,False,051,0.4235787625534128,13.980497738821906,0.01482137194351599,0.0012285358956218165,0.11726774621876955,0.9825699397257642,False
3281510,UNITED BUSINESS BANK,9,2020-02-05,2020-02-05,-0.01093990949266646,-0.0006117463095606858,0.8677170713932181,200,False,-0.1111,-0.0152,18,2019-12-31,False,051,0.4413947855945483,14.505045723043336,0.008898082034776386,0.004858016720838713,0.13066812392079644,0.9824197137488853,False
667757,ORIGIN BANK,9,2020-02-05,2020-02-05,-0.029480487396667303,-9.142603427732255e-05,0.9548330461471584,200,False,-0.1111,-0.0152,18,2019-12-31,False,041,0.4497098865019388,15.482104117567829,0.010326584125771638,0.014295043383700504,0.10773402028634502,0.8975330606120394,False
2562164,COASTAL COMMUNITY BANK,9,2020-02-05,2020-02-05,-0.09285397666034725,-0.0003687362304521473,0.6524210292519176,200,False,-0.1111,-0.0152,18,2019-12-31,False,041,0.3980112930363683,13.936092340139972,0.01236179844400538,0.0010967901318703786,0.10907474429443524,0.9768620037807183,False
3158546,FIRST WESTERN TRUST BANK,9,2020-02-05,2020-02-05,0.07682012000859599,0.0012120155542839418,0.15411666564666512,200,False,-0.1111,-0.0152,18,2019-12-31,False,051,0.410429057582557,14.03166252501453,0.007753218221996293,0.0069176715587340514,0.09217741851024458,0.9737059754790252,False
661308,AMALGAMATED BANK,9,2020-02-05,2020-02-05,-0.0002808237493954809,0.00018683255532411393,1.0106007841522373,200,False,-0.1111,-0.0152,18,2019-12-31,False,041,0.5528605983241616,15.487912940867924,0.008864316908437551,0.009052517377972889,0.09209672588167578,0.9602705691977145,False
83638,"AMERANT BANK, NATIONAL ASSOCIATION",9,2020-02-05,2020-02-05,0.007501987950346244,0.0019315493555183535,0.6610401713333143,200,False,-0.1111,-0.0152,18,2019-12-31,False,031,0.23480784526663184,15.891862331222029,0.007863885085488733,0.005732078138146095,0.10221583585360838,0.8189661987072107,False
18854,BANK7,9,2020-02-05,2020-02-05,-0.01836800362392707,0.0005908654291954263,0.8537538165743805,200,False,-0.1111,-0.0152,18,2019-12-31,False,041,0.29103285003371704,13.670920529114447,0.009303459648222682,0.0034178694856678185,0.1144922964210974,0.9888815955171428,False
2808602,"CAPITAL BANK, NATIONAL ASSOCIATION",9,2020-02-05,2020-02-05,-0.02944837474623131,0.0010079935957516247,0.664007708144181,200,False,-0.1111,-0.0152,18,2019-12-31,False,041,0.5402174311217117,14.149790393028573,0.011546715879204028,0.0038681173483081114,0.08205469979254568,0.9579867255084383,False
3614976,FVCBANK,9,2020-02-05,2020-02-05,0.03690155320305426,-0.0003681952167465846,0.5797132554569971,200,False,-0.1111,-0.0152,18,2019-12-31,False,051,0.4293772489780365,14.243395127906469,0.01177698435928342,0.008367636090141092,0.12706183601269613,0.9641899939884773,False
594947,"BANK FIRST, NATIONAL ASSOCIATION",9,2020-02-05,2020-02-05,-0.00847757196751904,0.0007558641894252775,0.48672965452037165,200,False,-0.1111,-0.0152,18,2019-12-31,False,041,0.26687794327537695,14.606892274591242,0.012619859203251569,0.003137146077934101,0.11525246743287726,0.9442930724920536,False
3476192,CARTER BANK & TRUST,9,2020-02-05,2020-02-05,-0.016500861406579047,0.0008287945762349568,0.4793216319807111,188,False,-0.1111,-0.0152,18,2019-12-31,False,041,0.08354781129744067,15.203330754405156,0.006633620461555205,0.014506211094584918,0.11809741524691796,0.991861866851288,False
3248849,MAINSTREET BANK,9,2020-02-05,2020-02-05,-0.026363807708215236,5.9140426902121204e-05,0.4656680339413749,169,False,-0.1111,-0.0152,18,2019-12-31,False,041,0.39366740903641895,14.060210491963941,0.011571061932075306,0.0,0.11644736533050222,0.9513357028356936,False
289515,FARMERS AND MERCHANTS TRUST COMPANY OF CHAMBERSBURG,9,2020-02-05,2020-02-05,0.0032935094480143925,-6.60010170651518e-05,0.45019424409658876,162,False,-0.1111,-0.0152,18,2019-12-31,False,041,0.17317162226630622,14.055382211139815,0.01286931018042839,0.004169269123385809,0.09913097933578058,0.9830116969789063,False
2743244,RED RIVER BANK,9,2020-02-05,2020-02-05,0.020480355030602013,0.0004171080219090303,0.08139394654703724,160,False,-0.1111,-0.0152,18,2019-12-31,False,041,0.30241778567275424,14.502738755856518,0.012759299003066597,0.003683484843973011,0.11347265889647756,0.9913723603490543,False
575254,CITY BANK,9,2020-02-05,2020-02-05,-0.05663252017082699,0.0007159473252896822,0.5095801647976107,156,False,-0.1111,-0.0152,18,2019-12-31,False,041,0.4173414564797593,14.989582143430786,0.010895362114382755,0.0027569278929956247,0.11507762574579508,0.9434974846708485,False
419675,FIRST BANK RICHMOND,9,2020-02-05,2020-02-05,-0.014749475075197568,0.0010008614994081076,0.2921575747307695,119,False,-0.1111,-0.0152,18,2019-12-31,False,051,0.251535271213627,13.79873971017655,-0.007170248401159687,0.005489487724635427,0.14377817482552327,0.786356477929457,False
395238,SYNOVUS BANK,9,2020-02-05,2020-02-05,-0.004218708963596891,-0.0008919473240570319,1.6895693613555427,200,False,-0.1111,-0.0152,18,2019-12-31,False,041,0.4065551259365178,17.688864146247564,0.012141877186109474,0.0031541442435854884,0.11018552001535857,0.9060106417911044,False
933966,CITIZENS BUSINESS BANK,9,2020-02-05,2020-02-05,-0.020100018416874307,-0.0005192927463780836,1.1381042018008536,200,False,-0.1111,-0.0152,18,2019-12-31,False,041,0.5594412214401058,16.238491536813363,0.018900329475781272,0.0006975935336503284,0.1776411988084862,0.9418097163342529,False
60143,COMERICA BANK,9,2020-02-05,2020-02-05,-0.031134828518600485,-0.0014898142924275862,1.4250807244982047,200,False,-0.1111,-0.0152,18,2019-12-31,False,031,0.5774980833120368,18.11056217862375,0.016335769608377876,0.004466501240694789,0.10530980691611214,0.8945635773398565,False
601050,COMMERCE BANK,9,2020-02-05,2020-02-05,-0.011719351426787084,0.00012404786046277188,1.1028105957001,200,False,-0.1111,-0.0152,18,2019-12-31,False,041,0.3625198221478185,17.071892896816294,0.01605422733836942,0.0020390294602100133,0.10355624858868857,0.8954752268506755,False
682563,FROST BANK,9,2020-02-05,2020-02-05,-0.01572114319247523,-0.0009214056285445336,1.3828742060508887,200,False,-0.1111,-0.0152,18,2019-12-31,False,041,0.47062480802974466,17.344963502001207,0.013298019179127705,0.007438687588883683,0.11405254988923277,0.9173811673131559,False
723112,"FIFTH THIRD BANK, NATIONAL ASSOCIATION",9,2020-02-05,2020-02-05,-0.027351801954122217,-3.1137851493808726e-06,1.3351468118055327,200,False,-0.1111,-0.0152,18,2019-12-31,False,031,0.587150451899502,18.938552088232598,0.016187401359944377,0.009176166187748488,0.13726908917805763,0.9142365557798356,False
233031,REGIONS BANK,9,2020-02-05,2020-02-05,-0.01628536246008629,-0.0002781878019253108,1.496197876478797,200,False,-0.1111,-0.0152,18,2019-12-31,False,031,0.37024470131014864,18.648939191851692,0.014207145756560359,0.008899521531100478,0.1306977817750575,0.9140816700238051,False
342634,TRUSTMARK NATIONAL BANK,9,2020-02-05,2020-02-05,-0.03367820132532454,-0.0005579600105712278,1.0824258175198438,200,False,-0.1111,-0.0152,18,2019-12-31,False,041,0.3625345254316034,16.41789975382174,0.011356597211725241,0.010049534094702247,0.1263926406333636,0.955141221201823,False
501105,MANUFACTURERS AND TRADERS TRUST COMPANY,9,2020-02-05,2020-02-05,-0.03469045180175638,-0.0006335439341337136,1.119180990844962,200,False,-0.1111,-0.0152,18,2019-12-31,False,031,0.46508080898353715,18.59825860887654,0.016420676835596257,0.01791975506251119,0.12664109035003612,0.9245926065641576,False
165628,FIRST FINANCIAL BANK,9,2020-02-05,2020-02-05,-0.027359504390151397,-0.0006690782013239034,1.3854667776831024,200,False,-0.1111,-0.0152,18,2019-12-31,False,041,0.3148942502158,16.485118638731134,0.014851696073335264,0.0052484198909536215,0.15737848519406294,0.8442935149245344,False
991340,1ST SOURCE BANK,9,2020-02-05,2020-02-05,-0.03900840504553113,2.7121460238105906e-06,1.209015254272463,200,False,-0.1111,-0.0152,18,2019-12-31,False,041,0.31928759191224504,15.705937292945311,0.01455076670964336,0.0022603687881477628,0.12174092151332323,0.9244579074314964,False
485559,FIRST HORIZON BANK,9,2020-02-05,2020-02-05,-0.01529666033899597,4.643323046585178e-05,1.1059197854901264,200,False,-0.1111,-0.0152,18,2019-12-31,False,041,0.40659713296776195,17.57964042425589,0.011980267941289655,0.006138094021429136,0.1236772415000787,0.8681870978230636,False
451965,"WELLS FARGO BANK, NATIONAL ASSOCIATION",9,2020-02-05,2020-02-05,-0.014932647162777332,-0.0002269810175081108,1.096902061631483,200,False,-0.1111,-0.0152,18,2019-12-31,False,031,0.5179169880286918,21.261464769706304,0.011415017289200483,0.014215036467423036,0.09769638844568833,0.8942832407866319,False
12311,"HUNTINGTON NATIONAL BANK, THE",9,2020-02-05,2020-02-05,-0.025726014598620815,-0.00021338401735821074,1.3545272614832868,200,False,-0.1111,-0.0152,18,2019-12-31,False,031,0.3475430187705909,18.504464549599476,0.0146444096820197,0.008424462362399522,0.11448638229289854,0.8932560218882891,False
852218,"JPMORGAN CHASE BANK, NATIONAL ASSOCIATION",9,2020-02-05,2020-02-05,-0.015231532219090781,0.0007246829004390018,1.1776443259052467,200,False,-0.1111,-0.0152,18,2019-12-31,False,031,0.45648800060564765,21.57258223015338,0.013403916429431732,0.007919945013071856,0.10525746263549765,0.7893212112462348,False
541101,"BANK OF NEW YORK MELLON, THE",9,2020-02-05,2020-02-05,-0.005030265888478894,-0.0006321189762603176,1.0438072996087746,200,False,-0.1111,-0.0152,18,2019-12-31,False,031,0.5315136382552113,19.556547069543484,0.008295143984816322,0.0030246348549369203,0.08350701859743663,0.9262257169287696,False
210434,"NORTHERN TRUST COMPANY, THE",9,2020-02-05,2020-02-05,-0.006083794233876227,-2.3781582627499595e-05,1.4556339469762,200,False,-0.1111,-0.0152,18,2019-12-31,False,031,0.2530464767214206,18.727322684266568,0.01077519471862742,0.0028976506024403254,0.06878665942066065,0.8830643689691181,False
1394676,AMERICAN EXPRESS NATIONAL BANK,9,2020-02-05,2020-02-05,-0.025720706791926944,-3.0434901677268874e-05,1.1388096096351237,200,False,-0.1111,-0.0152,18,2019-12-31,False,031,0.138766459463113,18.61896717294522,0.04835987001484994,0.008375403452763042,0.11218061988568484,0.723740334734479,False
480228,"BANK OF AMERICA, NATIONAL ASSOCIATION",9,2020-02-05,2020-02-05,0.0034100068437904387,0.00010568699750553141,1.4284554464713257,200,False,-0.1111,-0.0152,18,2019-12-31,False,031,0.416175074473213,21.34006260989562,0.01443942011340633,0.006224157536982755,0.1144899872260026,0.9128663934301342,False
817824,"PNC BANK, NATIONAL ASSOCIATION",9,2020-02-05,2020-02-05,-0.009927117531810328,0.00048642465233549904,1.1639607942861403,200,False,-0.1111,-0.0152,18,2019-12-31,False,031,0.41079006371929755,19.801216717335592,0.011030226294547082,0.010562177381846028,0.1050656677537351,0.8319332172081604,False
280110,KEYBANK NATIONAL ASSOCIATION,9,2020-02-05,2020-02-05,-0.01679478507539802,0.00015047622815172362,1.4405438305532015,200,False,-0.1111,-0.0152,18,2019-12-31,False,031,0.48048792700280696,18.781080624691974,0.013239622278691729,0.008513806676858112,0.11834462769576086,0.9161100268338356,False
504713,U.S. BANK NATIONAL ASSOCIATION,9,2020-02-05,2020-02-05,-0.01914962374768789,0.0002337089289965216,1.0156148054223766,200,False,-0.1111,-0.0152,18,2019-12-31,False,031,0.47700976494306746,20.001727864954642,0.014353186069042775,0.009930218986237652,0.09998241579054602,0.8572923204440709,False
34537,SEACOAST NATIONAL BANK,9,2020-02-05,2020-02-05,-0.046387832837489526,-0.0005513140073279294,1.5243881589548476,200,False,-0.1111,-0.0152,18,2019-12-31,False,041,0.2769348092608777,15.776781551414427,0.014283612131975381,0.005186039563984054,0.1411703353067854,0.9148310917229711,False
476810,"CITIBANK, N.A.",9,2020-02-05,2020-02-05,-0.007721430209162788,0.00013803447264150575,1.6343931292640772,200,False,-0.1111,-0.0152,18,2019-12-31,False,031,0.3336684138390873,21.097582840540973,0.011970442875437243,0.00877904544561715,0.10324773486621026,0.8285670878150364,False
852320,TRUIST BANK,9,2020-02-05,2020-02-05,-0.007713061399328622,-6.636576420083322e-05,1.1868935350076522,200,False,-0.1111,-0.0152,18,2019-12-31,False,031,0.44637049657800365,19.949463761364488,0.0073429939122743116,0.008160899477346753,0.13882095842655706,0.8750988540486084,False
35301,STATE STREET BANK AND TRUST COMPANY,9,2020-02-05,2020-02-05,0.0072126333498812815,6.591589960733491e-05,1.285535605595669,200,False,-0.1111,-0.0152,18,2019-12-31,False,031,0.5762220469419514,19.305059667436023,0.009213373639261939,0.0,0.10510514230966186,0.8658910829406959,False
17147,FIRST MERCHANTS BANK,9,2020-02-05,2020-02-05,-0.025151448300205208,-0.00041203792876720504,1.4080343088686822,200,False,-0.1111,-0.0152,18,2019-12-31,False,041,0.4213953425825497,16.335651540325237,0.014091237502663842,0.001891514365200198,0.14376153075026293,0.9362344143188845,False
572374,GREAT SOUTHERN BANK,9,2020-02-05,2020-02-05,-0.03861314021633026,0.00010968787259396168,1.1280652736979546,200,False,-0.1111,-0.0152,18,2019-12-31,False,041,0.5441430826591852,15.427942184760411,0.015891354540815725,0.0025278819960133404,0.12967720181352269,0.9224922198035241,False
489623,"PARK NATIONAL BANK, THE",9,2020-02-05,2020-02-05,0.000778343942006118,-0.00011285477926910461,1.005568496388231,200,False,-0.1111,-0.0152,18,2019-12-31,False,041,0.1763168321167207,15.958964857592434,0.013319501062746106,0.014067126925676661,0.1049073684980668,0.9333258144467154,False
595869,CATHAY BANK,9,2020-02-05,2020-02-05,-0.03961253723452651,-0.00047075568125815384,1.2921148122593276,200,False,-0.1111,-0.0152,18,2019-12-31,False,031,0.34882450721713276,16.709571557786536,0.015722555229064752,0.003103539054222065,0.13091645882836708,0.9378607140302763,False
1718188,NORTHRIM BANK,9,2020-02-05,2020-02-05,-0.035161792257680964,-0.0003278181900423463,1.08585189383185,200,False,-0.1111,-0.0152,18,2019-12-31,False,051,0.3202368207205232,14.305194870796848,0.01269456263355642,0.013521509731683092,0.11216012246591343,0.9632158964313373,False
463735,HANCOCK WHITNEY BANK,9,2020-02-05,2020-02-05,-0.04253817177557502,-0.0007256456032945337,1.6248365188525857,200,False,-0.1111,-0.0152,18,2019-12-31,False,041,0.43111342624046045,17.236417294599025,0.01101285721223803,0.01225904354418774,0.11517508855237675,0.882113241707632,False
339858,"BOKF, NATIONAL ASSOCIATION",9,2020-02-05,2020-02-05,-0.03664973798567599,-0.000781301488909181,1.3835844346112631,200,False,-0.1111,-0.0152,18,2019-12-31,False,041,0.566537970162029,17.554942099339616,0.012045353543914677,0.013302401943823466,0.1094017630718172,0.7449198233870384,False
693345,"FIRST FINANCIAL BANK, NATIONAL ASSOCIATION",9,2020-02-05,2020-02-05,0.005698147015058086,-0.00022828040299050317,1.0527088007474934,200,False,-0.1111,-0.0152,18,2019-12-31,False,051,0.18331850314983134,15.181211319051512,0.012076913732611827,0.0040415173344848605,0.13718141886063634,0.9500110472660309,False
702117,"NBT BANK, NATIONAL ASSOCIATION",9,2020-02-05,2020-02-05,-0.016189586818709804,-2.746721997669037e-05,1.0573626604950601,200,False,-0.1111,-0.0152,18,2019-12-31,False,041,0.3587304203265639,16.081736080828925,0.012072776597581545,0.0040419265765871005,0.11841840684397437,0.8993453031713554,False
677176,TRUSTCO BANK,9,2020-02-05,2020-02-05,-0.03226673838445947,0.00018526043123406248,0.8267881504169253,200,False,-0.1111,-0.0152,18,2019-12-31,False,041,0.09139758608368932,15.468063130750673,0.011571583790013117,0.0051302287899872906,0.09995425539740337,0.9471175682100961,False
749242,RENASANT BANK,9,2020-02-05,2020-02-05,-0.03436625948093132,-0.0009206325129575702,1.425084914786642,200,False,-0.1111,-0.0152,18,2019-12-31,False,041,0.3789026931391829,16.409834458721097,0.013389023952359259,0.0036293292006023235,0.171988296872919,0.9236593230115487,False
936426,S & T BANK,9,2020-02-05,2020-02-05,-0.016618228551281644,-0.00040754706297001177,1.0894350065316236,200,False,-0.1111,-0.0152,18,2019-12-31,False,041,0.2541866337766557,15.984330745357479,0.011679641315109344,0.008094468980209475,0.1370565721802245,0.9331158385119497,False
42420,FIRST COMMONWEALTH BANK,9,2020-02-05,2020-02-05,-0.019814644004358478,-0.00010475610965170079,1.1265481474058312,200,False,-0.1111,-0.0152,18,2019-12-31,False,041,0.23191719365633343,15.930363523389063,0.013477805700447387,0.004310631020427634,0.130147591196191,0.9293318571648911,False
143662,UMPQUA BANK,9,2020-02-05,2020-02-05,-0.03450444910661424,-1.1713268029027844e-05,1.3075169054595244,200,False,-0.1111,-0.0152,18,2019-12-31,False,041,0.34853846948828887,17.176465187035394,0.012869834759283744,0.0032654117494018853,0.15931352552776104,0.9334252711334722,False
61122,FIRST UNITED BANK & TRUST,9,2020-02-05,2020-02-05,-0.03368782750606268,0.0014020243397978834,0.7225700459322044,200,False,-0.1111,-0.0152,18,2019-12-31,False,041,0.29280457525993214,14.16859125031262,0.009586594784768794,0.011000667225539341,0.09996164238053287,0.8931316717089878,False
936855,"UMB BANK, NATIONAL ASSOCIATION",9,2020-02-05,2020-02-05,-0.032194838103478604,-0.0005925845420330151,1.3080585269175382,200,False,-0.1111,-0.0152,18,2019-12-31,False,041,0.6776054358073414,17.087268544301942,0.010005260335382897,0.004346595449646728,0.08873022940032366,0.9060264001922484,False
577128,PEOPLES BANK,9,2020-02-05,2020-02-05,-0.0379219569784684,-0.00012653364870727745,1.0099582974970085,200,False,-0.1111,-0.0152,18,2019-12-31,False,041,0.29315481800478266,15.285960158693824,0.013527100970745711,0.007539173284667073,0.13178667633758206,0.877693989192543,False
317342,STOCK YARDS BANK & TRUST COMPANY,9,2020-02-05,2020-02-05,-0.027351924440062805,0.0004343111686747364,0.9712307679525113,200,False,-0.1111,-0.0152,18,2019-12-31,False,041,0.24999356884998652,15.12924444125092,0.017826968434193412,0.004221318023945214,0.10326131077155663,0.9438937354874334,False
584724,UNIFIED BANK,9,2020-02-05,2020-02-05,-0.023955477344465424,0.00125861497569003,0.08200947774434172,200,False,-0.1111,-0.0152,18,2019-12-31,False,051,0.15048950595140453,13.436991618840716,0.013951450994707064,0.003800266335709821,0.10934842124475269,0.9094371173061633,False
1386251,BANCFIRST,9,2020-02-05,2020-02-05,-0.022342253405211072,-2.7199088903513178e-05,1.1958560559266043,200,False,-0.1111,-0.0152,18,2019-12-31,False,041,0.28068407527455425,15.859950632938785,0.016719457458751207,0.005522045835193218,0.11171401526919938,0.9939606753853911,False
100562,TRI COUNTIES BANK,9,2020-02-05,2020-02-05,-0.030614896257797723,-0.0003824293587253699,1.0558041020666538,200,False,-0.1111,-0.0152,18,2019-12-31,False,041,0.2598813254350985,15.682596399651997,0.014683705608048702,0.003910142091915585,0.14801073234431053,0.9746236896241985,False
37640,GERMAN AMERICAN BANK,9,2020-02-05,2020-02-05,-0.03373535189156068,0.0002845772202647681,1.0234042178789569,200,False,-0.1111,-0.0152,18,2019-12-31,False,041,0.33083295160115894,15.293810782005165,0.014068455370386628,0.004521126378277914,0.1316458726913899,0.9120437356262378,False
981275,PREMIER BANK,9,2020-02-05,2020-02-05,-0.10545772165621059,-0.00038887843574227175,1.0125537501363178,200,False,-0.1111,-0.0152,18,2019-12-31,False,041,0.18242292558697698,15.050930283824759,0.014005085146847715,0.004995398081180495,0.12195282197741628,0.9598463874429449,False
435077,"PATHWARD, NATIONAL ASSOCIATION",9,2020-02-05,2020-02-05,-0.01398102261995118,0.002297910793320681,0.9976114168902216,200,False,-0.1111,-0.0152,18,2019-12-31,False,041,0.08741848022159614,15.638801316458608,0.017381215922865567,0.006221690697686484,0.1500033429142008,0.9144451294017965,False
2142155,QUAD CITY BANK AND TRUST COMPANY,9,2020-02-05,2020-02-05,-0.03582094232168416,0.0004476597757335157,1.184850077763226,200,False,-0.1111,-0.0152,18,2019-12-31,False,041,0.6900831007458568,14.34729872429985,0.01269526602360907,0.004815491397470194,0.10191054734710833,0.9542480196581801,False
921178,RIVERVIEW BANK,9,2020-02-05,2020-02-05,-0.06060488365436005,-0.00037306275370924846,1.2075058273276966,200,False,-0.1111,-0.0152,18,2019-12-31,False,041,0.21915966555049826,13.98379488556817,0.015360783183593305,0.0017111582860894225,0.14004883065868992,0.9803499522828082,False
693224,ATLANTIC UNION BANK,9,2020-02-05,2020-02-05,-0.03372187122073478,-0.00029233562072807903,1.4568752627972434,200,False,-0.1111,-0.0152,18,2019-12-31,False,041,0.34163132104934674,16.678628503975272,0.012133895895286016,0.004328084961552827,0.15847682834537638,0.9034063861013244,False
470050,"FIRST FINANCIAL BANK, NATIONAL ASSOCIATION",9,2020-02-05,2020-02-05,-0.03236320980683619,0.00015967075498666416,1.2139613112837269,200,False,-0.1111,-0.0152,18,2019-12-31,False,041,0.4103774502589506,15.92308099656299,0.019149206645515084,0.005857647654135007,0.13166860025478153,0.9424333157401852,False
936136,OLD SECOND NATIONAL BANK,9,2020-02-05,2020-02-05,-0.03807009775840012,-0.0008962119230454085,1.1201412012509049,200,False,-0.1111,-0.0152,18,2019-12-31,False,041,0.18547808467982563,14.783601015967776,0.017707010336843767,0.009276203763121984,0.13329347885535103,0.943622637011484,False
694904,"FLAGSTAR BANK, NATIONAL ASSOCIATION",9,2020-02-05,2020-02-05,0.018330817976528316,-0.00023627015779819618,0.6528424968424421,200,False,-0.1111,-0.0152,18,2019-12-31,False,041,0.2761839869171224,17.797383043885095,0.008018227238360846,0.0014618507044717813,0.13370551891255772,0.6854937362325733,False
229801,VALLEY NATIONAL BANK,9,2020-02-05,2020-02-05,-0.018975642256743683,-7.452188951356663e-05,1.3450523563417307,200,False,-0.1111,-0.0152,18,2019-12-31,False,041,0.33330862769386166,17.438292356121384,0.00955392424966704,0.00589370640202334,0.12205017106917876,0.8914944094832332,False
481177,LANDMARK NATIONAL BANK,9,2020-02-05,2020-02-05,0.006676313697909764,0.00038893862389177003,0.21355423202600904,200,False,-0.1111,-0.0152,18,2019-12-31,False,041,0.296837081619584,13.810822586577624,0.011354103140387593,0.010136271255830276,0.127775606511655,0.9659227433205283,False
272272,SOUTHERN BANK,9,2020-02-05,2020-02-05,-0.0052883495493792725,5.824051620884329e-05,0.8296895322366924,200,False,-0.1111,-0.0152,18,2019-12-31,False,051,0.13767743821952783,14.647882145148571,0.013728682022164955,0.005361185429100638,0.10718890673422761,0.9364853763614801,False
764030,AMERIS BANK,9,2020-02-05,2020-02-05,-0.032934140410958185,-0.00020191717636386898,1.369988649522967,200,False,-0.1111,-0.0152,18,2019-12-31,False,041,0.33953529879133754,16.71456567282388,0.010254292825442731,0.005587354415524995,0.14371689875095425,0.9088534142688774,False
2236821,"PATRIOT BANK, NATIONAL ASSOCIATION",9,2020-02-05,2020-02-05,0.05100440610821569,-0.0006636764466867251,-0.20740928388211097,200,False,-0.1111,-0.0152,18,2019-12-31,False,051,0.12858576971228572,13.795318054676326,-0.0011040703666289119,0.02183704817347818,0.09781941000602035,0.875417634644052,False
268677,CARVER FEDERAL SAVINGS BANK,9,2020-02-05,2020-02-05,-0.06201514696222742,-0.0006403645396219623,0.616007051565844,200,False,-0.1111,-0.0152,18,2019-12-31,False,041,0.15167448821264445,13.25687154283094,-0.007314851561311708,0.01825638499898181,0.11414245428654847,0.9323345812800105,False
112837,"CAPITAL ONE, NATIONAL ASSOCIATION",9,2020-02-05,2020-02-05,-0.021502100416957694,0.0002778777809585142,1.4379135524955216,200,False,-0.1111,-0.0152,18,2019-12-31,False,031,0.28343332073939004,19.611565390792258,0.007746782483012716,0.00935604617318171,0.13086609006518682,0.8981638502352459,False
1002878,NORTHWEST BANK,9,2020-02-05,2020-02-05,-0.005739599053225429,-0.0005604779326149776,0.7264373220591185,200,False,-0.1111,-0.0152,18,2019-12-31,False,041,0.15358942605716452,16.17869655484643,0.010833480474078068,0.007818697127755724,0.12339539723671564,0.948683676084582,False
697763,WESTAMERICA BANK,9,2020-02-05,2020-02-05,-0.018546584267378305,1.0787029055096288e-05,0.9859908283499254,200,False,-0.1111,-0.0152,18,2019-12-31,False,041,0.3175630845599848,15.538123036686795,0.0145786752494179,0.004331371198511713,0.10250347508910748,0.9582653925033123,False
749635,AUBURNBANK,9,2020-02-05,2020-02-05,-0.015172102780377443,0.002054731004523534,0.37774567765650746,200,False,-0.1111,-0.0152,18,2019-12-31,False,051,0.35937446362686415,13.62736487381891,0.011628328026515582,0.00040379785922354204,0.11447035222946696,0.9926600477608034,False
959304,FLUSHING BANK,9,2020-02-05,2020-02-05,-0.023343080239670386,-0.00035122483365350216,0.7831880422778676,200,False,-0.1111,-0.0152,18,2019-12-31,False,041,0.2841052543708985,15.76393098221218,0.00713791649958661,0.002748862393338006,0.0975609304271521,0.8020393652185214,False
352772,BANNER BANK,9,2020-02-05,2020-02-05,-0.007361068265478268,-0.0006078095623232672,1.3121245460052644,200,False,-0.1111,-0.0152,18,2019-12-31,False,041,0.26808211304123136,16.325493649109983,0.012137860570925536,0.004198502099197428,0.13466383068223728,0.9243011720536254,False
498317,"OHIO VALLEY BANK COMPANY, THE",9,2020-02-05,2020-02-05,-0.030519583785924627,-2.7305483166190038e-05,1.4044920868186204,200,False,-0.1111,-0.0152,18,2019-12-31,False,041,0.26745741334085427,13.813719955792632,0.008986076090125234,0.012962408621124275,0.12301307038291504,0.9437091123430319,False
506922,SANDY SPRING BANK,9,2020-02-05,2020-02-05,-0.024838337327560987,-6.114072266885667e-05,1.1799064791350884,200,False,-0.1111,-0.0152,18,2019-12-31,False,041,0.38230030886960464,15.969171770916397,0.013840436092000473,0.0076515035731231544,0.14417118994859424,0.8853458813650663,False
3317932,CONNECTONE BANK,9,2020-02-05,2020-02-05,-0.04079401231564462,0.0004805705790630607,1.1852914125413911,200,False,-0.1111,-0.0152,18,2019-12-31,False,041,0.6161016209452876,15.635837561591174,0.012816743838596071,0.010217656603346134,0.13131213984340795,0.8929294081935094,False
276579,"ZIONS BANCORPORATION, NATIONAL ASSOCIATION",9,2020-02-05,2020-02-05,-0.03787430091047701,-0.00048232419815463356,1.3144465672022483,200,False,-0.1111,-0.0152,18,2019-12-31,False,041,0.4806829623788617,18.052100237797944,0.011797942599292842,0.0051821293761783686,0.10630455421905237,0.9234399211327403,False
1412712,"COMMUNITY WEST BANK, NATIONAL ASSOCIATION",9,2020-02-05,2020-02-05,0.024561397635403895,0.0005933764177544358,0.1832280498140232,200,False,-0.1111,-0.0152,18,2019-12-31,False,051,0.3861463697493297,13.725257568986711,0.008914304476305132,0.0034555542231901213,0.08883769289701215,0.9031565266795512,False
1929247,"SOUTHSTATE BANK, N.A.",9,2020-02-05,2020-02-05,-0.027844522276848842,0.00039545100468986986,1.2586608836021822,200,False,-0.1111,-0.0152,18,2019-12-31,False,041,0.35456500085124354,16.65670660237642,0.013450201383044796,0.004179381405043015,0.17314407604604717,0.9277493189633945,False
1890525,UNITY BANK,9,2020-02-05,2020-02-05,-0.044599678379100255,0.00019087279762218079,0.7116231473747585,200,False,-0.1111,-0.0152,18,2019-12-31,False,041,0.3021231227513946,14.353387765855707,0.013164226381245153,0.004607588128264496,0.09527449707072312,0.8082535567829809,False
876634,CAPITAL CITY BANK,9,2020-02-05,2020-02-05,-0.025538673687816094,0.0006608036814102471,1.1272119892654549,200,False,-0.1111,-0.0152,18,2019-12-31,False,041,0.347002131146624,14.940732320057583,0.010782238956149177,0.0024243567109813497,0.11609594598980817,0.9847368189129045,False
2239288,"WINTRUST BANK, NATIONAL ASSOCIATION",9,2020-02-05,2020-02-05,-0.03754958948472764,-0.0008863093368318728,1.4496458836955284,200,False,-0.1111,-0.0152,18,2019-12-31,False,041,0.518909826537348,15.739641539081852,0.014446225351479313,0.004924453316640271,0.10665868129885064,0.9727798599302986,False
556815,"PEOPLES BANK, A CODORUS VALLEY COMPANY",9,2020-02-05,2020-02-05,-0.027589490749020947,-0.00015269927013228967,0.9336290385160593,200,False,-0.1111,-0.0152,18,2019-12-31,False,041,0.20080310450083605,14.448451154317885,0.010286011661374089,0.01650034477348448,0.10475960364072773,0.9454000710615276,False
729310,PATHFINDER BANK,9,2020-02-05,2020-02-05,0.0039971962364105905,0.0001236590506002894,0.06376901180076094,200,False,-0.1111,-0.0152,18,2019-12-31,False,041,0.20723439258328388,13.901688254205327,0.004655963302752294,0.006713066934882227,0.0808605504587156,0.8969427771587855,False
431172,PACIFIC PREMIER BANK,9,2020-02-05,2020-02-05,-0.04012409609673024,0.00014458533507204354,1.4559176977086719,200,False,-0.1111,-0.0152,18,2019-12-31,False,041,0.4576458757361126,16.281748357487945,0.01456743441105541,0.0009774205199620403,0.1883081344860763,0.9337504049361574,False
107244,BANK OZK,9,2020-02-05,2020-02-05,-0.021354487040386973,-0.0009344995034867701,1.7331531330741101,200,False,-0.1111,-0.0152,18,2019-12-31,False,041,0.4174518176886012,16.975035449530335,0.01807796463407387,0.0032675598616772727,0.17616539470444917,0.95199029863652,False
874845,LAKE CITY BANK,9,2020-02-05,2020-02-05,-0.044109139702636975,-0.0003486183020024269,1.1586821005275059,200,False,-0.1111,-0.0152,18,2019-12-31,False,041,0.48344186705568093,15.411723606107705,0.018270027973510385,0.004599353127675596,0.11808619278355174,0.9503700752008251,False
522605,BAR HARBOR BANK AND TRUST COMPANY,9,2020-02-05,2020-02-05,-0.017089959786593934,-0.00035557447182906984,1.0710598537921965,200,False,-0.1111,-0.0152,18,2019-12-31,False,041,0.21551625118669682,15.114479947474337,0.007343302459107405,0.0045015470873411454,0.11656118359292836,0.8415016088887242,False
593007,CAMDEN NATIONAL BANK,9,2020-02-05,2020-02-05,-0.04315005992487115,-0.00026066710080399586,1.069202676144001,200,False,-0.1111,-0.0152,18,2019-12-31,False,041,0.2646819625086526,15.299441935158653,0.013486763788900857,0.002625145000959163,0.11544674338189445,0.9146879304073389,False
786612,MID PENN BANK,9,2020-02-05,2020-02-05,-0.03344350178036648,0.00015151370038914708,1.1498904453866934,200,False,-0.1111,-0.0152,18,2019-12-31,False,041,0.3031376317148706,14.617878892319206,0.008819634770743288,0.006476480624759341,0.1142311923249678,0.9680438504465358,False
881478,HERITAGE BANK,9,2020-02-05,2020-02-05,-0.019359357100698457,-0.001018241223671576,1.2286209761915956,200,False,-0.1111,-0.0152,18,2019-12-31,False,041,0.3810721945484092,15.529432802319313,0.013004869664852477,0.011800725709251997,0.14533652572923367,0.9735059566118855,False
671464,BANK OF HOPE,9,2020-02-05,2020-02-05,-0.03574942752072337,-0.00017007720155424026,1.3738855296905133,200,False,-0.1111,-0.0152,18,2019-12-31,False,041,0.3974127283033664,16.567037977358048,0.01185417867872957,0.008388619331098563,0.14643785805202844,0.9396915340648717,False
606046,CADENCE BANK,9,2020-02-05,2020-02-05,-0.04472285265066027,-0.0003133560038881242,1.2867090881612904,200,False,-0.1111,-0.0152,18,2019-12-31,False,041,0.32874514737495025,16.862942473335515,0.01112287682917032,0.006734489302043586,0.12748649316458313,0.885487134398129,False
782306,BROOKLINE BANK,9,2020-02-05,2020-02-05,-0.026253615319287098,2.2258596217508147e-05,0.9613716431587104,200,False,-0.1111,-0.0152,18,2019-12-31,False,041,0.2984468014468582,15.418153436356455,0.013073332608424248,0.0033883977725479974,0.10961974491254778,0.805170709444874,False
1001152,INTERNATIONAL BANK OF COMMERCE,9,2020-02-05,2020-02-05,-0.031174068809876415,-0.0004059262924444117,1.4472348549181087,200,False,-0.1111,-0.0152,18,2019-12-31,False,041,0.3387962666280788,15.98168743853873,0.018982874690081128,0.011534803017625148,0.17270928234526062,0.8712504670615776,False
59316,WAYNE BANK,9,2020-02-05,2020-02-05,-0.05826946104163241,0.0007464755004307785,1.188017356349088,200,False,-0.1111,-0.0152,18,2019-12-31,False,051,0.22140576044615812,14.02390182749128,0.011869821668513714,0.0008594696801799806,0.1099557926272332,0.8760461677535409,False
491934,COLONY BANK,9,2020-02-05,2020-02-05,-0.02046596269365162,-0.00030378933413155186,0.33953229261037043,200,False,-0.1111,-0.0152,18,2019-12-31,False,051,0.22483878756834028,14.228546931568756,0.008133518592033876,0.010026662852823096,0.10882360725155485,0.9623935723173691,False
361167,SOUTHSIDE BANK,9,2020-02-05,2020-02-05,-0.0210051643095168,-9.250638420505945e-05,1.1664342665014993,200,False,-0.1111,-0.0152,18,2019-12-31,False,041,0.340499849775172,15.724092601753588,0.012377215460175102,0.0013913069794851576,0.1408285287209054,0.8134391008381315,False
316840,REPUBLIC BANK & TRUST COMPANY,9,2020-02-05,2020-02-05,-0.04293400602461955,-1.433986137218517e-05,1.195108918344697,200,False,-0.1111,-0.0152,18,2019-12-31,False,041,0.30418033398421923,15.540254485214527,0.016213622893544277,0.0052609488879442525,0.12473632545868142,0.7914618447956885,False
2209553,HERITAGE BANK OF COMMERCE,9,2020-02-05,2020-02-05,-0.033499370357982,-0.0006034223767007892,1.1230953285982903,200,False,-0.1111,-0.0152,18,2019-12-31,False,041,0.5741465355896559,15.228463159537313,0.010773436752613821,0.0038770821367030443,0.14480484373794292,0.9777496236336171,False
821906,SALISBURY BANK AND TRUST COMPANY,9,2020-02-05,2020-02-05,-0.010974351072577194,0.0004319002681957227,0.2704694846328585,200,False,-0.1111,-0.0152,18,2019-12-31,False,051,0.26736668984648165,13.922074449275094,0.010710603362491224,0.0038648787154082678,0.10879330198507976,0.9297544335308274,False
416245,BUSEY BANK,9,2020-02-05,2020-02-05,-0.015727545346502208,-0.00030869030973767065,1.1157738523981786,200,False,-0.1111,-0.0152,18,2019-12-31,False,041,0.33937413906931846,16.085481029453348,0.012563545324133457,0.0043669046435083235,0.14649490165164894,0.9585509275073979,False
399517,CNB BANK,9,2020-02-05,2020-02-05,-0.055594854456222406,0.00032373609881406834,1.231493424393262,200,False,-0.1111,-0.0152,18,2019-12-31,False,041,0.30467345445638055,15.134731989043813,0.010767521416877066,0.005752910149567799,0.09338490921553971,0.9169010663090434,False
664756,PROSPERITY BANK,9,2020-02-05,2020-02-05,-0.01501818363026765,-0.0007703827866640056,1.2598108001405264,200,False,-0.1111,-0.0152,18,2019-12-31,False,041,0.41655818293651026,17.28699291820558,0.010834218647931968,0.002954787882376901,0.18666033896653586,0.9283343053113089,False
767974,CFBANK NATIONAL ASSOCIATION,9,2020-02-05,2020-02-05,0.05635449249376383,0.0003500378734722261,0.05089598413647907,200,False,-0.1111,-0.0152,18,2019-12-31,False,051,0.22337183972539443,13.686810902247643,0.012748539075881615,0.003025484027826018,0.10044720542105778,0.957680982044983,False
716374,FIRST HARRISON BANK,9,2020-02-05,2020-02-05,-0.025523800063446962,0.001100001779524108,0.5442617074253365,200,False,-0.1111,-0.0152,18,2019-12-31,False,051,0.23858614192259042,13.620718770033603,0.01180185806664836,0.003728998110276606,0.11061158727882907,0.992736385162878,False
197478,EAST WEST BANK,9,2020-02-05,2020-02-05,-0.020266017058133773,-0.001437030232072847,1.8458568927655827,200,False,-0.1111,-0.0152,18,2019-12-31,False,031,0.499795236853188,17.603816775296096,0.015609382958293656,0.0034651972040692517,0.11289036500184252,0.9574536935488097,False
958727,AMERICAN NATIONAL BANK AND TRUST COMPANY,9,2020-02-05,2020-02-05,-0.0066891365466628175,9.559123504234502e-05,1.1258359875582626,200,False,-0.1111,-0.0152,18,2019-12-31,False,041,0.35062111260675827,14.717645568714177,0.009620830391989809,0.0012576097666902003,0.1367623313291627,0.9720194006842877,False
968070,CAPITOL FEDERAL SAVINGS BANK,9,2020-02-05,2020-02-05,-0.0071003485905995955,0.0002514404849236596,0.7148138947348184,200,False,-0.1111,-0.0152,18,2019-12-31,False,041,0.11200756473313313,16.040746462502767,0.009935103535499229,0.000959446808156064,0.12691825742199428,0.7087816251375302,False
202907,"COMMUNITY BANK, NATIONAL ASSOCIATION",9,2020-02-05,2020-02-05,-0.021197925240366403,0.00011058133917459538,1.1630543227362529,200,False,-0.1111,-0.0152,18,2019-12-31,False,041,0.3611381376099171,16.232314654100467,0.012708501784481964,0.003520669439454455,0.13905926292794918,0.9581321550799429,False
601416,FIVE STAR BANK,9,2020-02-05,2020-02-05,-0.042346030999119946,4.668184988405231e-05,0.9615951053462231,200,False,-0.1111,-0.0152,18,2019-12-31,False,041,0.27541872706075876,15.284908169285016,0.012363180920513797,0.002677964325434832,0.10164159888980301,0.9129367873227382,False
662369,BANK OF THE SIERRA,9,2020-02-05,2020-02-05,-0.04604500846674921,3.7661632696217335e-05,1.166319746156864,200,False,-0.1111,-0.0152,18,2019-12-31,False,041,0.2955511365492879,14.768478771718929,0.01467920826591851,0.003274496987190888,0.13088976770227145,0.9640586047498011,False
439404,FIRST NATIONAL BANK,9,2020-02-05,2020-02-05,-0.03903669622106159,0.0003801457801621364,0.8932422809085212,200,False,-0.1111,-0.0152,18,2019-12-31,False,041,0.16708083710870278,14.526955312226603,0.012824188534521526,0.014037614021888195,0.09016206726586848,0.8911204902880194,False
2608754,MERCANTILE BANK,9,2020-02-05,2020-02-05,-0.02930671466323409,-0.000130504419936441,1.1437662411184915,200,False,-0.1111,-0.0152,18,2019-12-31,False,041,0.3365802190303475,15.100590518621823,0.01536698776776598,0.0008310384094470934,0.12170158593864325,0.8492663489984759,False
29636,"CITIZENS BANK OF PHILADELPHIA, THE",9,2020-02-05,2020-02-05,-0.005545179097124355,0.0007677997282745967,-0.06411872474152912,200,False,-0.1111,-0.0152,18,2019-12-31,False,051,0.3224532935434735,13.993875129541589,0.0052515726690655845,0.02131641559818877,0.09277555278721551,0.83065005487057,False
2652092,EAGLEBANK,9,2020-02-05,2020-02-05,-0.029730842677456286,-0.0010734860526936893,1.0649336465041401,200,False,-0.1111,-0.0152,18,2019-12-31,False,041,0.42328599557214663,16.00718330794347,0.017350728008355593,0.00640964004390687,0.14900339345433808,0.9541872282075675,False
1436204,BANK OF MARIN,9,2020-02-05,2020-02-05,-0.04788321092657064,-0.00014746590847152004,1.0242279928588383,200,False,-0.1111,-0.0152,18,2019-12-31,False,041,0.4562500959035134,14.811477530371084,0.013069650258316185,0.00012260712662061124,0.12191039104420168,0.9868842142811473,False
2634351,MACATAWA BANK,9,2020-02-05,2020-02-05,-0.02220591032181656,-0.00014748809184694068,0.9157566543671226,200,False,-0.1111,-0.0152,18,2019-12-31,False,051,0.36930075474956037,14.54209928441346,0.016630931898913643,0.00014615662085892575,0.11136530023491137,0.9580319843892586,False
754929,"NATIONAL BANK OF BLACKSBURG, THE",9,2020-02-05,2020-02-05,-0.05746049524808049,0.0003579373841282366,0.788773457032882,200,False,-0.1111,-0.0152,18,2019-12-31,False,041,0.3311186728823593,14.092076575370383,0.013659246136414999,0.0049104249165255,0.137670882773621,0.9849603627594625,False
687009,LAKELAND BANK,9,2020-02-05,2020-02-05,-0.012798332398182885,-0.00010023730819177095,1.0879000067551028,200,False,-0.1111,-0.0152,18,2019-12-31,False,041,0.4137665954467323,15.71857732563468,0.011192989414636402,0.004794957395235317,0.11941390575909985,0.9015784877681126,False
2634191,GLACIER BANK,9,2020-02-05,2020-02-05,-0.025996784531807073,-5.16803734030061e-05,1.2430948038604201,200,False,-0.1111,-0.0152,18,2019-12-31,False,041,0.21978859165060424,16.43093642248724,0.01651469117543592,0.0033703805592233105,0.15088161094849586,0.9331840543364753,False
186221,"OLD POINT NATIONAL BANK OF PHOEBUS, THE",9,2020-02-05,2020-02-05,0.005265959122223418,0.0015179706668678322,-0.1571563642450696,200,False,-0.1111,-0.0152,18,2019-12-31,False,041,0.20287202195684675,13.86254489585825,0.00742731534749532,0.010092791149768522,0.09915871462126893,0.9442325126241231,False
474919,"FULTON BANK, NATIONAL ASSOCIATION",9,2020-02-05,2020-02-05,-0.03191332636132066,-0.0003129528577986153,1.2442169975390849,200,False,-0.1111,-0.0152,18,2019-12-31,False,041,0.32110210521313937,16.895563988943373,0.011116766350797913,0.008356210551192112,0.11744292682321544,0.9094505303402803,False
473501,BERKSHIRE BANK,9,2020-02-05,2020-02-05,-0.04132094809677936,-0.00025176091568196305,1.3454219078053533,200,False,-0.1111,-0.0152,18,2019-12-31,False,041,0.30256800603719447,16.394317227080847,0.007669899075204384,0.006912297549522589,0.13243617009089856,0.9108978414535877,False
508346,HAWTHORN BANK,9,2020-02-05,2020-02-05,0.015923105968419102,0.0001481605848781701,0.705653896355347,200,False,-0.1111,-0.0152,18,2019-12-31,False,041,0.2503775177660365,14.210048177956578,0.012684522052331405,0.004336205606277663,0.10981884453574785,0.9005027408461794,False
236706,PEAPACK-GLADSTONE BANK,9,2020-02-05,2020-02-05,0.005308883692429472,-7.893740071918985e-05,1.0876008700823447,200,False,-0.1111,-0.0152,18,2019-12-31,False,041,0.5271137738332748,15.45992152114717,0.010016688042527954,0.0065464782730408,0.10968877891848892,0.9236446737064964,False
657365,HANMI BANK,9,2020-02-05,2020-02-05,-0.0038967856154073326,-0.0008192947475109022,1.2944946426622161,200,False,-0.1111,-0.0152,18,2019-12-31,False,041,0.33392655363038737,15.52582078915189,0.007472864533582417,0.013812529908445765,0.1190566724471525,0.9679517295323501,False
636771,INDEPENDENT BANK,9,2020-02-05,2020-02-05,0.0027983618283794302,-0.0006858607856182256,1.1037000996893265,200,False,-0.1111,-0.0152,18,2019-12-31,False,041,0.14286044668604322,15.086308205300918,0.013481236043274197,0.003638845479919672,0.10294402381349241,0.9603351191632469,False
2353595,FIRST COMMUNITY BANK,9,2020-02-05,2020-02-05,0.009165402437112124,-0.0011195181467848277,0.9857568559595439,200,False,-0.1111,-0.0152,18,2019-12-31,False,051,0.14271828574584414,14.844051536696817,0.014123437333525921,0.007803119261456043,0.14275887367169326,0.9817415777198701,False
780218,"UNION BANK COMPANY, THE",9,2020-02-05,2020-02-05,-0.021010822480855715,0.0002209265855586899,0.45151178739907694,200,False,-0.1111,-0.0152,18,2019-12-31,False,041,0.11930289415589827,13.68538137126815,0.011382921289958109,0.0017913696541980578,0.12987509994510138,0.9267743869395277,False
542528,CIVISTA BANK,9,2020-02-05,2020-02-05,-0.02045825385488915,-7.707696703801774e-05,0.9847144268420779,200,False,-0.1111,-0.0152,18,2019-12-31,False,041,0.2558359949334174,14.650157300797918,0.015016493055555555,0.0035734008081787926,0.13876475694444446,0.8632071598237214,False
933023,"SHORE UNITED BANK, NATIONAL ASSOCIATION",9,2020-02-05,2020-02-05,-0.03804689957148198,6.811276913792788e-05,0.9625957698870248,200,False,-0.1111,-0.0152,18,2019-12-31,False,051,0.1405515929412829,14.259519868392578,0.010627700143366187,0.009543075984219808,0.11750446616141044,0.9804435650933809,False
1162017,UNITED SECURITY BANK,9,2020-02-05,2020-02-05,-0.012945355117972939,-0.00026907932774146247,0.664681587547603,200,False,-0.1111,-0.0152,18,2019-12-31,False,051,0.4914577526784703,13.770333259528664,0.015536268031486836,0.020254628659553603,0.1304240930376595,0.9880962263810434,False
628123,"BANK OF GLEN BURNIE, THE",9,2020-02-05,2020-02-05,0.0021974227921344558,0.0003519165729092069,-0.03364894922935742,200,False,-0.1111,-0.0152,18,2019-12-31,False,041,0.05431408290355292,12.860847952570518,0.00460588867933351,0.014567778097760047,0.09257758311641753,0.920347547272441,False
333203,UNION BANK,9,2020-02-05,2020-02-05,-0.0447974472563822,-0.0015970256227873598,1.220123896050274,200,False,-0.1111,-0.0152,18,2019-12-31,False,041,0.11800982600179263,13.6788737771806,0.01268275235100374,0.005159643981618584,0.08196843470096425,0.9320668292567187,False
2925666,PINNACLE BANK,9,2020-02-05,2020-02-05,-0.030550109315225466,-0.00023977376671696025,1.3884665895324553,200,False,-0.1111,-0.0152,18,2019-12-31,False,041,0.43083880279028214,17.135706503074754,0.014759610350277244,0.0031789162128296974,0.16819737284748001,0.8852077524673938,False
139740,WEST BANK,9,2020-02-05,2020-02-05,-0.03604471159791629,0.00015046297508428073,1.1851711944464622,200,False,-0.1111,-0.0152,18,2019-12-31,False,041,0.3883826693091907,14.721027055670119,0.012212878086728619,0.00027708206830948524,0.09669502253954275,0.9036351721662156,False
494261,PACIFIC WESTERN BANK,9,2020-02-05,2020-02-05,-0.01134095222328171,-0.00010202436188258035,1.3093854325338983,200,False,-0.1111,-0.0152,18,2019-12-31,False,041,0.5464378883250977,17.101386870840965,0.01826659783633344,0.0048448398966264355,0.19589311098143078,0.8999667235881099,False
2760232,VILLAGE BANK,9,2020-02-05,2020-02-05,0.16232803764903336,0.000560494565783336,0.0939672823772246,200,False,-0.1111,-0.0152,18,2019-12-31,False,051,0.19147077759818465,13.195083959005283,0.009653812893447272,0.010033550745785796,0.09999349097570275,0.9178980342888787,False
2328137,FIRST COMMUNITY BANK,9,2020-02-05,2020-02-05,0.0029615988825950038,0.00017495423794660933,0.45522302724981445,200,False,-0.1111,-0.0152,18,2019-12-31,False,041,0.2470310417217034,13.972579261929264,0.010113018299666005,0.00311287479132779,0.11245679767809955,0.9550011410765408,False
204004,PROVIDENT BANK,9,2020-02-05,2020-02-05,-0.02405078307550003,-0.0006499776246975325,0.7618533441293984,200,False,-0.1111,-0.0152,18,2019-12-31,False,041,0.5303638595495322,16.098677125885434,0.011452342284950337,0.00548119873692278,0.13908446108807704,0.8478921711039716,False
3465226,HTLF BANK,9,2020-02-05,2020-02-05,-0.01822948297966334,-0.00043320153624879144,1.346522159658574,200,False,-0.1111,-0.0152,18,2019-12-31,False,041,0.5246485244779597,14.6463475354882,0.012371696368003506,0.0015357563845186796,0.16036238491939184,0.9491731135152133,False
2953418,OPTIMUMBANK,9,2020-02-05,2020-02-05,0.002110130970052651,0.00010485376617609492,0.02230926763197383,200,False,-0.1111,-0.0152,18,2019-12-31,False,041,0.18623812570753556,11.748621898155887,-0.0019513505399789855,0.007789566585445406,0.08476919552216403,0.876874206941795,False
2618780,TEXAS CAPITAL BANK,9,2020-02-05,2020-02-05,-0.019919991974337227,-0.0008886116092581838,1.5715830819029928,200,False,-0.1111,-0.0152,18,2019-12-31,False,041,0.7479732001059883,17.29765098034005,0.0102733002894562,0.009229998555464344,0.0880675049802833,0.8949683158873069,False
354310,UNIVEST BANK AND TRUST CO.,9,2020-02-05,2020-02-05,-0.014664480066467964,-0.0002670719949137168,1.023051894965606,200,False,-0.1111,-0.0152,18,2019-12-31,False,041,0.41933551036430605,15.494733268228867,0.013147903704768933,0.008875679023026451,0.12783762858379744,0.9501171941830624,False
703767,CENTRAL VALLEY COMMUNITY BANK,9,2020-02-05,2020-02-05,-0.014807619520834984,-4.339382122673255e-06,0.8794246225102096,200,False,-0.1111,-0.0152,18,2019-12-31,False,041,0.3805736646988189,14.283249123889814,0.013801225272178303,0.0017946108673069178,0.14502562046630502,0.9780908574041076,False
2942690,SIGNATURE BANK,9,2020-02-05,2020-02-05,-0.024879095132967002,-0.0004993601309132799,0.9960773005884674,200,False,-0.1111,-0.0152,18,2019-12-31,False,041,0.7787152085872209,17.739880268171397,0.011633988172772485,0.0015135704208720689,0.09422586941010955,0.8808063598753354,True
2849801,SOUTHERN FIRST BANK,9,2020-02-05,2020-02-05,0.008996217546076527,0.0002488371689529476,0.9687768596836345,200,False,-0.1111,-0.0152,18,2019-12-31,False,041,0.4780883194469272,14.634173025350647,0.01268906025010309,0.003447731647324557,0.1031574908543241,0.9298072984358949,False
2858960,"BANCORP BANK NATIONAL ASSOCIATION, THE",9,2020-02-05,2020-02-05,0.03311897825943731,0.001471551580279836,1.3146472276047225,200,False,-0.1111,-0.0152,18,2019-12-31,False,041,0.23413033482670345,15.549299048016449,0.010425526804359682,0.01204997644736547,0.08406810661271226,0.9767091233912417,False
895710,CITIZENS & NORTHERN BANK,9,2020-02-05,2020-02-05,0.009134819739269245,-0.0004388412031798886,1.0095452635152131,200,False,-0.1111,-0.0152,18,2019-12-31,False,051,0.20095598043574922,14.309160520934174,0.012384292110347101,0.008812423446033734,0.1394220175366313,0.8933009521431733,False
2372774,"SUMMIT COMMUNITY BANK, INC.",9,2020-02-05,2020-02-05,-0.021997579583353067,0.00013728648863554164,0.8713240321173837,200,False,-0.1111,-0.0152,18,2019-12-31,False,041,0.14603020133527408,14.691787718456114,0.013436216793001993,0.006011012006878979,0.11121505482441076,0.8972287450540072,False
1356768,ENTERPRISE BANK AND TRUST COMPANY,9,2020-02-05,2020-02-05,-0.07180967993571574,-0.00021193056257550787,1.4905806401180188,200,False,-0.1111,-0.0152,18,2019-12-31,False,041,0.3061578381977997,14.989554632633956,0.010828274934939161,0.005756295643905443,0.09614722991831036,0.9531718107474398,False
1190476,ENTERPRISE BANK & TRUST,9,2020-02-05,2020-02-05,-0.018486955773621833,-0.00016721184629747455,1.1665064292094047,200,False,-0.1111,-0.0152,18,2019-12-31,False,041,0.39598863758225183,15.802479839134786,0.013743940408555904,0.0055995339768157605,0.134088290283429,0.9184201367391552,False
633378,KEARNY BANK,9,2020-02-05,2020-02-05,-0.03842635034388551,-5.747817250344952e-06,0.8026696556596591,200,False,-0.1111,-0.0152,18,2019-12-31,False,041,0.16679141291744884,15.700916702928541,0.006416118912799001,0.004880131790677601,0.15015639631326613,0.7604012397214466,False
1918344,PREFERRED BANK,9,2020-02-05,2020-02-05,-0.022802440990762576,0.00036533584489694277,1.2159063652016808,200,False,-0.1111,-0.0152,18,2019-12-31,False,041,0.5742030901209556,15.348103062576456,0.01692617865670014,0.0005705666702477409,0.10151150121000008,0.9576234030022955,False
3138146,WESTERN ALLIANCE BANK,9,2020-02-05,2020-02-05,-0.026238806355546637,0.00033468277829967736,1.567055989305229,200,False,-0.1111,-0.0152,18,2019-12-31,False,041,0.6520888643699542,17.10624826011691,0.018660168330977337,0.002638461346183853,0.11248549241544205,0.9683319231582954,False
537449,FIRST BUSINESS BANK,9,2020-02-05,2020-02-05,-0.03384090502287064,0.0004719909536062726,0.9521761796501635,200,False,-0.1111,-0.0152,18,2019-12-31,False,041,0.4775937267397067,14.549728662059076,0.01352447294721506,0.011985417248116104,0.10656323001825466,0.8226384286090268,False
310978,WATERSTONE BANK,9,2020-02-05,2020-02-05,0.004568294325916199,0.0007124468727648362,0.4835058969712096,200,False,-0.1111,-0.0152,18,2019-12-31,False,041,0.07497028624685191,14.505236894102126,0.017953310555547195,0.00436836273142995,0.17173397151271594,0.6941373514045582,False
220527,PEOPLES BANK,9,2020-02-05,2020-02-05,-0.0034947530002870705,0.00019425935090996969,0.7969158945704731,200,False,-0.1111,-0.0152,18,2019-12-31,False,041,0.2499762569371036,13.958342565471753,0.013169073180204173,0.004159004367364282,0.12676674156679982,0.9616779806732015,False
2954059,BCB COMMUNITY BANK,9,2020-02-05,2020-02-05,-0.03672656462457342,0.0002554700100715466,0.8910639108063708,200,False,-0.1111,-0.0152,18,2019-12-31,False,041,0.30172127320285674,14.882512805371137,0.007961390644153257,0.0041751056939944384,0.09510939214278416,0.8981295360091978,False
2385514,"FIRST BANK, THE",9,2020-02-05,2020-02-05,-0.026738115980469067,0.0001383829783049612,0.7521462218080823,200,False,-0.1111,-0.0152,18,2019-12-31,False,041,0.30034870924371493,15.185308091605652,0.012988003214595607,0.01574276339170823,0.1567666881684684,0.9290111632984673,False
456045,CENTENNIAL BANK,9,2020-02-05,2020-02-05,-0.0255569344479721,-0.0006504479811445786,1.5724501101325548,200,False,-0.1111,-0.0152,18,2019-12-31,False,041,0.47924783431000845,16.524613604630034,0.021006271993082488,0.005045856324974969,0.1834945068864458,0.9289176512118119,False
561574,SUMMIT STATE BANK,9,2020-02-05,2020-02-05,0.000475855279223494,0.00020381582869893775,0.2573144558089179,200,False,-0.1111,-0.0152,18,2019-12-31,False,051,0.3627992569331414,13.453073329621573,0.009306328648319344,0.0007885935091896858,0.09676167924848199,0.9128332225110318,False
522847,"LIMESTONE BANK, INC",9,2020-02-05,2020-02-05,-0.0048717169775050325,0.0007600878311314031,0.022869964828963762,200,False,-0.1111,-0.0152,18,2019-12-31,False,051,0.13031475608148452,14.030196040448297,0.009169226896614042,0.0016496252176738772,0.11159671214839867,0.9368887645745225,False
663245,SIMMONS BANK,9,2020-02-05,2020-02-05,-0.034607183696401506,-0.000437965559339471,1.3879224525280305,200,False,-0.1111,-0.0152,18,2019-12-31,False,041,0.38704726896387043,16.686774190675163,0.014660984378842695,0.006572097559506575,0.15942970394271716,0.8847529884163183,False
30810,DISCOVER BANK,9,2020-02-05,2020-02-05,-0.042039354822886836,0.00013865311607367745,1.4306919134578766,200,False,-0.1111,-0.0152,18,2019-12-31,False,031,0.07704004917087943,18.53743393394414,0.025759857243992355,0.013353627209959482,0.10056376073213565,0.744259160227499,False
768074,FIRST FINANCIAL NORTHWEST BANK,9,2020-02-05,2020-02-05,-0.020765618476451957,-0.0003054939335688149,0.6855705187150357,200,False,-0.1111,-0.0152,18,2019-12-31,False,051,0.2778540186384505,14.109647751222015,0.008594839817342888,8.55859068540047e-05,0.10108735826785735,0.8776991358786118,False
2797724,TOWNEBANK,9,2020-02-05,2020-02-05,-0.013381582618331705,-0.0002627401313085937,1.1969958901708266,200,False,-0.1111,-0.0152,18,2019-12-31,False,041,0.39833030459332885,16.296055626537203,0.011615719244796626,0.002073284409478253,0.13732715924094654,0.9064590612799724,False
28013,NORTHFIELD BANK,9,2020-02-05,2020-02-05,-0.041602163640857594,0.0005037083455623796,0.8863300082459866,200,False,-0.1111,-0.0152,18,2019-12-31,False,041,0.2383325446501569,15.436770316201143,0.007908353855945101,0.004123261426470396,0.1269584105813664,0.7836672319057462,False
836843,MIDWESTONE BANK,9,2020-02-05,2020-02-05,-0.04982961912581643,0.00023923437578597241,1.338408504383499,200,False,-0.1111,-0.0152,18,2019-12-31,False,041,0.2668744051386924,15.351396866520039,0.010462085300405278,0.012039921693353743,0.12388662346588838,0.9187662303040369,False
676478,MALVERN BANK NA,9,2020-02-05,2020-02-05,-0.015184364254763277,0.000132888134213801,0.7659118437958777,200,False,-0.1111,-0.0152,18,2019-12-31,False,051,0.5623342673128721,14.044549497278632,0.0076873462590395505,0.008627637164469695,0.12239470459069614,0.8687159773555428,False
23504,DIME COMMUNITY BANK,9,2020-02-05,2020-02-05,-0.007940131059332261,-0.0003048876025332106,1.1987295920127088,200,False,-0.1111,-0.0152,18,2019-12-31,False,041,0.561312465462469,15.40908267161358,0.011245003095728626,0.004699522980139336,0.11651603225735005,0.8782230330597217,False
785473,FIRST SAVINGS BANK,9,2020-02-05,2020-02-05,-0.008575733800235396,0.0010977229684076605,0.3344614434499636,200,False,-0.1111,-0.0152,18,2019-12-31,False,051,0.22874300806394923,14.069923292644145,0.013083622288525118,0.005540485116242256,0.10412544273724823,0.7759100294793709,False
929978,"HOME BANK, NATIONAL ASSOCIATION",9,2020-02-05,2020-02-05,-0.0227203480979164,0.0001869967020808498,0.8167809020897889,200,False,-0.1111,-0.0152,18,2019-12-31,False,041,0.27033404467114014,14.602082505691012,0.01278954539824105,0.01547679700421355,0.13905328946889048,0.9681774542915554,False
1864197,OAK VALLEY COMMUNITY BANK,9,2020-02-05,2020-02-05,-0.10985147297763138,2.4496608033152735e-06,0.8369769041163237,200,False,-0.1111,-0.0152,18,2019-12-31,False,051,0.3978656534108176,13.953302735538937,0.01139372521753677,0.0014702883124742567,0.09790831871761563,0.9852361101989252,False
342410,ORRSTOWN BANK,9,2020-02-05,2020-02-05,-0.014618571478380266,0.0005492629867547498,0.8160766270414522,200,False,-0.1111,-0.0152,18,2019-12-31,False,041,0.1917598439570723,14.683293165891914,0.009021155312509447,0.00779513120302298,0.10162855261787755,0.8820284139479515,False
119528,"FARMERS NATIONAL BANK OF EMLENTON, THE",9,2020-02-05,2020-02-05,-0.04215358965769979,0.0006697789952535421,0.47284047613939734,200,False,-0.1111,-0.0152,18,2019-12-31,False,051,0.24172695686418985,13.721128447370463,0.009466610252380665,0.004581823155303289,0.09238571985911082,0.9531342705268384,False
685676,OPPORTUNITY BANK OF MONTANA,9,2020-02-05,2020-02-05,0.010947633530457265,0.0011379543060363192,0.16683020930257483,200,False,-0.1111,-0.0152,18,2019-12-31,False,051,0.1351321954794844,13.853870323685575,0.013189234966629937,0.006771481749303593,0.1252664552667921,0.8901214601623869,False
613008,ROCKLAND TRUST COMPANY,10,2020-08-13,2020-08-13,-0.09862095127992779,-0.0003779533972337678,1.1445230091397318,200,False,0.0,0.0,2,2020-06-30,False,041,0.32476700000036995,16.381660578956176,0.008300028473484702,0.005190194239409644,0.13141150885036731,0.9563362610674577,False
433608,TOMPKINS COMMUNITY BANK,10,2020-08-13,2020-08-13,-0.05362804999007674,-0.001080054910982286,1.1431245472443305,200,False,0.0,0.0,2,2020-06-30,False,041,0.44393068366347044,14.66656108257672,0.011826108638977057,0.0060587320521545175,0.07050022501116517,0.9221871365995137,False
379920,FIRST NATIONAL BANK OF PENNSYLVANIA,10,2020-08-13,2020-08-13,-0.123402555973013,-0.001564777081222255,1.6194895701362109,200,False,0.0,0.0,2,2020-06-30,False,041,0.36324469458227693,17.44445095052413,0.007701084257515029,0.0066594090225873225,0.13343419457982994,0.8828550685657787,False
491224,FIRST-CITIZENS BANK & TRUST COMPANY,10,2020-08-13,2020-08-13,-0.09518579150687478,-0.0007570926388767375,1.1632659940307504,200,False,0.0,0.0,2,2020-06-30,False,041,0.26768380105814493,17.683134825779376,0.008775205591848212,0.0061781714436675945,0.09075519485476302,0.957238637748817,False
246022,"BANK OF SOUTH CAROLINA, THE",10,2020-08-13,2020-08-13,-0.050198930800430315,-0.00019548241115230745,0.4224994077366262,200,False,0.0,0.0,2,2020-06-30,False,041,0.3387855674177855,13.20438934788064,0.011644575138832079,0.005542233874805229,0.09701663036949416,0.970533803181884,False
437914,"WILMINGTON SAVINGS FUND SOCIETY, FSB",10,2020-08-13,2020-08-13,-0.09784150989699854,-0.002027490007580475,1.485372969309646,200,False,0.0,0.0,2,2020-06-30,False,041,0.37277193164706257,16.421185708395768,0.0008745702848165678,0.0036753589356424317,0.13725081541382492,0.9557201060989251,False
761806,"WEBSTER BANK, NATIONAL ASSOCIATION",10,2020-08-13,2020-08-13,-0.07813012194646848,-0.0021155221564056943,1.7591977954114666,200,False,0.0,0.0,2,2020-06-30,False,031,0.3311727989019324,17.303596789665495,0.006392149829312559,0.007934922932522653,0.09820518204434564,0.9059237160538806,False
837000,"FIRST NATIONAL BANK OF LONG ISLAND, THE",10,2020-08-13,2020-08-13,-0.05748400561150668,-0.0015513075365589648,1.2225868882240505,200,False,0.0,0.0,2,2020-06-30,False,041,0.49273757366115134,15.261768145756456,0.009866758962984938,0.002209067772765468,0.09157231016271936,0.8617739071834947,False
510871,FIRSTBANK PUERTO RICO,10,2020-08-13,2020-08-13,-0.06713325883124631,-0.0024467152116484678,1.7480712363737316,200,False,0.0,0.0,2,2020-06-30,False,031,0.31970328517668944,16.460461699185053,0.003464662494708955,0.03853475494771086,0.16660153974111747,0.9150565396230647,False
245276,ORIENTAL BANK,10,2020-08-13,2020-08-13,-0.08639674214527376,-0.0021714278158858438,1.5024866945953488,200,False,0.0,0.0,2,2020-06-30,False,041,0.31390437761458057,16.107413903685366,0.00519277269055993,0.05348666024856195,0.10424559906551115,0.9656577229727801,False
216922,FIRST BANK,10,2020-08-13,2020-08-13,-0.09765375021804475,-0.00149436549697387,1.3076227882085174,200,False,0.0,0.0,2,2020-06-30,False,041,0.3081689201082936,15.744565016095004,0.010438763684260305,0.007435174816732786,0.13113310055689387,0.9793711467942834,False
645625,"WESBANCO BANK, INC.",10,2020-08-13,2020-08-13,-0.042327314154322886,-0.0027693417791756986,1.1839056026384116,200,False,0.0,0.0,2,2020-06-30,False,041,0.2583334830858806,16.63202794402607,0.0038082306902074196,0.006510033828029069,0.15265587125658514,0.8602622525614231,False
365325,UNITED BANK,10,2020-08-13,2020-08-13,-0.10728674851037881,-0.001442209343059617,1.3199791299400674,200,False,0.0,0.0,2,2020-06-30,False,041,0.3414153862754585,17.081624714961745,0.007935505020813988,0.007464341968202829,0.1679584983892738,0.9179411706575896,False
816603,"WASHINGTON TRUST COMPANY, OF WESTERLY, THE",10,2020-08-13,2020-08-13,-0.0734086592001175,-0.001846982226349018,1.223634733435483,200,False,0.0,0.0,2,2020-06-30,False,041,0.24481832556863897,15.586409620644883,0.01138673828745226,0.003708334333672525,0.09046117736593481,0.7709027027795677,False
130541,HORIZON BANK,10,2020-08-13,2020-08-13,-0.05318270124889959,-0.0020917663242569313,1.4989486533617618,200,False,0.0,0.0,2,2020-06-30,False,041,0.30776826057826573,15.561065342787698,0.009554415290834705,0.006518296720697895,0.11229588560395135,0.8716374276480039,False
701062,CENTRAL PACIFIC BANK,10,2020-08-13,2020-08-13,-0.07509722770791531,-0.0025537168360408907,1.3823340505458328,200,False,0.0,0.0,2,2020-06-30,False,041,0.37607256034201997,15.706670014140556,0.005655911953557602,0.001178927062688564,0.08754803043527072,0.9597048237522219,False
802866,SILICON VALLEY BANK,10,2020-08-13,2020-08-13,-0.07578716757968083,8.008754481310894e-05,1.596186140384072,200,False,0.0,0.0,2,2020-06-30,False,031,0.8268930242505816,18.2521393037241,0.0076456724716200365,0.002571432836305509,0.0688986843059133,0.9671202545479474,True
509811,"COMMUNITY TRUST BANK, INC.",10,2020-08-13,2020-08-13,-0.07178548287305933,-0.0011293461874446133,1.240421285965846,200,False,0.0,0.0,2,2020-06-30,False,041,0.24457364612558383,15.425068663174933,0.010291962906058692,0.010134378546520965,0.13002577090233755,0.9189310209604004,False
208244,OLD NATIONAL BANK,10,2020-08-13,2020-08-13,-0.0794581596153573,-0.0011667260319514867,1.0769608538272744,200,False,0.0,0.0,2,2020-06-30,False,031,0.3292687358862913,16.9065870561976,0.007587923483877754,0.009578240213454098,0.13412347915973225,0.8594223328461225,False
4114567,FIRST REPUBLIC BANK,10,2020-08-13,2020-08-13,-0.07567411406389188,0.0005734565955578559,1.1208416990283359,200,False,0.0,0.0,2,2020-06-30,False,031,0.6411063389606351,18.66991212530777,0.007411373281309864,0.0016814100106160848,0.08242874200685751,0.8369631295485213,True
5210,ACNB BANK,10,2020-08-13,2020-08-13,-0.09802834623519315,-0.0006515952292445998,1.8519274461741144,200,False,0.0,0.0,2,2020-06-30,False,051,0.19708502381372375,14.690352015285852,0.0043518956679084175,0.004517621194760756,0.1028949403688563,0.948477066062122,False
3938186,"BANKUNITED, NATIONAL ASSOCIATION",10,2020-08-13,2020-08-13,-0.06363207599724685,-0.001972224618614669,1.496270175936171,200,False,0.0,0.0,2,2020-06-30,False,041,0.5478812331786334,17.359833522961075,0.0033734454298489543,0.03672635801924295,0.08747451810264437,0.8368436418128515,False
680813,"FARMERS NATIONAL BANK OF CANFIELD, THE",10,2020-08-13,2020-08-13,-0.04098110046285093,-0.0009543380867477596,1.0205310902783113,200,False,0.0,0.0,2,2020-06-30,False,041,0.26903413654700553,14.870084922660967,0.013448736272329943,0.005678466419245008,0.11133629399673187,0.9589386523796868,False
785923,LCNB NATIONAL BANK,10,2020-08-13,2020-08-13,0.04076532963798031,0.00031253890016527094,1.4713199095979492,200,False,0.0,0.0,2,2020-06-30,False,051,0.24755529499695064,14.3648860930232,0.011606244418131928,0.002930122603877826,0.1346939765184846,0.9604919475414299,False
2787770,BANK OF THE JAMES,10,2020-08-13,2020-08-13,-0.020436039296022477,-0.0016460219379923137,0.3819690563811537,200,False,0.0,0.0,2,2020-06-30,False,041,0.1962991555962783,13.626027821017512,0.004887676504465263,0.008155947503754786,0.08383743036813486,0.987695591546936,False
258771,HOMESTREET BANK,10,2020-08-13,2020-08-13,-0.041687352857232074,-0.0005408862270068495,1.168941472971116,200,False,0.0,0.0,2,2020-06-30,False,041,0.3412693433103329,15.803927635526696,0.007695000645539962,0.007104297481931105,0.10272916223699381,0.8682034834724496,False
212577,HOMETRUST BANK,10,2020-08-13,2020-08-13,-0.08114866255802326,-0.0022748044864324382,1.1419100261141129,200,False,0.0,0.0,2,2020-06-30,False,041,0.17423518292925502,15.129927534242887,0.0028211616674456963,0.005527888008797402,0.10655701153501067,0.8389206211948418,False
4210227,NBH BANK,10,2020-08-13,2020-08-13,-0.07264914713168391,-0.0013653767492338472,1.0409928466695315,200,False,0.0,0.0,2,2020-06-30,False,041,0.21863341269479528,15.669099256511062,0.011588855096069302,0.004500084214916467,0.10823064403627064,0.9674956367682956,False
884303,CHEMUNG CANAL TRUST COMPANY,10,2020-08-13,2020-08-13,0.05597153566860589,-0.0015995946583094282,1.6079495229789615,200,False,0.0,0.0,2,2020-06-30,False,041,0.26632482781637795,14.531109305260777,0.007619984443224369,0.011540598163774458,0.09230614287299717,0.9763746574398042,False
2758613,FIRST INTERNET BANK OF INDIANA,10,2020-08-13,2020-08-13,-0.03330818263626681,-0.0005107178970124541,1.6210702475640102,200,False,0.0,0.0,2,2020-06-30,False,051,0.2798766618809883,15.279195497585539,0.006055268847458129,0.0027176373169574266,0.07850192139673326,0.8573217073747634,False
122854,INDEPENDENT BANK DBA INDEPENDENT FINANCIAL,10,2020-08-13,2020-08-13,-0.07855753605648413,-0.0007972244152868349,1.5888625075976586,200,False,0.0,0.0,2,2020-06-30,False,041,0.45871708031540903,16.647623826571074,0.012338271448920692,0.0025823045340685777,0.15616564070531902,0.9284485643932913,False
2354985,CUSTOMERS BANK,10,2020-08-13,2020-08-13,-0.09520848335766109,-0.002245795353890538,1.5733010212202174,200,False,0.0,0.0,2,2020-06-30,False,041,0.4969171151199887,16.69989364171665,0.0033568206076660164,0.0057555816303526686,0.061748352356732636,0.6587636942588654,False
3475083,TRISTATE CAPITAL BANK,10,2020-08-13,2020-08-13,-0.0884376929074534,-0.000691051535322609,1.396553919960903,200,False,0.0,0.0,2,2020-06-30,False,041,0.6236749033307487,16.019101052010072,0.005461565672379369,0.000945505154955465,0.07134813274691537,0.9329936054627842,False
697978,COMMUNITY BANK OF THE CHESAPEAKE,10,2020-08-13,2020-08-13,0.015094368412405112,-0.0008858858618214501,1.0132565048751763,200,False,0.0,0.0,2,2020-06-30,False,041,0.22248836004043276,14.55352402386427,0.0071699837841145515,0.014771983955569268,0.09470421307061559,0.8834145862333367,False
3401970,FIRST BANK,10,2020-08-13,2020-08-13,-0.010857975902279274,-0.0023202136238711078,1.4165996061856743,200,False,0.0,0.0,2,2020-06-30,False,041,0.40478488155044595,14.648677908425345,0.006389654150189038,0.007203043262760696,0.09843110083743589,0.9272577024546029,False
3284070,ALLY BANK,10,2020-08-13,2020-08-13,-0.037580757872533996,-0.0021297642717185163,1.6444013613075807,200,False,0.0,0.0,2,2020-06-30,False,031,0.08139152160740869,18.968281785880972,0.005644554970794055,0.011167924821641417,0.09638540281071077,0.8555912547041806,False
3109043,BANKWELL BANK,10,2020-08-13,2020-08-13,-0.004244122281386811,-0.0025135716907890527,1.0635665511011383,200,False,0.0,0.0,2,2020-06-30,False,041,0.3781618125205133,14.52938297929735,0.004481157833235303,0.006627109310051737,0.09234368472630411,0.8778769866963646,False
762447,"FIRST MID BANK & TRUST, NATIONAL ASSOCIATION",10,2020-08-13,2020-08-13,-0.042413792672164316,-0.0012486850352072174,1.260482899271232,200,False,0.0,0.0,2,2020-06-30,False,041,0.2729581120062734,15.303734505830692,0.007445099839204267,0.0063767018109596035,0.11579731158203405,0.87526025641353,False
1216022,SYNCHRONY BANK,10,2020-08-13,2020-08-13,-0.06549026706168211,-0.001581203263662689,1.7982687033299725,200,False,0.0,0.0,2,2020-06-30,False,041,0.12639420489205191,18.2612628835187,0.009734471758303621,0.018449228643794613,0.10893225745918558,0.8803306307254922,False
3303298,"CITIZENS BANK, NATIONAL ASSOCIATION",10,2020-08-13,2020-08-13,-0.11136823587562548,-0.0012494478067511235,1.7516354412882678,200,False,0.0,0.0,2,2020-06-30,False,031,0.44301484727389046,19.00758493069626,0.003143884296517021,0.013254023170244263,0.12303835298629863,0.9288694330065711,False
177920,"MIDDLEFIELD BANKING COMPANY, THE",10,2020-08-13,2020-08-13,-0.03655888407684265,-0.000562367508952443,0.8925680901833051,200,False,0.0,0.0,2,2020-06-30,False,041,0.30915373415494174,14.110074644936063,0.0076139201707806315,0.008593792763698068,0.10884881728006816,0.9690280982976529,False
371924,COMMUNITY BANK,10,2020-08-13,2020-08-13,-0.00939323849391346,-0.0004513290330505722,0.41799081741949395,200,False,0.0,0.0,2,2020-06-30,False,051,0.28399839494256746,14.157290824890866,0.0056783504363562215,0.0031060519556037037,0.10436242540592887,0.9509315267360271,False
3221468,VERITEX COMMUNITY BANK,10,2020-08-13,2020-08-13,-0.0920966260146774,-0.0012820590165470759,1.5864463082980724,200,False,0.0,0.0,2,2020-06-30,False,041,0.5283876388892959,15.965465081843787,0.007397080401487896,0.016107843486553298,0.14983467816526314,0.8417401126877976,False
3637685,FIRST FOUNDATION BANK,10,2020-08-13,2020-08-13,-0.1078421923448451,0.0006130003520148075,1.4164017295267102,200,False,0.0,0.0,2,2020-06-30,False,041,0.6530776861677544,15.779100494449489,0.008868386027007692,0.0027505030202397904,0.09048361518452505,0.8731495872951599,False
866000,GLENS FALLS NATIONAL BANK AND TRUST COMPANY,10,2020-08-13,2020-08-13,-0.06020298635953235,-0.000536580736413866,1.3618194243761321,200,False,0.0,0.0,2,2020-06-30,False,041,0.29017459576893834,14.854219256476801,0.010104878102298796,0.0025954507826572164,0.09243174641823974,0.9344677193677554,False
766164,"TBK BANK, SSB",10,2020-08-13,2020-08-13,-0.08343660259295484,-0.0010079283087185537,1.577042800095562,200,False,0.0,0.0,2,2020-06-30,False,041,0.21294908340594762,15.537997295119485,0.0051492980267871385,0.01256726191695366,0.12812996065148943,0.8421782189982723,False
403179,FIRST FED BANK,10,2020-08-13,2020-08-13,0.03457257517083415,-0.000901370091334681,1.5157700939823084,200,False,0.0,0.0,2,2020-06-30,False,051,0.19712007988964397,14.201874392770037,0.004073062339462633,0.003483621489053543,0.10379921447112705,0.89594326038941,False
917742,"ASSOCIATED BANK, NATIONAL ASSOCIATION",10,2020-08-13,2020-08-13,-0.0726326503660582,-0.0016510877956084275,1.3375302982160768,200,False,0.0,0.0,2,2020-06-30,False,031,0.5811883492984103,17.383697109362153,0.011350536795357722,0.007056271124691456,0.11434940479367117,0.8468716189452417,False
3650808,LIVE OAK BANKING COMPANY,10,2020-08-13,2020-08-13,-0.012609896080496848,-0.0009211197462973091,1.4481537903019968,200,False,0.0,0.0,2,2020-06-30,False,041,0.07687081884717063,15.9181113421012,-0.000941931027002837,0.015466574249331308,0.061512053346126916,0.7655121612845711,False
139656,EQUITY BANK,10,2020-08-13,2020-08-13,-0.057884660128549106,-0.0021120390891663254,1.237588720539914,200,False,0.0,0.0,2,2020-06-30,False,041,0.3675314041731786,15.251017375028253,0.002346627876701603,0.017298700596484837,0.12110860793560053,0.8843470841232494,False
422433,FIRST GUARANTY BANK,10,2020-08-13,2020-08-13,0.049372673996075506,-0.001208302475677377,1.5098259261693376,200,False,0.0,0.0,2,2020-06-30,False,041,0.3953882945224869,14.70577020188943,0.008440069267851293,0.018636761397290928,0.09643922517881467,0.964618360376562,False
3532641,SMARTBANK,10,2020-08-13,2020-08-13,-0.040015790240180524,-0.000960840795962109,1.398460822041566,200,False,0.0,0.0,2,2020-06-30,False,041,0.2587432762874523,14.999039197252692,0.006471766550985677,0.001969258854624383,0.11405171901706065,0.8816779158353203,False
2941068,NICOLET NATIONAL BANK,10,2020-08-13,2020-08-13,-0.03838239656178123,-0.0010093902270681937,1.136291874284423,200,False,0.0,0.0,2,2020-06-30,False,041,0.2677393728744709,15.326268037666509,0.011092762486807864,0.004210207173213285,0.1107126214719521,0.8952096440091694,False
773247,MIDLAND STATES BANK,10,2020-08-13,2020-08-13,-0.06592061242089967,-0.002620263396775449,1.302445649057939,200,False,0.0,0.0,2,2020-06-30,False,041,0.3064411154249945,15.706959241378545,0.005383645863268248,0.011873987289365425,0.11678218243722814,0.8552520828992181,False
40499,HARBORONE BANK,10,2020-08-13,2020-08-13,-0.04797149857129576,-0.0008391858117474847,0.9746004494680188,200,False,0.0,0.0,2,2020-06-30,False,041,0.2511502374609058,15.313412481250964,0.007195409248403952,0.010479724298911069,0.1229216491931661,0.8803447957631686,False
980661,FIRST HAWAIIAN BANK,10,2020-08-13,2020-08-13,-0.10833511386303611,-0.0020754907414111397,1.0837935869814925,200,False,0.0,0.0,2,2020-06-30,False,031,0.46691035629857364,16.950717819682524,0.0053933735161666605,0.003109494283817094,0.11666208056824652,0.9542654420328982,False
436159,FIRSTBANK,10,2020-08-13,2020-08-13,-0.08030355151216843,-0.0019165112487188284,1.249540508544909,200,False,0.0,0.0,2,2020-06-30,False,041,0.39800353718062614,15.796584989686245,0.0068786705080415515,0.00661757468215689,0.11634888985341621,0.9292003450009974,False
795968,BANK OF HAWAII,10,2020-08-13,2020-08-13,-0.08054586887109672,-0.0015328357347165202,1.1965096191347984,200,False,0.0,0.0,2,2020-06-30,False,031,0.4578391189606113,16.79822785292577,0.006476039398852776,0.002458971826761545,0.06502476244450302,0.9466652630976717,False
321273,AFFINITY BANK,10,2020-08-13,2020-08-13,-0.027149768503263262,-0.0006428596627224204,0.23492649956703862,199,False,0.0,0.0,2,2020-06-30,False,051,0.165944091579447,13.721118556505171,0.0003274991592722925,0.006184769400911883,0.0866729821985524,0.7579753567732775,False
214414,"FARMERS & MERCHANTS STATE BANK, THE",10,2020-08-13,2020-08-13,-0.042675076788160765,-0.0004022858011735423,1.5105877945109787,200,False,0.0,0.0,2,2020-06-30,False,041,0.16334611258223078,14.381074335769542,0.009578287246370226,0.00696668849287109,0.12136454522732953,0.956319721228225,False
129732,BYLINE BANK,10,2020-08-13,2020-08-13,-0.08158071153026057,-0.0014097331030835385,1.2137636888286403,200,False,0.0,0.0,2,2020-06-30,False,041,0.268017671779317,15.669913316011174,0.004268707530915568,0.015933218529259222,0.12492513167901348,0.8983728616471746,False
3835454,ROYAL BUSINESS BANK,10,2020-08-13,2020-08-13,-0.03521815828530669,-0.0017450311812664916,1.277957942119769,200,False,0.0,0.0,2,2020-06-30,False,041,0.3789169015095177,14.958125058895256,0.01045055206551675,0.005772474486150375,0.1626416208977867,0.9343605809963246,False
3595271,"BANK OF PRINCETON, THE",10,2020-08-13,2020-08-13,-0.0007622883413099884,-0.0012532244394117538,1.4432165119213811,200,False,0.0,0.0,2,2020-06-30,False,041,0.2898265702384659,14.281208681809456,0.007730713076052993,0.0017806509558596993,0.12692090895509833,0.9789916781997592,False
736206,CAMBRIDGE TRUST COMPANY,10,2020-08-13,2020-08-13,-0.053469554257011095,-0.0012816466118972252,1.0876247084539397,200,False,0.0,0.0,2,2020-06-30,False,051,0.4618948031281231,15.207405456754264,0.0027823734948594953,0.003073303274862322,0.09559461673376897,0.902712772259238,False
1007819,"FIDELITY DEPOSIT AND DISCOUNT BANK, THE",10,2020-08-13,2020-08-13,-0.0035381664486107524,-0.00018765843758963946,1.3735015082758388,200,False,0.0,0.0,2,2020-06-30,False,051,0.2336939547231688,14.393759662367376,0.0048942349434689504,0.0038381061607557147,0.08795881349296714,0.8821006942415892,False
963945,MERCHANTS BANK OF INDIANA,10,2020-08-13,2020-08-13,-0.024279785609309764,0.0009151467355597053,1.2771970367479843,200,False,0.0,0.0,2,2020-06-30,False,041,0.5617625590554339,16.03690652806857,0.01459492225379664,0.0008531545266127685,0.07475700345968897,0.7891569478036305,False
2705895,METROPOLITAN COMMERCIAL BANK,10,2020-08-13,2020-08-13,-0.09513840603017204,-0.0003604050587402044,1.6446506326571477,200,False,0.0,0.0,2,2020-06-30,False,051,0.7672595134079704,15.194017929020976,0.00918323203508817,0.0029216730174781618,0.09085121012413035,0.9469804652328034,False
3579589,ALLEGIANCE BANK,10,2020-08-13,2020-08-13,-0.11010708142252025,-0.0008230789718931676,1.1506744392312866,200,False,0.0,0.0,2,2020-06-30,False,051,0.4919053873528943,15.579239997449054,0.005268972113356605,0.007248144276097508,0.1364728911041959,0.9374265450378537,False
3271799,MERIDIAN BANK,10,2020-08-13,2020-08-13,-0.0712178129893144,-0.00040969953108383665,0.4237297055358643,200,False,0.0,0.0,2,2020-06-30,False,051,0.46605376884163685,14.272354856770795,0.011849915425598274,0.0053952496597639244,0.10414018769121065,0.8247331294176528,False
979375,"STERLING BANK AND TRUST, FSB",10,2020-08-13,2020-08-13,-0.1043352061754094,-0.003621817646442031,1.4846487185975772,200,False,0.0,0.0,2,2020-06-30,False,041,0.1921039606316451,15.134040132477898,0.0007057399019401426,0.01959129793973636,0.10093980049337586,0.875331189281965,False
497570,LUTHER BURBANK SAVINGS,10,2020-08-13,2020-08-13,-0.11482951446092772,-0.00039123466301267885,0.9424806791302224,200,False,0.0,0.0,2,2020-06-30,False,041,0.3093606003228519,15.784925436655934,0.005521537624736935,0.0007788385180543429,0.10320321742243962,0.8426309010377978,False
2757205,"MVB BANK, INC.",10,2020-08-13,2020-08-13,0.044168616990997694,-0.0012861643864338448,1.2365997536054525,200,False,0.0,0.0,2,2020-06-30,False,041,0.3470234510135099,14.608949127843054,0.020536538901648405,0.010665831395338795,0.1018970721659929,0.9398169807719522,False
3378773,BRIDGEWATER BANK,10,2020-08-13,2020-08-13,-0.09213578960440036,-0.000622342530619422,1.0548264679935062,200,False,0.0,0.0,2,2020-06-30,False,041,0.40269164613047476,14.826866712419422,0.011278396494851286,0.00027579913027064965,0.10608377977592334,0.931555441988096,False
3357219,OPEN BANK,10,2020-08-13,2020-08-13,-0.03456281670312993,-0.0015137796513197263,0.8295407503086305,200,False,0.0,0.0,2,2020-06-30,False,051,0.42367943303117456,14.068407067427831,0.009703746845272762,0.0006566562228867976,0.10696874393321686,0.9756834994056527,False
3281510,UNITED BUSINESS BANK,10,2020-08-13,2020-08-13,-0.012163442930026731,-0.0023878369451653765,1.0498885332077648,200,False,0.0,0.0,2,2020-06-30,False,051,0.42814787823449874,14.598678956394933,0.0058234459501141245,0.004768437397444387,0.12071221146091085,0.9812350816872628,False
667757,ORIGIN BANK,10,2020-08-13,2020-08-13,-0.05681860684167506,-0.0020226629747499927,1.0083367101806062,200,False,0.0,0.0,2,2020-06-30,False,041,0.43870509232375143,15.704386302296912,0.0016751535973379033,0.011538104084943414,0.0882329231808378,0.8932358592236497,False
2562164,COASTAL COMMUNITY BANK,10,2020-08-13,2020-08-13,-0.03285012190873259,0.0006039540458990988,1.8226161483108552,200,False,0.0,0.0,2,2020-06-30,False,041,0.4255749303103229,14.333291338455064,0.008066500665256906,0.0030653543780460924,0.0820181624370866,0.851749393761586,False
3158546,FIRST WESTERN TRUST BANK,10,2020-08-13,2020-08-13,-0.04011847302865185,-0.00041902484122008815,0.5115869816795802,200,False,0.0,0.0,2,2020-06-30,False,051,0.34217556738828053,14.403705472854359,0.012206126942609545,0.0039119064745783225,0.07643989815269876,0.8498689485276477,False
661308,AMALGAMATED BANK,10,2020-08-13,2020-08-13,-0.06170282510491423,-0.00046849382908692216,1.1515577343377361,200,False,0.0,0.0,2,2020-06-30,False,041,0.6293692350032102,15.684394789493318,0.006146833057118271,0.0123573221266054,0.077698389198929,0.984181977358228,False
83638,"AMERANT BANK, NATIONAL ASSOCIATION",10,2020-08-13,2020-08-13,-0.06455029246639177,-0.0008795139256980861,1.4038406769751173,200,False,0.0,0.0,2,2020-06-30,False,031,0.2676635809151123,15.910085632881243,-0.0022186683582063457,0.013156749748095754,0.10223493284711417,0.8425225164930774,False
18854,BANK7,10,2020-08-13,2020-08-13,-0.1108452417037166,-0.0012607706659843222,1.2920241431349484,200,False,0.0,0.0,2,2020-06-30,False,041,0.3077360764262287,13.818607756688749,0.02010961995888753,0.00850148251161082,0.10025401205460661,0.9911637971628864,False
2808602,"CAPITAL BANK, NATIONAL ASSOCIATION",10,2020-08-13,2020-08-13,-0.031667120737142486,6.302430491880381e-05,2.046068299023751,200,False,0.0,0.0,2,2020-06-30,False,041,0.5281671336453149,14.397446809188217,0.008215702710254262,0.003644065687493205,0.06913774797429449,0.9667266586543946,False
3614976,FVCBANK,10,2020-08-13,2020-08-13,0.039045733853455444,-0.002165003264223168,1.5689132844543643,200,False,0.0,0.0,2,2020-06-30,False,051,0.41457281470315244,14.39114085494623,0.008763667221331522,0.005745812247990691,0.11405926384970401,0.9642667851532126,False
594947,"BANK FIRST, NATIONAL ASSOCIATION",10,2020-08-13,2020-08-13,-0.023522160288591377,9.831009413366272e-05,1.1733093909217713,200,False,0.0,0.0,2,2020-06-30,False,041,0.2846692412511668,14.792960733318141,0.013173940642013252,0.01092273434056082,0.10968362901201842,0.95711800683637,False
3476192,CARTER BANK & TRUST,10,2020-08-13,2020-08-13,-0.0742895217246742,-0.003662970977150877,1.6893999013887926,200,False,0.0,0.0,2,2020-06-30,False,041,0.09109611620794258,15.239036395401738,0.0042767682796557484,0.013684616082103652,0.11779635154765492,0.9847196337976025,False
3248849,MAINSTREET BANK,10,2020-08-13,2020-08-13,0.014564316332626163,-0.0019454623616777895,1.1115552191472207,200,False,0.0,0.0,2,2020-06-30,False,041,0.4222412061272908,14.239776484536138,0.004212060703920527,0.0010253436669118063,0.09976067539523235,0.9774794383958569,False
289515,FARMERS AND MERCHANTS TRUST COMPANY OF CHAMBERSBURG,10,2020-08-13,2020-08-13,-0.006785075537438323,-0.0008392152043284191,1.1279974653402434,200,False,0.0,0.0,2,2020-06-30,False,051,0.17239113642643622,14.167885670864903,0.007693811065758745,0.0040898649784301645,0.09347375850825553,0.9879075379939681,False
2743244,RED RIVER BANK,10,2020-08-13,2020-08-13,-0.030624784934481106,0.0006284176067594892,1.1764374170635399,200,False,0.0,0.0,2,2020-06-30,False,041,0.3256261223601111,14.67491088713911,0.011947103496399271,0.0021118170952882306,0.10414253195943336,0.989872794318518,False
575254,CITY BANK,10,2020-08-13,2020-08-13,-0.04430950644475253,-0.00028452112317174405,1.1403940364804164,200,False,0.0,0.0,2,2020-06-30,False,041,0.40092078225869243,15.091565018566158,0.00812342968287026,0.004319258895685278,0.11065779347641311,0.9271705887670242,False
419675,FIRST BANK RICHMOND,10,2020-08-13,2020-08-13,-0.02990598183009664,-0.0008590866031848077,0.8472886722782543,200,False,0.0,0.0,2,2020-06-30,False,051,0.2303858231187145,13.947249094382151,0.009116329625441573,0.005655396939401406,0.1317230739562241,0.7899305327705421,False
3594005,CROSSFIRST BANK,10,2020-08-13,2020-08-13,-0.052744709129105775,-0.0009618704645359853,0.9190015305347452,200,False,0.0,0.0,2,2020-06-30,False,041,0.44056198627857385,15.513144312299067,-0.0011829313625135278,0.008554743652259663,0.10215619455009238,0.8885520974951939,False
933256,"ALERUS FINANCIAL, NATIONAL ASSOCIATION",10,2020-08-13,2020-08-13,-0.024574515410729324,-0.00030172951844543316,0.5651342965595701,200,False,0.0,0.0,2,2020-06-30,False,041,0.58104819165079,14.87116141236437,0.013377200231745275,0.0024944427486062394,0.1021714810645668,0.9794920588166901,False
426534,HEARTLAND BANK AND TRUST COMPANY,10,2020-08-13,2020-08-13,-0.06062136265057708,-0.0004937781280832314,1.1837912046770611,180,False,0.0,0.0,2,2020-06-30,False,041,0.15519322847875588,14.962963168274067,0.00887257083612949,0.006508943464694283,0.1087418472343292,0.9662235130025459,False
3437456,METRO CITY BANK,10,2020-08-13,2020-08-13,-0.052597050332501935,0.0006982082323181369,1.2343721103705592,186,False,0.0,0.0,2,2020-06-30,False,041,0.22279369673928306,14.361271379010219,0.0204435776608547,0.007545439477675093,0.12379998852786425,0.9183687639361694,False
395238,SYNOVUS BANK,10,2020-08-13,2020-08-13,-0.08871260276456447,-0.0020812411398539554,1.9020256131907471,200,False,0.0,0.0,2,2020-06-30,False,041,0.4369527327280778,17.805229649131878,0.005256357144941589,0.00381788828695404,0.09855208874467065,0.9169456711000482,False
933966,CITIZENS BUSINESS BANK,10,2020-08-13,2020-08-13,-0.07710520735527177,-0.0005060333153324907,1.0369318315503353,200,False,0.0,0.0,2,2020-06-30,False,041,0.6026633300059943,16.436311608356377,0.011958188459496298,0.000811302876013355,0.143121299165598,0.9350151337759919,False
60143,COMERICA BANK,10,2020-08-13,2020-08-13,-0.0927910591885257,-0.0020393696860100067,1.588533256382787,200,False,0.0,0.0,2,2020-06-30,False,031,0.6118361999073431,18.251587308498976,0.0011368615515791717,0.005761640196793685,0.09683455111732174,0.9056722523798285,False
601050,COMMERCE BANK,10,2020-08-13,2020-08-13,-0.05685067910781762,0.0001868000163696572,1.0961272986329385,200,False,0.0,0.0,2,2020-06-30,False,041,0.4022108632095137,17.230161960366942,0.006832060200060856,0.0028777708021147696,0.09665129794607363,0.9033822334671474,False
682563,FROST BANK,10,2020-08-13,2020-08-13,-0.10930078040126576,-0.0006223885944071327,1.4450642562935343,200,False,0.0,0.0,2,2020-06-30,False,041,0.4961686960767262,17.49030480464317,0.00778802704557222,0.005590077976073256,0.10323760518396541,0.9313025205213387,False
723112,"FIFTH THIRD BANK, NATIONAL ASSOCIATION",10,2020-08-13,2020-08-13,-0.10174943141744694,-0.0013014088247429935,1.7845560628745039,200,False,0.0,0.0,2,2020-06-30,False,031,0.6055620323165025,19.12024444454704,0.003713545351540332,0.00915141086422081,0.11984002180364665,0.917992441804375,False
233031,REGIONS BANK,10,2020-08-13,2020-08-13,-0.08936872076909522,-0.0014642333115951005,1.624817822484527,200,False,0.0,0.0,2,2020-06-30,False,031,0.3960804032682084,18.781448301710597,0.00023702794838367853,0.009149400218102509,0.12393075995343097,0.9536851321235276,False
342634,TRUSTMARK NATIONAL BANK,10,2020-08-13,2020-08-13,-0.058018221564191154,-0.001583687575581003,1.083762563665089,200,False,0.0,0.0,2,2020-06-30,False,041,0.4209283328836313,16.568532403866435,0.007116774515800632,0.009773997921253368,0.10961095981490854,0.9677802290306925,False
501105,MANUFACTURERS AND TRADERS TRUST COMPANY,10,2020-08-13,2020-08-13,-0.09889211330301911,-0.0018618321925714801,1.3393197039751235,200,False,0.0,0.0,2,2020-06-30,False,031,0.4995678781714221,18.751087206621666,0.007153100620019515,0.01730150460329669,0.11202880603057222,0.9419835006063286,False
165628,FIRST FINANCIAL BANK,10,2020-08-13,2020-08-13,-0.07317251591724398,-0.0024427344658042496,1.457496060898132,200,False,0.0,0.0,2,2020-06-30,False,041,0.344349345935513,16.57555707960656,0.009493070443372388,0.006650230239394793,0.14131596958035333,0.8794878239334886,False
991340,1ST SOURCE BANK,10,2020-08-13,2020-08-13,-0.09431149549318533,-0.0012827850856174186,1.2609896335106583,200,False,0.0,0.0,2,2020-06-30,False,041,0.3458002208223681,15.812754029177444,0.010069868346127058,0.011468659394675701,0.11330400031701589,0.9225514621558089,False
485559,FIRST HORIZON BANK,10,2020-08-13,2020-08-13,-0.07849766786081354,-0.0018388678060116423,1.7124611049204028,200,False,0.0,0.0,2,2020-06-30,False,041,0.44835081789539316,17.696357336023784,0.004247828190750413,0.007430309333528941,0.11090464697407752,0.9056775228511046,False
451965,"WELLS FARGO BANK, NATIONAL ASSOCIATION",10,2020-08-13,2020-08-13,-0.06708123017814048,-0.0028929758287924118,1.4601737309104117,200,False,0.0,0.0,2,2020-06-30,False,031,0.5286912273315889,21.31101916795963,-0.000933364445481516,0.01989427716781089,0.09356978565952198,0.9201465165542131,False
12311,"HUNTINGTON NATIONAL BANK, THE",10,2020-08-13,2020-08-13,-0.09978619770443992,-0.0019791726807325202,1.3657002031940875,200,False,0.0,0.0,2,2020-06-30,False,031,0.3774235146824459,18.58860233376257,0.0047727685715002145,0.010860278917986592,0.10148702974203205,0.9307553422428452,False
852218,"JPMORGAN CHASE BANK, NATIONAL ASSOCIATION",10,2020-08-13,2020-08-13,-0.07891213694195295,-0.0010727105215546332,1.3784665375888197,200,False,0.0,0.0,2,2020-06-30,False,031,0.4712123014025923,21.760720549303066,0.002607347560705522,0.010302592703419525,0.08957255871227221,0.7985938496198342,False
541101,"BANK OF NEW YORK MELLON, THE",10,2020-08-13,2020-08-13,-0.07379748637441089,-0.0008739371447381112,1.166257395379464,200,False,0.0,0.0,2,2020-06-30,False,031,0.5804124480305104,19.695934599883255,0.007425389916778644,0.0025940811107051515,0.07970141998709357,0.9360199859758189,False
210434,"NORTHERN TRUST COMPANY, THE",10,2020-08-13,2020-08-13,-0.04814622943979237,-0.0009587626732435276,1.269466812548818,200,False,0.0,0.0,2,2020-06-30,False,031,0.2935152951674646,18.832287241728864,0.008922196710566519,0.0032960269433798765,0.07117605509680125,0.8926834595627761,False
1394676,AMERICAN EXPRESS NATIONAL BANK,10,2020-08-13,2020-08-13,-0.08437083315412078,-0.0009125044945078411,1.5668072493321876,200,False,0.0,0.0,2,2020-06-30,False,031,0.14337437893943508,18.747342471659152,0.022173253047443657,0.008147815958654544,0.1028685226467037,0.8167907989955348,False
480228,"BANK OF AMERICA, NATIONAL ASSOCIATION",10,2020-08-13,2020-08-13,-0.08708439594556996,-0.0010221010514648804,1.4978051803548282,200,False,0.0,0.0,2,2020-06-30,False,031,0.3609951486175318,21.494140431570386,0.005392162305195646,0.006583344439178214,0.09714589185328286,0.9328065995439756,False
817824,"PNC BANK, NATIONAL ASSOCIATION",10,2020-08-13,2020-08-13,-0.07389723519735635,-0.0011881452545494712,1.467783391376871,200,False,0.0,0.0,2,2020-06-30,False,031,0.42428439646135996,19.936480045532004,0.0005799617432582588,0.01105783121416286,0.09883476272327808,0.8901353028863396,False
280110,KEYBANK NATIONAL ASSOCIATION,10,2020-08-13,2020-08-13,-0.10568502244345154,-0.0014300965795039258,1.7904298679357784,200,False,0.0,0.0,2,2020-06-30,False,031,0.5013010901546044,18.950163480339523,0.0052371605153085435,0.00851938013128361,0.1029786312887836,0.9205568157991075,False
504713,U.S. BANK NATIONAL ASSOCIATION,10,2020-08-13,2020-08-13,-0.08156344950981664,-0.00181013467375463,1.3817398677018062,200,False,0.0,0.0,2,2020-06-30,False,031,0.4957119872515964,20.10018812733219,0.006664198530624807,0.010337377855452107,0.09579573003216055,0.8784650197670041,False
34537,SEACOAST NATIONAL BANK,10,2020-08-13,2020-08-13,-0.09987643934338919,-0.0008640270226639959,1.4425392571933409,200,False,0.0,0.0,2,2020-06-30,False,041,0.27288362940905697,15.905360246475627,0.006718952954711333,0.005345979300483474,0.12936068879349802,0.9473240820678488,False
476810,"CITIBANK, N.A.",10,2020-08-13,2020-08-13,-0.10027133367978469,-0.0012228596768655599,1.73046803460433,200,False,0.0,0.0,2,2020-06-30,False,031,0.35238383385446675,21.214129744762293,0.0024434927010449116,0.01104456397282366,0.09387125266338868,0.8409543227205117,False
852320,TRUIST BANK,10,2020-08-13,2020-08-13,-0.09336539474948216,-0.0013218559715462554,1.567411599246575,200,False,0.0,0.0,2,2020-06-30,False,031,0.45652712916740157,20.01804405085865,0.008020259150322166,0.006947472181676871,0.13088488033376586,0.911435667092229,False
35301,STATE STREET BANK AND TRUST COMPANY,10,2020-08-13,2020-08-13,-0.060803761000892805,0.0004912942703411483,1.412151064855862,200,False,0.0,0.0,2,2020-06-30,False,031,0.6004902078635207,19.438834683024247,0.010021386665125285,0.0,0.09328487615964856,0.828623907309571,False
17147,FIRST MERCHANTS BANK,10,2020-08-13,2020-08-13,-0.10455744438354607,-0.0014604343525737287,1.2107269403342078,200,False,0.0,0.0,2,2020-06-30,False,041,0.41756446362492544,16.43996978038503,0.0103931902845458,0.005923258621323731,0.13646385826714014,0.9231104057777945,False
572374,GREAT SOUTHERN BANK,10,2020-08-13,2020-08-13,-0.07897353537791617,-0.0016658259909954193,1.1583137740387213,200,False,0.0,0.0,2,2020-06-30,False,041,0.555943216548005,15.532832000576626,0.011230988277413598,0.0023162970390864217,0.12359437588763267,0.950667524931543,False
489623,"PARK NATIONAL BANK, THE",10,2020-08-13,2020-08-13,-0.039668899964513206,-0.0014487228365394323,1.0167014303979516,200,False,0.0,0.0,2,2020-06-30,False,041,0.19270402369449308,16.08549001783803,0.011707163462442462,0.014057237123735343,0.0955500257149298,0.9401148274332978,False
595869,CATHAY BANK,10,2020-08-13,2020-08-13,-0.10969191887403523,-0.0012282487540763618,1.5017584365054422,200,False,0.0,0.0,2,2020-06-30,False,031,0.3676208802272738,16.772257066762446,0.010894664015428311,0.00497048473261231,0.12591935197435047,0.9699994522158878,False
1718188,NORTHRIM BANK,10,2020-08-13,2020-08-13,-0.059757550754777886,-0.001792286716839386,1.517611877986709,200,False,0.0,0.0,2,2020-06-30,False,051,0.34574504211781343,14.51002080912126,0.012727639499722379,0.009875102845861369,0.09550573018402898,0.9672379566492368,False
463735,HANCOCK WHITNEY BANK,10,2020-08-13,2020-08-13,-0.08036898695975284,-0.0024492521406855494,1.6960593345324546,200,False,0.0,0.0,2,2020-06-30,False,041,0.43965563336145064,17.318025041694156,-0.013364087433817312,0.008247298034596205,0.10077332556197395,0.9240394745379475,False
339858,"BOKF, NATIONAL ASSOCIATION",10,2020-08-13,2020-08-13,-0.11059038867804884,-0.0013329007790476148,1.5864858066322227,200,False,0.0,0.0,2,2020-06-30,False,041,0.5615678917027318,17.635898159321464,0.006258837863088875,0.020015365711066012,0.1078495699257339,0.8381588904629198,False
693345,"FIRST FINANCIAL BANK, NATIONAL ASSOCIATION",10,2020-08-13,2020-08-13,-0.06517151740193798,-0.0006946341639143055,1.1911570011058383,200,False,0.0,0.0,2,2020-06-30,False,051,0.3143254548047531,15.260999342183222,0.010900755573966182,0.006801533398473795,0.13335929985584102,0.9494227640928026,False
702117,"NBT BANK, NATIONAL ASSOCIATION",10,2020-08-13,2020-08-13,-0.06774863571564745,-0.0009356746442417367,1.0352383902393776,200,False,0.0,0.0,2,2020-06-30,False,041,0.31544269258269153,16.191689826855633,0.006325706432333346,0.0036137495162960167,0.11796715980259202,0.9330972949470062,False
677176,TRUSTCO BANK,10,2020-08-13,2020-08-13,-0.08560045961056004,-0.0010564754820603494,1.3940654878479457,200,False,0.0,0.0,2,2020-06-30,False,041,0.09838939712302641,15.551917452431294,0.008938314847040881,0.005243011412640055,0.09505806769141446,0.9470629651178748,False
749242,RENASANT BANK,10,2020-08-13,2020-08-13,-0.07523956933560841,-0.0016293028309674338,1.20036719244892,200,False,0.0,0.0,2,2020-06-30,False,041,0.40241980932997606,16.51560170297578,0.0036326644933488733,0.003890165087905135,0.1519828388891995,0.9406749186055966,False
936426,S & T BANK,10,2020-08-13,2020-08-13,-0.07667373845454438,-0.0021508111854701873,1.1636867124667234,200,False,0.0,0.0,2,2020-06-30,False,041,0.2786733431286697,16.062178736726942,-0.003502895514751892,0.012206166035750964,0.12069401831205148,0.9477740670242347,False
42420,FIRST COMMONWEALTH BANK,10,2020-08-13,2020-08-13,-0.07346878841049981,-0.002172723287466006,1.2239553411784265,200,False,0.0,0.0,2,2020-06-30,False,041,0.25961728781228205,16.0498169172714,0.006773875077743568,0.007190103435137396,0.11869945195937345,0.9476746700540422,False
143662,UMPQUA BANK,10,2020-08-13,2020-08-13,-0.11651298177140323,-0.0010231746569781522,1.3460293294488512,200,False,0.0,0.0,2,2020-06-30,False,041,0.36349633971352385,17.204372942047673,-0.1208940011014361,0.0032141370994551066,0.09225679760846832,0.9287800943467038,False
61122,FIRST UNITED BANK & TRUST,10,2020-08-13,2020-08-13,-0.030364149391126704,-0.0023717121115309475,0.6303524194562707,200,False,0.0,0.0,2,2020-06-30,False,041,0.32169776504974756,14.301044834934336,0.005714310329018986,0.00953551850743742,0.08800628660287758,0.9141791422435054,False
936855,"UMB BANK, NATIONAL ASSOCIATION",10,2020-08-13,2020-08-13,-0.046247329294893114,-0.0011154479225093143,1.2101227011070566,200,False,0.0,0.0,2,2020-06-30,False,041,0.6977692099985198,17.205778395834052,0.004284775654186866,0.005670811338174461,0.08655323656658669,0.9072260428657225,False
577128,PEOPLES BANK,10,2020-08-13,2020-08-13,-0.07979209054924363,-0.0019367838604660102,1.3184934916785678,200,False,0.0,0.0,2,2020-06-30,False,041,0.3173270837983285,15.420723758858555,0.0026608174743081884,0.007965890158400109,0.11235225463509062,0.912382498764574,False
317342,STOCK YARDS BANK & TRUST COMPANY,10,2020-08-13,2020-08-13,-0.04509605895895752,0.0004622897120438359,1.2568311508563388,200,False,0.0,0.0,2,2020-06-30,False,041,0.26851319003282276,15.281197954227736,0.012939326671930085,0.004139016970544044,0.09346893524771512,0.9512314844297268,False
584724,UNIFIED BANK,10,2020-08-13,2020-08-13,-0.0029076475947829895,0.0007799379991476831,0.15799804623706257,200,False,0.0,0.0,2,2020-06-30,False,051,0.1648528405777127,13.462338044776525,0.013549603106813808,0.0035411527248261944,0.12493309189472365,0.9679060347001358,False
1386251,BANCFIRST,10,2020-08-13,2020-08-13,-0.045897972320134296,-0.0011837806134288188,1.4260650433658584,200,False,0.0,0.0,2,2020-06-30,False,041,0.28005714954455907,15.983386422099812,0.009234870762154308,0.008733424135148125,0.10202157968808998,0.9929697293420975,False
100562,TRI COUNTIES BANK,10,2020-08-13,2020-08-13,-0.1047990664377849,-0.0008281538795376184,1.1473282032532246,200,False,0.0,0.0,2,2020-06-30,False,041,0.2897124328625677,15.811340844773232,0.006768945586690422,0.0044854647572705325,0.12731021117620758,0.9737906371729319,False
37640,GERMAN AMERICAN BANK,10,2020-08-13,2020-08-13,-0.06446590371633909,-0.0002006960583573861,1.0801891168570705,200,False,0.0,0.0,2,2020-06-30,False,041,0.36559370264062874,15.392983800376488,0.01149605674846119,0.005818248394286919,0.11862401666506976,0.9476662879784492,False
981275,PREMIER BANK,10,2020-08-13,2020-08-13,-0.08550102279702543,-0.001751730555531608,1.420197593061973,200,False,0.0,0.0,2,2020-06-30,False,041,0.20638507252376806,15.756975699738806,0.000962267795138266,0.007030293314809125,0.13110432354697707,0.9617496689673531,False
435077,"PATHWARD, NATIONAL ASSOCIATION",10,2020-08-13,2020-08-13,-0.06924447251193233,-0.0024657019235152576,1.5104254945751154,200,False,0.0,0.0,2,2020-06-30,False,041,0.04209283225377164,15.988780500337635,0.01690730706944487,0.010968438141302625,0.10467009674552206,0.9657309450686403,False
2142155,QUAD CITY BANK AND TRUST COMPANY,10,2020-08-13,2020-08-13,-0.10992265599816839,-0.0008505330644429948,1.482505424185573,200,False,0.0,0.0,2,2020-06-30,False,041,0.7058584171934024,14.509280044851465,0.00971695119787932,0.0043533824011370344,0.09207218506479717,0.9400204514509193,False
921178,RIVERVIEW BANK,10,2020-08-13,2020-08-13,-0.04386939275681055,-0.0010627856061188024,1.4279618886596015,200,False,0.0,0.0,2,2020-06-30,False,041,0.23804293345785263,14.135064774235925,0.0055371757933446375,0.0012845061432902505,0.12093738240221312,0.9646451205522294,False
693224,ATLANTIC UNION BANK,10,2020-08-13,2020-08-13,-0.08326772045445296,-0.0022350555497443643,1.2678712719449734,200,False,0.0,0.0,2,2020-06-30,False,041,0.35722427578224336,16.796472079078747,0.004580459614966562,0.004099149300682164,0.13750944092472653,0.9287660902220294,False
470050,"FIRST FINANCIAL BANK, NATIONAL ASSOCIATION",10,2020-08-13,2020-08-13,-0.06669645017942728,-0.0005584754840856289,1.1963323022388401,200,False,0.0,0.0,2,2020-06-30,False,041,0.4067407054109955,16.14816509949688,0.017011505094339678,0.007405106969026985,0.1431189370167335,0.9347847086587298,False
936136,OLD SECOND NATIONAL BANK,10,2020-08-13,2020-08-13,-0.0839668918946467,-0.0021297139523181103,1.303436625512482,200,False,0.0,0.0,2,2020-06-30,False,041,0.2203464339372976,14.891897005724168,0.009114339253007269,0.009304218303550426,0.11458566940394498,0.9579484167142379,False
694904,"FLAGSTAR BANK, NATIONAL ASSOCIATION",10,2020-08-13,2020-08-13,-0.13348443568586865,-0.0008507765461872462,0.8852964788747147,200,False,0.0,0.0,2,2020-06-30,False,041,0.2951151947750947,17.807947414491405,0.008263677036761775,0.0012655404564665379,0.1327884918928741,0.6781598775299154,False
229801,VALLEY NATIONAL BANK,10,2020-08-13,2020-08-13,-0.1193367179130636,-0.0014575366241452454,1.2726571960489859,200,False,0.0,0.0,2,2020-06-30,False,041,0.4293287429953807,17.546161627565716,0.009092449518301248,0.006835133794416623,0.1146683687935236,0.8539783857416139,False
481177,LANDMARK NATIONAL BANK,10,2020-08-13,2020-08-13,-0.05946067234932618,0.0006536263281664043,0.5128920009745733,200,False,0.0,0.0,2,2020-06-30,False,041,0.2994588600857139,13.925090260322678,0.01583962846687919,0.011485750425578745,0.12165164468112374,0.9680318426559763,False
272272,SOUTHERN BANK,10,2020-08-13,2020-08-13,-0.019617902481498053,-0.0013856184242573596,1.2739692125248487,200,False,0.0,0.0,2,2020-06-30,False,051,0.15360137606780222,14.743270862099326,0.010536060223683674,0.003994800345351574,0.10107444562504769,0.9631314451016567,False
764030,AMERIS BANK,10,2020-08-13,2020-08-13,-0.11248942855099053,-0.0020482849290118137,1.5529411478063821,200,False,0.0,0.0,2,2020-06-30,False,041,0.3516889630686997,16.80046607026555,0.00626252740500147,0.005718876269631543,0.13274422204164216,0.9127609424567994,False
2236821,"PATRIOT BANK, NATIONAL ASSOCIATION",10,2020-08-13,2020-08-13,-0.09399911997721282,-0.0028282455514719493,0.9994475569870637,200,False,0.0,0.0,2,2020-06-30,False,051,0.15818503010514257,13.795021074836624,-0.0031886694041863024,0.028066013563677543,0.09466898161615729,0.8877493038095989,False
268677,CARVER FEDERAL SAVINGS BANK,10,2020-08-13,2020-08-13,-0.13704355973872334,0.011743741548200818,0.4076686306046926,200,False,0.0,0.0,2,2020-06-30,False,041,0.20323213434532322,13.416439464506501,-0.006566876768965471,0.027058028218156442,0.09378591027851844,0.8971115986697762,False
112837,"CAPITAL ONE, NATIONAL ASSOCIATION",10,2020-08-13,2020-08-13,-0.09608101524088909,-0.0015726477821356992,1.737414805272808,200,False,0.0,0.0,2,2020-06-30,False,031,0.29401204994007896,19.711865581885046,-0.004221838275215904,0.008544559020606458,0.11147373706273589,0.9414838045648333,False
1002878,NORTHWEST BANK,10,2020-08-13,2020-08-13,-0.05279201396781754,-0.002227015334121019,0.9711826151278222,200,False,0.0,0.0,2,2020-06-30,False,041,0.1924435803145187,16.454696093646497,0.0006980533567303336,0.010621752772198392,0.10990790823605116,0.9389432801565158,False
697763,WESTAMERICA BANK,10,2020-08-13,2020-08-13,-0.061620108427842324,-0.0005020345092289567,0.9674576368838576,200,False,0.0,0.0,2,2020-06-30,False,041,0.33428538630074683,15.674680825639221,0.011503785439662696,0.0034359927648916445,0.10566388025443689,0.9530364280780423,False
749635,AUBURNBANK,10,2020-08-13,2020-08-13,-0.09105308959024334,0.002789764741110673,0.7224106857907882,200,False,0.0,0.0,2,2020-06-30,False,051,0.3834904127396815,13.756938203805207,0.0067648524562352215,0.001559240427163339,0.10765976397238922,0.9908409826812821,False
959304,FLUSHING BANK,10,2020-08-13,2020-08-13,-0.06163015384059205,-0.0024187653841608453,1.2010801139551326,200,False,0.0,0.0,2,2020-06-30,False,041,0.29130818177322154,15.784896830858543,0.0041932512516610785,0.003785552226832295,0.09329279345467667,0.7872963033928081,False
352772,BANNER BANK,10,2020-08-13,2020-08-13,-0.10402726081724187,-0.0016101634926579459,1.5671112142463655,200,False,0.0,0.0,2,2020-06-30,False,041,0.30003269923973425,16.462513806414268,0.006054981665550098,0.0035101224087735975,0.11819055497691772,0.9545264125951065,False
498317,"OHIO VALLEY BANK COMPANY, THE",10,2020-08-13,2020-08-13,0.010584697998546957,-0.0014524279528622581,1.532671873092254,200,False,0.0,0.0,2,2020-06-30,False,041,0.2721416067507454,13.900591322520459,0.00462525429255009,0.010001522209029744,0.11636427092087197,0.952371251460335,False
506922,SANDY SPRING BANK,10,2020-08-13,2020-08-13,-0.07615664750935694,-0.0014903448040767852,1.2500790651808746,200,False,0.0,0.0,2,2020-06-30,False,041,0.4051721915537386,16.4015158294282,-7.049982341150001e-05,0.007430601870491657,0.11515061541600657,0.8617957702269281,False
3317932,CONNECTONE BANK,10,2020-08-13,2020-08-13,-0.08326816749409968,-0.0011925414503262666,1.4554035847786013,200,False,0.0,0.0,2,2020-06-30,False,041,0.6068947158529148,15.845854682027172,0.006269901152821029,0.011067728044911592,0.12516852755396787,0.8873661612390792,False
276579,"ZIONS BANCORPORATION, NATIONAL ASSOCIATION",10,2020-08-13,2020-08-13,-0.0954988951947856,-0.0011774741799599007,1.0880549028827657,200,False,0.0,0.0,2,2020-06-30,False,041,0.5036925447945131,18.152112800398218,0.002097652883916915,0.006419684940905713,0.09908430047828475,0.9537042269455831,False
1412712,"COMMUNITY WEST BANK, NATIONAL ASSOCIATION",10,2020-08-13,2020-08-13,0.020813826143514267,-0.00019740075483797208,0.39564488574754475,200,False,0.0,0.0,2,2020-06-30,False,051,0.40576078586989944,13.874413227483215,0.005745414227961141,0.003371381109752123,0.07862468321969468,0.7787372464511085,False
1929247,"SOUTHSTATE BANK, N.A.",10,2020-08-13,2020-08-13,-0.05839717025520325,-0.002093778335025142,1.1995790026158866,200,False,0.0,0.0,2,2020-06-30,False,041,0.30224058389231034,17.44574550042406,-0.002153244614409783,0.004720493248942997,0.1210712047327269,0.9050085797873169,False
1890525,UNITY BANK,10,2020-08-13,2020-08-13,0.0113839833037622,-0.00039087053630027527,1.7245438370825388,200,False,0.0,0.0,2,2020-06-30,False,051,0.3273785264530715,14.454205776584077,0.010962994876473595,0.005940063858978507,0.08960785804495018,0.8609102877126238,False
876634,CAPITAL CITY BANK,10,2020-08-13,2020-08-13,-0.06625190022227671,-0.0008038359132293075,1.381460026224559,200,False,0.0,0.0,2,2020-06-30,False,041,0.32612588096364825,15.06554237167805,0.00811011977238491,0.00332096587219189,0.10349455973349025,0.9582489004416769,False
2239288,"WINTRUST BANK, NATIONAL ASSOCIATION",10,2020-08-13,2020-08-13,-0.11043563072002224,-0.0014681094313649774,1.6146292431753657,200,False,0.0,0.0,2,2020-06-30,False,041,0.5076281280890497,15.937299530095146,0.001892630709958178,0.005011150585348724,0.08625128878254457,0.9589486083299448,False
556815,"PEOPLES BANK, A CODORUS VALLEY COMPANY",10,2020-08-13,2020-08-13,-0.029959632737853098,-0.0018807989491459172,1.2862706013311533,200,False,0.0,0.0,2,2020-06-30,False,041,0.2183696097905317,14.541933894680884,0.0004391412177560077,0.012917451007405495,0.09579614174782074,0.9691248969697748,False
729310,PATHFINDER BANK,10,2020-08-13,2020-08-13,-0.05258752092613808,-0.001282224257261286,0.4339438417033759,200,False,0.0,0.0,2,2020-06-30,False,051,0.22177664580960893,13.966347467600578,0.006408630151005283,0.010401727004292698,0.08208326919256592,0.9184073382321106,False
431172,PACIFIC PREMIER BANK,10,2020-08-13,2020-08-13,-0.10809096480617432,-0.001537920343341429,1.5198943019697475,200,False,0.0,0.0,2,2020-06-30,False,041,0.35855280841853276,16.83668745396126,-0.0063353315374160965,0.002242436673787218,0.13973122268701077,0.97176943195554,False
107244,BANK OZK,10,2020-08-13,2020-08-13,-0.13673117880781804,-0.000517045262235591,1.37643946472093,200,False,0.0,0.0,2,2020-06-30,False,041,0.39408209906407177,17.08813220930308,0.004710465254727476,0.0032892517295382614,0.15582267886748838,0.9307014982006941,False
874845,LAKE CITY BANK,10,2020-08-13,2020-08-13,-0.06978199325978311,0.0003465236214915066,1.0859511493301919,200,False,0.0,0.0,2,2020-06-30,False,041,0.5169499067665915,15.508321503300651,0.01364408501167306,0.0032832117345421917,0.11352897362447781,0.9655680459776318,False
522605,BAR HARBOR BANK AND TRUST COMPANY,10,2020-08-13,2020-08-13,-0.0634051669664812,0.0002919085343687115,1.4720983673581505,200,False,0.0,0.0,2,2020-06-30,False,041,0.21854687130371048,15.144641269936395,0.00977193351188721,0.005530485081612667,0.11920403583289348,0.8143341085052326,False
593007,CAMDEN NATIONAL BANK,10,2020-08-13,2020-08-13,-0.07352090031146957,-0.0010623557596368162,1.173393874988078,200,False,0.0,0.0,2,2020-06-30,False,041,0.2616213229529373,15.411756234244328,0.010572965050769363,0.0025450317162459147,0.1113888172837945,0.916302969307569,False
786612,MID PENN BANK,10,2020-08-13,2020-08-13,0.008273893546867781,-0.0008516455741413782,1.6783830110427465,200,False,0.0,0.0,2,2020-06-30,False,041,0.3402480047913223,14.887518056996216,0.008434095407495042,0.005918356347137293,0.08974893521171504,0.8797202770904003,False
881478,HERITAGE BANK,10,2020-08-13,2020-08-13,-0.07134325939030468,-0.0013886207017367298,1.1585722910487724,200,False,0.0,0.0,2,2020-06-30,False,041,0.40754573731401306,15.696959592409863,0.0026975435653895288,0.007201320052863783,0.12228493398149141,0.969939159277633,False
671464,BANK OF HOPE,10,2020-08-13,2020-08-13,-0.09300378648422,-0.0020727276186586793,1.2625507938750982,200,False,0.0,0.0,2,2020-06-30,False,041,0.3976799292136257,16.658509921180706,0.006973073444390601,0.008742171189979123,0.13455466387342965,0.9519904585335582,False
606046,CADENCE BANK,10,2020-08-13,2020-08-13,-0.08921005565794184,-0.0010213981677163195,1.3534247622237277,200,False,0.0,0.0,2,2020-06-30,False,041,0.3486082220008465,16.960325246505015,0.007358916869438195,0.00864353516659693,0.11771023450710871,0.9243966343086059,False
782306,BROOKLINE BANK,10,2020-08-13,2020-08-13,-0.08943103753728257,-0.0017163272642112877,1.1283439900356738,200,False,0.0,0.0,2,2020-06-30,False,041,0.32632695759137714,15.60158338887005,0.000919882862438122,0.005885482654592824,0.09717033773345087,0.7739732627141537,False
1001152,INTERNATIONAL BANK OF COMMERCE,10,2020-08-13,2020-08-13,-0.09612636132597237,-0.0004240077085638913,1.4472300118144854,200,False,0.0,0.0,2,2020-06-30,False,041,0.33326161823603284,16.096106144183363,0.012588391214724654,0.009915159597278865,0.15524796562843565,0.8526838348162484,False
59316,WAYNE BANK,10,2020-08-13,2020-08-13,0.04628193228714969,-0.0009505665470556188,1.2039458205535578,200,False,0.0,0.0,2,2020-06-30,False,051,0.2370656704527579,14.113103851593559,0.008428547453093462,0.0030049614218361203,0.09961206403616775,0.8965537433761521,False
491934,COLONY BANK,10,2020-08-13,2020-08-13,0.01521779879533321,-0.0009430878380437775,0.987506245611363,200,False,0.0,0.0,2,2020-06-30,False,051,0.18343886516467875,14.387712520936372,0.00518800450296671,0.010136097385790887,0.0954352444608713,0.8896295658618198,False
361167,SOUTHSIDE BANK,10,2020-08-13,2020-08-13,-0.07414954418271916,-0.0009681075205840071,1.0677981563533265,200,False,0.0,0.0,2,2020-06-30,False,041,0.3481897781886161,15.806842073906354,0.00816787779199187,0.001462669636612177,0.13063908401602614,0.7985689459673229,False
316840,REPUBLIC BANK & TRUST COMPANY,10,2020-08-13,2020-08-13,-0.09463503242222618,-0.0011462857109436207,1.3170133509516684,200,False,0.0,0.0,2,2020-06-30,False,041,0.3097224970982534,15.679848329998208,0.013233489293146479,0.003989389501686782,0.11375704430889282,0.8951909320815566,False
2209553,HERITAGE BANK OF COMMERCE,10,2020-08-13,2020-08-13,-0.11746018837794556,-0.0020922006926655237,1.3869380224690486,200,False,0.0,0.0,2,2020-06-30,False,041,0.5863152769492063,15.344255634770784,0.006292189398760077,0.003391293166051836,0.12839387865496918,0.9752633151276945,False
821906,SALISBURY BANK AND TRUST COMPANY,10,2020-08-13,2020-08-13,-0.049734385762955816,0.0005879001673844338,0.558890706824144,200,False,0.0,0.0,2,2020-06-30,False,051,0.29056224954977566,14.06793093001941,0.008138993751247924,0.0045414119112586375,0.09789478509280675,0.9368358318986714,False
416245,BUSEY BANK,10,2020-08-13,2020-08-13,-0.07341199131996275,-0.0014102023401857619,1.3483330942087135,200,False,0.0,0.0,2,2020-06-30,False,041,0.3827656901231258,16.19703085326644,0.009052296840816971,0.0034587203497859218,0.125074320726579,0.9607726975549938,False
399517,CNB BANK,10,2020-08-13,2020-08-13,-0.0618549823586973,-0.002112735492137134,1.469645468471159,200,False,0.0,0.0,2,2020-06-30,False,041,0.3296966148410717,15.308668554491272,0.008115691970353596,0.009593069204667213,0.08304071101046251,0.8853673155911231,False
664756,PROSPERITY BANK,10,2020-08-13,2020-08-13,-0.09071337062102462,-0.0005872659351963902,1.3562824680334895,200,False,0.0,0.0,2,2020-06-30,False,041,0.40293265916406923,17.31128794382651,0.016154943155023485,0.0034052036858291876,0.18319271402735687,0.9742239882537813,False
767974,CFBANK NATIONAL ASSOCIATION,10,2020-08-13,2020-08-13,-0.04690462110479642,-0.0005203851935847044,0.3299956256340443,200,False,0.0,0.0,2,2020-06-30,False,051,0.2133341880142654,13.949858741923915,0.022491871329639767,0.0005682001551059288,0.09323906203143756,0.8272903017418008,False
716374,FIRST HARRISON BANK,10,2020-08-13,2020-08-13,0.03027235358018259,0.0013988023034398505,1.1836839109774138,200,False,0.0,0.0,2,2020-06-30,False,051,0.23198717269292107,13.727056322372807,0.009685965401023658,0.004593157913237746,0.10761953143350321,0.9934654127246303,False
197478,EAST WEST BANK,10,2020-08-13,2020-08-13,-0.0855535675636972,-0.0008428390577877595,1.3693204467353024,200,False,0.0,0.0,2,2020-06-30,False,031,0.5354259917632976,17.715671668464257,0.010143854506446202,0.004802691741935113,0.0948195146492311,0.9207379271230997,False
958727,AMERICAN NATIONAL BANK AND TRUST COMPANY,10,2020-08-13,2020-08-13,-0.05671016077609986,-0.001212792627770622,1.4587052505876028,200,False,0.0,0.0,2,2020-06-30,False,041,0.37862676294916836,14.862186889641102,0.01066579967691524,0.0015347655277407682,0.12246604748524403,0.9743254786715826,False
968070,CAPITOL FEDERAL SAVINGS BANK,10,2020-08-13,2020-08-13,-0.08605069711586336,-0.0010333988505631941,0.864589583899518,200,False,0.0,0.0,2,2020-06-30,False,041,0.11019426298361844,16.075226145049854,0.004954926556026472,0.0013885823065182242,0.12208513162965416,0.7405366279130597,False
202907,"COMMUNITY BANK, NATIONAL ASSOCIATION",10,2020-08-13,2020-08-13,-0.05584173436347684,-0.0005525585911308998,1.0379692758483474,200,False,0.0,0.0,2,2020-06-30,False,041,0.36459694293080874,16.399003303757787,0.00940957900791139,0.0035518591478590953,0.13341200951755802,0.9685010861694424,False
601416,FIVE STAR BANK,10,2020-08-13,2020-08-13,-0.0672631051168408,-0.00197186848039406,1.6211894397635669,200,False,0.0,0.0,2,2020-06-30,False,041,0.2909645400345183,15.351361562467108,0.006339342088749498,0.003774400675738552,0.0970488950389826,0.9545142662055502,False
662369,BANK OF THE SIERRA,10,2020-08-13,2020-08-13,-0.09650149093694999,-0.0010352605456076353,1.534421682216935,200,False,0.0,0.0,2,2020-06-30,False,041,0.31460573029047945,14.950073153730255,0.011027672725015942,0.0026481356011982915,0.11160703231994978,0.9129015584550967,False
439404,FIRST NATIONAL BANK,10,2020-08-13,2020-08-13,-0.04224338828670371,-0.0005596264180131669,1.3646368698544225,200,False,0.0,0.0,2,2020-06-30,False,041,0.16822983314226903,14.618714111366302,0.011984689266093425,0.0067363599352727255,0.08405944061895067,0.851403713635768,False
2608754,MERCANTILE BANK,10,2020-08-13,2020-08-13,-0.1034371845264053,-0.0016602589524873678,1.2802265690054195,200,False,0.0,0.0,2,2020-06-30,False,041,0.4044207095288921,15.273274986452943,0.0103771951221783,0.0009633801532287486,0.10360646167997721,0.849522033955518,False
29636,"CITIZENS BANK OF PHILADELPHIA, THE",10,2020-08-13,2020-08-13,-0.00260752098457842,0.001772066485944861,-0.020680481036941954,200,False,0.0,0.0,2,2020-06-30,False,051,0.39333325907485067,14.15345385490264,0.004049752471540111,0.017433306716797967,0.08356911717821122,0.8384502355061748,False
2652092,EAGLEBANK,10,2020-08-13,2020-08-13,-0.11235280880260255,-0.0013929567673287137,1.2817648298802122,200,False,0.0,0.0,2,2020-06-30,False,041,0.39866745031805884,16.096027122445854,0.012205609395145972,0.007288082337704139,0.1377122170184176,0.9466695073238212,False
1436204,BANK OF MARIN,10,2020-08-13,2020-08-13,-0.08621033566790892,-0.0011630961819049388,1.2778754713407396,200,False,0.0,0.0,2,2020-06-30,False,041,0.46936840124575463,14.972876857200927,0.009543796830657326,0.0007520610595862669,0.10668974142420831,0.9835716836640448,False
2634351,MACATAWA BANK,10,2020-08-13,2020-08-13,-0.07228855386673959,-0.0013964339909909652,1.085544943838651,200,False,0.0,0.0,2,2020-06-30,False,051,0.39023834754735237,14.711749591526639,0.011995739418944894,0.001890223828837899,0.0990499393969074,0.9626169959971209,False
754929,"NATIONAL BANK OF BLACKSBURG, THE",10,2020-08-13,2020-08-13,-0.01686463978014821,-0.0009271930924335177,1.464149516202306,200,False,0.0,0.0,2,2020-06-30,False,041,0.32658191522943153,14.173790413343392,0.01003588036895139,0.005126240122818008,0.13544664559784075,0.9859222673112056,False
687009,LAKELAND BANK,10,2020-08-13,2020-08-13,-0.07619511698984462,-0.0013216133188857584,1.3861430514409292,200,False,0.0,0.0,2,2020-06-30,False,041,0.37729469721804304,15.828302685471987,0.007303133206888927,0.006228915419969064,0.1101314304763979,0.9238560822085361,False
2634191,GLACIER BANK,10,2020-08-13,2020-08-13,-0.08326822688500529,-0.0005270678589403469,1.3598686545008578,200,False,0.0,0.0,2,2020-06-30,False,041,0.24871032210377506,16.642611198634523,0.013260101958991148,0.003563746837053666,0.1365129177509459,0.9210825983918655,False
186221,"OLD POINT NATIONAL BANK OF PHOEBUS, THE",10,2020-08-13,2020-08-13,0.007865324066478468,-0.0015817022073812994,0.840715876813039,200,False,0.0,0.0,2,2020-06-30,False,041,0.22997694521085568,14.009880902376098,0.006313470218501399,0.007866463126099427,0.09007151643494771,0.9176184228385287,False
474919,"FULTON BANK, NATIONAL ASSOCIATION",10,2020-08-13,2020-08-13,-0.08866448429463969,-0.0019976555856910786,1.3010959051122977,200,False,0.0,0.0,2,2020-06-30,False,041,0.3372218774088274,17.013873749941965,0.006612253070420842,0.007436168011025718,0.1182446821888644,0.9269817549040679,False
473501,BERKSHIRE BANK,10,2020-08-13,2020-08-13,-0.113888483324071,-0.004634556437024135,1.521098618057043,200,False,0.0,0.0,2,2020-06-30,False,041,0.30855293238411946,16.38473867155601,-0.08359187217456716,0.006135812636963413,0.08832848501996401,0.9150829792845213,False
508346,HAWTHORN BANK,10,2020-08-13,2020-08-13,0.0682040833615856,3.7724576212954365e-05,1.3934055722682117,200,False,0.0,0.0,2,2020-06-30,False,041,0.25092370251101187,14.331644268875987,0.006467180372620837,0.006906492894229159,0.10086617006965529,0.8826251284406836,False
236706,PEAPACK-GLADSTONE BANK,10,2020-08-13,2020-08-13,-0.10510854434614086,-0.0017857931013400762,1.5275942866502674,200,False,0.0,0.0,2,2020-06-30,False,041,0.5323524163214153,15.652420719367996,0.0037918705621517407,0.0054484418460415684,0.09142355729457156,0.8528696686528024,False
657365,HANMI BANK,10,2020-08-13,2020-08-13,-0.09752384662080354,-0.002540908081560739,1.4829767347119767,200,False,0.0,0.0,2,2020-06-30,False,041,0.3553008776782015,15.642501544072083,0.005015158909099158,0.012028900081241477,0.10370373588309997,0.9388626620151215,False
636771,INDEPENDENT BANK,10,2020-08-13,2020-08-13,-0.09626038049755825,-0.001095266441462797,1.3379512505456086,200,False,0.0,0.0,2,2020-06-30,False,041,0.16581737685157255,15.212288770956016,0.009766570117531338,0.004385015396509673,0.09355947667531882,0.9717923762559451,False
2353595,FIRST COMMUNITY BANK,10,2020-08-13,2020-08-13,-0.08617049236285199,-0.0015298957818979872,1.3100622828280706,200,False,0.0,0.0,2,2020-06-30,False,051,0.1383012123027849,14.896772869130208,0.011308510143979834,0.011724916078447523,0.13650221696588555,0.9845954493750039,False
780218,"UNION BANK COMPANY, THE",10,2020-08-13,2020-08-13,-0.01341795304537588,0.0005920521525809285,0.49216595171617844,200,False,0.0,0.0,2,2020-06-30,False,041,0.19400269888112373,13.831818851888452,0.014550756462247722,0.003250210062270514,0.11884495131055191,0.9341255388586747,False
542528,CIVISTA BANK,10,2020-08-13,2020-08-13,-0.11496683639128381,-0.001299113849705468,1.6063217354653616,200,False,0.0,0.0,2,2020-06-30,False,041,0.2824861383116413,14.84765963001177,0.010605281194916305,0.002666192502723504,0.11857359858529752,0.8473743729050308,False
933023,"SHORE UNITED BANK, NATIONAL ASSOCIATION",10,2020-08-13,2020-08-13,0.012373023523868237,-0.000988304104398422,1.5521380454031672,200,False,0.0,0.0,2,2020-06-30,False,051,0.1468174982087263,14.357221288506993,0.010297013575187105,0.00870705894976653,0.11276102493098965,0.9892388442838737,False
1162017,UNITED SECURITY BANK,10,2020-08-13,2020-08-13,-0.09667734929274521,-0.0011031056205838509,1.6670137271200722,200,False,0.0,0.0,2,2020-06-30,False,051,0.4909990099971316,13.846639001460598,0.007787766401904581,0.018333461805287905,0.12151300190574418,0.9886280251979833,False
628123,"BANK OF GLEN BURNIE, THE",10,2020-08-13,2020-08-13,0.061886815152289665,-0.00031394793692879526,0.28516073124355557,200,False,0.0,0.0,2,2020-06-30,False,041,0.059449534847005304,12.943901562215007,0.0013483855235035072,0.013893031726925952,0.08569659413117592,0.8943713163578552,False
333203,UNION BANK,10,2020-08-13,2020-08-13,-0.006360681713973474,-0.0018413813071470686,1.3453145307847165,200,False,0.0,0.0,2,2020-06-30,False,041,0.16374595582209867,13.728407904081763,0.01107373800299591,0.004375927232871944,0.0822467796151576,0.9792177100013433,False
2925666,PINNACLE BANK,10,2020-08-13,2020-08-13,-0.09854576386802019,-0.0012770108790634421,1.4622710017164735,200,False,0.0,0.0,2,2020-06-30,False,041,0.4259914473718571,17.31791521249923,0.005990689190138122,0.0028551782663886983,0.14342040451114904,0.9090533262948584,False
139740,WEST BANK,10,2020-08-13,2020-08-13,-0.03482423617080681,-0.0008008858383901816,1.1427025893709264,200,False,0.0,0.0,2,2020-06-30,False,041,0.40232500666552695,14.822621039097037,0.012272439537286878,0.00017729787133448016,0.08662155059084721,0.902960444096608,False
494261,PACIFIC WESTERN BANK,10,2020-08-13,2020-08-13,-0.08240933989635393,-0.0007992546043388047,1.5001581213728257,200,False,0.0,0.0,2,2020-06-30,False,041,0.5451210469081319,17.123815887127577,-0.10182892008692715,0.008432266185627554,0.13629029060429818,0.9757456014861126,False
2760232,VILLAGE BANK,10,2020-08-13,2020-08-13,-0.0654458952459919,-9.132526761840893e-07,0.23405222304318907,200,False,0.0,0.0,2,2020-06-30,False,051,0.25802010971441175,13.49276626051606,0.009796191167961732,0.006667156742106323,0.07979463073717236,0.8710050647158132,False
2328137,FIRST COMMUNITY BANK,10,2020-08-13,2020-08-13,-0.07635647883963304,-0.0010597532991185306,0.49892974331922746,200,False,0.0,0.0,2,2020-06-30,False,041,0.2421266436232762,14.097264091305615,0.006716199454978377,0.002122535901531258,0.1069808638864327,0.9483514608154072,False
204004,PROVIDENT BANK,10,2020-08-13,2020-08-13,-0.08292659987111232,-0.0023374574042604825,1.417162256584195,200,False,0.0,0.0,2,2020-06-30,False,041,0.5402732818239918,16.168065690229863,0.005562766090622918,0.004566728613071374,0.12633161840554713,0.8382081855706697,False
3465226,HTLF BANK,10,2020-08-13,2020-08-13,-0.06832033282349162,-0.0014198704536298205,1.465321473732157,200,False,0.0,0.0,2,2020-06-30,False,041,0.5181880787449311,14.750403981813815,0.006614991625250987,0.005597884243980346,0.14366090786519678,0.9846848713873986,False
2953418,OPTIMUMBANK,10,2020-08-13,2020-08-13,-0.0368661195915922,2.28065402679525e-05,0.07203001927977627,200,False,0.0,0.0,2,2020-06-30,False,041,0.3834336303668557,12.104172801501328,-0.004661617503764727,0.01276478997299756,0.072160953140225,0.8249656900769735,False
2618780,TEXAS CAPITAL BANK,10,2020-08-13,2020-08-13,-0.14559632700239356,-0.0023991401004393267,1.6679314783494443,200,False,0.0,0.0,2,2020-06-30,False,041,0.7585915169577976,17.414354111278765,-0.002394358125431616,0.007903230836700111,0.07593270422436192,0.8955752527283484,False
354310,UNIVEST BANK AND TRUST CO.,10,2020-08-13,2020-08-13,-0.07714490126799806,-0.002179114282968189,1.20507153402734,200,False,0.0,0.0,2,2020-06-30,False,041,0.3893298914629177,15.624580826973235,0.0019014642486881977,0.005485570525223209,0.11029344435473316,0.9099358864009317,False
703767,CENTRAL VALLEY COMMUNITY BANK,10,2020-08-13,2020-08-13,-0.08562718034947125,-0.0008647096893296436,1.6545346544520743,200,False,0.0,0.0,2,2020-06-30,False,041,0.41573146055772403,14.464452945453909,0.009615806713923479,0.002136974183113641,0.12147794949193004,0.9816217804654903,False
2942690,SIGNATURE BANK,10,2020-08-13,2020-08-13,-0.14094560907163048,-0.00032422903291278875,1.3576682326490983,200,False,0.0,0.0,2,2020-06-30,False,041,0.8047193807167689,17.915668324061162,0.0071848115904527814,0.0014028694297031274,0.08057328036569728,0.9053454410327624,True
2849801,SOUTHERN FIRST BANK,10,2020-08-13,2020-08-13,-0.09178826328433208,-0.0013458711080835547,1.4859410867103047,200,False,0.0,0.0,2,2020-06-30,False,041,0.4929802770676949,14.724809705574476,0.006737340398021092,0.005378741644521545,0.09803180720717382,0.984086798469103,False
2858960,"BANCORP BANK NATIONAL ASSOCIATION, THE",10,2020-08-13,2020-08-13,-0.16326075003916957,0.0009080206122054313,1.7032868451867287,200,False,0.0,0.0,2,2020-06-30,False,041,0.2134437248482914,15.643900368998017,0.011690821302610262,0.00954697022396298,0.0843117057477381,0.9753305470517956,False
895710,CITIZENS & NORTHERN BANK,10,2020-08-13,2020-08-13,-0.03885317527834754,-0.0005597060483512195,1.613466659639756,200,False,0.0,0.0,2,2020-06-30,False,051,0.2353332454001739,14.362921309392748,0.011461321366450502,0.017361795680433518,0.12537982185032026,0.9326357225906041,False
2372774,"SUMMIT COMMUNITY BANK, INC.",10,2020-08-13,2020-08-13,-0.04600544953139065,-0.001633211527686105,1.4269390475302048,200,False,0.0,0.0,2,2020-06-30,False,041,0.2046373576835303,14.866127966141038,0.008437387214731959,0.005633731879691404,0.0989128549326156,0.9522002590252284,False
1356768,ENTERPRISE BANK AND TRUST COMPANY,10,2020-08-13,2020-08-13,-0.019845173932225776,-0.0005187729186370447,1.8515096401546816,200,False,0.0,0.0,2,2020-06-30,False,041,0.34113807892855735,15.211069123517317,0.005846584377552029,0.006712575268644627,0.08202829217762976,0.9844584359355024,False
1190476,ENTERPRISE BANK & TRUST,10,2020-08-13,2020-08-13,-0.09789790393722922,-0.001146516976911772,1.3948937330767426,200,False,0.0,0.0,2,2020-06-30,False,041,0.44324646782345145,15.935797333894321,0.007584783729626124,0.00613263635300386,0.11873832052143109,0.923528890328015,False
633378,KEARNY BANK,10,2020-08-13,2020-08-13,-0.05019921133928434,-0.0022940388846137464,0.9262789321341467,200,False,0.0,0.0,2,2020-06-30,False,041,0.1608653258657508,15.72288315474448,0.0068198193744099245,0.00812004639773623,0.14768248035111364,0.780891543552472,False
1918344,PREFERRED BANK,10,2020-08-13,2020-08-13,-0.10585550132776499,-0.000644924981917725,1.4149415787969035,200,False,0.0,0.0,2,2020-06-30,False,041,0.6036405340369247,15.426204081788365,0.012569407796045049,0.006640107576881025,0.09762314627901504,0.9631342454643034,False
3138146,WESTERN ALLIANCE BANK,10,2020-08-13,2020-08-13,-0.13116178923878785,-0.0005496454925233397,1.5792864793132255,200,False,0.0,0.0,2,2020-06-30,False,041,0.6759005904717516,17.278966331995,0.01145364854248202,0.005563411197411303,0.09715126504211044,0.9650857427309057,False
537449,FIRST BUSINESS BANK,10,2020-08-13,2020-08-13,-0.09212871728385827,-0.0013365433932394399,1.341525721313052,200,False,0.0,0.0,2,2020-06-30,False,041,0.47514456805278055,14.713974533223485,0.006697537449691102,0.011637088964929354,0.09054665066120265,0.7670637633699446,False
310978,WATERSTONE BANK,10,2020-08-13,2020-08-13,-0.03181270287242625,-0.00046331241869136864,0.7064397155681015,200,False,0.0,0.0,2,2020-06-30,False,041,0.0937757569154329,14.61167045024604,0.024348999621562544,0.0030464584920030465,0.16769966409729134,0.6516012462477354,False
220527,PEOPLES BANK,10,2020-08-13,2020-08-13,-0.02006877756066501,-0.0014205079514514845,1.4204506555403362,200,False,0.0,0.0,2,2020-06-30,False,041,0.2833119007994666,14.16956727734249,0.007505425185775767,0.004092568391126321,0.10363368134999397,0.9066079433123887,False
2954059,BCB COMMUNITY BANK,10,2020-08-13,2020-08-13,-0.08642872279375073,-0.0013930978715820655,1.15572621931045,200,False,0.0,0.0,2,2020-06-30,False,041,0.3246942579462673,14.910113821218276,0.0040937122761502106,0.0027561999751390003,0.09274908910551115,0.9020600074367434,False
2385514,"FIRST BANK, THE",10,2020-08-13,2020-08-13,-0.061918286817989374,-0.0018277122270072806,1.089746873728537,200,False,0.0,0.0,2,2020-06-30,False,041,0.35360193330001577,15.439979929831873,0.011561304050160322,0.012604355822124673,0.13558930005073166,0.9650127372900034,False
456045,CENTENNIAL BANK,10,2020-08-13,2020-08-13,-0.10818780713631507,-0.0007421072820910963,1.5808694513027033,200,False,0.0,0.0,2,2020-06-30,False,041,0.4495574385614545,16.64057437286785,0.00948284906061972,0.005009977213461346,0.16223345944119036,0.9401028015769298,False
561574,SUMMIT STATE BANK,10,2020-08-13,2020-08-13,0.02348162129743754,-0.0008744261049606907,0.6133607572385752,200,False,0.0,0.0,2,2020-06-30,False,051,0.387768103930664,13.65376662219891,0.010895082518376929,0.0005734906416754381,0.0837421340396093,0.91025412388395,False
522847,"LIMESTONE BANK, INC",10,2020-08-13,2020-08-13,-0.012264732282676626,-0.0003610246188859079,0.7606527537163349,200,False,0.0,0.0,2,2020-06-30,False,051,0.13586877515202014,14.07632901289898,0.007753514659566469,0.001445028946696879,0.10994058514998552,0.9764994070752798,False
663245,SIMMONS BANK,10,2020-08-13,2020-08-13,-0.10722374540657229,-0.0017179308474478201,1.346515186558948,200,False,0.0,0.0,2,2020-06-30,False,041,0.3845978673263024,16.899990570991005,0.013744630274597493,0.008991182248759144,0.1422093668225057,0.8935736304494405,False
30810,DISCOVER BANK,10,2020-08-13,2020-08-13,-0.12059525931025959,-0.0018209932849274574,2.0196714891606944,200,False,0.0,0.0,2,2020-06-30,False,031,0.08256030655226661,18.536097488816328,-0.007784728041717301,0.012363088582413041,0.07838855081726627,0.7752089262952506,False
768074,FIRST FINANCIAL NORTHWEST BANK,10,2020-08-13,2020-08-13,-0.01650070101703771,-0.0016830656157142759,1.2667285971801026,200,False,0.0,0.0,2,2020-06-30,False,051,0.2917728897260883,14.164920878307255,0.006347343979929927,0.0019017793050650172,0.09533566816689241,0.8945607366352747,False
2797724,TOWNEBANK,10,2020-08-13,2020-08-13,-0.08695298861691783,-0.001784564858353574,1.2580318775488668,200,False,0.0,0.0,2,2020-06-30,False,041,0.4276298757706755,16.561514965410293,0.007829140152070682,0.001671011225422958,0.10959993915375582,0.8169390488813102,False
28013,NORTHFIELD BANK,10,2020-08-13,2020-08-13,-0.05749369171393658,-0.0013758224189818668,1.0648524782493909,200,False,0.0,0.0,2,2020-06-30,False,041,0.2698304756748412,15.434918801051545,0.006181262513363594,0.003802628825926858,0.12938414499036752,0.8368387402142888,False
836843,MIDWESTONE BANK,10,2020-08-13,2020-08-13,-0.08922357623165618,-0.0017275139525650773,1.485688590702028,200,False,0.0,0.0,2,2020-06-30,False,041,0.302159580968029,15.468830801308552,0.004680055517517477,0.012341348379797994,0.11396806115731935,0.9235458837467438,False
676478,MALVERN BANK NA,10,2020-08-13,2020-08-13,0.03909826767673393,-0.0024881860094237707,1.007660519160131,200,False,0.0,0.0,2,2020-06-30,False,051,0.5204199113500669,13.999827622407809,0.006781454045544026,0.008791716386312022,0.13062823676373111,0.8583289487530253,False
23504,DIME COMMUNITY BANK,10,2020-08-13,2020-08-13,-0.05148584947159008,-0.0010887594909900068,1.3501878977579522,200,False,0.0,0.0,2,2020-06-30,False,041,0.5948003965035595,15.632019873917153,0.007080570347843505,0.003828904895625577,0.09435118510290143,0.9124741020549593,False
785473,FIRST SAVINGS BANK,10,2020-08-13,2020-08-13,-0.05026291557070699,-0.001351794990596706,0.7189579994502768,200,False,0.0,0.0,2,2020-06-30,False,051,0.2542289860915138,14.321348765219218,0.01795251375593578,0.010588265017459537,0.09260028642496419,0.6592585898962409,False
929978,"HOME BANK, NATIONAL ASSOCIATION",10,2020-08-13,2020-08-13,-0.022791285779202534,-0.0015284386770210354,1.428110505840305,200,False,0.0,0.0,2,2020-06-30,False,041,0.29418489692104915,14.783206697941003,0.003415057103797522,0.013135052877707292,0.11277021620335928,0.9750629208373001,False
1864197,OAK VALLEY COMMUNITY BANK,10,2020-08-13,2020-08-13,0.09119909607000762,-0.0006167909067810209,1.0998878536730121,200,False,0.0,0.0,2,2020-06-30,False,041,0.4225306721451311,14.197225176211711,0.0076106264771701685,0.0009304921369901239,0.08162512954039954,0.9664674442288679,False
342410,ORRSTOWN BANK,10,2020-08-13,2020-08-13,-0.03907077604585146,-0.0017135488197787692,1.3204256035881838,200,False,0.0,0.0,2,2020-06-30,False,041,0.25032795522129464,14.834788471365538,0.009953835766761824,0.004045430678019632,0.08848102604185273,0.8956882337455141,False
119528,"FARMERS NATIONAL BANK OF EMLENTON, THE",10,2020-08-13,2020-08-13,0.03379245790334211,-0.0019103095862669963,0.5419833082389717,200,False,0.0,0.0,2,2020-06-30,False,051,0.25975644847550095,13.813412358282047,0.005649842068976575,0.0062594609374903775,0.08534087447289519,0.9518681073074319,False
685676,OPPORTUNITY BANK OF MONTANA,10,2020-08-13,2020-08-13,-0.008357269403221408,0.0005392213581251568,0.6050605979825914,200,False,0.0,0.0,2,2020-06-30,False,051,0.15125482212527247,14.017985987550029,0.01743505141167727,0.007279570682283076,0.12646537572584796,0.8959976888167527,False
613008,ROCKLAND TRUST COMPANY,11,2021-05-24,2021-05-24,0.02896063093304044,8.778294593761802e-05,0.9423710457935954,200,False,0.2222,0.0213,9,2021-03-31,False,041,0.33164620458971406,16.43847385636046,0.012426970678373957,0.006373701689745286,0.12991693746018124,0.974249600890588,False
433608,TOMPKINS COMMUNITY BANK,11,2021-05-24,2021-05-24,0.0007522398324410155,0.00023377834454926778,1.0102912567295224,200,False,0.2222,0.0213,9,2021-03-31,False,041,0.43119835886787383,14.738227000668127,0.015040642005376541,0.008742119078007466,0.06319144268388262,0.9321896839788911,False
379920,FIRST NATIONAL BANK OF PENNSYLVANIA,11,2021-05-24,2021-05-24,0.0037336281418110535,0.0015646613531193595,1.1257441275439724,200,False,0.2222,0.0213,9,2021-03-31,False,041,0.3955954452691122,17.467513012281856,0.009893912310731535,0.006423782592977787,0.13141686531936897,0.9187714141819809,False
491224,FIRST-CITIZENS BANK & TRUST COMPANY,11,2021-05-24,2021-05-24,-0.013700926571274464,0.0022892407759468256,1.1374447568469903,200,False,0.2222,0.0213,9,2021-03-31,False,041,0.3670394659261277,17.801164213074465,0.010378432677031474,0.006052816959147091,0.087241621020765,0.9647902209775806,False
246022,"BANK OF SOUTH CAROLINA, THE",11,2021-05-24,2021-05-24,-0.02837361129752694,0.0008056269769146455,0.3542561669781438,200,False,0.2222,0.0213,9,2021-03-31,False,041,0.30991394820442697,13.22458778059815,0.01363629797622315,0.003311948629055797,0.09484738613546738,0.9701708399163754,False
437914,"WILMINGTON SAVINGS FUND SOCIETY, FSB",11,2021-05-24,2021-05-24,0.012437343859730636,0.0019920300148487426,1.0213011206131877,200,False,0.2222,0.0213,9,2021-03-31,False,041,0.406999700838802,16.503100875824927,0.018086283411652793,0.004519104637938656,0.12422983597142667,0.972212041329642,False
761806,"WEBSTER BANK, NATIONAL ASSOCIATION",11,2021-05-24,2021-05-24,-0.01157075168264926,0.002125141492514138,1.222937104002571,200,False,0.2222,0.0213,9,2021-03-31,False,031,0.3294662736914965,17.321054891802287,0.013773032770848508,0.0070535614006580725,0.10096633394460258,0.9620785418120393,False
837000,"FIRST NATIONAL BANK OF LONG ISLAND, THE",11,2021-05-24,2021-05-24,-0.02826784808656082,0.00115664504867426,0.6709416937661682,200,False,0.2222,0.0213,9,2021-03-31,False,041,0.5156566053548113,15.263299985483183,0.011003124102987023,8.59146840751846e-05,0.09510376963496024,0.9188728421914637,False
510871,FIRSTBANK PUERTO RICO,11,2021-05-24,2021-05-24,-0.029344009572096277,0.0023968822048328025,1.254001588759218,200,False,0.2222,0.0213,9,2021-03-31,False,031,0.4197023691360038,16.78121842640052,0.012281256857520262,0.030573015711617677,0.12057653071187546,0.9417693745135335,False
245276,ORIENTAL BANK,11,2021-05-24,2021-05-24,-0.05634381835818811,0.0019230333185078874,1.0978960083049423,200,False,0.2222,0.0213,9,2021-03-31,False,041,0.33727798786618857,16.1180978509559,0.011587574507336084,0.04582868936550712,0.09837638357195615,0.9735511059135854,False
216922,FIRST BANK,11,2021-05-24,2021-05-24,-0.000966468954154049,0.0021939097406077344,0.8475018702832418,200,False,0.2222,0.0213,9,2021-03-31,False,041,0.3310803111307437,15.861912891560534,0.014853737174588388,0.008485231909155734,0.11958674445300746,0.9903166865828158,False
645625,"WESBANCO BANK, INC.",11,2021-05-24,2021-05-24,-0.019920830645193784,0.001858722039951523,1.015242910620783,200,False,0.2222,0.0213,9,2021-03-31,False,041,0.2804290821560852,16.64969877961405,0.017623281668626617,0.004372919463312806,0.1587473417838754,0.94393480125103,False
365325,UNITED BANK,11,2021-05-24,2021-05-24,-0.0006110926354376944,0.000756257415524006,1.0624416926069569,200,False,0.2222,0.0213,9,2021-03-31,False,041,0.35000732867213724,17.111076905900408,0.015597700370585423,0.005652407452261816,0.16555296419620463,0.9583811233826378,False
816603,"WASHINGTON TRUST COMPANY, OF WESTERLY, THE",11,2021-05-24,2021-05-24,0.03134118835678888,0.0015871234187927416,0.8139404152481112,200,False,0.2222,0.0213,9,2021-03-31,False,041,0.25507447748943735,15.559283539988032,0.014498643090954872,0.0030517234115262364,0.0962817894412892,0.8811989963345469,False
130541,HORIZON BANK,11,2021-05-24,2021-05-24,6.108590128646061e-05,0.0018788917153033224,1.057845373911396,200,False,0.2222,0.0213,9,2021-03-31,False,041,0.42185012792860827,15.61318168552279,0.014240233946227162,0.006415713159891227,0.11236990676116194,0.9051455960195305,False
701062,CENTRAL PACIFIC BANK,11,2021-05-24,2021-05-24,-0.004128897456976439,0.0016687214150391317,1.0884906121871212,200,False,0.2222,0.0213,9,2021-03-31,False,041,0.36934477391634524,15.75743262231373,0.011381872908730018,0.0023289532756908646,0.09048672150684317,0.980990521517598,False
802866,SILICON VALLEY BANK,11,2021-05-24,2021-05-24,0.016172823307715127,0.002482504668325314,1.1956992471436714,200,False,0.2222,0.0213,9,2021-03-31,False,031,0.845760409711061,18.75901491039165,0.008074694337687649,0.0019873099460102138,0.062496648656493486,0.952516237185946,True
509811,"COMMUNITY TRUST BANK, INC.",11,2021-05-24,2021-05-24,-0.020598496371882734,0.0009634647624651288,0.7229663891701213,200,False,0.2222,0.0213,9,2021-03-31,False,041,0.24683213447342867,15.488152914550836,0.01738718037153157,0.005915560914053836,0.12780707829920002,0.9133409708418524,False
208244,OLD NATIONAL BANK,11,2021-05-24,2021-05-24,-0.03596371763661543,0.0008200821242839775,0.8050171873709943,200,False,0.2222,0.0213,9,2021-03-31,False,031,0.3401662297431106,16.978471562468343,0.014700540073362264,0.010534600926688831,0.12833078939304648,0.8698608010243664,False
4114567,FIRST REPUBLIC BANK,11,2021-05-24,2021-05-24,0.004680268401675986,0.0011822211602183124,0.8179056331628876,200,False,0.2222,0.0213,9,2021-03-31,False,031,0.6967084033344145,18.864070597605313,0.008596595231413814,0.0014705282328463765,0.08306739061281675,0.8953543923145669,True
5210,ACNB BANK,11,2021-05-24,2021-05-24,-0.005970855773903726,-0.0002919234708198407,1.1271164642379414,200,False,0.2222,0.0213,9,2021-03-31,False,051,0.23729441121841366,14.786315989922494,0.01079971364395641,0.005156163917575327,0.09515770415178386,0.963257169672231,False
3938186,"BANKUNITED, NATIONAL ASSOCIATION",11,2021-05-24,2021-05-24,-0.00492624887384701,0.002257833326926443,1.4586928996694575,200,False,0.2222,0.0213,9,2021-03-31,False,041,0.6465012453336321,17.37232950859425,0.012662846366230234,0.03740239985416797,0.09727230366250318,0.8861733576255365,False
680813,"FARMERS NATIONAL BANK OF CANFIELD, THE",11,2021-05-24,2021-05-24,-0.018791094514191142,0.0009525973406100778,0.7656767037393993,200,False,0.2222,0.0213,9,2021-03-31,False,041,0.3464386244033778,15.012932351197323,0.016407937267179776,0.005703125842117487,0.1002981065163089,0.9543817865466614,False
785923,LCNB NATIONAL BANK,11,2021-05-24,2021-05-24,-0.009064785141709775,0.00038822667525375377,0.7462435214523154,200,False,0.2222,0.0213,9,2021-03-31,False,051,0.26802032502359296,14.41158225148154,0.01163211614485048,0.0025211556869812195,0.12916431355803798,0.9734597708130871,False
2787770,BANK OF THE JAMES,11,2021-05-24,2021-05-24,0.17090996215791276,0.0019685313717202994,0.2872792511576183,200,False,0.2222,0.0213,9,2021-03-31,False,041,0.22790734639795648,13.695242812972738,0.008787808044137533,0.003176088360656003,0.08087896125221754,0.9881111896418019,False
258771,HOMESTREET BANK,11,2021-05-24,2021-05-24,-0.010620652416776555,0.002277865162437752,0.7142959080787924,200,False,0.2222,0.0213,9,2021-03-31,False,041,0.3495306803044866,15.79227367839769,0.017111820656107342,0.007201557205981086,0.10606888139451033,0.954223773124726,False
212577,HOMETRUST BANK,11,2021-05-24,2021-05-24,-0.010962570554767329,0.0015928534411924107,0.8590807480197211,200,False,0.2222,0.0213,9,2021-03-31,False,041,0.2084990038356183,15.10977268593766,0.008834792504898853,0.00476185160150256,0.10702455360752657,0.8958974414068195,False
4210227,NBH BANK,11,2021-05-24,2021-05-24,-0.013581607855641165,0.0011284440733319737,0.8085034854313972,200,False,0.2222,0.0213,9,2021-03-31,False,041,0.2425744025658593,15.754075943012728,0.016100679616191344,0.003838147768799422,0.1050098758414253,0.981720140502984,False
884303,CHEMUNG CANAL TRUST COMPANY,11,2021-05-24,2021-05-24,0.02545027385582321,0.0013638170049427687,1.0889257907596284,200,False,0.2222,0.0213,9,2021-03-31,False,041,0.36572386750686586,14.706413735832198,0.010134040117669746,0.005902951032826707,0.07685212917413728,0.9836045610342327,False
2758613,FIRST INTERNET BANK OF INDIANA,11,2021-05-24,2021-05-24,-0.058290566088552695,0.002418896994636177,1.2392588819656847,200,False,0.2222,0.0213,9,2021-03-31,False,051,0.2955055224311021,15.247359855543559,0.011609880867583246,0.0034276336875782077,0.09131303634549118,0.8531906403466943,False
122854,INDEPENDENT BANK DBA INDEPENDENT FINANCIAL,11,2021-05-24,2021-05-24,0.03484848942218924,0.0012299685008421049,1.2559403763625105,200,False,0.2222,0.0213,9,2021-03-31,False,041,0.5239125953898782,16.712007463231043,0.014665893564710285,0.004555582960892722,0.1570372275537557,0.9702067015254392,False
2354985,CUSTOMERS BANK,11,2021-05-24,2021-05-24,0.05061828503305746,0.004289706700920159,1.1896284986932557,200,False,0.2222,0.0213,9,2021-03-31,False,041,0.6388280066767119,16.759053504234164,0.00707012169794389,0.003132115386732537,0.06930823253647754,0.715940562754729,False
3475083,TRISTATE CAPITAL BANK,11,2021-05-24,2021-05-24,0.03843062838022119,0.0007967270137150362,1.2884319550069026,200,False,0.2222,0.0213,9,2021-03-31,False,041,0.6159197704835216,16.165776724123162,0.006550117792474916,0.00273926038330917,0.07317501752657064,0.9550441704064706,False
697978,COMMUNITY BANK OF THE CHESAPEAKE,11,2021-05-24,2021-05-24,-0.0051886314324945775,0.0015536399490138936,0.6082635417819914,200,False,0.2222,0.0213,9,2021-03-31,False,041,0.23485040419502703,14.580076598253923,0.013062937661948305,0.009304302707878458,0.10309153087760037,0.9751797842329681,False
3401970,FIRST BANK,11,2021-05-24,2021-05-24,-0.03199162882360383,0.0008971662522152044,1.398460069176842,200,False,0.2222,0.0213,9,2021-03-31,False,041,0.43651629797664543,14.693299933885704,0.01606434384114241,0.005279432614293337,0.10226116323076054,0.912441730540999,False
3284070,ALLY BANK,11,2021-05-24,2021-05-24,0.02297407711684269,0.0028855558273540487,1.2528587461511653,200,False,0.2222,0.0213,9,2021-03-31,False,031,0.10287942622835322,18.960309544741232,0.02073022146825466,0.011805506279713333,0.09894658295294893,0.9183121554825185,False
3109043,BANKWELL BANK,11,2021-05-24,2021-05-24,-0.016308257795801463,0.002620214197539567,0.45950391520936695,200,False,0.2222,0.0213,9,2021-03-31,False,041,0.4067251835301628,14.622621936136207,0.012076251525815731,0.0203403181474281,0.08615995902604773,0.9177353155270485,False
762447,"FIRST MID BANK & TRUST, NATIONAL ASSOCIATION",11,2021-05-24,2021-05-24,0.0009508480072793436,0.001686535285069502,0.9062974104810442,200,False,0.2222,0.0213,9,2021-03-31,False,041,0.3157106139213033,15.379619459521374,0.009504406795977327,0.0077456637783048475,0.10959931274282372,0.9193762950372106,False
1216022,SYNCHRONY BANK,11,2021-05-24,2021-05-24,0.03773852466718863,0.0012068265856998656,1.366501898426471,200,False,0.2222,0.0213,9,2021-03-31,False,041,0.14176829268292682,18.263219590549166,0.03965773548243612,0.01573376287177127,0.12975383642939917,0.8779490490409706,False
3303298,"CITIZENS BANK, NATIONAL ASSOCIATION",11,2021-05-24,2021-05-24,0.004728416976391851,0.001380022489821172,1.3167046921261818,200,False,0.2222,0.0213,9,2021-03-31,False,031,0.4470443601231388,19.047594025700505,0.012999919768091854,0.016816052757859124,0.11817195769691706,0.9354478662671877,False
177920,"MIDDLEFIELD BANKING COMPANY, THE",11,2021-05-24,2021-05-24,0.014487379598595803,-0.0007172314235090276,0.66163629746945,200,False,0.2222,0.0213,9,2021-03-31,False,041,0.3417338265553382,14.143517781530063,0.013597474137353507,0.008103413963417943,0.1080716813655679,0.9899109495111349,False
371924,COMMUNITY BANK,11,2021-05-24,2021-05-24,-0.023203434090910705,-0.0015031091870434524,0.922453099940121,200,False,0.2222,0.0213,9,2021-03-31,False,051,0.3143798400859666,14.204184818810123,0.007064291835251494,0.01034561873558242,0.08669011487270716,0.9560465989782906,False
3221468,VERITEX COMMUNITY BANK,11,2021-05-24,2021-05-24,-0.020500801873200913,0.0021100733276195193,1.151427703614411,200,False,0.2222,0.0213,9,2021-03-31,False,041,0.5778716043750901,16.03820479008881,0.014989323746278097,0.018514070181156275,0.14832989986862244,0.8943875207242644,False
3637685,FIRST FOUNDATION BANK,11,2021-05-24,2021-05-24,0.0002178995790392685,0.0006834956181412491,0.9859367307301232,200,False,0.2222,0.0213,9,2021-03-31,False,041,0.659276298757163,15.766730016231906,0.012460524431085718,0.0031709020846110276,0.10138855100504969,0.990735900094975,False
866000,GLENS FALLS NATIONAL BANK AND TRUST COMPANY,11,2021-05-24,2021-05-24,0.017406861307548017,0.00012823586136782747,0.8127575773691462,200,False,0.2222,0.0213,9,2021-03-31,False,041,0.29434927612988493,14.934967741036962,0.013156215201729177,0.002209691377962754,0.08922329688223817,0.972560884905189,False
766164,"TBK BANK, SSB",11,2021-05-24,2021-05-24,-0.017682055081920105,0.005634676980546049,1.0626863735775443,200,False,0.2222,0.0213,9,2021-03-31,False,041,0.27102027887988456,15.62085598536049,0.023682718652459227,0.013427727777088007,0.13706694034532968,0.9203520449293225,False
403179,FIRST FED BANK,11,2021-05-24,2021-05-24,-0.01612336825039739,-0.00019598655164006768,1.104137740814361,200,False,0.2222,0.0213,9,2021-03-31,False,051,0.2778870429091087,14.366349081021234,0.007443331928677292,0.001906473840455375,0.10542990833610517,0.9472257360242864,False
917742,"ASSOCIATED BANK, NATIONAL ASSOCIATION",11,2021-05-24,2021-05-24,-0.0006722487826577809,0.001064138793336983,1.0758738894541031,200,False,0.2222,0.0213,9,2021-03-31,False,041,0.5904706806441219,17.357238282358576,0.011239823764457002,0.0070113774028469685,0.11586470342218098,0.9100614670422358,False
3650808,LIVE OAK BANKING COMPANY,11,2021-05-24,2021-05-24,-0.022586082776250578,0.0062086615869547425,1.4311604466063326,200,False,0.2222,0.0213,9,2021-03-31,False,041,0.1223571486233784,15.936199843520244,0.019255160382502714,0.01511518720072488,0.06467945690007368,0.8117762810033835,False
139656,EQUITY BANK,11,2021-05-24,2021-05-24,0.022794694247683978,0.0017114673976958037,0.8876145130346095,200,False,0.2222,0.0213,9,2021-03-31,False,041,0.31496338672643986,15.249981323513044,0.015997434616430127,0.021588611117945734,0.10712239390692813,0.9777823434375238,False
422433,FIRST GUARANTY BANK,11,2021-05-24,2021-05-24,0.05639479453148381,0.0014424478663018071,0.7058151230490844,200,False,0.2222,0.0213,9,2021-03-31,False,041,0.44355281866331414,14.757724364611814,0.008632493456836558,0.0148110893232006,0.08755970697541174,0.9911251867251999,False
3532641,SMARTBANK,11,2021-05-24,2021-05-24,-0.0035512503236275385,0.0005567170104503955,0.8859853665496458,200,False,0.2222,0.0213,9,2021-03-31,False,041,0.2869172758156642,15.08318015427317,0.01169183721954059,0.002627657416959853,0.10956283968423933,0.9661679841053824,False
2941068,NICOLET NATIONAL BANK,11,2021-05-24,2021-05-24,0.00569024139601979,0.0011788553441511409,0.7801951856869818,200,False,0.2222,0.0213,9,2021-03-31,False,041,0.2748113088607333,15.327687729486009,0.015028886189361762,0.003131074861502762,0.1133265749635685,0.9839509456852489,False
773247,MIDLAND STATES BANK,11,2021-05-24,2021-05-24,-0.0031143807554913413,0.0027114567256014146,0.7243000046366055,200,False,0.2222,0.0213,9,2021-03-31,False,041,0.3045981953552951,15.743046792912207,0.011646902310159087,0.01006347186255281,0.11307989151635993,0.8871416175682386,False
40499,HARBORONE BANK,11,2021-05-24,2021-05-24,0.0010997052313816715,0.0014908897121189608,0.7414944556154632,200,False,0.2222,0.0213,9,2021-03-31,False,041,0.3032751368603496,15.343980901839496,0.01728691393280328,0.008811339299063473,0.13032219084395585,0.9438163357469365,False
980661,FIRST HAWAIIAN BANK,11,2021-05-24,2021-05-24,0.0008989585112701096,0.0013562420836225688,0.9658003223542367,200,False,0.2222,0.0213,9,2021-03-31,False,031,0.45279696036279976,16.972361904173482,0.010070777784450168,0.0015341466912913526,0.11359561384831109,0.967388917232964,False
436159,FIRSTBANK,11,2021-05-24,2021-05-24,-0.0175182587922521,0.0018648163364282583,0.9295249475598284,200,False,0.2222,0.0213,9,2021-03-31,False,041,0.5115248799771437,16.293773436699976,0.018010259435416467,0.009806873536695071,0.11270530636240526,0.9715832691843329,False
795968,BANK OF HAWAII,11,2021-05-24,2021-05-24,-0.025802767965820456,0.000894806434594107,0.9308973330696388,200,False,0.2222,0.0213,9,2021-03-31,False,031,0.47732014028873854,16.902801437506884,0.01102729219687174,0.0021356156658310457,0.05903250444163189,0.9506158137543053,False
321273,AFFINITY BANK,11,2021-05-24,2021-05-24,-0.010641702424964834,0.0007922158066680642,0.5610984547950638,200,False,0.2222,0.0213,9,2021-03-31,False,051,0.2043009594613723,13.590366256483616,0.011012010255498177,0.008074355616595866,0.12198882516429714,0.9271659973894623,False
214414,"FARMERS & MERCHANTS STATE BANK, THE",11,2021-05-24,2021-05-24,-0.009628868236501746,-0.00045199538755918305,1.1928541180048644,200,False,0.2222,0.0213,9,2021-03-31,False,041,0.17459343698456364,14.493205972489276,0.009115772134132656,0.006032508393925244,0.10289569976448891,0.966030979827905,False
129732,BYLINE BANK,11,2021-05-24,2021-05-24,0.008092506211235698,0.001591173056945668,0.9899272058196343,200,False,0.2222,0.0213,9,2021-03-31,False,041,0.3281168205040932,15.723952902338452,0.013830318314448866,0.012026666642874159,0.12177078262943343,0.8613326051430298,False
3835454,ROYAL BUSINESS BANK,11,2021-05-24,2021-05-24,0.037412670060259744,0.0011649200496114084,0.8268836367894717,200,False,0.2222,0.0213,9,2021-03-31,False,041,0.4984106207928197,15.113835628896695,0.015286272274508649,0.006533909362611855,0.1422014241271734,0.9361022831933773,False
3595271,"BANK OF PRINCETON, THE",11,2021-05-24,2021-05-24,-0.04853353178881015,0.0008652189573439543,0.9601871558109938,200,False,0.2222,0.0213,9,2021-03-31,False,041,0.3062560412722562,14.33700190019704,0.011521259835040824,0.0014101561479921768,0.12617524805020724,0.9502177662771036,False
736206,CAMBRIDGE TRUST COMPANY,11,2021-05-24,2021-05-24,-0.019919346813854294,0.0008695616143745551,0.8436308967440073,200,False,0.2222,0.0213,9,2021-03-31,False,051,0.47098539632704833,15.263105547650659,0.01270952301902196,0.0023127004727796757,0.09510603888100141,0.9700044174202266,False
1007819,"FIDELITY DEPOSIT AND DISCOUNT BANK, THE",11,2021-05-24,2021-05-24,-0.0385881880142752,-0.0002975627900084227,1.081699947990163,200,False,0.2222,0.0213,9,2021-03-31,False,051,0.4090353091362753,14.461631642471279,0.01358191942351785,0.0034573315536757443,0.08571031772027514,0.9878314481602725,False
963945,MERCHANTS BANK OF INDIANA,11,2021-05-24,2021-05-24,-0.037567942358657375,0.0028813141677973314,1.0276406019983013,200,False,0.2222,0.0213,9,2021-03-31,False,041,0.7372646913779086,16.061561066026062,0.026193772116933807,0.00045194252487063864,0.09757502853337098,0.9289769812484925,False
2705895,METROPOLITAN COMMERCIAL BANK,11,2021-05-24,2021-05-24,0.01663846937112529,0.0018859838117309534,1.066717964184174,200,False,0.2222,0.0213,9,2021-03-31,False,051,0.7876414505965369,15.409090596322345,0.010327276983323228,0.0016880437136590973,0.07954892736443925,0.9825987577069346,False
3579589,ALLEGIANCE BANK,11,2021-05-24,2021-05-24,-0.008198090949009851,0.0018441100028159798,0.6502140122354723,200,False,0.2222,0.0213,9,2021-03-31,False,041,0.5173237507870132,15.675454238468395,0.011846108938058264,0.0075230153703375,0.12675003405530583,0.9610323161256875,False
3271799,MERIDIAN BANK,11,2021-05-24,2021-05-24,-0.0545958474141402,0.0020403292680339037,0.4668455226053285,200,False,0.2222,0.0213,9,2021-03-31,False,051,0.5463917823656038,14.369267502057859,0.024619247179379886,0.00562041291999798,0.10470939666405522,0.8887613427272365,False
979375,"STERLING BANK AND TRUST, FSB",11,2021-05-24,2021-05-24,0.08262773720323466,0.0013671636160573174,1.006571692460742,200,False,0.2222,0.0213,9,2021-03-31,False,041,0.19559099517566855,15.119618248096218,0.005949408316143741,0.04108053154713934,0.10017641949842579,0.8796338803912757,False
497570,LUTHER BURBANK SAVINGS,11,2021-05-24,2021-05-24,0.014086982267847055,0.00017346488753312684,0.8373306296754841,200,False,0.2222,0.0213,9,2021-03-31,False,041,0.39028793524603256,15.772075598663834,0.011168366058264734,0.0010719087676971373,0.10687446174782328,0.8601207055463275,False
2757205,"MVB BANK, INC.",11,2021-05-24,2021-05-24,-0.012994824486067062,0.004255855611581535,0.776795234925621,200,False,0.2222,0.0213,9,2021-03-31,False,041,0.5596333413448772,14.787154631070171,0.01601189879214392,0.010144093579676402,0.1026066453845819,0.9371905971917108,False
3378773,BRIDGEWATER BANK,11,2021-05-24,2021-05-24,-0.021299640121177077,0.0017402499796558871,0.7684105436169385,200,False,0.2222,0.0213,9,2021-03-31,False,041,0.38147931653664074,14.936824861410715,0.014754544402934616,0.00031886038470298363,0.10555592666391865,0.9710085371442644,False
3357219,OPEN BANK,11,2021-05-24,2021-05-24,-0.028946870601813283,0.0016785670035974964,0.6133540953459033,200,False,0.2222,0.0213,9,2021-03-31,False,051,0.46302977158177777,14.190694449619238,0.014218774802286054,0.0009692286780244283,0.09899543655115688,0.9828019478414729,False
3281510,UNITED BUSINESS BANK,11,2021-05-24,2021-05-24,-0.015055961158304782,0.0002242779746400907,1.0939104872249055,200,False,0.2222,0.0213,9,2021-03-31,False,051,0.45618737334040776,14.642806128266868,0.009257036672678581,0.006188916470712635,0.12247603432256654,0.983205838345357,False
667757,ORIGIN BANK,11,2021-05-24,2021-05-24,0.0034151391372299576,0.002395083016996135,0.923065873073006,200,False,0.2222,0.0213,9,2021-03-31,False,041,0.4979396635409265,15.834699845990045,0.01369742981348384,0.01616508555042696,0.08934953538241601,0.932332791386071,False
2562164,COASTAL COMMUNITY BANK,11,2021-05-24,2021-05-24,-0.026370037414917023,0.0015525936172805929,1.1700025585918354,200,False,0.2222,0.0213,9,2021-03-31,False,041,0.4429613510922777,14.522664681673577,0.012373466074289114,0.00037418603216188387,0.07594278898990292,0.8944969621429711,False
3158546,FIRST WESTERN TRUST BANK,11,2021-05-24,2021-05-24,-0.00514198805196138,0.0019397244419179574,0.749265557897865,200,False,0.2222,0.0213,9,2021-03-31,False,051,0.4570473104313753,14.6063401024736,0.011597909510367424,0.0023414569414624124,0.07449761362219275,0.8933095077221732,False
661308,AMALGAMATED BANK,11,2021-05-24,2021-05-24,0.014400928164946224,0.0014599776026752343,0.8102497335477232,200,False,0.2222,0.0213,9,2021-03-31,False,041,0.5765998424843585,15.670395988637043,0.007628893660207236,0.01840856792107318,0.08450819484879124,0.978315920163316,False
83638,"AMERANT BANK, NATIONAL ASSOCIATION",11,2021-05-24,2021-05-24,0.023561160693312544,-0.0012089240734940655,1.719384136952706,200,False,0.2222,0.0213,9,2021-03-31,False,031,0.3086981307747884,15.862111838049106,0.008686121439583442,0.015427019839654913,0.10932959764491455,0.8316245848621525,False
18854,BANK7,11,2021-05-24,2021-05-24,0.038762991690101535,0.002530659352118185,0.6393382473298792,200,False,0.2222,0.0213,9,2021-03-31,False,041,0.2631663324065865,13.859672887349017,0.01953400079605646,0.019011874730818924,0.10589655858669361,0.9945873293424964,False
2808602,"CAPITAL BANK, NATIONAL ASSOCIATION",11,2021-05-24,2021-05-24,0.00530757990315375,0.002089259155927091,0.9541457576803193,200,False,0.2222,0.0213,9,2021-03-31,False,041,0.4581400627015089,14.536965272819545,0.017274028105047867,0.005419132739483071,0.07011826439275522,0.9741736320152878,False
3614976,FVCBANK,11,2021-05-24,2021-05-24,-0.03823468991599907,0.001264212043145042,0.9414785809618145,200,False,0.2222,0.0213,9,2021-03-31,False,051,0.4819318691757357,14.446940301052212,0.013438302566030793,0.0034791334925690022,0.121135650378637,0.9695708267222422,False
594947,"BANK FIRST, NATIONAL ASSOCIATION",11,2021-05-24,2021-05-24,-0.008888055092023697,-7.438936266559085e-05,0.5607695496403375,200,False,0.2222,0.0213,9,2021-03-31,False,041,0.3086445070459358,14.861493572501884,0.01667489402518099,0.006187218882568442,0.1131935794982424,0.9698544863281807,False
3476192,CARTER BANK & TRUST,11,2021-05-24,2021-05-24,0.040730930385320156,0.0021625336266253297,0.9873166927001295,200,False,0.2222,0.0213,9,2021-03-31,False,041,0.11407627874321338,15.236720706249102,0.009557401626699307,0.010602398445937092,0.09357069913305473,0.9832949265797108,False
3248849,MAINSTREET BANK,11,2021-05-24,2021-05-24,-0.0011029453666523345,0.0014920635605984922,0.6759968661842262,200,False,0.2222,0.0213,9,2021-03-31,False,041,0.4333967415600756,14.371363274419156,0.012935442665508794,0.00011277187164732273,0.10434047424985388,0.9884221561468751,False
289515,FARMERS AND MERCHANTS TRUST COMPANY OF CHAMBERSBURG,11,2021-05-24,2021-05-24,-0.010971066406132449,5.7498116569242185e-05,0.709979308907595,200,False,0.2222,0.0213,9,2021-03-31,False,051,0.2038307318765175,14.283884109354704,0.013261599830724292,0.008786514351174187,0.08710937940170052,0.9885163408642986,False
2743244,RED RIVER BANK,11,2021-05-24,2021-05-24,-0.010943637969905513,0.0006939694799299287,0.5525073918305387,200,False,0.2222,0.0213,9,2021-03-31,False,041,0.3620925849344387,14.852112327403628,0.011597311551667088,0.0017346123348153542,0.09309768447439175,0.9919886403409462,False
575254,CITY BANK,11,2021-05-24,2021-05-24,-0.054195232167036984,0.0013435524894845812,1.0251255008901596,200,False,0.2222,0.0213,9,2021-03-31,False,041,0.40816937115439295,15.132090626721453,0.017615203392660938,0.0060439887539165595,0.11148298643584306,0.97506861779121,False
419675,FIRST BANK RICHMOND,11,2021-05-24,2021-05-24,0.01252992929618029,0.0003497965360111337,0.6139372083480295,200,False,0.2222,0.0213,9,2021-03-31,False,051,0.27540027190435873,13.947625948530911,0.010998562966597736,0.01058097257697922,0.13714205600925308,0.7999945162522036,False
3594005,CROSSFIRST BANK,11,2021-05-24,2021-05-24,-0.004821340916218822,0.0007465544905595176,0.9614307976113662,200,False,0.2222,0.0213,9,2021-03-31,False,041,0.5503454117658146,15.606185272391853,0.008016024039396046,0.014750258339674919,0.09772344850542129,0.9417723321356783,False
933256,"ALERUS FINANCIAL, NATIONAL ASSOCIATION",11,2021-05-24,2021-05-24,0.01003109480572466,0.0008608700232190172,1.1109175195564196,200,False,0.2222,0.0213,9,2021-03-31,False,041,0.5907462498577661,14.962983167070966,0.020589031690157612,0.0023591152821662593,0.10002441098576893,0.985740296184785,False
426534,HEARTLAND BANK AND TRUST COMPANY,11,2021-05-24,2021-05-24,-0.02683126458385699,0.0005940259715581351,0.7337760018812328,200,False,0.2222,0.0213,9,2021-03-31,False,041,0.1793616270936954,15.166967843735746,0.01678051881789808,0.004004664591276794,0.10300304086070829,0.9787099818333721,False
3437456,METRO CITY BANK,11,2021-05-24,2021-05-24,0.023012702806052117,-0.0009353866212959279,1.0111842659262937,200,False,0.2222,0.0213,9,2021-03-31,False,041,0.2959880809345154,14.5851408877104,0.02415228016348552,0.004846103750748606,0.11106834376424292,0.934129508773301,False
324340,CHOICEONE BANK,11,2021-05-24,2021-05-24,-0.005271721351877102,-0.0020971804947543873,0.9028072462410537,200,False,0.2222,0.0213,9,2021-03-31,False,041,0.28943511008268336,14.541711881250336,0.011420206819519808,0.004875929550639836,0.10547679411845803,0.9972165890642829,False
128904,EASTERN BANK,11,2021-05-24,2021-05-24,-0.03428013029984236,0.003280986124618229,0.476551630653705,120,False,0.2222,0.0213,9,2021-03-31,False,041,0.4261735465633561,16.631825692815678,0.011569867420825091,0.004446152834607039,0.15806349020983607,0.9755470191692087,False
395238,SYNOVUS BANK,11,2021-05-24,2021-05-24,0.011523234984927128,0.002463528334585666,1.2974147017367619,200,False,0.2222,0.0213,9,2021-03-31,False,041,0.4953694135670296,17.824650455563145,0.01404340467299325,0.004587151814010949,0.09434373938226871,0.9588821063714538,False
933966,CITIZENS BUSINESS BANK,11,2021-05-24,2021-05-24,-0.013593814183397404,0.00014093249851757488,0.7942065824078763,200,False,0.2222,0.0213,9,2021-03-31,False,041,0.6350057380517626,16.512545783013017,0.017552546623741328,0.0016603045173812262,0.13426238173614127,0.9457459968258635,False
60143,COMERICA BANK,11,2021-05-24,2021-05-24,-0.00017160591066934724,0.0016914495433513121,1.2212776019456701,200,False,0.2222,0.0213,9,2021-03-31,False,031,0.6386065704277678,18.272841770002785,0.016276939842563502,0.007391888686852715,0.09622407456786115,0.9667893838911195,False
601050,COMMERCE BANK,11,2021-05-24,2021-05-24,-0.012662186947913127,0.000674152760907828,0.6959103830268863,200,False,0.2222,0.0213,9,2021-03-31,False,041,0.4095333348219089,17.316701951326017,0.015018219462934154,0.002739963312561963,0.08901970503390311,0.9148937973603223,False
682563,FROST BANK,11,2021-05-24,2021-05-24,-0.005959638072947615,0.0009526756509877997,0.8167340454676036,200,False,0.2222,0.0213,9,2021-03-31,False,041,0.5266552426320834,17.601789235583208,0.010670322294645013,0.003796060372290162,0.09289503083256755,0.9347875423307056,False
723112,"FIFTH THIRD BANK, NATIONAL ASSOCIATION",11,2021-05-24,2021-05-24,-0.011889191577795735,0.0016050789488462347,1.2462702975852233,200,False,0.2222,0.0213,9,2021-03-31,False,031,0.6018554518691002,19.140906152672322,0.013759662379078146,0.011141960162736038,0.11854103979502421,0.9265319732655187,False
233031,REGIONS BANK,11,2021-05-24,2021-05-24,0.017673991940144552,0.001351735195756529,1.290776907947954,200,False,0.2222,0.0213,9,2021-03-31,False,031,0.3932021610237392,18.842799736414964,0.017650259967610594,0.011016280903566955,0.1183721372419174,0.9745956196779831,False
342634,TRUSTMARK NATIONAL BANK,11,2021-05-24,2021-05-24,-0.00030541363750705847,0.0006461375860236176,0.9369347517226925,200,False,0.2222,0.0213,9,2021-03-31,False,041,0.42361431774164005,16.641420176990852,0.012656573965994539,0.01585998663106915,0.10605489157006022,0.9636457844761096,False
501105,MANUFACTURERS AND TRADERS TRUST COMPANY,11,2021-05-24,2021-05-24,-0.005956556728921033,0.0006985098062402408,1.0237046003670889,200,False,0.2222,0.0213,9,2021-03-31,False,031,0.519296599790217,18.82678333549145,0.011948114180228791,0.030624852305464138,0.1075537810545386,0.9692569439906137,False
165628,FIRST FINANCIAL BANK,11,2021-05-24,2021-05-24,-0.019332098329778526,0.0020421805311369523,1.0551200226002835,200,False,0.2222,0.0213,9,2021-03-31,False,041,0.3729260645465518,16.594257777669547,0.013120199964717956,0.008560715746378188,0.1448495668010863,0.9304062483542865,False
991340,1ST SOURCE BANK,11,2021-05-24,2021-05-24,0.0206528981817719,0.0004922964955068838,0.9029313365961532,200,False,0.2222,0.0213,9,2021-03-31,False,041,0.3444880528597923,15.832060488272521,0.015427904033378584,0.011019015854860318,0.11518174976126018,0.9286998734288602,False
485559,FIRST HORIZON BANK,11,2021-05-24,2021-05-24,0.009420542998874673,0.0010859444977867614,1.3474863552527354,200,False,0.2222,0.0213,9,2021-03-31,False,041,0.45623111498450913,18.282733329325556,0.01182371007335752,0.007011325765095249,0.09700301155548821,0.9412985221564911,False
451965,"WELLS FARGO BANK, NATIONAL ASSOCIATION",11,2021-05-24,2021-05-24,0.010946234614509574,0.0006920545537206835,1.050351538381087,200,False,0.2222,0.0213,9,2021-03-31,False,031,0.5077984483548043,21.29602741059753,0.010090477041796074,0.01752927763568666,0.09649117365241769,0.9311343343953179,False
12311,"HUNTINGTON NATIONAL BANK, THE",11,2021-05-24,2021-05-24,0.009525575872182218,0.0011652835905475258,1.118006260271402,200,False,0.2222,0.0213,9,2021-03-31,False,031,0.38129305615707737,18.647172459902517,0.017376124371111152,0.008203111258978064,0.09667002239895892,0.9436124049749212,False
852218,"JPMORGAN CHASE BANK, NATIONAL ASSOCIATION",11,2021-05-24,2021-05-24,0.008945668530428337,0.00133091221170829,0.8504708234630217,200,False,0.2222,0.0213,9,2021-03-31,False,031,0.4726760633971851,21.888764201587737,0.013736465014570442,0.011506943207164895,0.0864745702366407,0.8103142590062656,False
541101,"BANK OF NEW YORK MELLON, THE",11,2021-05-24,2021-05-24,0.018403808088487253,0.00015781786627810796,0.8321460520037677,200,False,0.2222,0.0213,9,2021-03-31,False,031,0.5803872963253467,19.765994243766674,0.005823841808203907,0.00282242797645682,0.07604072521937079,0.9523910200031572,False
210434,"NORTHERN TRUST COMPANY, THE",11,2021-05-24,2021-05-24,0.010242053439615845,0.00025555457568775947,0.9729555391788137,200,False,0.2222,0.0213,9,2021-03-31,False,031,0.2825080996504968,18.912575962925512,0.009395157277574118,0.0043021418874661195,0.06457999670113859,0.9136844496133668,False
1394676,AMERICAN EXPRESS NATIONAL BANK,11,2021-05-24,2021-05-24,0.02981750889414396,0.0005968738922254634,1.0919264442181984,200,False,0.2222,0.0213,9,2021-03-31,False,031,0.18014347253086613,18.73746118499248,0.0555947374270066,0.0041156852037251565,0.09233917375242237,0.842473106361357,False
480228,"BANK OF AMERICA, NATIONAL ASSOCIATION",11,2021-05-24,2021-05-24,0.0011123290600524218,0.0012141967312364159,0.9430642974284383,200,False,0.2222,0.0213,9,2021-03-31,False,031,0.45947047430309723,21.563441106082237,0.011229412635592698,0.007939401754627798,0.09514138847439953,0.9349080135340577,False
817824,"PNC BANK, NATIONAL ASSOCIATION",11,2021-05-24,2021-05-24,-0.0004082083809156924,0.0015220404490307272,0.8908901797775713,200,False,0.2222,0.0213,9,2021-03-31,False,031,0.46049188516394607,19.966751666338286,0.013965632439858867,0.013635716986320491,0.09677308035866403,0.9187672916884652,False
280110,KEYBANK NATIONAL ASSOCIATION,11,2021-05-24,2021-05-24,-0.004119814533829473,0.0008274462572226264,1.2289503241715953,200,False,0.2222,0.0213,9,2021-03-31,False,031,0.4952590736664999,18.97461208024843,0.01447707793598943,0.008479542911433316,0.0992301200697947,0.9251090798315185,False
504713,U.S. BANK NATIONAL ASSOCIATION,11,2021-05-24,2021-05-24,0.000853505533984043,0.0009217277758048303,0.9453197201180492,200,False,0.2222,0.0213,9,2021-03-31,False,031,0.4745742190006711,20.111820816560602,0.016996861561336646,0.010804094498115754,0.09311688282701489,0.9050877971235793,False
34537,SEACOAST NATIONAL BANK,11,2021-05-24,2021-05-24,-0.029758194193822734,0.0015400637307884763,1.105807687715986,200,False,0.2222,0.0213,9,2021-03-31,False,041,0.3577327791832505,15.99169080407564,0.015492852263468814,0.006299611912171363,0.1299880398248867,0.9633830732602003,False
476810,"CITIBANK, N.A.",11,2021-05-24,2021-05-24,0.027051234831879108,0.00045340356877593776,0.9660187324756457,200,False,0.2222,0.0213,9,2021-03-31,False,031,0.3544586665277984,21.23431363602964,0.016529927050209444,0.009916759982146073,0.0981651876952941,0.8689409093510396,False
852320,TRUIST BANK,11,2021-05-24,2021-05-24,-0.0023762734770323996,0.0006374469271973762,1.1492915746809365,200,False,0.2222,0.0213,9,2021-03-31,False,031,0.45267419714339363,20.042977624337635,0.01045666977971098,0.01111395821589026,0.12577422991642168,0.9261399823836304,False
35301,STATE STREET BANK AND TRUST COMPANY,11,2021-05-24,2021-05-24,0.024683938290741256,-9.319032307689414e-05,1.2330655221734137,200,False,0.2222,0.0213,9,2021-03-31,False,031,0.6179755431528015,19.56261110933401,0.006894768594329053,0.0,0.08347458032884215,0.8723644342283983,False
17147,FIRST MERCHANTS BANK,11,2021-05-24,2021-05-24,-0.024018813606719938,0.0017387167254921823,0.999926849518275,200,False,0.2222,0.0213,9,2021-03-31,False,041,0.45091666779575384,16.497047433316727,0.014135179358914028,0.006330383459309566,0.1257230005957203,0.9420048854344021,False
572374,GREAT SOUTHERN BANK,11,2021-05-24,2021-05-24,-0.0069326837433142125,0.0009459455673768465,0.804222269126932,200,False,0.2222,0.0213,9,2021-03-31,False,041,0.5799756308954751,15.539515852489362,0.015114123726288542,0.002177497775398381,0.12091263310956901,0.9632531389114654,False
489623,"PARK NATIONAL BANK, THE",11,2021-05-24,2021-05-24,-0.016497806361033047,0.002495820465407813,0.7570546500837801,200,False,0.2222,0.0213,9,2021-03-31,False,041,0.24449215029629506,16.10577040622837,0.0182726324383164,0.01608480747730261,0.09737692842240307,0.9517854140516527,False
595869,CATHAY BANK,11,2021-05-24,2021-05-24,0.004764470226129553,0.0011359936229111617,1.073642986475341,200,False,0.2222,0.0213,9,2021-03-31,False,031,0.4106220981433051,16.771194600066142,0.015823584889654685,0.006159486194640224,0.12994477920268177,0.9820906710620911,False
1718188,NORTHRIM BANK,11,2021-05-24,2021-05-24,-0.02627836465605353,0.0023403769609804236,0.866078648747299,200,False,0.2222,0.0213,9,2021-03-31,False,051,0.3471445556502843,14.66367233078593,0.022096901963303144,0.008625002907203843,0.08690217740381527,0.9730482465087509,False
463735,HANCOCK WHITNEY BANK,11,2021-05-24,2021-05-24,-0.010808413639027195,0.0015179624435299715,1.5588789529733404,200,False,0.2222,0.0213,9,2021-03-31,False,041,0.4628808399111372,17.372285429647167,0.01265701366854081,0.005292759442483951,0.09917522335394599,0.9321165893902509,False
339858,"BOKF, NATIONAL ASSOCIATION",11,2021-05-24,2021-05-24,0.005215860576847015,0.0008924652261985138,1.0120886724874414,200,False,0.2222,0.0213,9,2021-03-31,False,041,0.6133604010693584,17.67072849652984,0.012653720997082257,0.012913680703772999,0.1077929379024,0.9026800432693598,False
693345,"FIRST FINANCIAL BANK, NATIONAL ASSOCIATION",11,2021-05-24,2021-05-24,0.0009756187037249274,0.0004712916073028384,0.6142317070967179,200,False,0.2222,0.0213,9,2021-03-31,False,051,0.3013391210540111,15.331503130698367,0.010001012310441575,0.006286325827445794,0.12247550966317292,0.9566119554285791,False
702117,"NBT BANK, NATIONAL ASSOCIATION",11,2021-05-24,2021-05-24,-0.02348786094322633,0.00046899035462758275,0.8273722623895728,200,False,0.2222,0.0213,9,2021-03-31,False,041,0.3228574803345197,16.252858684801314,0.013483582832517205,0.0059666624491109994,0.1145845859562675,0.9735074871410997,False
677176,TRUSTCO BANK,11,2021-05-24,2021-05-24,-0.03155491567908375,0.00024260288670050864,0.787970792133491,200,False,0.2222,0.0213,9,2021-03-31,False,041,0.10036716086045509,15.615075154450288,0.009918945119028995,0.005061637244880272,0.09165068908390157,0.941766686978101,False
749242,RENASANT BANK,11,2021-05-24,2021-05-24,-0.012629159170349001,0.002104621622073087,0.7336377228201676,200,False,0.2222,0.0213,9,2021-03-31,False,041,0.43300017810690083,16.56411545386535,0.015695714899546912,0.005013667953184915,0.14996993756539348,0.9691603586940067,False
936426,S & T BANK,11,2021-05-24,2021-05-24,-0.012366363512828311,0.0010836257875484877,0.9554451130554886,200,False,0.2222,0.0213,9,2021-03-31,False,041,0.3012337125989725,16.047672006403566,0.014175124026433937,0.018789843526133127,0.1267571238549745,0.9687162949367054,False
42420,FIRST COMMONWEALTH BANK,11,2021-05-24,2021-05-24,-0.013918629592438343,0.0019784821097469578,1.0118681512405567,200,False,0.2222,0.0213,9,2021-03-31,False,041,0.23559759276038061,16.05550264940295,0.017572179702950743,0.00662420808208732,0.11804872367486592,0.9521561982309875,False
143662,UMPQUA BANK,11,2021-05-24,2021-05-24,-0.022399799917488774,0.0012156310038606035,1.0788586731378886,200,False,0.2222,0.0213,9,2021-03-31,False,041,0.37263417788553027,17.21800759470877,0.014722187128972105,0.0024327183243452867,0.09693210646221256,0.9596429718139717,False
61122,FIRST UNITED BANK & TRUST,11,2021-05-24,2021-05-24,-0.04322237944278567,-5.2480386481061664e-05,0.6792330505806645,200,False,0.2222,0.0213,9,2021-03-31,False,041,0.32006504909262906,14.383291208221742,0.013212820380571396,0.006575862686393145,0.08358389817875962,0.9100908171065685,False
936855,"UMB BANK, NATIONAL ASSOCIATION",11,2021-05-24,2021-05-24,-0.026635257262857225,0.001782305747113654,0.9811644197095587,200,False,0.2222,0.0213,9,2021-03-31,False,031,0.7644441784010527,17.353836969652498,0.009436523003501032,0.004754105481060361,0.08179167575820526,0.9015141087209321,False
577128,PEOPLES BANK,11,2021-05-24,2021-05-24,-0.015058403865610515,0.0014957313747349982,0.9217289230771656,200,False,0.2222,0.0213,9,2021-03-31,False,041,0.38591174705396586,15.451303894872435,0.013031970794359981,0.007558318458792393,0.10894747063861916,0.9456154940575973,False
317342,STOCK YARDS BANK & TRUST COMPANY,11,2021-05-24,2021-05-24,0.033843236399168274,0.0006733413975295744,0.7315447251473807,200,False,0.2222,0.0213,9,2021-03-31,False,041,0.30469136284228576,15.382123846954745,0.018810967024236194,0.003923612293289607,0.08976145400892661,0.9638331677523458,False
584724,UNIFIED BANK,11,2021-05-24,2021-05-24,-0.010181865621416875,0.0015032811394864814,-0.05057758053662125,200,False,0.2222,0.0213,9,2021-03-31,False,051,0.15874800877444964,13.508864466486084,0.014518059928442434,0.0066261512993433845,0.11678857905371709,0.9426476810289784,False
1386251,BANCFIRST,11,2021-05-24,2021-05-24,-0.04474464318119238,0.001882292823253165,1.0609405189898016,200,False,0.2222,0.0213,9,2021-03-31,False,041,0.28208564598487446,16.065275507318947,0.016299815739929953,0.006958650794929205,0.09901696335440618,0.9942666282873952,False
100562,TRI COUNTIES BANK,11,2021-05-24,2021-05-24,0.016912032693928408,0.0017166982375377224,0.8828762243683161,200,False,0.2222,0.0213,9,2021-03-31,False,041,0.294495822796108,15.897612682153467,0.01704907912208388,0.0058222013722869495,0.12287065721035945,0.9761761716518643,False
37640,GERMAN AMERICAN BANK,11,2021-05-24,2021-05-24,0.036923612871048436,0.0015295926204956067,0.6349525155289522,200,False,0.2222,0.0213,9,2021-03-31,False,041,0.3822124793607803,15.466150680627475,0.015619787982067876,0.006695164327154163,0.11289684268548882,0.9617778639341631,False
981275,PREMIER BANK,11,2021-05-24,2021-05-24,-0.022791686159365176,0.0013929268638386478,1.2862386404385269,200,False,0.2222,0.0213,9,2021-03-31,False,041,0.23449920545900071,15.82690850958979,0.020805062192273283,0.00868744324516836,0.13200695018490027,0.9893637749588804,False
435077,"PATHWARD, NATIONAL ASSOCIATION",11,2021-05-24,2021-05-24,0.021422355626511184,0.0036696233327718816,1.0493120012208634,200,False,0.2222,0.0213,9,2021-03-31,False,041,0.017909036889557584,16.09717707522324,0.024760576114315275,0.011665520409023383,0.09419781727474978,0.9747000281980203,False
2142155,QUAD CITY BANK AND TRUST COMPANY,11,2021-05-24,2021-05-24,0.018903537608331855,0.001182947437556737,0.9219444644280932,200,False,0.2222,0.0213,9,2021-03-31,False,041,0.765606257001685,14.560728705446083,0.01360101874743996,0.0030099506929263608,0.09545298996013576,0.9662764699801815,False
921178,RIVERVIEW BANK,11,2021-05-24,2021-05-24,-0.009163663678945493,0.0007932979730193192,0.6625077721742196,200,False,0.2222,0.0213,9,2021-03-31,False,041,0.2533522871308726,14.25254086838599,0.009211273410102559,0.0006053634566147354,0.10856125206139385,0.9834036894378879,False
693224,ATLANTIC UNION BANK,11,2021-05-24,2021-05-24,-0.021835424361571668,0.0015498450031868958,1.0870720483384022,200,False,0.2222,0.0213,9,2021-03-31,False,041,0.38096132423400464,16.801232545367814,0.011999721425298471,0.003605941948817438,0.14507196757220783,0.9684592379379018,False
470050,"FIRST FINANCIAL BANK, NATIONAL ASSOCIATION",11,2021-05-24,2021-05-24,0.010280876395137407,0.0010743182716491158,0.9490576041404558,200,False,0.2222,0.0213,9,2021-03-31,False,041,0.4282632305012648,16.305878186096464,0.01826531399600073,0.007301269662564749,0.12636934532909003,0.9050630515678104,False
936136,OLD SECOND NATIONAL BANK,11,2021-05-24,2021-05-24,-0.010742337548952818,0.001951805274444302,0.8262035392561821,200,False,0.2222,0.0213,9,2021-03-31,False,041,0.2313487700618864,14.969171480896186,0.016494540939170466,0.010618729564460293,0.11418914144090939,0.9601420602872974,False
694904,"FLAGSTAR BANK, NATIONAL ASSOCIATION",11,2021-05-24,2021-05-24,0.015006773423980768,0.0003117756007307372,0.707439665141264,200,False,0.2222,0.0213,9,2021-03-31,False,041,0.3554462533028021,17.869607717501054,0.010732511969769598,0.0007668275106129847,0.12660490656186393,0.6822423510332627,False
229801,VALLEY NATIONAL BANK,11,2021-05-24,2021-05-24,-0.009610046834204914,0.0018530376979778314,1.043142654288846,200,False,0.2222,0.0213,9,2021-03-31,False,041,0.490020101286844,17.532924139033863,0.011499447067208759,0.006361593079438288,0.12330137625172188,0.9059389269204702,False
481177,LANDMARK NATIONAL BANK,11,2021-05-24,2021-05-24,-0.048801740582462526,-0.000733207410974962,0.9756985448144457,200,False,0.2222,0.0213,9,2021-03-31,False,041,0.2790668292986542,14.03510140589471,0.017216255729318456,0.014863542826299632,0.11730400693017717,0.97908240158551,False
272272,SOUTHERN BANK,11,2021-05-24,2021-05-24,-0.020932924183730085,0.0016841737598872705,0.8663814651421828,200,False,0.2222,0.0213,9,2021-03-31,False,051,0.16212400343980468,14.815657026361231,0.017212765018317713,0.0031136641795446503,0.10044322980269837,0.9690444948840922,False
764030,AMERIS BANK,11,2021-05-24,2021-05-24,-0.04671349093334387,0.0026477168384532288,1.1605563496335567,200,False,0.2222,0.0213,9,2021-03-31,False,041,0.4023055014904123,16.875999094573345,0.024594644131948954,0.004735515741092446,0.1386340290240233,0.9810906631293067,False
2236821,"PATRIOT BANK, NATIONAL ASSOCIATION",11,2021-05-24,2021-05-24,-0.03181829725049916,0.0020249196618721097,0.7665244114633109,200,False,0.2222,0.0213,9,2021-03-31,False,051,0.30648423540303116,13.69488072402011,0.005483087045699162,0.036171919264758906,0.10436706447252929,0.8762821925918461,False
268677,CARVER FEDERAL SAVINGS BANK,11,2021-05-24,2021-05-24,0.07393644884343639,-9.420282765793236e-06,1.250333888641148,200,False,0.2222,0.0213,9,2021-03-31,False,041,0.20205608837159325,13.43516772622534,-0.0028904651220621773,0.014722426729094113,0.09284156418631798,0.9304370821629326,False
112837,"CAPITAL ONE, NATIONAL ASSOCIATION",11,2021-05-24,2021-05-24,0.021096490540763943,0.001772817071580735,1.1863475539855888,200,False,0.2222,0.0213,9,2021-03-31,False,031,0.3046195242545087,19.7287661816548,0.014697105619206135,0.007313190397673613,0.11449016253966386,0.9362841099348729,False
1002878,NORTHWEST BANK,11,2021-05-24,2021-05-24,-0.0078583889592861,0.001083850733989394,0.797497800957959,200,False,0.2222,0.0213,9,2021-03-31,False,041,0.20925160433909334,16.482924441751596,0.01169532824251941,0.021615186782731458,0.10831537254818098,0.9683335431811038,False
697763,WESTAMERICA BANK,11,2021-05-24,2021-05-24,-0.014508455091716168,8.841129018933815e-05,0.6309613457567957,200,False,0.2222,0.0213,9,2021-03-31,False,041,0.3466448328622157,15.742271234942518,0.011531871152105164,0.0031713862583052756,0.09987085038230122,0.9586801874593639,False
749635,AUBURNBANK,11,2021-05-24,2021-05-24,0.0255665151289779,-0.002967960698697933,0.621092253945273,200,False,0.2222,0.0213,9,2021-03-31,False,051,0.3768551696074331,13.808436596391859,0.007533100827734702,0.0016905750978072182,0.10021340428681778,0.9902019600556946,False
959304,FLUSHING BANK,11,2021-05-24,2021-05-24,-0.0006627931613572557,0.0027762247921505447,0.7668502076527742,200,False,0.2222,0.0213,9,2021-03-31,False,041,0.390266070758839,15.914767349409646,0.010438103538644059,0.003512511496866863,0.09236929975026051,0.8672466636782441,False
352772,BANNER BANK,11,2021-05-24,2021-05-24,-0.007891496525280711,0.000794253022824864,1.1648264870840424,200,False,0.2222,0.0213,9,2021-03-31,False,041,0.3182080154401064,16.595310839290875,0.012178357614470567,0.003629093044106096,0.10694962621159033,0.9492683652831115,False
498317,"OHIO VALLEY BANK COMPANY, THE",11,2021-05-24,2021-05-24,0.007362945040114735,-0.0008341306922986815,1.021940785678096,200,False,0.2222,0.0213,9,2021-03-31,False,041,0.30576966690632557,14.0060375247822,0.009505019890287274,0.007345376532826251,0.10961436894519902,0.9618747830155226,False
506922,SANDY SPRING BANK,11,2021-05-24,2021-05-24,-0.0023055243382433914,0.0015684216048912516,1.0921816863606024,200,False,0.2222,0.0213,9,2021-03-31,False,041,0.42705429175526877,16.36970583549903,0.024078166567218305,0.009155893258851577,0.12666696524501386,0.956077379325953,False
3317932,CONNECTONE BANK,11,2021-05-24,2021-05-24,-0.01410832267445113,0.0017451291669153155,0.9659870232217314,200,False,0.2222,0.0213,9,2021-03-31,False,041,0.5510973333393498,15.823655863161868,0.01865846350782765,0.01230599620533821,0.13765026536051875,0.9314276756894079,False
276579,"ZIONS BANCORPORATION, NATIONAL ASSOCIATION",11,2021-05-24,2021-05-24,-0.006883429400447129,0.0010480913791113323,1.1752242734420013,200,False,0.2222,0.0213,9,2021-03-31,False,041,0.5343011281723313,18.259582757378034,0.015116340569185469,0.006208501305130405,0.09319730135264366,0.9567992135962468,False
1412712,"COMMUNITY WEST BANK, NATIONAL ASSOCIATION",11,2021-05-24,2021-05-24,-0.013732731285091136,0.002659264814591902,0.18142946650546005,200,False,0.2222,0.0213,9,2021-03-31,False,051,0.3971077594455089,13.833209012256027,0.012084224094567404,0.0021940692550977193,0.08983785525653923,0.8686980119039652,False
1929247,"SOUTHSTATE BANK, N.A.",11,2021-05-24,2021-05-24,-0.01672098223917821,0.0013156137441176054,1.0862926106464246,200,False,0.2222,0.0213,9,2021-03-31,False,041,0.346643226834887,17.494560939622946,0.015417598373370055,0.004065221450481221,0.12368098948204971,0.9375350188153747,False
1890525,UNITY BANK,11,2021-05-24,2021-05-24,0.0045446524310043404,0.0012914153534682395,0.8509263369023815,200,False,0.2222,0.0213,9,2021-03-31,False,051,0.32921639198568203,14.507509079067466,0.016062439680753503,0.008576400174544828,0.0922599143817102,0.8984711557762342,False
876634,CAPITAL CITY BANK,11,2021-05-24,2021-05-24,0.03047972304375024,0.00044769379510349236,0.8803440548580912,200,False,0.2222,0.0213,9,2021-03-31,False,041,0.3379750852971515,15.182698804166911,0.010385543820415406,0.002507234293917959,0.08810562696388478,0.9508912553359631,False
2239288,"WINTRUST BANK, NATIONAL ASSOCIATION",11,2021-05-24,2021-05-24,0.04091444910492266,0.0014779076368678175,1.0440795913568326,200,False,0.2222,0.0213,9,2021-03-31,False,041,0.526806540653079,15.934373513809442,0.015554089503669336,0.0027852641194088938,0.09736122677299149,0.9637070652823645,False
556815,"PEOPLES BANK, A CODORUS VALLEY COMPANY",11,2021-05-24,2021-05-24,0.00862107258064652,0.0003422866314813485,0.603690797409679,200,False,0.2222,0.0213,9,2021-03-31,False,041,0.23675120281175335,14.637606208081118,0.007628129143751734,0.025287069051048872,0.09901097147890156,0.9691783411309438,False
729310,PATHFINDER BANK,11,2021-05-24,2021-05-24,0.03970792948209707,0.0023016715678002542,-0.08173051645385612,200,False,0.2222,0.0213,9,2021-03-31,False,051,0.26990032603803077,14.078721387071704,0.008405189143656027,0.024666105022783557,0.08448537046701217,0.919721078570091,False
431172,PACIFIC PREMIER BANK,11,2021-05-24,2021-05-24,-0.008949931343479734,0.002292965028486932,1.1565874145435942,200,False,0.2222,0.0213,9,2021-03-31,False,041,0.5307495407605511,16.819821380324367,0.014577210769476117,0.0029640600576204927,0.14796005752241848,0.9800170622878233,False
107244,BANK OZK,11,2021-05-24,2021-05-24,-0.007002230856087716,0.0018526049474457257,0.7765011077053021,200,False,0.2222,0.0213,9,2021-03-31,False,041,0.30653275321765017,17.121550454830295,0.02176435643767626,0.003506212962990669,0.1606929777776735,0.9303582176128935,False
874845,LAKE CITY BANK,11,2021-05-24,2021-05-24,-0.012790428050105176,0.0014676883089199486,0.6718702824985127,200,False,0.2222,0.0213,9,2021-03-31,False,041,0.528968572999068,15.607841530519854,0.015735004822243284,0.002609194512168527,0.10581767422956544,0.9743488909984814,False
522605,BAR HARBOR BANK AND TRUST COMPANY,11,2021-05-24,2021-05-24,-0.013630133334048243,0.000988735408022187,0.8441518039079098,200,False,0.2222,0.0213,9,2021-03-31,False,041,0.20200690880581737,15.131547140796949,0.011678334094116474,0.005567286112980885,0.12353142481361708,0.8937877542102801,False
593007,CAMDEN NATIONAL BANK,11,2021-05-24,2021-05-24,0.0021214955757116773,0.000923919331488267,0.8703543097417001,200,False,0.2222,0.0213,9,2021-03-31,False,041,0.22352683075623547,15.43850950253978,0.016184624843166313,0.0023256705862500096,0.10787138878042533,0.9425758357871401,False
786612,MID PENN BANK,11,2021-05-24,2021-05-24,0.004759255060833025,0.0009149366241564772,0.8371133339455161,200,False,0.2222,0.0213,9,2021-03-31,False,041,0.3660612370168457,15.033791806518895,0.012412716617017181,0.0023277763598218313,0.08733055319868775,0.8683897404922889,False
881478,HERITAGE BANK,11,2021-05-24,2021-05-24,0.0061820194548832695,0.0013089519106660155,0.7706246760548635,200,False,0.2222,0.0213,9,2021-03-31,False,041,0.42175279097302654,15.764688504804928,0.015132184484156999,0.011486376385880369,0.1189587737963967,0.9765143293508256,False
671464,BANK OF HOPE,11,2021-05-24,2021-05-24,-0.028884747535566996,0.0015754130508808149,1.0720797580477328,200,False,0.2222,0.0213,9,2021-03-31,False,041,0.5345605543077468,16.66003637986112,0.010786927358887165,0.009852210646013377,0.13584174489240175,0.9639663875364775,False
606046,CADENCE BANK,11,2021-05-24,2021-05-24,-0.018955917365184462,0.0007476231131426694,1.0324918291506064,200,False,0.2222,0.0213,9,2021-03-31,False,041,0.3661968011544043,17.065991982158884,0.012642834047320289,0.006059148852383721,0.10949208958623378,0.9083521527807064,False
782306,BROOKLINE BANK,11,2021-05-24,2021-05-24,-0.011396512989235035,0.0015095086977904087,0.7925451072636867,200,False,0.2222,0.0213,9,2021-03-31,False,041,0.42356643909277386,15.515624291769718,0.014379211517982235,0.005431677666560042,0.10848304067716734,0.894470064777965,False
1001152,INTERNATIONAL BANK OF COMMERCE,11,2021-05-24,2021-05-24,-0.0352468370227686,0.0007835921716147651,1.1186902395736231,200,False,0.2222,0.0213,9,2021-03-31,False,041,0.3571676529385442,16.172269961231205,0.013853590037631128,0.0016697872766233105,0.14740070889671247,0.9035084571368004,False
59316,WAYNE BANK,11,2021-05-24,2021-05-24,-0.025266303832685855,-0.00020214637786714266,0.7888602284072361,200,False,0.2222,0.0213,9,2021-03-31,False,051,0.296755203887515,14.514040724224957,0.011249282000402826,0.008275919304336084,0.09722920536404756,0.9286724358186887,False
491934,COLONY BANK,11,2021-05-24,2021-05-24,0.042788566391805546,-5.176375888314521e-05,0.9928142426681538,200,False,0.2222,0.0213,9,2021-03-31,False,051,0.3033529787594696,14.401038006090284,0.011465874657142952,0.009783688476215264,0.09513635771390772,0.9438679596499616,False
361167,SOUTHSIDE BANK,11,2021-05-24,2021-05-24,0.003382903822920824,0.0010834440601488634,0.6680031458811775,200,False,0.2222,0.0213,9,2021-03-31,False,041,0.37448828810112544,15.760642976093852,0.02114786952942559,0.00142879689869873,0.14821422597396433,0.8677029439237042,False
316840,REPUBLIC BANK & TRUST COMPANY,11,2021-05-24,2021-05-24,0.02212146878260036,0.0008338102771602482,0.8936821831557201,200,False,0.2222,0.0213,9,2021-03-31,False,041,0.33355265670334994,15.682363430316093,0.016000843549283085,0.004745062204539761,0.12064548217978949,0.9438144660695181,False
2209553,HERITAGE BANK OF COMMERCE,11,2021-05-24,2021-05-24,-0.01200604038906599,0.0016911765716687076,1.0038782146477654,200,False,0.2222,0.0213,9,2021-03-31,False,041,0.6231358783554655,15.424793058322543,0.009984751630403365,0.002065712024305449,0.11996684284737848,0.9772691421399156,False
821906,SALISBURY BANK AND TRUST COMPANY,11,2021-05-24,2021-05-24,-0.017398462667413447,-0.00031698915100516816,0.6257225093878939,200,False,0.2222,0.0213,9,2021-03-31,False,051,0.324672627941992,14.154215300688202,0.013435685528557959,0.005384982764083092,0.10289645499451583,0.9755988471120602,False
416245,BUSEY BANK,11,2021-05-24,2021-05-24,0.057962567306329434,0.0007779365649035888,0.9325235071325941,200,False,0.2222,0.0213,9,2021-03-31,False,041,0.36282113489098583,16.189501661814333,0.015134953146001759,0.003351445755483034,0.1329281318772176,0.9646868225839653,False
399517,CNB BANK,11,2021-05-24,2021-05-24,-0.02141131839346632,0.0008343968165980513,0.9432616506977853,200,False,0.2222,0.0213,9,2021-03-31,False,041,0.307832774509483,15.400680162777917,0.011980855384878935,0.009606390122642288,0.09296556088079,0.9885369208860624,False
664756,PROSPERITY BANK,11,2021-05-24,2021-05-24,0.00786019914557382,0.00019606368113875392,0.8449644472681073,200,False,0.2222,0.0213,9,2021-03-31,False,041,0.42940957502225807,17.386842451820318,0.015368493171831492,0.0022067443132976075,0.17426553179768187,0.9811995779388676,False
767974,CFBANK NATIONAL ASSOCIATION,11,2021-05-24,2021-05-24,-0.04085151161657957,0.003301199237915506,0.23754661750370945,200,False,0.2222,0.0213,9,2021-03-31,False,051,0.20858722371715163,14.284197070192088,0.01676456636047197,0.00045321460666133555,0.0826093595695334,0.9030222533295404,False
716374,FIRST HARRISON BANK,11,2021-05-24,2021-05-24,0.00837694966728951,-0.0036227220451827196,1.0851023978233363,200,False,0.2222,0.0213,9,2021-03-31,False,051,0.24659906455740177,13.865516173649343,0.010128634032704987,0.0037602667844451377,0.09746337073863501,0.9951955813683845,False
197478,EAST WEST BANK,11,2021-05-24,2021-05-24,-0.03836016648184837,0.0021942636693971108,1.1479650374464254,200,False,0.2222,0.0213,9,2021-03-31,False,031,0.6335043690548986,17.85608280820386,0.01455329635370354,0.005736126697769809,0.08932614930043194,0.9643628229625144,False
958727,AMERICAN NATIONAL BANK AND TRUST COMPANY,11,2021-05-24,2021-05-24,-0.00513674011546548,7.045116782551398e-05,1.2052991697475615,200,False,0.2222,0.0213,9,2021-03-31,False,041,0.3931859486436059,14.933065627242149,0.015512679198134344,0.0012446351716369432,0.11567523721368365,0.9776691861695124,False
968070,CAPITOL FEDERAL SAVINGS BANK,11,2021-05-24,2021-05-24,-0.016674645934996547,0.00043738688796183145,0.5639398078813352,200,False,0.2222,0.0213,9,2021-03-31,False,041,0.13959861236027238,16.089501610184733,0.008434151129607622,0.0021950430041221365,0.11980674429562377,0.7961506995592843,False
202907,"COMMUNITY BANK, NATIONAL ASSOCIATION",11,2021-05-24,2021-05-24,-0.0006409924839254387,0.0008690391530990127,0.771682373707291,200,False,0.2222,0.0213,9,2021-03-31,False,041,0.4186206297034012,16.484783062433557,0.011893716386494637,0.010239175525195347,0.11122128688320318,0.9698761831284226,False
601416,FIVE STAR BANK,11,2021-05-24,2021-05-24,-0.0020836704438674525,0.0018494287876810278,0.978401952960142,200,False,0.2222,0.0213,9,2021-03-31,False,041,0.3126767816386457,15.481635940028172,0.016256631941983794,0.0026466699689705474,0.0910548272033638,0.9867293775600093,False
662369,BANK OF THE SIERRA,11,2021-05-24,2021-05-24,0.001870115100397635,0.001170994868501675,1.00771461342637,200,False,0.2222,0.0213,9,2021-03-31,False,041,0.31299897531582216,15.017450196809332,0.01386776682119052,0.003789908051289593,0.11168644634116354,0.9699553168967375,False
439404,FIRST NATIONAL BANK,11,2021-05-24,2021-05-24,0.0440005630766675,0.0011298537562796297,0.7820605780072387,200,False,0.2222,0.0213,9,2021-03-31,False,041,0.19891544291623076,14.69219605476607,0.015278065621772158,0.004621474530584216,0.08280709902360543,0.8869172206359239,False
2608754,MERCANTILE BANK,11,2021-05-24,2021-05-24,0.004925818298294556,0.001042998529090436,0.9295643081736197,200,False,0.2222,0.0213,9,2021-03-31,False,041,0.44308200463307956,15.361260147739628,0.013248677871216525,0.0008183047209797633,0.09818358230556751,0.863997390601438,False
29636,"CITIZENS BANK OF PHILADELPHIA, THE",11,2021-05-24,2021-05-24,-0.009536030997275784,-0.0017942975902030774,0.5875342893689111,200,False,0.2222,0.0213,9,2021-03-31,False,051,0.41317091585112903,14.25251050818808,0.005067000160200923,0.01069978034081593,0.06718361609657532,0.8530198358507866,False
2652092,EAGLEBANK,11,2021-05-24,2021-05-24,-0.005930257712856546,0.001751806997914103,0.9288602435848426,200,False,0.2222,0.0213,9,2021-03-31,False,041,0.39767257565883213,16.222642765895454,0.016661747166768884,0.006816636316752696,0.12338772285582239,0.9548188249398878,False
1436204,BANK OF MARIN,11,2021-05-24,2021-05-24,-0.02786300153115852,7.493102962336343e-05,0.9416170875148905,200,False,0.2222,0.0213,9,2021-03-31,False,041,0.44957701579607046,14.933208223301767,0.013286650624663566,0.004338354922206533,0.1083136078613228,0.9811322069504775,False
2634351,MACATAWA BANK,11,2021-05-24,2021-05-24,-0.030366326443110228,0.0006606056048922002,0.7991178707065909,200,False,0.2222,0.0213,9,2021-03-31,False,051,0.41169169443316067,14.82111973682763,0.011782385830700636,0.0003770831148645446,0.0932355174840831,0.9663400984223219,False
754929,"NATIONAL BANK OF BLACKSBURG, THE",11,2021-05-24,2021-05-24,-0.008837473834678766,0.00039570270868628804,0.665788650247675,200,False,0.2222,0.0213,9,2021-03-31,False,041,0.3419391385829626,14.25504982507284,0.01177583389605101,0.0047487509361566795,0.10965391574183372,0.9862434053885846,False
687009,LAKELAND BANK,11,2021-05-24,2021-05-24,0.009469505293323027,0.001406197419148307,0.9308967160611975,200,False,0.2222,0.0213,9,2021-03-31,False,041,0.4123737980462787,15.865905167624648,0.01304805437984745,0.005094124948282996,0.10859716686481875,0.9625561313006871,False
2634191,GLACIER BANK,11,2021-05-24,2021-05-24,-0.020013671175541495,0.0014864979434399466,0.9541809853793989,200,False,0.2222,0.0213,9,2021-03-31,False,041,0.28183451152981204,16.79912419659196,0.01676453723324303,0.002952059329192372,0.11837842734660352,0.9307129604754065,False
186221,"OLD POINT NATIONAL BANK OF PHOEBUS, THE",11,2021-05-24,2021-05-24,-0.022377724778754077,0.0024205080142801,0.04140339647418989,200,False,0.2222,0.0213,9,2021-03-31,False,041,0.2601523675595385,14.038936469411109,0.009402144834298794,0.0027516916538548163,0.08869495254540118,0.9760639534934745,False
474919,"FULTON BANK, NATIONAL ASSOCIATION",11,2021-05-24,2021-05-24,-0.020203765862388146,0.0016630746854125959,0.9562510980123983,200,False,0.2222,0.0213,9,2021-03-31,False,041,0.35481481188225283,17.063645373144624,0.014279076512295083,0.00800515534651099,0.11845166323838979,0.9591073609046272,False
473501,BERKSHIRE BANK,11,2021-05-24,2021-05-24,0.0053982873349955945,0.0028100328667155987,1.0823293580108935,200,False,0.2222,0.0213,9,2021-03-31,False,041,0.3519454424616397,16.361385927223065,0.004317572901185066,0.008210604698650559,0.09210641859099786,0.9486828029952951,False
508346,HAWTHORN BANK,11,2021-05-24,2021-05-24,0.004043921687545312,-0.0008044932598535873,1.2029863318398855,200,False,0.2222,0.0213,9,2021-03-31,False,041,0.23894289929582455,14.360159470343472,0.014559139398249307,0.026692543351113807,0.10320689697175701,0.9035486011665677,False
236706,PEAPACK-GLADSTONE BANK,11,2021-05-24,2021-05-24,-0.004623412092800345,0.0015010334933634123,1.128080333045007,200,False,0.2222,0.0213,9,2021-03-31,False,041,0.5714792742630718,15.602373056579623,0.010028321684763402,0.003917272007630055,0.09975212245150895,0.9409139077578867,False
657365,HANMI BANK,11,2021-05-24,2021-05-24,-0.012749612598470954,0.003065182022302561,0.7977351350810252,200,False,0.2222,0.0213,9,2021-03-31,False,041,0.4115944265352647,15.677646163749095,0.012640990948307331,0.011352574577433206,0.1069298963723326,0.960387795541294,False
636771,INDEPENDENT BANK,11,2021-05-24,2021-05-24,-0.009226775843869783,0.0015558066350941772,0.9557579259792451,200,False,0.2222,0.0213,9,2021-03-31,False,041,0.18923713206994064,15.302899473454312,0.02005276210167155,0.002635267829866718,0.0930895204523757,0.9791292258359484,False
2353595,FIRST COMMUNITY BANK,11,2021-05-24,2021-05-24,0.008078902207343511,0.0009280728551402074,0.8368336862797863,200,False,0.2222,0.0213,9,2021-03-31,False,051,0.15590014418751527,14.959548945977147,0.018532079641437067,0.012240524727015242,0.13031160841441783,0.9835455064208638,False
780218,"UNION BANK COMPANY, THE",11,2021-05-24,2021-05-24,0.024837256179195178,0.0018923759103890937,0.2845315127693389,200,False,0.2222,0.0213,9,2021-03-31,False,051,0.1776104450408656,13.84213301452438,0.017048043778846715,0.0013389459010830788,0.1267950690373717,0.9917648344491974,False
542528,CIVISTA BANK,11,2021-05-24,2021-05-24,0.0012706529570580508,0.000719157025814762,1.195249687712048,200,False,0.2222,0.0213,9,2021-03-31,False,041,0.3047332501357136,14.93184979177833,0.014344776996746522,0.0021052550255720886,0.11311690416893853,0.9255877941288262,False
933023,"SHORE UNITED BANK, NATIONAL ASSOCIATION",11,2021-05-24,2021-05-24,0.0029501186912661223,0.001743782718933021,0.8749332771822717,200,False,0.2222,0.0213,9,2021-03-31,False,051,0.17114036955205245,14.527746385506909,0.008896545769922062,0.004151836236471295,0.10066743715122166,0.9889736103012607,False
1162017,UNITED SECURITY BANK,11,2021-05-24,2021-05-24,0.030207186060994578,0.001036240358729171,0.4747223090141759,200,False,0.2222,0.0213,9,2021-03-31,False,051,0.5289570916511367,13.98645851320233,0.0075453314104763115,0.017229339544455137,0.10622633128488936,0.9908138351695919,False
628123,"BANK OF GLEN BURNIE, THE",11,2021-05-24,2021-05-24,-0.008657800758529503,0.0016541927934205186,0.2114302944678988,200,False,0.2222,0.0213,9,2021-03-31,False,041,0.08286921477916087,12.986951360370893,0.005871603332432593,0.018059330856825723,0.0764224439976367,0.9148859674787878,False
333203,UNION BANK,11,2021-05-24,2021-05-24,-0.06460002528908194,0.002501985493928608,0.4272505975918837,200,False,0.2222,0.0213,9,2021-03-31,False,041,0.18144151698659505,13.91389872318035,0.0108393126280711,0.007295940007199706,0.07175516204137972,0.9873571713806742,False
2925666,PINNACLE BANK,11,2021-05-24,2021-05-24,-0.008440596464907354,0.0026722570471817493,0.9504496191730554,200,False,0.2222,0.0213,9,2021-03-31,False,041,0.4554083551436797,17.37500888090606,0.014168048135581049,0.0032334683817920123,0.14352751404366543,0.9500670789818426,False
139740,WEST BANK,11,2021-05-24,2021-05-24,0.025283662808026644,0.0008809820464203189,0.8308085866175008,200,False,0.2222,0.0213,9,2021-03-31,False,041,0.4507575249814938,14.969716481288149,0.015279816768321906,0.01075959607702455,0.08201723850892195,0.922443125027049,False
494261,PACIFIC WESTERN BANK,11,2021-05-24,2021-05-24,-0.019156554405984974,0.0013915683080843295,1.2415862052877868,200,False,0.2222,0.0213,9,2021-03-31,False,041,0.5923167894344746,17.30618922499067,0.0173153021533698,0.004902392301144641,0.11929972641600702,0.9813865386667966,False
2760232,VILLAGE BANK,11,2021-05-24,2021-05-24,0.03526627251130553,0.0014037142506896113,0.31714853719105257,200,False,0.2222,0.0213,9,2021-03-31,False,051,0.2668740670201266,13.48165050661446,0.022537052086562388,0.006662749011831755,0.09161995883566942,0.9556122605835152,False
2328137,FIRST COMMUNITY BANK,11,2021-05-24,2021-05-24,-0.0009936314372372013,0.0005330728908601902,0.62108687097106,200,False,0.2222,0.0213,9,2021-03-31,False,041,0.2656322542192107,14.215785554045377,0.00930416455853133,0.005064164760135612,0.09612829078529857,0.9453813754412291,False
204004,PROVIDENT BANK,11,2021-05-24,2021-05-24,-0.010571267218899859,0.0020216799386376587,0.8388346491877127,200,False,0.2222,0.0213,9,2021-03-31,False,041,0.45346835093649546,16.390034623571,0.014905216879240787,0.008372897289304593,0.12113627745499853,0.8970251434545787,False
3465226,HTLF BANK,11,2021-05-24,2021-05-24,-0.0021214931170628493,0.0011138358208906528,1.0138367597148241,200,False,0.2222,0.0213,9,2021-03-31,False,041,0.42348430525428893,14.783330176471948,0.011415550268045842,0.004785039647175057,0.14423757474263915,0.9905808428452008,False
2953418,OPTIMUMBANK,11,2021-05-24,2021-05-24,0.04443057674067898,0.0015691923147748066,0.7064233561814595,200,False,0.2222,0.0213,9,2021-03-31,False,041,0.5394859001033151,12.438675317964892,0.010191143373379402,0.0,0.09087631153516974,0.9154292388893005,False
2618780,TEXAS CAPITAL BANK,11,2021-05-24,2021-05-24,-0.015424992228740435,0.002518995409182433,1.0244969830089599,200,False,0.2222,0.0213,9,2021-03-31,False,041,0.7953079221490619,17.50527399624905,0.007403852218194534,0.004895329546449403,0.07298642762806642,0.9087643051004631,False
354310,UNIVEST BANK AND TRUST CO.,11,2021-05-24,2021-05-24,0.004145600603114783,0.0020014302221216316,0.9535246682490758,200,False,0.2222,0.0213,9,2021-03-31,False,041,0.42784617945486375,15.671527102477732,0.021866778448122667,0.005638473441245305,0.1147591689473866,0.9652085374386448,False
703767,CENTRAL VALLEY COMMUNITY BANK,11,2021-05-24,2021-05-24,0.022501244515564456,0.001166145158342315,0.6225832346243215,200,False,0.2222,0.0213,9,2021-03-31,False,041,0.44549388489788405,14.604152446756672,0.01392470298663065,0.0034695599537758865,0.11160304052979314,0.9838958192869574,False
2942690,SIGNATURE BANK,11,2021-05-24,2021-05-24,0.017508975195595935,0.0028597389973932107,0.9975596780118886,200,False,0.2222,0.0213,9,2021-03-31,False,041,0.8543853427919946,18.262648135848448,0.008926123402263474,0.002702775841331297,0.07779613861878508,0.9395883064913979,True
2849801,SOUTHERN FIRST BANK,11,2021-05-24,2021-05-24,0.014551264774883924,0.001963872111013942,0.8718472190626356,200,False,0.2222,0.0213,9,2021-03-31,False,041,0.49628988619679365,14.763097998521085,0.01661575845354818,0.003482308418367916,0.10262382442345916,0.9824716396451818,False
2858960,"BANCORP BANK NATIONAL ASSOCIATION, THE",11,2021-05-24,2021-05-24,0.008568368998133728,0.002860006756055197,1.2167264593654201,200,False,0.2222,0.0213,9,2021-03-31,False,041,0.18901958002391414,15.863626150668113,0.015358667051364216,0.008604168611021262,0.07764084786342601,0.981654819413405,False
895710,CITIZENS & NORTHERN BANK,11,2021-05-24,2021-05-24,-0.0026654295811873886,-0.00014193488820028743,0.847858849902103,200,False,0.2222,0.0213,9,2021-03-31,False,051,0.2919231792825137,14.655806677559458,0.01555596699773376,0.014461558617484637,0.12643949016271963,0.9541857411196955,False
2372774,"SUMMIT COMMUNITY BANK, INC.",11,2021-05-24,2021-05-24,-0.0646427127791826,0.0012907973854279847,1.2538980720390653,200,False,0.2222,0.0213,9,2021-03-31,False,041,0.21963987650355168,14.9929263252402,0.013715447592787991,0.010317067557852763,0.1045695053104229,0.9393004409014827,False
1356768,ENTERPRISE BANK AND TRUST COMPANY,11,2021-05-24,2021-05-24,0.00046648321205740566,0.000771863811018555,1.0611153726484748,200,False,0.2222,0.0213,9,2021-03-31,False,041,0.3230016236599848,15.264253993221907,0.011413510528186059,0.011431211410036559,0.09099477401385377,0.9902778240701625,False
1190476,ENTERPRISE BANK & TRUST,11,2021-05-24,2021-05-24,-0.0024171751389634507,0.000884630796151473,1.1524288576405992,200,False,0.2222,0.0213,9,2021-03-31,False,041,0.4799016415543781,16.13359934518647,0.012847267863270333,0.005099411947851483,0.11729147928195903,0.9614204249415307,False
633378,KEARNY BANK,11,2021-05-24,2021-05-24,-0.011650675941840315,0.0015644490912569658,0.6540561818041308,200,False,0.2222,0.0213,9,2021-03-31,False,041,0.19621326745258766,15.80872132699453,0.008931389033472951,0.014868184296534276,0.13194605303676493,0.853294771375202,False
1918344,PREFERRED BANK,11,2021-05-24,2021-05-24,0.012008716143516791,0.0016410396888112795,0.8589232941164755,200,False,0.2222,0.0213,9,2021-03-31,False,041,0.5933647729974255,15.51115387267763,0.015554798389989561,0.005267302312861104,0.09894569893568086,0.9618958468152972,False
3138146,WESTERN ALLIANCE BANK,11,2021-05-24,2021-05-24,0.002606630095902965,0.003173636705696977,1.1250858840395208,200,False,0.2222,0.0213,9,2021-03-31,False,041,0.7284853752749547,17.58715478081045,0.0153765179297814,0.003949292818913807,0.08510173998796358,0.9739531377944207,False
537449,FIRST BUSINESS BANK,11,2021-05-24,2021-05-24,-0.00939290282472077,0.001056460301660362,0.9891612395513151,200,False,0.2222,0.0213,9,2021-03-31,False,041,0.4503321453547726,14.777566311446135,0.016493247603905282,0.00847218703048774,0.09231427041910593,0.8012000111135528,False
310978,WATERSTONE BANK,11,2021-05-24,2021-05-24,-0.0140991509835582,0.0012999780823120064,0.5364274499984292,200,False,0.2222,0.0213,9,2021-03-31,False,041,0.11591970907832043,14.601268824504341,0.03893950512062058,0.002492969884565952,0.17324834667991448,0.7134117735264073,False
220527,PEOPLES BANK,11,2021-05-24,2021-05-24,-0.0024693628915558458,-0.00016631457761236856,1.1572796580867022,200,False,0.2222,0.0213,9,2021-03-31,False,041,0.29794902125956263,14.244214213892754,0.011156372902155067,0.0037507901797875953,0.09768991171562452,0.9666364923921847,False
2954059,BCB COMMUNITY BANK,11,2021-05-24,2021-05-24,0.0021989436233122127,0.0011853622394362676,0.9788792062140723,200,False,0.2222,0.0213,9,2021-03-31,False,041,0.34988708531244167,14.86338132981215,0.010568202181743199,0.0068408072152514,0.10132162143490628,0.9384487992298588,False
2385514,"FIRST BANK, THE",11,2021-05-24,2021-05-24,-0.005297700301159255,0.0014147081363233675,1.00156475485629,200,False,0.2222,0.0213,9,2021-03-31,False,041,0.3909343867844129,15.508654858590933,0.013729300283930171,0.010116565240445937,0.1341297823545382,0.9933270240443393,False
456045,CENTENNIAL BANK,11,2021-05-24,2021-05-24,-0.0116811341870523,0.0016053914355392803,1.0757594297518436,200,False,0.2222,0.0213,9,2021-03-31,False,041,0.4477461979436236,16.66078847851684,0.021519044724212122,0.005877630028833342,0.16251724654981828,0.9517011539129077,False
561574,SUMMIT STATE BANK,11,2021-05-24,2021-05-24,-0.048994037042475846,0.003168826336844842,0.2847223853976388,200,False,0.2222,0.0213,9,2021-03-31,False,051,0.39277098116141185,13.697014142913307,0.014937152056560335,0.0006133309518055833,0.08500824650578945,0.919535746715456,False
522847,"LIMESTONE BANK, INC",11,2021-05-24,2021-05-24,-0.015309382275900413,0.0002846540903016137,0.6106736958296325,200,False,0.2222,0.0213,9,2021-03-31,False,051,0.15930555591139167,14.11884105270339,0.011453363281013495,0.0020390963003069883,0.11415854845307237,0.9759958324650969,False
663245,SIMMONS BANK,11,2021-05-24,2021-05-24,-0.014105494998241045,0.00172495833648988,1.0301353417707202,200,False,0.2222,0.0213,9,2021-03-31,False,041,0.4110648452030806,16.963447519130284,0.01282344434386319,0.009422903832967374,0.13173577895644065,0.9092683561792338,False
30810,DISCOVER BANK,11,2021-05-24,2021-05-24,0.023831462433817507,0.0012854347154707749,1.3875817261054626,200,False,0.2222,0.0213,9,2021-03-31,False,031,0.09471688278546513,18.536647259623766,0.056319813201963415,0.0106302780591286,0.10121869443999909,0.786912503880188,False
768074,FIRST FINANCIAL NORTHWEST BANK,11,2021-05-24,2021-05-24,-0.026845839777802596,0.0018644187246828797,0.31083811725154675,200,False,0.2222,0.0213,9,2021-03-31,False,051,0.3315894369706029,14.173220665935798,0.0078934247799554,0.0018262029158223657,0.09960833564677064,0.8978150148414965,False
2797724,TOWNEBANK,11,2021-05-24,2021-05-24,-0.020534399258342165,0.001679435933992284,0.9069017578650725,200,False,0.2222,0.0213,9,2021-03-31,False,041,0.47007036821303666,16.52883993300719,0.01830179283694169,0.0012475904987725695,0.11938249254927104,0.9212365293457256,False
28013,NORTHFIELD BANK,11,2021-05-24,2021-05-24,-0.033105527321023835,0.001257999846486477,0.7409146848783427,200,False,0.2222,0.0213,9,2021-03-31,False,041,0.32736188440473085,15.534894297429812,0.013431789643883056,0.003471382641561245,0.11770894850609774,0.8596557783086882,False
836843,MIDWESTONE BANK,11,2021-05-24,2021-05-24,-0.003985275764623451,0.0010514702925403757,1.0890459346487247,200,False,0.2222,0.0213,9,2021-03-31,False,041,0.34553057514208024,15.561343359301366,0.016292679113374488,0.012990510154561957,0.10413386074093928,0.9386464325957871,False
676478,MALVERN BANK NA,11,2021-05-24,2021-05-24,-0.034432939462579866,0.002076069927502509,0.3089259646281488,200,False,0.2222,0.0213,9,2021-03-31,False,051,0.5425971025183466,14.001745281657222,0.008616217248205993,0.023344884556983053,0.13327827144404647,0.8828619424140731,False
23504,DIME COMMUNITY BANK,11,2021-05-24,2021-05-24,-0.022579793777959403,0.0007830568074196739,1.0534522323134987,200,False,0.2222,0.0213,9,2021-03-31,False,041,0.4526017062777546,16.381410156111784,-0.00551199056220321,0.005158026713132878,0.0967215859937464,0.9288555012458543,False
785473,FIRST SAVINGS BANK,11,2021-05-24,2021-05-24,-0.029543242249448248,0.001524565891476023,0.5269438979525947,200,False,0.2222,0.0213,9,2021-03-31,False,041,0.2831180728136848,14.372689092494825,0.023911922737635614,0.008430572689113208,0.1061773230836207,0.7065833879139851,False
929978,"HOME BANK, NATIONAL ASSOCIATION",11,2021-05-24,2021-05-24,-0.00021512778544647768,0.0008309144393385478,0.9540923115777197,200,False,0.2222,0.0213,9,2021-03-31,False,041,0.2910314669590506,14.809554609631512,0.017711887615001445,0.007905108474227925,0.11764527374599391,0.9792739507584368,False
1864197,OAK VALLEY COMMUNITY BANK,11,2021-05-24,2021-05-24,0.06788943763090374,-0.00012994845806612868,1.2668491110843147,200,False,0.2222,0.0213,9,2021-03-31,False,041,0.4269158659402562,14.325892283221899,0.010821602627245972,0.00035395288124489725,0.07908389743368106,0.989791282503541,False
342410,ORRSTOWN BANK,11,2021-05-24,2021-05-24,-0.011390538524749456,0.0010785819732122561,1.2275993625251436,200,False,0.2222,0.0213,9,2021-03-31,False,041,0.28740557497814956,14.901731726140858,0.015091176137069296,0.0049069522045057795,0.09128852104043933,0.9518365958382403,False
119528,"FARMERS NATIONAL BANK OF EMLENTON, THE",11,2021-05-24,2021-05-24,0.08460581522188876,0.002017528726151499,-0.36594434141437165,200,False,0.2222,0.0213,9,2021-03-31,False,051,0.2771414474358988,13.87600623029061,0.008769130702029344,0.004569712638763839,0.08242380429288294,0.9501763953389365,False
685676,OPPORTUNITY BANK OF MONTANA,11,2021-05-24,2021-05-24,0.036127514675545355,0.0006457532458480088,0.680963566953475,200,False,0.2222,0.0213,9,2021-03-31,False,051,0.1752201365685688,14.079122505290155,0.017369084596691977,0.007061078780918907,0.1328556732633028,0.9715565573015231,False
613008,ROCKLAND TRUST COMPANY,12,2021-06-28,2021-06-28,-0.09160875887889817,0.00012560989298815418,0.9014355540297591,200,False,-0.4375,-0.0526,16,2021-03-31,False,041,0.33164620458971406,16.43847385636046,0.012426970678373957,0.006373701689745286,0.12991693746018124,0.974249600890588,False
433608,TOMPKINS COMMUNITY BANK,12,2021-06-28,2021-06-28,-0.08585837176742357,0.00030642336723201314,0.9967014084151513,200,False,-0.4375,-0.0526,16,2021-03-31,False,041,0.43119835886787383,14.738227000668127,0.015040642005376541,0.008742119078007466,0.06319144268388262,0.9321896839788911,False
379920,FIRST NATIONAL BANK OF PENNSYLVANIA,12,2021-06-28,2021-06-28,-0.07623526408388673,0.002062558138289492,1.050635506567218,200,False,-0.4375,-0.0526,16,2021-03-31,False,041,0.3955954452691122,17.467513012281856,0.009893912310731535,0.006423782592977787,0.13141686531936897,0.9187714141819809,False
491224,FIRST-CITIZENS BANK & TRUST COMPANY,12,2021-06-28,2021-06-28,-0.1028488138024457,0.0024660429920236866,1.1329483649935033,200,False,-0.4375,-0.0526,16,2021-03-31,False,041,0.3670394659261277,17.801164213074465,0.010378432677031474,0.006052816959147091,0.087241621020765,0.9647902209775806,False
246022,"BANK OF SOUTH CAROLINA, THE",12,2021-06-28,2021-06-28,0.0018844656114816024,0.0009024698343962396,0.3108661304675364,200,False,-0.4375,-0.0526,16,2021-03-31,False,041,0.30991394820442697,13.22458778059815,0.01363629797622315,0.003311948629055797,0.09484738613546738,0.9701708399163754,False
437914,"WILMINGTON SAVINGS FUND SOCIETY, FSB",12,2021-06-28,2021-06-28,-0.11424639517040353,0.0022129428884002334,0.9460421641892391,200,False,-0.4375,-0.0526,16,2021-03-31,False,041,0.406999700838802,16.503100875824927,0.018086283411652793,0.004519104637938656,0.12422983597142667,0.972212041329642,False
761806,"WEBSTER BANK, NATIONAL ASSOCIATION",12,2021-06-28,2021-06-28,-0.11433681077631191,0.0027697812807137363,1.161106748036677,200,False,-0.4375,-0.0526,16,2021-03-31,False,031,0.3294662736914965,17.321054891802287,0.013773032770848508,0.0070535614006580725,0.10096633394460258,0.9620785418120393,False
837000,"FIRST NATIONAL BANK OF LONG ISLAND, THE",12,2021-06-28,2021-06-28,-0.015332251601021966,0.0018830719854483662,0.7014594720003153,200,False,-0.4375,-0.0526,16,2021-03-31,False,041,0.5156566053548113,15.263299985483183,0.011003124102987023,8.59146840751846e-05,0.09510376963496024,0.9188728421914637,False
510871,FIRSTBANK PUERTO RICO,12,2021-06-28,2021-06-28,-0.08368413848053394,0.0028487693124174145,1.2371411764237277,200,False,-0.4375,-0.0526,16,2021-03-31,False,031,0.4197023691360038,16.78121842640052,0.012281256857520262,0.030573015711617677,0.12057653071187546,0.9417693745135335,False
245276,ORIENTAL BANK,12,2021-06-28,2021-06-28,-0.10044034206459589,0.002058200569799167,1.0986040848935799,200,False,-0.4375,-0.0526,16,2021-03-31,False,041,0.33727798786618857,16.1180978509559,0.011587574507336084,0.04582868936550712,0.09837638357195615,0.9735511059135854,False
216922,FIRST BANK,12,2021-06-28,2021-06-28,-0.11538996619897363,0.0029314671111186712,0.812761484813989,200,False,-0.4375,-0.0526,16,2021-03-31,False,041,0.3310803111307437,15.861912891560534,0.014853737174588388,0.008485231909155734,0.11958674445300746,0.9903166865828158,False
645625,"WESBANCO BANK, INC.",12,2021-06-28,2021-06-28,-0.11179593519134096,0.0024743957698058765,0.9857427991380749,200,False,-0.4375,-0.0526,16,2021-03-31,False,041,0.2804290821560852,16.64969877961405,0.017623281668626617,0.004372919463312806,0.1587473417838754,0.94393480125103,False
365325,UNITED BANK,12,2021-06-28,2021-06-28,-0.09670749839813463,0.001171207393060233,1.0332758708723824,200,False,-0.4375,-0.0526,16,2021-03-31,False,041,0.35000732867213724,17.111076905900408,0.015597700370585423,0.005652407452261816,0.16555296419620463,0.9583811233826378,False
816603,"WASHINGTON TRUST COMPANY, OF WESTERLY, THE",12,2021-06-28,2021-06-28,-0.04930610584733946,0.001724634070952927,0.8067346942232596,200,False,-0.4375,-0.0526,16,2021-03-31,False,041,0.25507447748943735,15.559283539988032,0.014498643090954872,0.0030517234115262364,0.0962817894412892,0.8811989963345469,False
130541,HORIZON BANK,12,2021-06-28,2021-06-28,-0.08114271853112487,0.002147532253959546,1.009359847396483,200,False,-0.4375,-0.0526,16,2021-03-31,False,041,0.42185012792860827,15.61318168552279,0.014240233946227162,0.006415713159891227,0.11236990676116194,0.9051455960195305,False
701062,CENTRAL PACIFIC BANK,12,2021-06-28,2021-06-28,-0.09263761947094559,0.002376561279409427,1.1054393433808718,200,False,-0.4375,-0.0526,16,2021-03-31,False,041,0.36934477391634524,15.75743262231373,0.011381872908730018,0.0023289532756908646,0.09048672150684317,0.980990521517598,False
802866,SILICON VALLEY BANK,12,2021-06-28,2021-06-28,-0.055090441367273646,0.0032333794010927317,1.2235204411144136,200,False,-0.4375,-0.0526,16,2021-03-31,False,031,0.845760409711061,18.75901491039165,0.008074694337687649,0.0019873099460102138,0.062496648656493486,0.952516237185946,True
509811,"COMMUNITY TRUST BANK, INC.",12,2021-06-28,2021-06-28,-0.05184748567958414,0.0011854071245797448,0.6744796855909104,200,False,-0.4375,-0.0526,16,2021-03-31,False,041,0.24683213447342867,15.488152914550836,0.01738718037153157,0.005915560914053836,0.12780707829920002,0.9133409708418524,False
208244,OLD NATIONAL BANK,12,2021-06-28,2021-06-28,-0.07261008455293175,0.0009438670185486901,0.7681200577470716,200,False,-0.4375,-0.0526,16,2021-03-31,False,031,0.3401662297431106,16.978471562468343,0.014700540073362264,0.010534600926688831,0.12833078939304648,0.8698608010243664,False
4114567,FIRST REPUBLIC BANK,12,2021-06-28,2021-06-28,0.0019094994282044002,0.0016323140833398228,0.8193050962388173,200,False,-0.4375,-0.0526,16,2021-03-31,False,031,0.6967084033344145,18.864070597605313,0.008596595231413814,0.0014705282328463765,0.08306739061281675,0.8953543923145669,True
5210,ACNB BANK,12,2021-06-28,2021-06-28,-0.02789560390866276,0.0002677652924949818,1.1058616182759866,200,False,-0.4375,-0.0526,16,2021-03-31,False,051,0.23729441121841366,14.786315989922494,0.01079971364395641,0.005156163917575327,0.09515770415178386,0.963257169672231,False
3938186,"BANKUNITED, NATIONAL ASSOCIATION",12,2021-06-28,2021-06-28,-0.10453178081070891,0.0035502751577465566,1.3069374148733093,200,False,-0.4375,-0.0526,16,2021-03-31,False,041,0.6465012453336321,17.37232950859425,0.012662846366230234,0.03740239985416797,0.09727230366250318,0.8861733576255365,False
680813,"FARMERS NATIONAL BANK OF CANFIELD, THE",12,2021-06-28,2021-06-28,-0.10715726782968164,0.0017447772369893419,0.7783899138791698,200,False,-0.4375,-0.0526,16,2021-03-31,False,041,0.3464386244033778,15.012932351197323,0.016407937267179776,0.005703125842117487,0.1002981065163089,0.9543817865466614,False
785923,LCNB NATIONAL BANK,12,2021-06-28,2021-06-28,-0.04885977631322868,0.0005176698239457493,0.7721119134020787,200,False,-0.4375,-0.0526,16,2021-03-31,False,051,0.26802032502359296,14.41158225148154,0.01163211614485048,0.0025211556869812195,0.12916431355803798,0.9734597708130871,False
2787770,BANK OF THE JAMES,12,2021-06-28,2021-06-28,-0.1144520556179819,0.0020841280169100716,0.21317511581199125,200,False,-0.4375,-0.0526,16,2021-03-31,False,041,0.22790734639795648,13.695242812972738,0.008787808044137533,0.003176088360656003,0.08087896125221754,0.9881111896418019,False
258771,HOMESTREET BANK,12,2021-06-28,2021-06-28,-0.06560936669663223,0.002116875872860139,0.7127187754041934,200,False,-0.4375,-0.0526,16,2021-03-31,False,041,0.3495306803044866,15.79227367839769,0.017111820656107342,0.007201557205981086,0.10606888139451033,0.954223773124726,False
212577,HOMETRUST BANK,12,2021-06-28,2021-06-28,-0.06758724223897118,0.002705250779096238,0.7772462266262758,200,False,-0.4375,-0.0526,16,2021-03-31,False,041,0.2084990038356183,15.10977268593766,0.008834792504898853,0.00476185160150256,0.10702455360752657,0.8958974414068195,False
4210227,NBH BANK,12,2021-06-28,2021-06-28,-0.0503193712103107,0.0013070444935887366,0.7431009967738219,200,False,-0.4375,-0.0526,16,2021-03-31,False,041,0.2425744025658593,15.754075943012728,0.016100679616191344,0.003838147768799422,0.1050098758414253,0.981720140502984,False
884303,CHEMUNG CANAL TRUST COMPANY,12,2021-06-28,2021-06-28,-0.0035366852996990723,0.0013352837068366548,0.7970064274182105,200,False,-0.4375,-0.0526,16,2021-03-31,False,041,0.36572386750686586,14.706413735832198,0.010134040117669746,0.005902951032826707,0.07685212917413728,0.9836045610342327,False
2758613,FIRST INTERNET BANK OF INDIANA,12,2021-06-28,2021-06-28,-0.04851107789546409,0.003343094756503765,1.2390560333584566,200,False,-0.4375,-0.0526,16,2021-03-31,False,051,0.2955055224311021,15.247359855543559,0.011609880867583246,0.0034276336875782077,0.09131303634549118,0.8531906403466943,False
122854,INDEPENDENT BANK DBA INDEPENDENT FINANCIAL,12,2021-06-28,2021-06-28,-0.07356072460230681,0.0015089079469532563,1.1400712672506035,200,False,-0.4375,-0.0526,16,2021-03-31,False,041,0.5239125953898782,16.712007463231043,0.014665893564710285,0.004555582960892722,0.1570372275537557,0.9702067015254392,False
2354985,CUSTOMERS BANK,12,2021-06-28,2021-06-28,-0.0867989278548553,0.005432170795821854,1.1667036407879814,200,False,-0.4375,-0.0526,16,2021-03-31,False,041,0.6388280066767119,16.759053504234164,0.00707012169794389,0.003132115386732537,0.06930823253647754,0.715940562754729,False
3475083,TRISTATE CAPITAL BANK,12,2021-06-28,2021-06-28,-0.10569965875035424,0.00175055848179553,1.2277802945120981,200,False,-0.4375,-0.0526,16,2021-03-31,False,041,0.6159197704835216,16.165776724123162,0.006550117792474916,0.00273926038330917,0.07317501752657064,0.9550441704064706,False
697978,COMMUNITY BANK OF THE CHESAPEAKE,12,2021-06-28,2021-06-28,-0.00032031966544872337,0.0018685383187027063,0.5109871579731025,200,False,-0.4375,-0.0526,16,2021-03-31,False,041,0.23485040419502703,14.580076598253923,0.013062937661948305,0.009304302707878458,0.10309153087760037,0.9751797842329681,False
3401970,FIRST BANK,12,2021-06-28,2021-06-28,-0.09952358121254849,0.002408156195776818,1.3128348324477082,200,False,-0.4375,-0.0526,16,2021-03-31,False,041,0.43651629797664543,14.693299933885704,0.01606434384114241,0.005279432614293337,0.10226116323076054,0.912441730540999,False
3284070,ALLY BANK,12,2021-06-28,2021-06-28,-0.059169130428981045,0.0035229198475358447,1.0958935585014018,200,False,-0.4375,-0.0526,16,2021-03-31,False,031,0.10287942622835322,18.960309544741232,0.02073022146825466,0.011805506279713333,0.09894658295294893,0.9183121554825185,False
3109043,BANKWELL BANK,12,2021-06-28,2021-06-28,-0.052576555908158816,0.0026545060642420063,0.5777584298855207,200,False,-0.4375,-0.0526,16,2021-03-31,False,041,0.4067251835301628,14.622621936136207,0.012076251525815731,0.0203403181474281,0.08615995902604773,0.9177353155270485,False
762447,"FIRST MID BANK & TRUST, NATIONAL ASSOCIATION",12,2021-06-28,2021-06-28,-0.09622402584198586,0.0020172561540086494,0.8933487269624953,200,False,-0.4375,-0.0526,16,2021-03-31,False,041,0.3157106139213033,15.379619459521374,0.009504406795977327,0.0077456637783048475,0.10959931274282372,0.9193762950372106,False
1216022,SYNCHRONY BANK,12,2021-06-28,2021-06-28,-0.05064570018321835,0.002125311464491609,1.2379536544742438,200,False,-0.4375,-0.0526,16,2021-03-31,False,041,0.14176829268292682,18.263219590549166,0.03965773548243612,0.01573376287177127,0.12975383642939917,0.8779490490409706,False
3303298,"CITIZENS BANK, NATIONAL ASSOCIATION",12,2021-06-28,2021-06-28,-0.06996763931297037,0.0025199707961258808,1.1730161019545138,200,False,-0.4375,-0.0526,16,2021-03-31,False,031,0.4470443601231388,19.047594025700505,0.012999919768091854,0.016816052757859124,0.11817195769691706,0.9354478662671877,False
177920,"MIDDLEFIELD BANKING COMPANY, THE",12,2021-06-28,2021-06-28,-0.0343611240921939,0.0009893337369009274,0.5464122274223728,200,False,-0.4375,-0.0526,16,2021-03-31,False,041,0.3417338265553382,14.143517781530063,0.013597474137353507,0.008103413963417943,0.1080716813655679,0.9899109495111349,False
371924,COMMUNITY BANK,12,2021-06-28,2021-06-28,-0.00018052238564984216,0.0005681488078199357,0.7791919120398789,200,False,-0.4375,-0.0526,16,2021-03-31,False,051,0.3143798400859666,14.204184818810123,0.007064291835251494,0.01034561873558242,0.08669011487270716,0.9560465989782906,False
3221468,VERITEX COMMUNITY BANK,12,2021-06-28,2021-06-28,-0.1148588530587829,0.002649510865858714,1.1505354029445702,200,False,-0.4375,-0.0526,16,2021-03-31,False,041,0.5778716043750901,16.03820479008881,0.014989323746278097,0.018514070181156275,0.14832989986862244,0.8943875207242644,False
3637685,FIRST FOUNDATION BANK,12,2021-06-28,2021-06-28,-0.06048324389356095,0.001468811474090112,0.9733608503179028,200,False,-0.4375,-0.0526,16,2021-03-31,False,041,0.659276298757163,15.766730016231906,0.012460524431085718,0.0031709020846110276,0.10138855100504969,0.990735900094975,False
866000,GLENS FALLS NATIONAL BANK AND TRUST COMPANY,12,2021-06-28,2021-06-28,-0.03356767319550369,0.00097629233766122,0.7219301975787907,200,False,-0.4375,-0.0526,16,2021-03-31,False,041,0.29434927612988493,14.934967741036962,0.013156215201729177,0.002209691377962754,0.08922329688223817,0.972560884905189,False
766164,"TBK BANK, SSB",12,2021-06-28,2021-06-28,-0.11930407437647317,0.004845615132331968,1.0551221918581468,200,False,-0.4375,-0.0526,16,2021-03-31,False,041,0.27102027887988456,15.62085598536049,0.023682718652459227,0.013427727777088007,0.13706694034532968,0.9203520449293225,False
403179,FIRST FED BANK,12,2021-06-28,2021-06-28,-0.01691231436845079,0.0014449074467598334,0.8589399667406814,200,False,-0.4375,-0.0526,16,2021-03-31,False,051,0.2778870429091087,14.366349081021234,0.007443331928677292,0.001906473840455375,0.10542990833610517,0.9472257360242864,False
917742,"ASSOCIATED BANK, NATIONAL ASSOCIATION",12,2021-06-28,2021-06-28,-0.10014634418858413,0.001944660841323933,0.9806041055900465,200,False,-0.4375,-0.0526,16,2021-03-31,False,041,0.5904706806441219,17.357238282358576,0.011239823764457002,0.0070113774028469685,0.11586470342218098,0.9100614670422358,False
3650808,LIVE OAK BANKING COMPANY,12,2021-06-28,2021-06-28,-0.10755476590358984,0.005348076382853083,1.5130890846726848,200,False,-0.4375,-0.0526,16,2021-03-31,False,041,0.1223571486233784,15.936199843520244,0.019255160382502714,0.01511518720072488,0.06467945690007368,0.8117762810033835,False
139656,EQUITY BANK,12,2021-06-28,2021-06-28,-0.09955024040978638,0.003009691067853306,0.8604636640234703,200,False,-0.4375,-0.0526,16,2021-03-31,False,041,0.31496338672643986,15.249981323513044,0.015997434616430127,0.021588611117945734,0.10712239390692813,0.9777823434375238,False
422433,FIRST GUARANTY BANK,12,2021-06-28,2021-06-28,-0.02275634600803164,0.0019757955608900968,0.6428894422429067,200,False,-0.4375,-0.0526,16,2021-03-31,False,041,0.44355281866331414,14.757724364611814,0.008632493456836558,0.0148110893232006,0.08755970697541174,0.9911251867251999,False
3532641,SMARTBANK,12,2021-06-28,2021-06-28,-0.05394825380866755,0.0021309456428495114,0.7278623085005536,200,False,-0.4375,-0.0526,16,2021-03-31,False,041,0.2869172758156642,15.08318015427317,0.01169183721954059,0.002627657416959853,0.10956283968423933,0.9661679841053824,False
2941068,NICOLET NATIONAL BANK,12,2021-06-28,2021-06-28,-0.024213960539960066,0.0007781853596444843,0.7408399464734641,200,False,-0.4375,-0.0526,16,2021-03-31,False,041,0.2748113088607333,15.327687729486009,0.015028886189361762,0.003131074861502762,0.1133265749635685,0.9839509456852489,False
773247,MIDLAND STATES BANK,12,2021-06-28,2021-06-28,-0.10909994231883646,0.0030091766624639415,0.6869050678024906,200,False,-0.4375,-0.0526,16,2021-03-31,False,041,0.3045981953552951,15.743046792912207,0.011646902310159087,0.01006347186255281,0.11307989151635993,0.8871416175682386,False
40499,HARBORONE BANK,12,2021-06-28,2021-06-28,-0.05430285647486783,0.0018253004780234654,0.6479845346342508,200,False,-0.4375,-0.0526,16,2021-03-31,False,041,0.3032751368603496,15.343980901839496,0.01728691393280328,0.008811339299063473,0.13032219084395585,0.9438163357469365,False
980661,FIRST HAWAIIAN BANK,12,2021-06-28,2021-06-28,-0.033943961059292205,0.001945938593307278,0.8925292776775968,200,False,-0.4375,-0.0526,16,2021-03-31,False,031,0.45279696036279976,16.972361904173482,0.010070777784450168,0.0015341466912913526,0.11359561384831109,0.967388917232964,False
436159,FIRSTBANK,12,2021-06-28,2021-06-28,-0.0899052653364128,0.0018745852956269396,0.8660026197427471,200,False,-0.4375,-0.0526,16,2021-03-31,False,041,0.5115248799771437,16.293773436699976,0.018010259435416467,0.009806873536695071,0.11270530636240526,0.9715832691843329,False
795968,BANK OF HAWAII,12,2021-06-28,2021-06-28,-0.063278134835069,0.0016794725310990124,0.8960914844648663,200,False,-0.4375,-0.0526,16,2021-03-31,False,031,0.47732014028873854,16.902801437506884,0.01102729219687174,0.0021356156658310457,0.05903250444163189,0.9506158137543053,False
321273,AFFINITY BANK,12,2021-06-28,2021-06-28,-0.001720822431855687,0.0026325330288868853,0.32271466447150043,200,False,-0.4375,-0.0526,16,2021-03-31,False,051,0.2043009594613723,13.590366256483616,0.011012010255498177,0.008074355616595866,0.12198882516429714,0.9271659973894623,False
214414,"FARMERS & MERCHANTS STATE BANK, THE",12,2021-06-28,2021-06-28,-0.026794047226833918,-0.0009019633122293694,1.0202771466579705,200,False,-0.4375,-0.0526,16,2021-03-31,False,041,0.17459343698456364,14.493205972489276,0.009115772134132656,0.006032508393925244,0.10289569976448891,0.966030979827905,False
129732,BYLINE BANK,12,2021-06-28,2021-06-28,-0.030658733802886654,0.0017925489817509012,0.8593967498267232,200,False,-0.4375,-0.0526,16,2021-03-31,False,041,0.3281168205040932,15.723952902338452,0.013830318314448866,0.012026666642874159,0.12177078262943343,0.8613326051430298,False
3835454,ROYAL BUSINESS BANK,12,2021-06-28,2021-06-28,-0.06755690253747104,0.0019592069313838505,0.8214507894146517,200,False,-0.4375,-0.0526,16,2021-03-31,False,041,0.4984106207928197,15.113835628896695,0.015286272274508649,0.006533909362611855,0.1422014241271734,0.9361022831933773,False
3595271,"BANK OF PRINCETON, THE",12,2021-06-28,2021-06-28,-0.01794462279195518,0.001608389397945267,0.8698699727839024,200,False,-0.4375,-0.0526,16,2021-03-31,False,041,0.3062560412722562,14.33700190019704,0.011521259835040824,0.0014101561479921768,0.12617524805020724,0.9502177662771036,False
736206,CAMBRIDGE TRUST COMPANY,12,2021-06-28,2021-06-28,-0.08660730269022185,0.001525814540924246,0.8507507788463513,200,False,-0.4375,-0.0526,16,2021-03-31,False,051,0.47098539632704833,15.263105547650659,0.01270952301902196,0.0023127004727796757,0.09510603888100141,0.9700044174202266,False
1007819,"FIDELITY DEPOSIT AND DISCOUNT BANK, THE",12,2021-06-28,2021-06-28,-0.047363276134651106,-0.0004952638107585945,1.025219908244789,200,False,-0.4375,-0.0526,16,2021-03-31,False,051,0.4090353091362753,14.461631642471279,0.01358191942351785,0.0034573315536757443,0.08571031772027514,0.9878314481602725,False
963945,MERCHANTS BANK OF INDIANA,12,2021-06-28,2021-06-28,-0.10621607622495496,0.0034598970069416256,1.0108245761226677,200,False,-0.4375,-0.0526,16,2021-03-31,False,041,0.7372646913779086,16.061561066026062,0.026193772116933807,0.00045194252487063864,0.09757502853337098,0.9289769812484925,False
2705895,METROPOLITAN COMMERCIAL BANK,12,2021-06-28,2021-06-28,-0.09320173915121771,0.0027821466621777346,1.0599362850763268,200,False,-0.4375,-0.0526,16,2021-03-31,False,051,0.7876414505965369,15.409090596322345,0.010327276983323228,0.0016880437136590973,0.07954892736443925,0.9825987577069346,False
3579589,ALLEGIANCE BANK,12,2021-06-28,2021-06-28,-0.09577342097222967,0.0023154474831610316,0.7057728072384107,200,False,-0.4375,-0.0526,16,2021-03-31,False,041,0.5173237507870132,15.675454238468395,0.011846108938058264,0.0075230153703375,0.12675003405530583,0.9610323161256875,False
3271799,MERIDIAN BANK,12,2021-06-28,2021-06-28,-0.03821905414354994,0.0027633827760638386,0.39558616414300934,200,False,-0.4375,-0.0526,16,2021-03-31,False,051,0.5463917823656038,14.369267502057859,0.024619247179379886,0.00562041291999798,0.10470939666405522,0.8887613427272365,False
979375,"STERLING BANK AND TRUST, FSB",12,2021-06-28,2021-06-28,-0.026867403596172457,0.0009045844978267562,0.8856637730662801,200,False,-0.4375,-0.0526,16,2021-03-31,False,041,0.19559099517566855,15.119618248096218,0.005949408316143741,0.04108053154713934,0.10017641949842579,0.8796338803912757,False
497570,LUTHER BURBANK SAVINGS,12,2021-06-28,2021-06-28,-0.022915989458107813,0.00044160774260156434,0.8680940926688477,200,False,-0.4375,-0.0526,16,2021-03-31,False,041,0.39028793524603256,15.772075598663834,0.011168366058264734,0.0010719087676971373,0.10687446174782328,0.8601207055463275,False
2757205,"MVB BANK, INC.",12,2021-06-28,2021-06-28,-0.09921817353919987,0.005367692796766167,0.7271847972045141,200,False,-0.4375,-0.0526,16,2021-03-31,False,041,0.5596333413448772,14.787154631070171,0.01601189879214392,0.010144093579676402,0.1026066453845819,0.9371905971917108,False
3378773,BRIDGEWATER BANK,12,2021-06-28,2021-06-28,-0.07111399522469605,0.0026500686079995884,0.6858679303706151,200,False,-0.4375,-0.0526,16,2021-03-31,False,041,0.38147931653664074,14.936824861410715,0.014754544402934616,0.00031886038470298363,0.10555592666391865,0.9710085371442644,False
3357219,OPEN BANK,12,2021-06-28,2021-06-28,-0.01759178678474886,0.002439042536735495,0.6208979636330301,200,False,-0.4375,-0.0526,16,2021-03-31,False,051,0.46302977158177777,14.190694449619238,0.014218774802286054,0.0009692286780244283,0.09899543655115688,0.9828019478414729,False
3281510,UNITED BUSINESS BANK,12,2021-06-28,2021-06-28,-0.04238250967260399,0.0014693087588523305,0.8346013309210082,200,False,-0.4375,-0.0526,16,2021-03-31,False,051,0.45618737334040776,14.642806128266868,0.009257036672678581,0.006188916470712635,0.12247603432256654,0.983205838345357,False
667757,ORIGIN BANK,12,2021-06-28,2021-06-28,-0.07786543227617221,0.002523286530200126,0.8326623322308925,200,False,-0.4375,-0.0526,16,2021-03-31,False,041,0.4979396635409265,15.834699845990045,0.01369742981348384,0.01616508555042696,0.08934953538241601,0.932332791386071,False
2562164,COASTAL COMMUNITY BANK,12,2021-06-28,2021-06-28,-0.13769204909215718,0.0030837649424576515,1.0720754860939403,200,False,-0.4375,-0.0526,16,2021-03-31,False,041,0.4429613510922777,14.522664681673577,0.012373466074289114,0.00037418603216188387,0.07594278898990292,0.8944969621429711,False
3158546,FIRST WESTERN TRUST BANK,12,2021-06-28,2021-06-28,-0.04308721713762017,0.0023656561849836177,0.674200541495352,200,False,-0.4375,-0.0526,16,2021-03-31,False,051,0.4570473104313753,14.6063401024736,0.011597909510367424,0.0023414569414624124,0.07449761362219275,0.8933095077221732,False
661308,AMALGAMATED BANK,12,2021-06-28,2021-06-28,-0.004203729506921012,0.0005965034794898689,0.9229105792856284,200,False,-0.4375,-0.0526,16,2021-03-31,False,041,0.5765998424843585,15.670395988637043,0.007628893660207236,0.01840856792107318,0.08450819484879124,0.978315920163316,False
83638,"AMERANT BANK, NATIONAL ASSOCIATION",12,2021-06-28,2021-06-28,-0.05407892625259546,0.0015448284934787165,1.4227179609123668,200,False,-0.4375,-0.0526,16,2021-03-31,False,031,0.3086981307747884,15.862111838049106,0.008686121439583442,0.015427019839654913,0.10932959764491455,0.8316245848621525,False
18854,BANK7,12,2021-06-28,2021-06-28,0.01421102458396174,0.0020299507129491715,0.9274625046704411,200,False,-0.4375,-0.0526,16,2021-03-31,False,041,0.2631663324065865,13.859672887349017,0.01953400079605646,0.019011874730818924,0.10589655858669361,0.9945873293424964,False
2808602,"CAPITAL BANK, NATIONAL ASSOCIATION",12,2021-06-28,2021-06-28,-0.08118839376363954,0.002674590388936224,0.750626602510285,200,False,-0.4375,-0.0526,16,2021-03-31,False,041,0.4581400627015089,14.536965272819545,0.017274028105047867,0.005419132739483071,0.07011826439275522,0.9741736320152878,False
3614976,FVCBANK,12,2021-06-28,2021-06-28,-0.033985612552305346,0.0022205516327256486,0.780792504469491,200,False,-0.4375,-0.0526,16,2021-03-31,False,051,0.4819318691757357,14.446940301052212,0.013438302566030793,0.0034791334925690022,0.121135650378637,0.9695708267222422,False
594947,"BANK FIRST, NATIONAL ASSOCIATION",12,2021-06-28,2021-06-28,-0.04925668274211852,6.777999159331182e-05,0.512810268856843,200,False,-0.4375,-0.0526,16,2021-03-31,False,041,0.3086445070459358,14.861493572501884,0.01667489402518099,0.006187218882568442,0.1131935794982424,0.9698544863281807,False
3476192,CARTER BANK & TRUST,12,2021-06-28,2021-06-28,-0.14585781614038174,0.0025236339789101534,0.9623149479157215,200,False,-0.4375,-0.0526,16,2021-03-31,False,041,0.11407627874321338,15.236720706249102,0.009557401626699307,0.010602398445937092,0.09357069913305473,0.9832949265797108,False
3248849,MAINSTREET BANK,12,2021-06-28,2021-06-28,0.006088930757106888,0.0016277428343604687,0.5905346990148128,200,False,-0.4375,-0.0526,16,2021-03-31,False,041,0.4333967415600756,14.371363274419156,0.012935442665508794,0.00011277187164732273,0.10434047424985388,0.9884221561468751,False
289515,FARMERS AND MERCHANTS TRUST COMPANY OF CHAMBERSBURG,12,2021-06-28,2021-06-28,0.045317493684944046,0.0009563452279282718,0.48666262461149745,200,False,-0.4375,-0.0526,16,2021-03-31,False,051,0.2038307318765175,14.283884109354704,0.013261599830724292,0.008786514351174187,0.08710937940170052,0.9885163408642986,False
2743244,RED RIVER BANK,12,2021-06-28,2021-06-28,-0.08412772367927582,0.0010545712660095545,0.43055837045495204,200,False,-0.4375,-0.0526,16,2021-03-31,False,041,0.3620925849344387,14.852112327403628,0.011597311551667088,0.0017346123348153542,0.09309768447439175,0.9919886403409462,False
575254,CITY BANK,12,2021-06-28,2021-06-28,-0.06293291875544582,0.0020268493424096105,0.8324349729915246,200,False,-0.4375,-0.0526,16,2021-03-31,False,041,0.40816937115439295,15.132090626721453,0.017615203392660938,0.0060439887539165595,0.11148298643584306,0.97506861779121,False
419675,FIRST BANK RICHMOND,12,2021-06-28,2021-06-28,0.01844970313985301,0.0004476905353235342,0.6633422718148517,200,False,-0.4375,-0.0526,16,2021-03-31,False,051,0.27540027190435873,13.947625948530911,0.010998562966597736,0.01058097257697922,0.13714205600925308,0.7999945162522036,False
3594005,CROSSFIRST BANK,12,2021-06-28,2021-06-28,-0.09596323296790259,0.001216262949062769,0.89623654536267,200,False,-0.4375,-0.0526,16,2021-03-31,False,041,0.5503454117658146,15.606185272391853,0.008016024039396046,0.014750258339674919,0.09772344850542129,0.9417723321356783,False
933256,"ALERUS FINANCIAL, NATIONAL ASSOCIATION",12,2021-06-28,2021-06-28,-0.14581605080330953,0.001209032442316189,1.120280232353678,200,False,-0.4375,-0.0526,16,2021-03-31,False,041,0.5907462498577661,14.962983167070966,0.020589031690157612,0.0023591152821662593,0.10002441098576893,0.985740296184785,False
426534,HEARTLAND BANK AND TRUST COMPANY,12,2021-06-28,2021-06-28,-0.045613429777338524,0.001391523179197429,0.6516930049079264,200,False,-0.4375,-0.0526,16,2021-03-31,False,041,0.1793616270936954,15.166967843735746,0.01678051881789808,0.004004664591276794,0.10300304086070829,0.9787099818333721,False
3437456,METRO CITY BANK,12,2021-06-28,2021-06-28,-0.05109018305735216,-9.503516626373504e-05,0.963524487599472,200,False,-0.4375,-0.0526,16,2021-03-31,False,041,0.2959880809345154,14.5851408877104,0.02415228016348552,0.004846103750748606,0.11106834376424292,0.934129508773301,False
324340,CHOICEONE BANK,12,2021-06-28,2021-06-28,0.004174305294407137,-0.001019449730977905,0.7381689362778676,200,False,-0.4375,-0.0526,16,2021-03-31,False,041,0.28943511008268336,14.541711881250336,0.011420206819519808,0.004875929550639836,0.10547679411845803,0.9972165890642829,False
128904,EASTERN BANK,12,2021-06-28,2021-06-28,-0.09310644022138133,0.003314240932064262,0.5839438087980992,144,False,-0.4375,-0.0526,16,2021-03-31,False,041,0.4261735465633561,16.631825692815678,0.011569867420825091,0.004446152834607039,0.15806349020983607,0.9755470191692087,False
395238,SYNOVUS BANK,12,2021-06-28,2021-06-28,-0.0961392783888245,0.0031627142303919434,1.2218052619166735,200,False,-0.4375,-0.0526,16,2021-03-31,False,041,0.4953694135670296,17.824650455563145,0.01404340467299325,0.004587151814010949,0.09434373938226871,0.9588821063714538,False
933966,CITIZENS BUSINESS BANK,12,2021-06-28,2021-06-28,-0.07385902339330677,0.0003604165603889838,0.8178968925471638,200,False,-0.4375,-0.0526,16,2021-03-31,False,041,0.6350057380517626,16.512545783013017,0.017552546623741328,0.0016603045173812262,0.13426238173614127,0.9457459968258635,False
60143,COMERICA BANK,12,2021-06-28,2021-06-28,-0.07784952771406375,0.0029200065955785814,1.0960594573692022,200,False,-0.4375,-0.0526,16,2021-03-31,False,031,0.6386065704277678,18.272841770002785,0.016276939842563502,0.007391888686852715,0.09622407456786115,0.9667893838911195,False
601050,COMMERCE BANK,12,2021-06-28,2021-06-28,-0.03238188522773267,0.0011608405672093492,0.7141799126290296,200,False,-0.4375,-0.0526,16,2021-03-31,False,041,0.4095333348219089,17.316701951326017,0.015018219462934154,0.002739963312561963,0.08901970503390311,0.9148937973603223,False
682563,FROST BANK,12,2021-06-28,2021-06-28,-0.06510565334073208,0.001990806307884705,0.7801676724318019,200,False,-0.4375,-0.0526,16,2021-03-31,False,041,0.5266552426320834,17.601789235583208,0.010670322294645013,0.003796060372290162,0.09289503083256755,0.9347875423307056,False
723112,"FIFTH THIRD BANK, NATIONAL ASSOCIATION",12,2021-06-28,2021-06-28,-0.057136110564261364,0.002784051663138767,1.1427941540583877,200,False,-0.4375,-0.0526,16,2021-03-31,False,031,0.6018554518691002,19.140906152672322,0.013759662379078146,0.011141960162736038,0.11854103979502421,0.9265319732655187,False
233031,REGIONS BANK,12,2021-06-28,2021-06-28,-0.0676763759063445,0.0026422165215097796,1.2103670301924037,200,False,-0.4375,-0.0526,16,2021-03-31,False,031,0.3932021610237392,18.842799736414964,0.017650259967610594,0.011016280903566955,0.1183721372419174,0.9745956196779831,False
342634,TRUSTMARK NATIONAL BANK,12,2021-06-28,2021-06-28,-0.07494307352915337,0.0011843245200071992,0.9059130573774764,200,False,-0.4375,-0.0526,16,2021-03-31,False,041,0.42361431774164005,16.641420176990852,0.012656573965994539,0.01585998663106915,0.10605489157006022,0.9636457844761096,False
501105,MANUFACTURERS AND TRADERS TRUST COMPANY,12,2021-06-28,2021-06-28,-0.06352301382590908,0.0015330247423518996,1.0046191500876538,200,False,-0.4375,-0.0526,16,2021-03-31,False,031,0.519296599790217,18.82678333549145,0.011948114180228791,0.030624852305464138,0.1075537810545386,0.9692569439906137,False
165628,FIRST FINANCIAL BANK,12,2021-06-28,2021-06-28,-0.09480927333907055,0.002185301476588393,1.0619242820159227,200,False,-0.4375,-0.0526,16,2021-03-31,False,041,0.3729260645465518,16.594257777669547,0.013120199964717956,0.008560715746378188,0.1448495668010863,0.9304062483542865,False
991340,1ST SOURCE BANK,12,2021-06-28,2021-06-28,-0.07754573458863877,0.0010413295511162975,0.8473056284360229,200,False,-0.4375,-0.0526,16,2021-03-31,False,041,0.3444880528597923,15.832060488272521,0.015427904033378584,0.011019015854860318,0.11518174976126018,0.9286998734288602,False
485559,FIRST HORIZON BANK,12,2021-06-28,2021-06-28,-0.07955196324256489,0.002308465616424722,1.2570624585349235,200,False,-0.4375,-0.0526,16,2021-03-31,False,041,0.45623111498450913,18.282733329325556,0.01182371007335752,0.007011325765095249,0.09700301155548821,0.9412985221564911,False
451965,"WELLS FARGO BANK, NATIONAL ASSOCIATION",12,2021-06-28,2021-06-28,-0.061250298403245106,0.0019998844673613705,0.9749867591951361,200,False,-0.4375,-0.0526,16,2021-03-31,False,031,0.5077984483548043,21.29602741059753,0.010090477041796074,0.01752927763568666,0.09649117365241769,0.9311343343953179,False
12311,"HUNTINGTON NATIONAL BANK, THE",12,2021-06-28,2021-06-28,-0.04035525411410525,0.0017924129046273025,1.0257056331523753,200,False,-0.4375,-0.0526,16,2021-03-31,False,031,0.38129305615707737,18.647172459902517,0.017376124371111152,0.008203111258978064,0.09667002239895892,0.9436124049749212,False
852218,"JPMORGAN CHASE BANK, NATIONAL ASSOCIATION",12,2021-06-28,2021-06-28,-0.00869935182728564,0.0017287342982865678,0.7896396421945936,200,False,-0.4375,-0.0526,16,2021-03-31,False,031,0.4726760633971851,21.888764201587737,0.013736465014570442,0.011506943207164895,0.0864745702366407,0.8103142590062656,False
541101,"BANK OF NEW YORK MELLON, THE",12,2021-06-28,2021-06-28,-0.030123516613347986,0.001070837511345651,0.7527946277968882,200,False,-0.4375,-0.0526,16,2021-03-31,False,031,0.5803872963253467,19.765994243766674,0.005823841808203907,0.00282242797645682,0.07604072521937079,0.9523910200031572,False
210434,"NORTHERN TRUST COMPANY, THE",12,2021-06-28,2021-06-28,-0.01748837283569093,0.0012263808153355098,0.9122064067045749,200,False,-0.4375,-0.0526,16,2021-03-31,False,031,0.2825080996504968,18.912575962925512,0.009395157277574118,0.0043021418874661195,0.06457999670113859,0.9136844496133668,False
1394676,AMERICAN EXPRESS NATIONAL BANK,12,2021-06-28,2021-06-28,-0.009418416838365614,0.0013739068572836905,1.0149276030935843,200,False,-0.4375,-0.0526,16,2021-03-31,False,031,0.18014347253086613,18.73746118499248,0.0555947374270066,0.0041156852037251565,0.09233917375242237,0.842473106361357,False
480228,"BANK OF AMERICA, NATIONAL ASSOCIATION",12,2021-06-28,2021-06-28,-0.04003015418637158,0.0018462328309224274,0.8424953076843924,200,False,-0.4375,-0.0526,16,2021-03-31,False,031,0.45947047430309723,21.563441106082237,0.011229412635592698,0.007939401754627798,0.09514138847439953,0.9349080135340577,False
817824,"PNC BANK, NATIONAL ASSOCIATION",12,2021-06-28,2021-06-28,-0.031056609605904874,0.0022914489225795043,0.8521285586513754,200,False,-0.4375,-0.0526,16,2021-03-31,False,031,0.46049188516394607,19.966751666338286,0.013965632439858867,0.013635716986320491,0.09677308035866403,0.9187672916884652,False
280110,KEYBANK NATIONAL ASSOCIATION,12,2021-06-28,2021-06-28,-0.06974916909689721,0.0022309778681108877,1.1465545894458762,200,False,-0.4375,-0.0526,16,2021-03-31,False,031,0.4952590736664999,18.97461208024843,0.01447707793598943,0.008479542911433316,0.0992301200697947,0.9251090798315185,False
504713,U.S. BANK NATIONAL ASSOCIATION,12,2021-06-28,2021-06-28,-0.02914964340935935,0.001781189521791915,0.8607337124018487,200,False,-0.4375,-0.0526,16,2021-03-31,False,031,0.4745742190006711,20.111820816560602,0.016996861561336646,0.010804094498115754,0.09311688282701489,0.9050877971235793,False
34537,SEACOAST NATIONAL BANK,12,2021-06-28,2021-06-28,-0.10975390525751544,0.002203693974761538,1.0998190393127596,200,False,-0.4375,-0.0526,16,2021-03-31,False,041,0.3577327791832505,15.99169080407564,0.015492852263468814,0.006299611912171363,0.1299880398248867,0.9633830732602003,False
476810,"CITIBANK, N.A.",12,2021-06-28,2021-06-28,-0.06104766790322405,0.0011562916745172242,0.8678986266546328,200,False,-0.4375,-0.0526,16,2021-03-31,False,031,0.3544586665277984,21.23431363602964,0.016529927050209444,0.009916759982146073,0.0981651876952941,0.8689409093510396,False
852320,TRUIST BANK,12,2021-06-28,2021-06-28,-0.0373194420964806,0.0014646140300739019,1.0609957262245866,200,False,-0.4375,-0.0526,16,2021-03-31,False,031,0.45267419714339363,20.042977624337635,0.01045666977971098,0.01111395821589026,0.12577422991642168,0.9261399823836304,False
35301,STATE STREET BANK AND TRUST COMPANY,12,2021-06-28,2021-06-28,-0.006907464378985522,0.0003175851207219338,1.1431296138954576,200,False,-0.4375,-0.0526,16,2021-03-31,False,031,0.6179755431528015,19.56261110933401,0.006894768594329053,0.0,0.08347458032884215,0.8723644342283983,False
17147,FIRST MERCHANTS BANK,12,2021-06-28,2021-06-28,-0.1010148436773857,0.0022474978874672123,1.0312658447743477,200,False,-0.4375,-0.0526,16,2021-03-31,False,041,0.45091666779575384,16.497047433316727,0.014135179358914028,0.006330383459309566,0.1257230005957203,0.9420048854344021,False
572374,GREAT SOUTHERN BANK,12,2021-06-28,2021-06-28,-0.0576942825858881,0.0014433122420998558,0.7832341882473693,200,False,-0.4375,-0.0526,16,2021-03-31,False,041,0.5799756308954751,15.539515852489362,0.015114123726288542,0.002177497775398381,0.12091263310956901,0.9632531389114654,False
489623,"PARK NATIONAL BANK, THE",12,2021-06-28,2021-06-28,-0.10306080006278243,0.0025047836448996025,0.7700013483304174,200,False,-0.4375,-0.0526,16,2021-03-31,False,041,0.24449215029629506,16.10577040622837,0.0182726324383164,0.01608480747730261,0.09737692842240307,0.9517854140516527,False
595869,CATHAY BANK,12,2021-06-28,2021-06-28,-0.0959194889625849,0.0018137634794250144,1.0246658578878396,200,False,-0.4375,-0.0526,16,2021-03-31,False,031,0.4106220981433051,16.771194600066142,0.015823584889654685,0.006159486194640224,0.12994477920268177,0.9820906710620911,False
1718188,NORTHRIM BANK,12,2021-06-28,2021-06-28,-0.07540126922986072,0.0023821954877667915,0.9572660626036307,200,False,-0.4375,-0.0526,16,2021-03-31,False,051,0.3471445556502843,14.66367233078593,0.022096901963303144,0.008625002907203843,0.08690217740381527,0.9730482465087509,False
463735,HANCOCK WHITNEY BANK,12,2021-06-28,2021-06-28,-0.11647506764313495,0.0035276504751242605,1.4715953954833279,200,False,-0.4375,-0.0526,16,2021-03-31,False,041,0.4628808399111372,17.372285429647167,0.01265701366854081,0.005292759442483951,0.09917522335394599,0.9321165893902509,False
339858,"BOKF, NATIONAL ASSOCIATION",12,2021-06-28,2021-06-28,-0.08288296177635623,0.0015957129459473497,0.9258546019207402,200,False,-0.4375,-0.0526,16,2021-03-31,False,041,0.6133604010693584,17.67072849652984,0.012653720997082257,0.012913680703772999,0.1077929379024,0.9026800432693598,False
693345,"FIRST FINANCIAL BANK, NATIONAL ASSOCIATION",12,2021-06-28,2021-06-28,-0.07599951710278871,0.0008438644528951758,0.6091256656647336,200,False,-0.4375,-0.0526,16,2021-03-31,False,051,0.3013391210540111,15.331503130698367,0.010001012310441575,0.006286325827445794,0.12247550966317292,0.9566119554285791,False
702117,"NBT BANK, NATIONAL ASSOCIATION",12,2021-06-28,2021-06-28,-0.0813232737374245,0.0007101799131741535,0.8460624972386864,200,False,-0.4375,-0.0526,16,2021-03-31,False,041,0.3228574803345197,16.252858684801314,0.013483582832517205,0.0059666624491109994,0.1145845859562675,0.9735074871410997,False
677176,TRUSTCO BANK,12,2021-06-28,2021-06-28,-0.06898341445613429,0.0006908583499656084,0.7590737726019486,200,False,-0.4375,-0.0526,16,2021-03-31,False,041,0.10036716086045509,15.615075154450288,0.009918945119028995,0.005061637244880272,0.09165068908390157,0.941766686978101,False
749242,RENASANT BANK,12,2021-06-28,2021-06-28,-0.11496325302063423,0.0024095051391746407,0.7274992628741199,200,False,-0.4375,-0.0526,16,2021-03-31,False,041,0.43300017810690083,16.56411545386535,0.015695714899546912,0.005013667953184915,0.14996993756539348,0.9691603586940067,False
936426,S & T BANK,12,2021-06-28,2021-06-28,-0.09229145035368888,0.0012452822836608762,0.9578752889770847,200,False,-0.4375,-0.0526,16,2021-03-31,False,041,0.3012337125989725,16.047672006403566,0.014175124026433937,0.018789843526133127,0.1267571238549745,0.9687162949367054,False
42420,FIRST COMMONWEALTH BANK,12,2021-06-28,2021-06-28,-0.0958633259652283,0.0026519580870028414,0.983560644690306,200,False,-0.4375,-0.0526,16,2021-03-31,False,041,0.23559759276038061,16.05550264940295,0.017572179702950743,0.00662420808208732,0.11804872367486592,0.9521561982309875,False
143662,UMPQUA BANK,12,2021-06-28,2021-06-28,-0.0876532488068055,0.0011620147786175143,1.0735074473107418,200,False,-0.4375,-0.0526,16,2021-03-31,False,041,0.37263417788553027,17.21800759470877,0.014722187128972105,0.0024327183243452867,0.09693210646221256,0.9596429718139717,False
61122,FIRST UNITED BANK & TRUST,12,2021-06-28,2021-06-28,-0.06217178566816013,0.0018238534476182082,0.6446535250076618,200,False,-0.4375,-0.0526,16,2021-03-31,False,041,0.32006504909262906,14.383291208221742,0.013212820380571396,0.006575862686393145,0.08358389817875962,0.9100908171065685,False
936855,"UMB BANK, NATIONAL ASSOCIATION",12,2021-06-28,2021-06-28,-0.08763725820394895,0.002823285880761659,0.9107745170173625,200,False,-0.4375,-0.0526,16,2021-03-31,False,031,0.7644441784010527,17.353836969652498,0.009436523003501032,0.004754105481060361,0.08179167575820526,0.9015141087209321,False
577128,PEOPLES BANK,12,2021-06-28,2021-06-28,-0.06635364553694288,0.0018048816599776898,0.8433247374512556,200,False,-0.4375,-0.0526,16,2021-03-31,False,041,0.38591174705396586,15.451303894872435,0.013031970794359981,0.007558318458792393,0.10894747063861916,0.9456154940575973,False
317342,STOCK YARDS BANK & TRUST COMPANY,12,2021-06-28,2021-06-28,-0.050746159898370655,0.0005284296655249822,0.7673913104444651,200,False,-0.4375,-0.0526,16,2021-03-31,False,041,0.30469136284228576,15.382123846954745,0.018810967024236194,0.003923612293289607,0.08976145400892661,0.9638331677523458,False
584724,UNIFIED BANK,12,2021-06-28,2021-06-28,-0.02114353918355008,0.002340469405385998,-0.273655853026127,200,False,-0.4375,-0.0526,16,2021-03-31,False,051,0.15874800877444964,13.508864466486084,0.014518059928442434,0.0066261512993433845,0.11678857905371709,0.9426476810289784,False
1386251,BANCFIRST,12,2021-06-28,2021-06-28,-0.11312030676511059,0.002279463558278418,1.0084394677628972,200,False,-0.4375,-0.0526,16,2021-03-31,False,041,0.28208564598487446,16.065275507318947,0.016299815739929953,0.006958650794929205,0.09901696335440618,0.9942666282873952,False
100562,TRI COUNTIES BANK,12,2021-06-28,2021-06-28,-0.08834531232202439,0.0016891854896188485,0.861910462900135,200,False,-0.4375,-0.0526,16,2021-03-31,False,041,0.294495822796108,15.897612682153467,0.01704907912208388,0.0058222013722869495,0.12287065721035945,0.9761761716518643,False
37640,GERMAN AMERICAN BANK,12,2021-06-28,2021-06-28,-0.09044997107964234,0.0011408029766395483,0.6189388547882769,200,False,-0.4375,-0.0526,16,2021-03-31,False,041,0.3822124793607803,15.466150680627475,0.015619787982067876,0.006695164327154163,0.11289684268548882,0.9617778639341631,False
981275,PREMIER BANK,12,2021-06-28,2021-06-28,-0.109210563810131,0.0020280913953938653,1.2263136276528213,200,False,-0.4375,-0.0526,16,2021-03-31,False,041,0.23449920545900071,15.82690850958979,0.020805062192273283,0.00868744324516836,0.13200695018490027,0.9893637749588804,False
435077,"PATHWARD, NATIONAL ASSOCIATION",12,2021-06-28,2021-06-28,-0.059280083933754585,0.003942994926658672,1.0387506438502214,200,False,-0.4375,-0.0526,16,2021-03-31,False,041,0.017909036889557584,16.09717707522324,0.024760576114315275,0.011665520409023383,0.09419781727474978,0.9747000281980203,False
2142155,QUAD CITY BANK AND TRUST COMPANY,12,2021-06-28,2021-06-28,-0.076254926255129,0.0012919190387651613,0.8848464303774667,200,False,-0.4375,-0.0526,16,2021-03-31,False,041,0.765606257001685,14.560728705446083,0.01360101874743996,0.0030099506929263608,0.09545298996013576,0.9662764699801815,False
921178,RIVERVIEW BANK,12,2021-06-28,2021-06-28,0.0061177260094807395,0.0013270144343592212,0.6481161214091494,200,False,-0.4375,-0.0526,16,2021-03-31,False,041,0.2533522871308726,14.25254086838599,0.009211273410102559,0.0006053634566147354,0.10856125206139385,0.9834036894378879,False
693224,ATLANTIC UNION BANK,12,2021-06-28,2021-06-28,-0.08874324784090751,0.001964407150759155,1.0770526214637088,200,False,-0.4375,-0.0526,16,2021-03-31,False,041,0.38096132423400464,16.801232545367814,0.011999721425298471,0.003605941948817438,0.14507196757220783,0.9684592379379018,False
470050,"FIRST FINANCIAL BANK, NATIONAL ASSOCIATION",12,2021-06-28,2021-06-28,-0.04768911627717236,0.0016952001812280879,0.9092414280422373,200,False,-0.4375,-0.0526,16,2021-03-31,False,041,0.4282632305012648,16.305878186096464,0.01826531399600073,0.007301269662564749,0.12636934532909003,0.9050630515678104,False
936136,OLD SECOND NATIONAL BANK,12,2021-06-28,2021-06-28,-0.09173058074423547,0.0020086583262530554,0.8014803021746145,200,False,-0.4375,-0.0526,16,2021-03-31,False,041,0.2313487700618864,14.969171480896186,0.016494540939170466,0.010618729564460293,0.11418914144090939,0.9601420602872974,False
694904,"FLAGSTAR BANK, NATIONAL ASSOCIATION",12,2021-06-28,2021-06-28,-0.02347461069846649,0.00023614599932261917,0.6915281467292079,200,False,-0.4375,-0.0526,16,2021-03-31,False,041,0.3554462533028021,17.869607717501054,0.010732511969769598,0.0007668275106129847,0.12660490656186393,0.6822423510332627,False
229801,VALLEY NATIONAL BANK,12,2021-06-28,2021-06-28,-0.07649589293412809,0.002479641393020009,0.9776091921212261,200,False,-0.4375,-0.0526,16,2021-03-31,False,041,0.490020101286844,17.532924139033863,0.011499447067208759,0.006361593079438288,0.12330137625172188,0.9059389269204702,False
481177,LANDMARK NATIONAL BANK,12,2021-06-28,2021-06-28,-0.016642457109187495,0.00073356251785892,0.8299832700810987,200,False,-0.4375,-0.0526,16,2021-03-31,False,041,0.2790668292986542,14.03510140589471,0.017216255729318456,0.014863542826299632,0.11730400693017717,0.97908240158551,False
272272,SOUTHERN BANK,12,2021-06-28,2021-06-28,-0.06628762701720811,0.0029120450958752546,0.7616599950029033,200,False,-0.4375,-0.0526,16,2021-03-31,False,051,0.16212400343980468,14.815657026361231,0.017212765018317713,0.0031136641795446503,0.10044322980269837,0.9690444948840922,False
764030,AMERIS BANK,12,2021-06-28,2021-06-28,-0.10814889995438234,0.003319035932671609,1.0711444324078854,200,False,-0.4375,-0.0526,16,2021-03-31,False,041,0.4023055014904123,16.875999094573345,0.024594644131948954,0.004735515741092446,0.1386340290240233,0.9810906631293067,False
2236821,"PATRIOT BANK, NATIONAL ASSOCIATION",12,2021-06-28,2021-06-28,-0.0051253482176416894,0.0016055882013352825,0.7589648571172115,200,False,-0.4375,-0.0526,16,2021-03-31,False,051,0.30648423540303116,13.69488072402011,0.005483087045699162,0.036171919264758906,0.10436706447252929,0.8762821925918461,False
268677,CARVER FEDERAL SAVINGS BANK,12,2021-06-28,2021-06-28,-0.1318618518798237,0.0017324394902243543,0.5931209868631351,200,False,-0.4375,-0.0526,16,2021-03-31,False,041,0.20205608837159325,13.43516772622534,-0.0028904651220621773,0.014722426729094113,0.09284156418631798,0.9304370821629326,False
112837,"CAPITAL ONE, NATIONAL ASSOCIATION",12,2021-06-28,2021-06-28,-0.04722003288275415,0.00336797084531527,1.0315326196058634,200,False,-0.4375,-0.0526,16,2021-03-31,False,031,0.3046195242545087,19.7287661816548,0.014697105619206135,0.007313190397673613,0.11449016253966386,0.9362841099348729,False
1002878,NORTHWEST BANK,12,2021-06-28,2021-06-28,-0.04217910382378113,0.0014024471369230998,0.7295619893715878,200,False,-0.4375,-0.0526,16,2021-03-31,False,041,0.20925160433909334,16.482924441751596,0.01169532824251941,0.021615186782731458,0.10831537254818098,0.9683335431811038,False
697763,WESTAMERICA BANK,12,2021-06-28,2021-06-28,-0.04805575677612631,-0.00028794893268917855,0.6641704638508398,200,False,-0.4375,-0.0526,16,2021-03-31,False,041,0.3466448328622157,15.742271234942518,0.011531871152105164,0.0031713862583052756,0.09987085038230122,0.9586801874593639,False
749635,AUBURNBANK,12,2021-06-28,2021-06-28,0.010983979111078023,-0.0020467021181340755,0.6225148948897595,200,False,-0.4375,-0.0526,16,2021-03-31,False,051,0.3768551696074331,13.808436596391859,0.007533100827734702,0.0016905750978072182,0.10021340428681778,0.9902019600556946,False
959304,FLUSHING BANK,12,2021-06-28,2021-06-28,-0.08928693601805467,0.003106458159319687,0.7712445693064738,200,False,-0.4375,-0.0526,16,2021-03-31,False,041,0.390266070758839,15.914767349409646,0.010438103538644059,0.003512511496866863,0.09236929975026051,0.8672466636782441,False
352772,BANNER BANK,12,2021-06-28,2021-06-28,-0.07803652691597121,0.0014780882987455335,1.1466087882069018,200,False,-0.4375,-0.0526,16,2021-03-31,False,041,0.3182080154401064,16.595310839290875,0.012178357614470567,0.003629093044106096,0.10694962621159033,0.9492683652831115,False
498317,"OHIO VALLEY BANK COMPANY, THE",12,2021-06-28,2021-06-28,-0.01619692458417536,0.00032191567306183986,0.7494453079464767,200,False,-0.4375,-0.0526,16,2021-03-31,False,041,0.30576966690632557,14.0060375247822,0.009505019890287274,0.007345376532826251,0.10961436894519902,0.9618747830155226,False
506922,SANDY SPRING BANK,12,2021-06-28,2021-06-28,-0.10555495854668169,0.002698166760319212,0.9988685101433926,200,False,-0.4375,-0.0526,16,2021-03-31,False,041,0.42705429175526877,16.36970583549903,0.024078166567218305,0.009155893258851577,0.12666696524501386,0.956077379325953,False
3317932,CONNECTONE BANK,12,2021-06-28,2021-06-28,-0.10548799606354832,0.0027399984607799736,0.9653389099247922,200,False,-0.4375,-0.0526,16,2021-03-31,False,041,0.5510973333393498,15.823655863161868,0.01865846350782765,0.01230599620533821,0.13765026536051875,0.9314276756894079,False
276579,"ZIONS BANCORPORATION, NATIONAL ASSOCIATION",12,2021-06-28,2021-06-28,-0.07223605433907972,0.0021120698309625608,1.12451951087505,200,False,-0.4375,-0.0526,16,2021-03-31,False,041,0.5343011281723313,18.259582757378034,0.015116340569185469,0.006208501305130405,0.09319730135264366,0.9567992135962468,False
1412712,"COMMUNITY WEST BANK, NATIONAL ASSOCIATION",12,2021-06-28,2021-06-28,-0.01099395870641539,0.0020892949948478215,0.30842388716224667,200,False,-0.4375,-0.0526,16,2021-03-31,False,051,0.3971077594455089,13.833209012256027,0.012084224094567404,0.0021940692550977193,0.08983785525653923,0.8686980119039652,False
1929247,"SOUTHSTATE BANK, N.A.",12,2021-06-28,2021-06-28,-0.1114722663179868,0.0023696134648184615,1.0407759095697473,200,False,-0.4375,-0.0526,16,2021-03-31,False,041,0.346643226834887,17.494560939622946,0.015417598373370055,0.004065221450481221,0.12368098948204971,0.9375350188153747,False
1890525,UNITY BANK,12,2021-06-28,2021-06-28,-0.04304698152994117,0.0019800594124761003,0.7077447305475877,200,False,-0.4375,-0.0526,16,2021-03-31,False,051,0.32921639198568203,14.507509079067466,0.016062439680753503,0.008576400174544828,0.0922599143817102,0.8984711557762342,False
876634,CAPITAL CITY BANK,12,2021-06-28,2021-06-28,-0.0802186447984014,0.0006158898271165249,0.8770543103415879,200,False,-0.4375,-0.0526,16,2021-03-31,False,041,0.3379750852971515,15.182698804166911,0.010385543820415406,0.002507234293917959,0.08810562696388478,0.9508912553359631,False
2239288,"WINTRUST BANK, NATIONAL ASSOCIATION",12,2021-06-28,2021-06-28,-0.09189068765928887,0.002160200581482604,0.9460874503160925,200,False,-0.4375,-0.0526,16,2021-03-31,False,041,0.526806540653079,15.934373513809442,0.015554089503669336,0.0027852641194088938,0.09736122677299149,0.9637070652823645,False
556815,"PEOPLES BANK, A CODORUS VALLEY COMPANY",12,2021-06-28,2021-06-28,-0.009055611567699408,0.0016590423403483549,0.5397882470121336,200,False,-0.4375,-0.0526,16,2021-03-31,False,041,0.23675120281175335,14.637606208081118,0.007628129143751734,0.025287069051048872,0.09901097147890156,0.9691783411309438,False
729310,PATHFINDER BANK,12,2021-06-28,2021-06-28,0.008154375158710305,0.0022639526009331527,0.0034250819979268514,200,False,-0.4375,-0.0526,16,2021-03-31,False,051,0.26990032603803077,14.078721387071704,0.008405189143656027,0.024666105022783557,0.08448537046701217,0.919721078570091,False
431172,PACIFIC PREMIER BANK,12,2021-06-28,2021-06-28,-0.11120933488766119,0.002901380479540463,1.1312021808042583,200,False,-0.4375,-0.0526,16,2021-03-31,False,041,0.5307495407605511,16.819821380324367,0.014577210769476117,0.0029640600576204927,0.14796005752241848,0.9800170622878233,False
107244,BANK OZK,12,2021-06-28,2021-06-28,-0.02999618648214969,0.002451783942482513,0.6755976723607133,200,False,-0.4375,-0.0526,16,2021-03-31,False,041,0.30653275321765017,17.121550454830295,0.02176435643767626,0.003506212962990669,0.1606929777776735,0.9303582176128935,False
874845,LAKE CITY BANK,12,2021-06-28,2021-06-28,-0.0799463366431355,0.001093038505277618,0.683509463039126,200,False,-0.4375,-0.0526,16,2021-03-31,False,041,0.528968572999068,15.607841530519854,0.015735004822243284,0.002609194512168527,0.10581767422956544,0.9743488909984814,False
522605,BAR HARBOR BANK AND TRUST COMPANY,12,2021-06-28,2021-06-28,0.02795054643832638,0.0008671638127529733,1.076488125338537,200,False,-0.4375,-0.0526,16,2021-03-31,False,041,0.20200690880581737,15.131547140796949,0.011678334094116474,0.005567286112980885,0.12353142481361708,0.8937877542102801,False
593007,CAMDEN NATIONAL BANK,12,2021-06-28,2021-06-28,-0.06929125511658651,0.0012465503626629011,0.8464691916539576,200,False,-0.4375,-0.0526,16,2021-03-31,False,041,0.22352683075623547,15.43850950253978,0.016184624843166313,0.0023256705862500096,0.10787138878042533,0.9425758357871401,False
786612,MID PENN BANK,12,2021-06-28,2021-06-28,-0.03731924194728942,0.0016935634932244948,0.6686095917254826,200,False,-0.4375,-0.0526,16,2021-03-31,False,041,0.3660612370168457,15.033791806518895,0.012412716617017181,0.0023277763598218313,0.08733055319868775,0.8683897404922889,False
881478,HERITAGE BANK,12,2021-06-28,2021-06-28,-0.08751682978284304,0.0012437613504813405,0.8188600861421376,200,False,-0.4375,-0.0526,16,2021-03-31,False,041,0.42175279097302654,15.764688504804928,0.015132184484156999,0.011486376385880369,0.1189587737963967,0.9765143293508256,False
671464,BANK OF HOPE,12,2021-06-28,2021-06-28,-0.11067122139201002,0.002359331260776529,1.049295881980937,200,False,-0.4375,-0.0526,16,2021-03-31,False,041,0.5345605543077468,16.66003637986112,0.010786927358887165,0.009852210646013377,0.13584174489240175,0.9639663875364775,False
606046,CADENCE BANK,12,2021-06-28,2021-06-28,-0.08104085691083082,0.0008073742023496846,1.044136931824192,200,False,-0.4375,-0.0526,16,2021-03-31,False,041,0.3661968011544043,17.065991982158884,0.012642834047320289,0.006059148852383721,0.10949208958623378,0.9083521527807064,False
782306,BROOKLINE BANK,12,2021-06-28,2021-06-28,-0.1035409117157947,0.002043601497626381,0.8127619307145534,200,False,-0.4375,-0.0526,16,2021-03-31,False,041,0.42356643909277386,15.515624291769718,0.014379211517982235,0.005431677666560042,0.10848304067716734,0.894470064777965,False
1001152,INTERNATIONAL BANK OF COMMERCE,12,2021-06-28,2021-06-28,-0.08915837623815692,0.001364631510919988,1.0931376887596849,200,False,-0.4375,-0.0526,16,2021-03-31,False,041,0.3571676529385442,16.172269961231205,0.013853590037631128,0.0016697872766233105,0.14740070889671247,0.9035084571368004,False
59316,WAYNE BANK,12,2021-06-28,2021-06-28,0.015352890210647018,-0.000307449077849353,0.6342218104076411,200,False,-0.4375,-0.0526,16,2021-03-31,False,051,0.296755203887515,14.514040724224957,0.011249282000402826,0.008275919304336084,0.09722920536404756,0.9286724358186887,False
491934,COLONY BANK,12,2021-06-28,2021-06-28,-0.011875394659960454,0.001675247234453562,0.6448252102674253,200,False,-0.4375,-0.0526,16,2021-03-31,False,051,0.3033529787594696,14.401038006090284,0.011465874657142952,0.009783688476215264,0.09513635771390772,0.9438679596499616,False
361167,SOUTHSIDE BANK,12,2021-06-28,2021-06-28,-0.10670419396040731,0.00167358197625089,0.6816608087721104,200,False,-0.4375,-0.0526,16,2021-03-31,False,041,0.37448828810112544,15.760642976093852,0.02114786952942559,0.00142879689869873,0.14821422597396433,0.8677029439237042,False
316840,REPUBLIC BANK & TRUST COMPANY,12,2021-06-28,2021-06-28,-0.05451550307303399,0.000981507136850142,0.8907278141874885,200,False,-0.4375,-0.0526,16,2021-03-31,False,041,0.33355265670334994,15.682363430316093,0.016000843549283085,0.004745062204539761,0.12064548217978949,0.9438144660695181,False
2209553,HERITAGE BANK OF COMMERCE,12,2021-06-28,2021-06-28,-0.07443967340529521,0.0021751860966520565,0.9930834781029486,200,False,-0.4375,-0.0526,16,2021-03-31,False,041,0.6231358783554655,15.424793058322543,0.009984751630403365,0.002065712024305449,0.11996684284737848,0.9772691421399156,False
821906,SALISBURY BANK AND TRUST COMPANY,12,2021-06-28,2021-06-28,-0.009291525767364094,0.0008077564582823079,0.593163165837622,200,False,-0.4375,-0.0526,16,2021-03-31,False,051,0.324672627941992,14.154215300688202,0.013435685528557959,0.005384982764083092,0.10289645499451583,0.9755988471120602,False
416245,BUSEY BANK,12,2021-06-28,2021-06-28,-0.09145758754666478,0.0012205098347105488,0.9222445508518002,200,False,-0.4375,-0.0526,16,2021-03-31,False,041,0.36282113489098583,16.189501661814333,0.015134953146001759,0.003351445755483034,0.1329281318772176,0.9646868225839653,False
399517,CNB BANK,12,2021-06-28,2021-06-28,0.0005194585391878359,0.0010909744455731788,0.8896867786654221,200,False,-0.4375,-0.0526,16,2021-03-31,False,041,0.307832774509483,15.400680162777917,0.011980855384878935,0.009606390122642288,0.09296556088079,0.9885369208860624,False
664756,PROSPERITY BANK,12,2021-06-28,2021-06-28,-0.04585876168487138,0.0006684546273842402,0.8121018807397317,200,False,-0.4375,-0.0526,16,2021-03-31,False,041,0.42940957502225807,17.386842451820318,0.015368493171831492,0.0022067443132976075,0.17426553179768187,0.9811995779388676,False
767974,CFBANK NATIONAL ASSOCIATION,12,2021-06-28,2021-06-28,-0.05193399109193758,0.0030616188742139537,0.13685439967005578,200,False,-0.4375,-0.0526,16,2021-03-31,False,051,0.20858722371715163,14.284197070192088,0.01676456636047197,0.00045321460666133555,0.0826093595695334,0.9030222533295404,False
716374,FIRST HARRISON BANK,12,2021-06-28,2021-06-28,-0.026669447053848903,-0.002042573900209665,1.017559254431562,200,False,-0.4375,-0.0526,16,2021-03-31,False,051,0.24659906455740177,13.865516173649343,0.010128634032704987,0.0037602667844451377,0.09746337073863501,0.9951955813683845,False
197478,EAST WEST BANK,12,2021-06-28,2021-06-28,-0.07499062001212667,0.0029870922792938183,1.0882274380973065,200,False,-0.4375,-0.0526,16,2021-03-31,False,031,0.6335043690548986,17.85608280820386,0.01455329635370354,0.005736126697769809,0.08932614930043194,0.9643628229625144,False
958727,AMERICAN NATIONAL BANK AND TRUST COMPANY,12,2021-06-28,2021-06-28,-0.10180093213491359,0.0012586220371675933,1.054270423979653,200,False,-0.4375,-0.0526,16,2021-03-31,False,041,0.3931859486436059,14.933065627242149,0.015512679198134344,0.0012446351716369432,0.11567523721368365,0.9776691861695124,False
968070,CAPITOL FEDERAL SAVINGS BANK,12,2021-06-28,2021-06-28,-0.07646518976429055,0.0009405552933875416,0.568888110340848,200,False,-0.4375,-0.0526,16,2021-03-31,False,041,0.13959861236027238,16.089501610184733,0.008434151129607622,0.0021950430041221365,0.11980674429562377,0.7961506995592843,False
202907,"COMMUNITY BANK, NATIONAL ASSOCIATION",12,2021-06-28,2021-06-28,-0.07864860341106042,0.000983021868679095,0.7257136543379763,200,False,-0.4375,-0.0526,16,2021-03-31,False,041,0.4186206297034012,16.484783062433557,0.011893716386494637,0.010239175525195347,0.11122128688320318,0.9698761831284226,False
601416,FIVE STAR BANK,12,2021-06-28,2021-06-28,-0.0957617909658272,0.0034349525901959917,0.8939872877159633,200,False,-0.4375,-0.0526,16,2021-03-31,False,041,0.3126767816386457,15.481635940028172,0.016256631941983794,0.0026466699689705474,0.0910548272033638,0.9867293775600093,False
662369,BANK OF THE SIERRA,12,2021-06-28,2021-06-28,-0.06691747569599063,0.0012066738394989627,1.0352881204353936,200,False,-0.4375,-0.0526,16,2021-03-31,False,041,0.31299897531582216,15.017450196809332,0.01386776682119052,0.003789908051289593,0.11168644634116354,0.9699553168967375,False
439404,FIRST NATIONAL BANK,12,2021-06-28,2021-06-28,-0.06650106610827788,0.0009670593114411475,0.8215617171631007,200,False,-0.4375,-0.0526,16,2021-03-31,False,041,0.19891544291623076,14.69219605476607,0.015278065621772158,0.004621474530584216,0.08280709902360543,0.8869172206359239,False
2608754,MERCANTILE BANK,12,2021-06-28,2021-06-28,-0.05196424569684445,0.0011915672818226526,0.9215268511664393,200,False,-0.4375,-0.0526,16,2021-03-31,False,041,0.44308200463307956,15.361260147739628,0.013248677871216525,0.0008183047209797633,0.09818358230556751,0.863997390601438,False
29636,"CITIZENS BANK OF PHILADELPHIA, THE",12,2021-06-28,2021-06-28,-0.05257154782608386,-0.0011684416776821297,0.48106020109905073,200,False,-0.4375,-0.0526,16,2021-03-31,False,051,0.41317091585112903,14.25251050818808,0.005067000160200923,0.01069978034081593,0.06718361609657532,0.8530198358507866,False
2652092,EAGLEBANK,12,2021-06-28,2021-06-28,-0.043351324617427675,0.0022468657737906975,0.8443247637528082,200,False,-0.4375,-0.0526,16,2021-03-31,False,041,0.39767257565883213,16.222642765895454,0.016661747166768884,0.006816636316752696,0.12338772285582239,0.9548188249398878,False
1436204,BANK OF MARIN,12,2021-06-28,2021-06-28,-0.020304814583870432,-0.0002723801779199652,0.9160774633280989,200,False,-0.4375,-0.0526,16,2021-03-31,False,041,0.44957701579607046,14.933208223301767,0.013286650624663566,0.004338354922206533,0.1083136078613228,0.9811322069504775,False
2634351,MACATAWA BANK,12,2021-06-28,2021-06-28,-0.10363573293247809,0.0007397478925413254,0.8092212868108253,200,False,-0.4375,-0.0526,16,2021-03-31,False,051,0.41169169443316067,14.82111973682763,0.011782385830700636,0.0003770831148645446,0.0932355174840831,0.9663400984223219,False
754929,"NATIONAL BANK OF BLACKSBURG, THE",12,2021-06-28,2021-06-28,-0.024549808238564005,0.0011341267287621106,0.5466099293076203,200,False,-0.4375,-0.0526,16,2021-03-31,False,041,0.3419391385829626,14.25504982507284,0.01177583389605101,0.0047487509361566795,0.10965391574183372,0.9862434053885846,False
687009,LAKELAND BANK,12,2021-06-28,2021-06-28,-0.049883000776228995,0.0022902030387173308,0.9045949495095165,200,False,-0.4375,-0.0526,16,2021-03-31,False,041,0.4123737980462787,15.865905167624648,0.01304805437984745,0.005094124948282996,0.10859716686481875,0.9625561313006871,False
2634191,GLACIER BANK,12,2021-06-28,2021-06-28,-0.07540280727384165,0.0018673292888874186,1.0133922383345426,200,False,-0.4375,-0.0526,16,2021-03-31,False,041,0.28183451152981204,16.79912419659196,0.01676453723324303,0.002952059329192372,0.11837842734660352,0.9307129604754065,False
186221,"OLD POINT NATIONAL BANK OF PHOEBUS, THE",12,2021-06-28,2021-06-28,-0.040900313533346125,0.00198283040002218,0.08605196785828331,200,False,-0.4375,-0.0526,16,2021-03-31,False,041,0.2601523675595385,14.038936469411109,0.009402144834298794,0.0027516916538548163,0.08869495254540118,0.9760639534934745,False
474919,"FULTON BANK, NATIONAL ASSOCIATION",12,2021-06-28,2021-06-28,-0.08278047155359433,0.0023087646028965465,0.8614568427542634,200,False,-0.4375,-0.0526,16,2021-03-31,False,041,0.35481481188225283,17.063645373144624,0.014279076512295083,0.00800515534651099,0.11845166323838979,0.9591073609046272,False
473501,BERKSHIRE BANK,12,2021-06-28,2021-06-28,-0.053292589154595185,0.00394353820943891,1.016202195414534,200,False,-0.4375,-0.0526,16,2021-03-31,False,041,0.3519454424616397,16.361385927223065,0.004317572901185066,0.008210604698650559,0.09210641859099786,0.9486828029952951,False
508346,HAWTHORN BANK,12,2021-06-28,2021-06-28,-0.04481795212411659,0.0004919567490912159,1.086029182620768,200,False,-0.4375,-0.0526,16,2021-03-31,False,041,0.23894289929582455,14.360159470343472,0.014559139398249307,0.026692543351113807,0.10320689697175701,0.9035486011665677,False
236706,PEAPACK-GLADSTONE BANK,12,2021-06-28,2021-06-28,-0.09309669562842125,0.0024445076309362167,0.9938964051777316,200,False,-0.4375,-0.0526,16,2021-03-31,False,041,0.5714792742630718,15.602373056579623,0.010028321684763402,0.003917272007630055,0.09975212245150895,0.9409139077578867,False
657365,HANMI BANK,12,2021-06-28,2021-06-28,-0.12224567066719905,0.003748546363430538,0.7460469066900169,200,False,-0.4375,-0.0526,16,2021-03-31,False,041,0.4115944265352647,15.677646163749095,0.012640990948307331,0.011352574577433206,0.1069298963723326,0.960387795541294,False
636771,INDEPENDENT BANK,12,2021-06-28,2021-06-28,-0.08173663582686005,0.001656751820555256,0.9448909252060491,200,False,-0.4375,-0.0526,16,2021-03-31,False,041,0.18923713206994064,15.302899473454312,0.02005276210167155,0.002635267829866718,0.0930895204523757,0.9791292258359484,False
2353595,FIRST COMMUNITY BANK,12,2021-06-28,2021-06-28,-0.10504644696916392,0.0014621644773528295,0.822640929350706,200,False,-0.4375,-0.0526,16,2021-03-31,False,051,0.15590014418751527,14.959548945977147,0.018532079641437067,0.012240524727015242,0.13031160841441783,0.9835455064208638,False
780218,"UNION BANK COMPANY, THE",12,2021-06-28,2021-06-28,0.07949215159120761,0.0023926541708838528,0.3720360716038398,200,False,-0.4375,-0.0526,16,2021-03-31,False,051,0.1776104450408656,13.84213301452438,0.017048043778846715,0.0013389459010830788,0.1267950690373717,0.9917648344491974,False
542528,CIVISTA BANK,12,2021-06-28,2021-06-28,-0.05913322859085729,0.001857217845018767,1.079490609427796,200,False,-0.4375,-0.0526,16,2021-03-31,False,041,0.3047332501357136,14.93184979177833,0.014344776996746522,0.0021052550255720886,0.11311690416893853,0.9255877941288262,False
933023,"SHORE UNITED BANK, NATIONAL ASSOCIATION",12,2021-06-28,2021-06-28,-0.05177604735275802,0.002060309606753682,0.9854383786359824,200,False,-0.4375,-0.0526,16,2021-03-31,False,051,0.17114036955205245,14.527746385506909,0.008896545769922062,0.004151836236471295,0.10066743715122166,0.9889736103012607,False
1162017,UNITED SECURITY BANK,12,2021-06-28,2021-06-28,-0.010075705752916561,0.000796125438807417,0.5522546507196148,200,False,-0.4375,-0.0526,16,2021-03-31,False,051,0.5289570916511367,13.98645851320233,0.0075453314104763115,0.017229339544455137,0.10622633128488936,0.9908138351695919,False
628123,"BANK OF GLEN BURNIE, THE",12,2021-06-28,2021-06-28,0.03664429423348807,0.002314342540135943,0.14553364092310678,200,False,-0.4375,-0.0526,16,2021-03-31,False,041,0.08286921477916087,12.986951360370893,0.005871603332432593,0.018059330856825723,0.0764224439976367,0.9148859674787878,False
333203,UNION BANK,12,2021-06-28,2021-06-28,-0.014160207125199924,0.0025509821636630573,0.36407154583489565,200,False,-0.4375,-0.0526,16,2021-03-31,False,041,0.18144151698659505,13.91389872318035,0.0108393126280711,0.007295940007199706,0.07175516204137972,0.9873571713806742,False
2925666,PINNACLE BANK,12,2021-06-28,2021-06-28,-0.075979816886204,0.003130720277051197,0.9473378078633571,200,False,-0.4375,-0.0526,16,2021-03-31,False,041,0.4554083551436797,17.37500888090606,0.014168048135581049,0.0032334683817920123,0.14352751404366543,0.9500670789818426,False
139740,WEST BANK,12,2021-06-28,2021-06-28,-0.02490124762420909,0.001953594889117741,0.7758186654666266,200,False,-0.4375,-0.0526,16,2021-03-31,False,041,0.4507575249814938,14.969716481288149,0.015279816768321906,0.01075959607702455,0.08201723850892195,0.922443125027049,False
494261,PACIFIC WESTERN BANK,12,2021-06-28,2021-06-28,-0.05183941134822542,0.0013254039485303079,1.1130290740049367,200,False,-0.4375,-0.0526,16,2021-03-31,False,041,0.5923167894344746,17.30618922499067,0.0173153021533698,0.004902392301144641,0.11929972641600702,0.9813865386667966,False
2760232,VILLAGE BANK,12,2021-06-28,2021-06-28,0.018463340105081934,0.0023649033981078963,0.24998481076578274,200,False,-0.4375,-0.0526,16,2021-03-31,False,051,0.2668740670201266,13.48165050661446,0.022537052086562388,0.006662749011831755,0.09161995883566942,0.9556122605835152,False
2328137,FIRST COMMUNITY BANK,12,2021-06-28,2021-06-28,-0.005178300387740268,0.0013242344260623316,0.5919980913163992,200,False,-0.4375,-0.0526,16,2021-03-31,False,041,0.2656322542192107,14.215785554045377,0.00930416455853133,0.005064164760135612,0.09612829078529857,0.9453813754412291,False
204004,PROVIDENT BANK,12,2021-06-28,2021-06-28,-0.0940853858680177,0.002262305641247429,0.823563149146033,200,False,-0.4375,-0.0526,16,2021-03-31,False,041,0.45346835093649546,16.390034623571,0.014905216879240787,0.008372897289304593,0.12113627745499853,0.8970251434545787,False
3465226,HTLF BANK,12,2021-06-28,2021-06-28,-0.1124019924800412,0.0011835692992841539,1.0180729735914853,200,False,-0.4375,-0.0526,16,2021-03-31,False,041,0.42348430525428893,14.783330176471948,0.011415550268045842,0.004785039647175057,0.14423757474263915,0.9905808428452008,False
2953418,OPTIMUMBANK,12,2021-06-28,2021-06-28,-0.046104498010326365,0.0020182727341292238,0.617478115979777,200,False,-0.4375,-0.0526,16,2021-03-31,False,041,0.5394859001033151,12.438675317964892,0.010191143373379402,0.0,0.09087631153516974,0.9154292388893005,False
2618780,TEXAS CAPITAL BANK,12,2021-06-28,2021-06-28,-0.08032578329074577,0.002987530356263646,0.9249370525394133,200,False,-0.4375,-0.0526,16,2021-03-31,False,041,0.7953079221490619,17.50527399624905,0.007403852218194534,0.004895329546449403,0.07298642762806642,0.9087643051004631,False
354310,UNIVEST BANK AND TRUST CO.,12,2021-06-28,2021-06-28,-0.08574969018875331,0.0023717501866215977,0.9708469770530227,200,False,-0.4375,-0.0526,16,2021-03-31,False,041,0.42784617945486375,15.671527102477732,0.021866778448122667,0.005638473441245305,0.1147591689473866,0.9652085374386448,False
703767,CENTRAL VALLEY COMMUNITY BANK,12,2021-06-28,2021-06-28,-0.019756166966315235,0.0012759981272552198,0.6913049189553936,200,False,-0.4375,-0.0526,16,2021-03-31,False,041,0.44549388489788405,14.604152446756672,0.01392470298663065,0.0034695599537758865,0.11160304052979314,0.9838958192869574,False
2942690,SIGNATURE BANK,12,2021-06-28,2021-06-28,-0.07421962671618079,0.003369692966259136,1.0047985127309396,200,False,-0.4375,-0.0526,16,2021-03-31,False,041,0.8543853427919946,18.262648135848448,0.008926123402263474,0.002702775841331297,0.07779613861878508,0.9395883064913979,True
2849801,SOUTHERN FIRST BANK,12,2021-06-28,2021-06-28,-0.09489853907848955,0.0029125406659420584,0.8051672304814768,200,False,-0.4375,-0.0526,16,2021-03-31,False,041,0.49628988619679365,14.763097998521085,0.01661575845354818,0.003482308418367916,0.10262382442345916,0.9824716396451818,False
2858960,"BANCORP BANK NATIONAL ASSOCIATION, THE",12,2021-06-28,2021-06-28,-0.1106383201625157,0.003887351067169462,1.1515164682418413,200,False,-0.4375,-0.0526,16,2021-03-31,False,041,0.18901958002391414,15.863626150668113,0.015358667051364216,0.008604168611021262,0.07764084786342601,0.981654819413405,False
895710,CITIZENS & NORTHERN BANK,12,2021-06-28,2021-06-28,-0.04438209270823969,0.0009918002651899556,0.7372095321510653,200,False,-0.4375,-0.0526,16,2021-03-31,False,051,0.2919231792825137,14.655806677559458,0.01555596699773376,0.014461558617484637,0.12643949016271963,0.9541857411196955,False
2372774,"SUMMIT COMMUNITY BANK, INC.",12,2021-06-28,2021-06-28,-0.07571095458382804,0.001484234576455029,0.9245887440818196,200,False,-0.4375,-0.0526,16,2021-03-31,False,041,0.21963987650355168,14.9929263252402,0.013715447592787991,0.010317067557852763,0.1045695053104229,0.9393004409014827,False
1356768,ENTERPRISE BANK AND TRUST COMPANY,12,2021-06-28,2021-06-28,-0.02542613662251596,0.0012372236555035613,1.0083013006479176,200,False,-0.4375,-0.0526,16,2021-03-31,False,041,0.3230016236599848,15.264253993221907,0.011413510528186059,0.011431211410036559,0.09099477401385377,0.9902778240701625,False
1190476,ENTERPRISE BANK & TRUST,12,2021-06-28,2021-06-28,-0.07796375014350503,0.0016230056641720523,1.0099824369138697,200,False,-0.4375,-0.0526,16,2021-03-31,False,041,0.4799016415543781,16.13359934518647,0.012847267863270333,0.005099411947851483,0.11729147928195903,0.9614204249415307,False
633378,KEARNY BANK,12,2021-06-28,2021-06-28,-0.08289888571746434,0.0022706757996865377,0.5953804559461144,200,False,-0.4375,-0.0526,16,2021-03-31,False,041,0.19621326745258766,15.80872132699453,0.008931389033472951,0.014868184296534276,0.13194605303676493,0.853294771375202,False
1918344,PREFERRED BANK,12,2021-06-28,2021-06-28,-0.07810592889057932,0.0021180803985129527,0.8233888879507549,200,False,-0.4375,-0.0526,16,2021-03-31,False,041,0.5933647729974255,15.51115387267763,0.015554798389989561,0.005267302312861104,0.09894569893568086,0.9618958468152972,False
3138146,WESTERN ALLIANCE BANK,12,2021-06-28,2021-06-28,-0.06249670994608951,0.004287844588820766,1.0895086028122474,200,False,-0.4375,-0.0526,16,2021-03-31,False,041,0.7284853752749547,17.58715478081045,0.0153765179297814,0.003949292818913807,0.08510173998796358,0.9739531377944207,False
537449,FIRST BUSINESS BANK,12,2021-06-28,2021-06-28,-0.03349058003843368,0.0025796347906656344,0.8224408251876036,200,False,-0.4375,-0.0526,16,2021-03-31,False,041,0.4503321453547726,14.777566311446135,0.016493247603905282,0.00847218703048774,0.09231427041910593,0.8012000111135528,False
310978,WATERSTONE BANK,12,2021-06-28,2021-06-28,-0.04713803892206967,0.0010583753928393397,0.5174616470986368,200,False,-0.4375,-0.0526,16,2021-03-31,False,041,0.11591970907832043,14.601268824504341,0.03893950512062058,0.002492969884565952,0.17324834667991448,0.7134117735264073,False
220527,PEOPLES BANK,12,2021-06-28,2021-06-28,0.022752352956351942,0.0008097072300563523,0.971797630514698,200,False,-0.4375,-0.0526,16,2021-03-31,False,041,0.29794902125956263,14.244214213892754,0.011156372902155067,0.0037507901797875953,0.09768991171562452,0.9666364923921847,False
2954059,BCB COMMUNITY BANK,12,2021-06-28,2021-06-28,-0.021772427642430356,0.0018987160848645056,0.9679717375698627,200,False,-0.4375,-0.0526,16,2021-03-31,False,041,0.34988708531244167,14.86338132981215,0.010568202181743199,0.0068408072152514,0.10132162143490628,0.9384487992298588,False
2385514,"FIRST BANK, THE",12,2021-06-28,2021-06-28,-0.07912400250010956,0.001962962521223614,1.0296816359169851,200,False,-0.4375,-0.0526,16,2021-03-31,False,041,0.3909343867844129,15.508654858590933,0.013729300283930171,0.010116565240445937,0.1341297823545382,0.9933270240443393,False
456045,CENTENNIAL BANK,12,2021-06-28,2021-06-28,-0.0900085625111839,0.001680313721571657,1.0164380407953932,200,False,-0.4375,-0.0526,16,2021-03-31,False,041,0.4477461979436236,16.66078847851684,0.021519044724212122,0.005877630028833342,0.16251724654981828,0.9517011539129077,False
561574,SUMMIT STATE BANK,12,2021-06-28,2021-06-28,0.07837219421956318,0.0022604451205608224,0.35530027215116283,200,False,-0.4375,-0.0526,16,2021-03-31,False,051,0.39277098116141185,13.697014142913307,0.014937152056560335,0.0006133309518055833,0.08500824650578945,0.919535746715456,False
522847,"LIMESTONE BANK, INC",12,2021-06-28,2021-06-28,-0.016847240934259156,0.0015971239037138522,0.36768986174811774,200,False,-0.4375,-0.0526,16,2021-03-31,False,051,0.15930555591139167,14.11884105270339,0.011453363281013495,0.0020390963003069883,0.11415854845307237,0.9759958324650969,False
663245,SIMMONS BANK,12,2021-06-28,2021-06-28,-0.10177160861926488,0.002103502507384837,1.0070519988481024,200,False,-0.4375,-0.0526,16,2021-03-31,False,041,0.4110648452030806,16.963447519130284,0.01282344434386319,0.009422903832967374,0.13173577895644065,0.9092683561792338,False
30810,DISCOVER BANK,12,2021-06-28,2021-06-28,-0.056008601886783596,0.002839024713402162,1.2648219548626933,200,False,-0.4375,-0.0526,16,2021-03-31,False,031,0.09471688278546513,18.536647259623766,0.056319813201963415,0.0106302780591286,0.10121869443999909,0.786912503880188,False
768074,FIRST FINANCIAL NORTHWEST BANK,12,2021-06-28,2021-06-28,-0.02561915668714694,0.0023114471092609157,0.21566514572016038,200,False,-0.4375,-0.0526,16,2021-03-31,False,051,0.3315894369706029,14.173220665935798,0.0078934247799554,0.0018262029158223657,0.09960833564677064,0.8978150148414965,False
2797724,TOWNEBANK,12,2021-06-28,2021-06-28,-0.08410196528968784,0.002207298396258132,0.8987837364115767,200,False,-0.4375,-0.0526,16,2021-03-31,False,041,0.47007036821303666,16.52883993300719,0.01830179283694169,0.0012475904987725695,0.11938249254927104,0.9212365293457256,False
28013,NORTHFIELD BANK,12,2021-06-28,2021-06-28,-0.06949567008578382,0.0021140462555319793,0.7367327430083375,200,False,-0.4375,-0.0526,16,2021-03-31,False,041,0.32736188440473085,15.534894297429812,0.013431789643883056,0.003471382641561245,0.11770894850609774,0.8596557783086882,False
836843,MIDWESTONE BANK,12,2021-06-28,2021-06-28,-0.08737232700747466,0.001816731147720959,1.0576653358135266,200,False,-0.4375,-0.0526,16,2021-03-31,False,041,0.34553057514208024,15.561343359301366,0.016292679113374488,0.012990510154561957,0.10413386074093928,0.9386464325957871,False
676478,MALVERN BANK NA,12,2021-06-28,2021-06-28,-0.01910642248461698,0.0016322073892754536,0.3707109137802414,200,False,-0.4375,-0.0526,16,2021-03-31,False,051,0.5425971025183466,14.001745281657222,0.008616217248205993,0.023344884556983053,0.13327827144404647,0.8828619424140731,False
23504,DIME COMMUNITY BANK,12,2021-06-28,2021-06-28,-0.10553045076955916,0.002311614389976292,1.071839670039399,200,False,-0.4375,-0.0526,16,2021-03-31,False,041,0.4526017062777546,16.381410156111784,-0.00551199056220321,0.005158026713132878,0.0967215859937464,0.9288555012458543,False
785473,FIRST SAVINGS BANK,12,2021-06-28,2021-06-28,-0.011966841391643545,0.002315293577763875,0.46930364664470986,200,False,-0.4375,-0.0526,16,2021-03-31,False,041,0.2831180728136848,14.372689092494825,0.023911922737635614,0.008430572689113208,0.1061773230836207,0.7065833879139851,False
929978,"HOME BANK, NATIONAL ASSOCIATION",12,2021-06-28,2021-06-28,-0.05549595275675416,0.001137087053724839,0.9533219073846418,200,False,-0.4375,-0.0526,16,2021-03-31,False,041,0.2910314669590506,14.809554609631512,0.017711887615001445,0.007905108474227925,0.11764527374599391,0.9792739507584368,False
1864197,OAK VALLEY COMMUNITY BANK,12,2021-06-28,2021-06-28,-0.058053458306360495,0.0005382578742883433,1.1507556243134462,200,False,-0.4375,-0.0526,16,2021-03-31,False,041,0.4269158659402562,14.325892283221899,0.010821602627245972,0.00035395288124489725,0.07908389743368106,0.989791282503541,False
342410,ORRSTOWN BANK,12,2021-06-28,2021-06-28,-0.08871688359875672,0.0020722698336142187,1.1066723599126218,200,False,-0.4375,-0.0526,16,2021-03-31,False,041,0.28740557497814956,14.901731726140858,0.015091176137069296,0.0049069522045057795,0.09128852104043933,0.9518365958382403,False
119528,"FARMERS NATIONAL BANK OF EMLENTON, THE",12,2021-06-28,2021-06-28,0.034393910513208975,0.0022394037613550303,-0.3185112921866702,200,False,-0.4375,-0.0526,16,2021-03-31,False,051,0.2771414474358988,13.87600623029061,0.008769130702029344,0.004569712638763839,0.08242380429288294,0.9501763953389365,False
685676,OPPORTUNITY BANK OF MONTANA,12,2021-06-28,2021-06-28,-0.020852941848910834,0.0013751181201639461,0.5377307699502514,200,False,-0.4375,-0.0526,16,2021-03-31,False,051,0.1752201365685688,14.079122505290155,0.017369084596691977,0.007061078780918907,0.1328556732633028,0.9715565573015231,False
