sent_id,doc_id,sent_index,date,speaker,sentence
1-0,1,0,2022-01-20,Board of Governors of the Federal Reserve System,"For a nation's economy to function effectively, its citizens must have confidence in its money and payment services."
1-1,1,1,2022-01-20,Board of Governors of the Federal Reserve System,"The Federal Reserve, as the nation's central bank, works to maintain the public's confidence by fostering monetary stability, financial stability, and a safe and efficient payment system."
1-2,1,2,2022-01-20,Board of Governors of the Federal Reserve System,This paper is the first step in a public discussion between the Federal Reserve and stakeholders about central bank digital currencies (CBDCs).
1-3,1,3,2022-01-20,Board of Governors of the Federal Reserve System,"For the purpose of this paper, a CBDC is defined as a digital liability of a central bank that is widely available to the general public."
1-4,1,4,2022-01-20,Board of Governors of the Federal Reserve System,"In this respect, it is analogous to a digital form of paper money."
1-5,1,5,2022-01-20,Board of Governors of the Federal Reserve System,"The paper has been designed to foster a broad and transparent public dialogue about CBDCs in general, and about the potential benefits and risks of a U.S. CBDC."
1-6,1,6,2022-01-20,Board of Governors of the Federal Reserve System,"The paper is not intended to advance any specific policy outcome, nor is it intended to signal that the Federal Reserve will make any imminent decisions about the appropriateness of issuing a U.S. CBDC."
1-7,1,7,2022-01-20,Board of Governors of the Federal Reserve System,Payment technologies offered by the Federal Reserve have evolved over time.
1-8,1,8,2022-01-20,Board of Governors of the Federal Reserve System,"In the Federal Reserve's early years, it established a national check-clearing system and used dedicated telegraph wires to transfer funds between banks."
1-9,1,9,2022-01-20,Board of Governors of the Federal Reserve System,"In the 1970s, the Federal Reserve developed an automated clearinghouse (ACH) system that offered an electronic alternative to paper checks."
1-10,1,10,2022-01-20,Board of Governors of the Federal Reserve System,"And in 2019, the Federal Reserve committed to building the FedNow Service, which will provide real-time, around-the-clock interbank payments, every day of the year."
1-11,1,11,2022-01-20,Board of Governors of the Federal Reserve System,"Recent technological advances have ushered in a wave of new private-sector financial products and services, including digital wallets, mobile payment apps, and new digital assets such as cryptocurrencies and stablecoins."
1-12,1,12,2022-01-20,Board of Governors of the Federal Reserve System,These technological advances have also led central banks around the globe to explore the potential benefits and risks of issuing a CBDC.
1-13,1,13,2022-01-20,Board of Governors of the Federal Reserve System,"Federal Reserve policymakers and staff have studied CBDC closely for several years, guided by an understanding that any U.S. CBDC should, among other things"
1-14,1,14,2022-01-20,Board of Governors of the Federal Reserve System,"provide benefits to households, businesses, and the overall economy that exceed any costs and risks;"
1-15,1,15,2022-01-20,Board of Governors of the Federal Reserve System,yield such benefits more effectively than alternative methods;
1-16,1,16,2022-01-20,Board of Governors of the Federal Reserve System,"complement, rather than replace, current forms of money and methods for providing financial services;"
1-17,1,17,2022-01-20,Board of Governors of the Federal Reserve System,protect consumer privacy;
1-18,1,18,2022-01-20,Board of Governors of the Federal Reserve System,protect against criminal activity; and
1-19,1,19,2022-01-20,Board of Governors of the Federal Reserve System,have broad support from key stakeholders.
1-20,1,20,2022-01-20,Board of Governors of the Federal Reserve System,The Federal Reserve is committed to soliciting and reviewing a wide range of views as it continues to study whether a U.S. CBDC would be appropriate.
1-21,1,21,2022-01-20,Board of Governors of the Federal Reserve System,"Irrespective of any ultimate conclusion, Federal Reserve staff will continue to play an active role in developing international standards for CBDCs."
1-22,1,22,2022-01-20,Board of Governors of the Federal Reserve System,"This paper begins with a discussion of existing forms of money; the current state of the U.S. payment system and its relative strengths and challenges; and the various digital assets that have emerged in recent years, including stablecoins and other cryptocurrencies."
1-23,1,23,2022-01-20,Board of Governors of the Federal Reserve System,"The paper then turns to CBDC, focusing on its uses and functions; potential benefits and risks; and related policy considerations."
1-24,1,24,2022-01-20,Board of Governors of the Federal Reserve System,"The Federal Reserve's initial analysis suggests that a potential U.S. CBDC, if one were created, would best serve the needs of the United States by being privacy-protected, intermediated, widely transferable, and identity-verified."
1-25,1,25,2022-01-20,Board of Governors of the Federal Reserve System,"As noted above, however, the paper is not intended to advance a specific policy outcome and takes no position on the ultimate desirability of a U.S. CBDC."
1-26,1,26,2022-01-20,Board of Governors of the Federal Reserve System,The Federal Reserve will seek input from a wide range of stakeholders that might use a CBDC or be affected by its introduction.
1-27,1,27,2022-01-20,Board of Governors of the Federal Reserve System,"This paper concludes with a request for public comment, the first step in a broad consultation that will also include targeted outreach and public forums."
1-28,1,28,2022-01-20,Board of Governors of the Federal Reserve System,"The Federal Reserve is exploring the implications of, and options for, issuing a CBDC."
1-29,1,29,2022-01-20,Board of Governors of the Federal Reserve System,"For the purpose of this paper, a CBDC is defined as a digital liability of the Federal Reserve that is widely available to the general public."
1-30,1,30,2022-01-20,Board of Governors of the Federal Reserve System,"While Americans have long held money predominantly in digital form—for example in bank accounts recorded as computer entries on commercial bank ledgers—a CBDC would differ from existing digital money available to the general public because a CBDC would be a liability of the Federal Reserve, not of a commercial bank."
1-31,1,31,2022-01-20,Board of Governors of the Federal Reserve System,A CBDC could potentially offer a range of benefits.
1-32,1,32,2022-01-20,Board of Governors of the Federal Reserve System,"For example, it could provide households and businesses a convenient, electronic form of central bank money, with the safety and liquidity that would entail; give entrepreneurs a platform on which to create new financial products and services; support faster and cheaper payments (including cross-border payments); and expand consumer access to the financial system."
1-33,1,33,2022-01-20,Board of Governors of the Federal Reserve System,"A CBDC could also pose certain risks and would raise a variety of important policy questions, including how it might affect financial-sector market structure, the cost and availability of credit, the safety and stability of the financial system, and the efficacy of monetary policy."
1-34,1,34,2022-01-20,Board of Governors of the Federal Reserve System,The introduction of a CBDC would represent a highly significant innovation in American money.
1-35,1,35,2022-01-20,Board of Governors of the Federal Reserve System,"Accordingly, broad consultation with the general public and key stakeholders is essential."
1-36,1,36,2022-01-20,Board of Governors of the Federal Reserve System,This paper is the first step in such a conversation.
1-37,1,37,2022-01-20,Board of Governors of the Federal Reserve System,"It describes the economic context for a CBDC, key policy considerations, and the potential risks and benefits of a U.S. CBDC."
1-38,1,38,2022-01-20,Board of Governors of the Federal Reserve System,It also solicits feedback from all interested parties.
1-39,1,39,2022-01-20,Board of Governors of the Federal Reserve System,"The Federal Reserve does not intend to proceed with issuance of a CBDC without clear support from the executive branch and from Congress, ideally in the form of a specific authorizing law."
1-40,1,40,2022-01-20,Board of Governors of the Federal Reserve System,"Money serves as a means of payment, a store of value, and a unit of account."
1-41,1,41,2022-01-20,Board of Governors of the Federal Reserve System,"In the United States, money takes multiple forms:"
1-42,1,42,2022-01-20,Board of Governors of the Federal Reserve System,Central bank money is a liability of the central bank.
1-43,1,43,2022-01-20,Board of Governors of the Federal Reserve System,"In the United States, central bank money comes in the form of physical currency issued by the Federal Reserve and digital balances held by commercial banks at the Federal Reserve."
1-44,1,44,2022-01-20,Board of Governors of the Federal Reserve System,Commercial bank money is the digital form of money that is most commonly used by the public.
1-45,1,45,2022-01-20,Board of Governors of the Federal Reserve System,Commercial bank money is held in accounts at commercial banks.
1-46,1,46,2022-01-20,Board of Governors of the Federal Reserve System,Nonbank money is digital money held as balances at nonbank financial service providers.
1-47,1,47,2022-01-20,Board of Governors of the Federal Reserve System,"These firms typically conduct balance transfers on their own books using a range of technologies, including mobile apps."
1-48,1,48,2022-01-20,Board of Governors of the Federal Reserve System,The different types of money carry different amounts of credit and liquidity risk.
1-49,1,49,2022-01-20,Board of Governors of the Federal Reserve System,"Commercial bank money has very little credit or liquidity risk due to federal deposit insurance, the supervision and regulation of commercial banks, and commercial banks' access to central bank liquidity."
1-50,1,50,2022-01-20,Board of Governors of the Federal Reserve System,Nonbank money lacks the full range of protections of commercial bank money and therefore generally carries more credit and liquidity risk.
1-51,1,51,2022-01-20,Board of Governors of the Federal Reserve System,"Central bank money carries neither credit nor liquidity risk, and is therefore considered the safest form of money."
1-52,1,52,2022-01-20,Board of Governors of the Federal Reserve System,Central bank money serves as the foundation of the financial system and the overall economy.
1-53,1,53,2022-01-20,Board of Governors of the Federal Reserve System,"Commercial bank money and nonbank money are denominated in the same units as central bank money (i.e., U.S. dollars) and are intended to be convertible into central bank money."
1-54,1,54,2022-01-20,Board of Governors of the Federal Reserve System,"The U.S. payment system connects a broad range of financial institutions, households, and businesses."
1-55,1,55,2022-01-20,Board of Governors of the Federal Reserve System,Most payments in the United States rely on interbank payment services—such as the ACH network or wire-transfer systems—to move money from a sender's account at one bank to a recipient's account at another bank.
1-56,1,56,2022-01-20,Board of Governors of the Federal Reserve System,"Accordingly, interbank payment services are critical to the functioning and stability of the financial system and the economy more broadly."
1-57,1,57,2022-01-20,Board of Governors of the Federal Reserve System,"The firms that operate interbank payment services are subject to federal supervision, and systemically important payment firms are subject to heightened supervision and regulation."
1-58,1,58,2022-01-20,Board of Governors of the Federal Reserve System,"Interbank payment systems may initially settle in commercial bank money, or in central bank money, depending on their design."
1-59,1,59,2022-01-20,Board of Governors of the Federal Reserve System,"However, because central bank money has no credit or liquidity risk, central bank payment systems tend to underpin interbank payments and serve as the backbone of the broader payment system."
1-60,1,60,2022-01-20,Board of Governors of the Federal Reserve System,The use of central bank money to settle interbank payments promotes financial stability because it eliminates credit and liquidity risk in systemically important payment systems.
1-61,1,61,2022-01-20,Board of Governors of the Federal Reserve System,"Recent improvements to the U.S. payment system have focused on making payments faster, cheaper, more convenient, and more accessible."
1-62,1,62,2022-01-20,Board of Governors of the Federal Reserve System,"""Instant"" payments have been a particularly active field of private- and public-sector innovation."
1-63,1,63,2022-01-20,Board of Governors of the Federal Reserve System,"For example, The Clearing House has developed the RTP network, which is a real-time interbank payment system for lower-value payments."
1-64,1,64,2022-01-20,Board of Governors of the Federal Reserve System,"The Federal Reserve is also building a new interbank settlement service for instant payments, the FedNow Service, scheduled to debut in 2023."
1-65,1,65,2022-01-20,Board of Governors of the Federal Reserve System,"These instant payment services will enable commercial banks to provide payment services to households and businesses around the clock, every day of the year, with recipients gaining immediate access to transferred funds."
1-66,1,66,2022-01-20,Board of Governors of the Federal Reserve System,The growth of these instant payment services also could reduce the costs and fees associated with certain types of payments.
1-67,1,67,2022-01-20,Board of Governors of the Federal Reserve System,"In addition, a host of consumer-focused services that are accessible through mobile devices have made digital payments faster and more convenient."
1-68,1,68,2022-01-20,Board of Governors of the Federal Reserve System,"Some of these new payment services, however, could pose financial stability, payment system integrity, and other risks."
1-69,1,69,2022-01-20,Board of Governors of the Federal Reserve System,"For example, if the growth of nonbank payment services were to cause a large-scale shift of money from commercial banks to nonbanks, the resulting lack of equivalent protections that come with commercial bank money could introduce run risk or other instabilities to the financial system."
1-70,1,70,2022-01-20,Board of Governors of the Federal Reserve System,"While the existing U.S. payment system is generally effective and efficient, certain challenges remain."
1-71,1,71,2022-01-20,Board of Governors of the Federal Reserve System,"In particular, a significant number of Americans currently lack access to digital banking and payment services."
1-72,1,72,2022-01-20,Board of Governors of the Federal Reserve System,"Additionally, some payments—especially cross-border payments—remain slow and costly."
1-73,1,73,2022-01-20,Board of Governors of the Federal Reserve System,"Digital financial services and commercial bank money have become more accessible over time, and increasing numbers of Americans have opened and maintain bank accounts."
1-74,1,74,2022-01-20,Board of Governors of the Federal Reserve System,"Nonetheless, more than 7 million—or over 5 percent of U.S. households—remain unbanked."
1-75,1,75,2022-01-20,Board of Governors of the Federal Reserve System,"Nearly 20 percent more have bank accounts, but still rely on more costly financial services such as money orders, check-cashing services, and payday loans."
1-76,1,76,2022-01-20,Board of Governors of the Federal Reserve System,A variety of public- and private-sector efforts are underway to support financial inclusion.
1-77,1,77,2022-01-20,Board of Governors of the Federal Reserve System,"For example, the private-sector Bank On initiative promotes low-cost, low-risk consumer checking accounts."
1-78,1,78,2022-01-20,Board of Governors of the Federal Reserve System,"The Federal Reserve Bank of Atlanta has also formed a Special Committee on Payments Inclusion, a public-private sector collaboration that is working to promote access to digital payments for vulnerable populations."
1-79,1,79,2022-01-20,Board of Governors of the Federal Reserve System,"Cross-border payments currently face a number of challenges, including slow settlement, high fees, and limited accessibility."
1-80,1,80,2022-01-20,Board of Governors of the Federal Reserve System,"The sources of these frictions include the mechanics of currency exchange, variations in different countries' legal regimes and technological infrastructure, timezone complications, and coordination problems among intermediaries, including correspondent banks and nonbank financial service providers."
1-81,1,81,2022-01-20,Board of Governors of the Federal Reserve System,Regulatory requirements related to money laundering and other illicit activities introduce further complications.
1-82,1,82,2022-01-20,Board of Governors of the Federal Reserve System,"Finally, certain destination countries for cross-border payments have limited competition, allowing existing providers to charge high fees."
1-83,1,83,2022-01-20,Board of Governors of the Federal Reserve System,"As of the second quarter of 2021, the average cost of sending a remittance from the United States to other countries was 5.41 percent of the notional value of the transaction."
1-84,1,84,2022-01-20,Board of Governors of the Federal Reserve System,These high costs have a significant impact on households that make remittance transactions.
1-85,1,85,2022-01-20,Board of Governors of the Federal Reserve System,High costs for cross-border payments also affect smaller businesses that make infrequent global payments to suppliers.
1-86,1,86,2022-01-20,Board of Governors of the Federal Reserve System,"Reducing these costs could benefit economic growth, enhance global commerce, improve international remittances, and reduce inequality."
1-87,1,87,2022-01-20,Board of Governors of the Federal Reserve System,Technological innovation has recently ushered in a wave of digital assets with money-like characteristics.
1-88,1,88,2022-01-20,Board of Governors of the Federal Reserve System,"These ""cryptocurrencies"" arose from a combination of cryptographic and distributedledger technologies, which together provide a foundation for decentralized, peer-to-peer payments."
1-89,1,89,2022-01-20,Board of Governors of the Federal Reserve System,Cryptocurrencies have not been widely adopted as a means of payment in the United States.
1-90,1,90,2022-01-20,Board of Governors of the Federal Reserve System,"They remain subject to extreme price volatility, are difficult to use without service providers, and have severe limitations on transaction throughput."
1-91,1,91,2022-01-20,Board of Governors of the Federal Reserve System,"Many cryptocurrencies also come with a significant energy footprint and make consumers vulnerable to loss, theft, and fraud."
1-92,1,92,2022-01-20,Board of Governors of the Federal Reserve System,"Stablecoins are a more recent incarnation of cryptocurrency that peg their value to one or more assets, such as a sovereign currency or commodity."
1-93,1,93,2022-01-20,Board of Governors of the Federal Reserve System,"Stablecoins pegged to the U.S. dollar are predominantly used today to facilitate trading of other digital assets, but many firms are exploring ways to promote stablecoins as a widespread means of payment."
1-94,1,94,2022-01-20,Board of Governors of the Federal Reserve System,A full discussion of stablecoin arrangements is outside the scope of this paper.
1-95,1,95,2022-01-20,Board of Governors of the Federal Reserve System,"However, the President's Working Group on Financial Markets (PWG), along with the Federal Deposit Insurance Corporation (FDIC) and the Office of the Comptroller of the Currency (OCC), recently published a report on payment stablecoins."
1-96,1,96,2022-01-20,Board of Governors of the Federal Reserve System,"The PWG report notes that well-designed and appropriately regulated stablecoins could potentially support faster, more efficient, and more inclusive payment options."
1-97,1,97,2022-01-20,Board of Governors of the Federal Reserve System,"The PWG report also notes, however, that the potential for the increased use of stablecoins as a means of payment raises a range of concerns related to the potential for destabilizing runs, disruptions in the payment system, and concentration of economic power."
1-98,1,98,2022-01-20,Board of Governors of the Federal Reserve System,The PWG report highlights gaps in the authority of regulators to reduce these risks.
1-99,1,99,2022-01-20,Board of Governors of the Federal Reserve System,"To address the risks of payment stablecoins, the PWG report recommends that Congress act promptly to enact legislation that would ensure payment stablecoins and payment stablecoin arrangements are subject to a consistent and comprehensive federal regulatory framework."
1-100,1,100,2022-01-20,Board of Governors of the Federal Reserve System,"Such legislation would complement existing authorities regarding market integrity, investor protection, and illicit finance."
1-101,1,101,2022-01-20,Board of Governors of the Federal Reserve System,The Federal Reserve is considering how a CBDC might fit into the U.S. money and payments landscape.
1-102,1,102,2022-01-20,Board of Governors of the Federal Reserve System,A crucial test for a potential CBDC is whether it would prove superior to other methods that might address issues of concern outlined in this paper.
1-103,1,103,2022-01-20,Board of Governors of the Federal Reserve System,"As noted above, for the purposes of this discussion paper, CBDC is defined as a digital liability of the Federal Reserve that is widely available to the general public."
1-104,1,104,2022-01-20,Board of Governors of the Federal Reserve System,"Today, Federal Reserve notes (i.e., physical currency) are the only type of central bank money available to the general public."
1-105,1,105,2022-01-20,Board of Governors of the Federal Reserve System,"Like existing forms of commercial bank money and nonbank money, a CBDC would enable the general public to make digital payments."
1-106,1,106,2022-01-20,Board of Governors of the Federal Reserve System,"As a liability of the Federal Reserve, however, a CBDC would not require mechanisms like deposit insurance to maintain public confidence, nor would a CBDC depend on backing by an underlying asset pool to maintain its value."
1-107,1,107,2022-01-20,Board of Governors of the Federal Reserve System,"A CBDC would be the safest digital asset available to the general public, with no associated credit or liquidity risk."
1-108,1,108,2022-01-20,Board of Governors of the Federal Reserve System,The Federal Reserve will continue to explore a wide range of design options for a CBDC.
1-109,1,109,2022-01-20,Board of Governors of the Federal Reserve System,"While no decisions have been made on whether to pursue a CBDC, analysis to date suggests that a potential U.S. CBDC, if one were created, would best serve the needs of the United States by being privacy-protected, intermediated, widely transferable, and identity-verified."
1-110,1,110,2022-01-20,Board of Governors of the Federal Reserve System,Privacy-protected: Protecting consumer privacy is critical.
1-111,1,111,2022-01-20,Board of Governors of the Federal Reserve System,"Any CBDC would need to strike an appropriate balance, however, between safeguarding the privacy rights of consumers and affording the transparency necessary to deter criminal activity."
1-112,1,112,2022-01-20,Board of Governors of the Federal Reserve System,"Intermediated: The Federal Reserve Act does not authorize direct Federal Reserve accounts for individuals, and such accounts would represent a significant expansion of the Federal Reserve's role in the financial system and the economy."
1-113,1,113,2022-01-20,Board of Governors of the Federal Reserve System,"Under an intermediated model, the private sector would offer accounts or digital wallets to facilitate the management of CBDC holdings and payments."
1-114,1,114,2022-01-20,Board of Governors of the Federal Reserve System,"Potential intermediaries could include commercial banks and regulated nonbank financial service providers, and would operate in an open market for CBDC services."
1-115,1,115,2022-01-20,Board of Governors of the Federal Reserve System,"Although commercial banks and nonbanks would offer services to individuals to manage their CBDC holdings and payments, the CBDC itself would be a liability of the Federal Reserve."
1-116,1,116,2022-01-20,Board of Governors of the Federal Reserve System,An intermediated model would facilitate the use of the private sector's existing privacy and identity-management frameworks; leverage the private sector's ability to innovate; and reduce the prospects for destabilizing disruptions to the well-functioning U.S. financial system.
1-117,1,117,2022-01-20,Board of Governors of the Federal Reserve System,"Transferable: For a CBDC to serve as a widely accessible means of payment, it would need to be readily transferable between customers of different intermediaries."
1-118,1,118,2022-01-20,Board of Governors of the Federal Reserve System,The ability to transfer value seamlessly between different intermediaries makes the payment system more efficient by allowing money to move freely throughout the economy.
1-119,1,119,2022-01-20,Board of Governors of the Federal Reserve System,Identity-verified: Financial institutions in the United States are subject to robust rules that are designed to combat money laundering and the financing of terrorism.
1-120,1,120,2022-01-20,Board of Governors of the Federal Reserve System,A CBDC would need to be designed to comply with these rules.
1-121,1,121,2022-01-20,Board of Governors of the Federal Reserve System,"In practice, this would mean that a CBDC intermediary would need to verify the identity of a person accessing CBDC, just as banks and other financial institutions currently verify the identities of their customers."
1-122,1,122,2022-01-20,Board of Governors of the Federal Reserve System,"CBDC transactions would need to be final and completed in real time, allowing users to make payments to one another using a risk-free asset."
1-123,1,123,2022-01-20,Board of Governors of the Federal Reserve System,"Individuals, businesses, and governments could potentially use a CBDC to make basic purchases of goods and services or pay bills, and governments could use a CBDC to collect taxes or make benefit payments directly to citizens."
1-124,1,124,2022-01-20,Board of Governors of the Federal Reserve System,"Additionally, a CBDC could potentially be programmed to, for example, deliver payments at certain times."
1-125,1,125,2022-01-20,Board of Governors of the Federal Reserve System,"A CBDC could potentially serve as a new foundation for the payment system and a bridge between different payment services, both legacy and new."
1-126,1,126,2022-01-20,Board of Governors of the Federal Reserve System,It could also maintain the centrality of safe and trusted central bank money in a rapidly digitizing economy.
1-127,1,127,2022-01-20,Board of Governors of the Federal Reserve System,A U.S. CBDC would offer the general public broad access to digital money that is free from credit risk and liquidity risk.
1-128,1,128,2022-01-20,Board of Governors of the Federal Reserve System,"As such, it could provide a safe foundation for private-sector innovations to meet current and future needs and demands for payment services."
1-129,1,129,2022-01-20,Board of Governors of the Federal Reserve System,"All options for private digital money, including stablecoins and other cryptocurrencies, require mechanisms to reduce liquidity risk and credit risk."
1-130,1,130,2022-01-20,Board of Governors of the Federal Reserve System,But all these mechanisms are imperfect.
1-131,1,131,2022-01-20,Board of Governors of the Federal Reserve System,"In our rapidly digitizing economy, the proliferation of private digital money could present risks to both individual users and the financial system as a whole."
1-132,1,132,2022-01-20,Board of Governors of the Federal Reserve System,A U.S. CBDC could mitigate some of these risks while supporting private-sector innovation.
1-133,1,133,2022-01-20,Board of Governors of the Federal Reserve System,A CBDC might also help to level the playing field in payment innovation for private-sector firms of all sizes.
1-134,1,134,2022-01-20,Board of Governors of the Federal Reserve System,"For some smaller firms, the costs and risks of issuing a safe and robust form of private money may be prohibitive."
1-135,1,135,2022-01-20,Board of Governors of the Federal Reserve System,"A CBDC could overcome this barrier and allow private-sector innovators to focus on new access services, distribution methods, and related service offerings."
1-136,1,136,2022-01-20,Board of Governors of the Federal Reserve System,"Finally, a CBDC might generate new capabilities to meet the evolving speed and efficiency requirements of the digital economy."
1-137,1,137,2022-01-20,Board of Governors of the Federal Reserve System,"As noted above, for example, a CBDC could potentially be programmed to deliver payments at certain times."
1-138,1,138,2022-01-20,Board of Governors of the Federal Reserve System,"Additionally, a CBDC could potentially be used to carry out micropayments—financial transactions that usually occur online and involve very small sums of money—which traditional payment systems are not necessarily designed to facilitate."
1-139,1,139,2022-01-20,Board of Governors of the Federal Reserve System,"CBDC has the potential to streamline cross-border payments by using new technologies, introducing simplified distribution channels, and creating additional opportunities for crossjurisdictional collaboration and interoperability."
1-140,1,140,2022-01-20,Board of Governors of the Federal Reserve System,"Realizing these potential improvements would require significant international coordination to address issues such as common standards and infrastructure, the types of intermediaries that would be able to access any new infrastructure, legal frameworks, preventing illicit transactions, and the cost and timing of implementation."
1-141,1,141,2022-01-20,Board of Governors of the Federal Reserve System,Another potential benefit of a U.S.-issued CBDC could be to preserve the dominant international role of the U.S. dollar.
1-142,1,142,2022-01-20,Board of Governors of the Federal Reserve System,The dollar is the world's most widely used currency for payments and investments; it also serves as the world's reserve currency.
1-143,1,143,2022-01-20,Board of Governors of the Federal Reserve System,"The dollar's international role benefits the United States by, among other things, lowering transaction and borrowing costs for U.S. households, businesses, and government."
1-144,1,144,2022-01-20,Board of Governors of the Federal Reserve System,The dollar's international role also allows the United States to influence standards for the global monetary system.
1-145,1,145,2022-01-20,Board of Governors of the Federal Reserve System,"Today, the dollar is widely used across the globe because of the depth and liquidity of U.S. financial markets, the size and openness of the U.S. economy, and international trust in U.S. institutions and rule of law."
1-146,1,146,2022-01-20,Board of Governors of the Federal Reserve System,"It is important, however, to consider the implications of a potential future state in which many foreign countries and currency unions may have introduced CBDCs."
1-147,1,147,2022-01-20,Board of Governors of the Federal Reserve System,"Some have suggested that, if these new CBDCs were more attractive than existing forms of the U.S. dollar, global use of the dollar could decrease—and a U.S. CBDC might help preserve the international role of the dollar."
1-148,1,148,2022-01-20,Board of Governors of the Federal Reserve System,Promoting financial inclusion—particularly for economically vulnerable households and communities—is a high priority for the Federal Reserve.
1-149,1,149,2022-01-20,Board of Governors of the Federal Reserve System,"Private-sector electronic transactions accounts facilitate access to digital payments; enable rapid and cost-effective payment of taxes; enable rapid and cost-effective delivery of wages, tax refunds, and other federal payments; provide a secure way for people to save; and promote access to credit."
1-150,1,150,2022-01-20,Board of Governors of the Federal Reserve System,"Some have suggested that a CBDC could reduce common barriers to financial inclusion and could lower transaction costs, which could be particularly helpful for lower-income households."
1-151,1,151,2022-01-20,Board of Governors of the Federal Reserve System,"Further study would be helpful to assess the potential for CBDC to expand financial inclusion, including cases targeted to underserved and lower income households."
1-152,1,152,2022-01-20,Board of Governors of the Federal Reserve System,"Cash is currently the only central bank money that is available to the general public, and it remains an important and popular means of payment."
1-153,1,153,2022-01-20,Board of Governors of the Federal Reserve System,"According to a 2020 survey, U.S. consumers used cash for 19 percent of total transactions (6 percent by value)."
1-154,1,154,2022-01-20,Board of Governors of the Federal Reserve System,"The Federal Reserve is committed to ensuring the continued safety and availability of cash and is considering a CBDC as a means to expand safe payment options, not to reduce or replace them."
1-155,1,155,2022-01-20,Board of Governors of the Federal Reserve System,"In some jurisdictions, however, digital payments have rapidly supplanted cash."
1-156,1,156,2022-01-20,Board of Governors of the Federal Reserve System,"While cash use in the United States fell from 40 percent of transactions in 2012 (12 percent by value) to 19 percent in 2020, other countries have seen more rapid declines."
1-157,1,157,2022-01-20,Board of Governors of the Federal Reserve System,"In Sweden, for example, the proportion of cash payments fell from 33 percent to less than 10 percent over the same period."
1-158,1,158,2022-01-20,Board of Governors of the Federal Reserve System,"In China, 50 percent of point-of-sale (POS) payments are made with a mobile wallet or app, while cash accounts for just 13 percent of POS payments."
1-159,1,159,2022-01-20,Board of Governors of the Federal Reserve System,"If these trends were to emerge in the United States, consumers might want the option of digitized central bank money that, like cash, would have no credit or liquidity risk attached to it."
1-160,1,160,2022-01-20,Board of Governors of the Federal Reserve System,"Although the introduction of a CBDC could benefit U.S. consumers and the broader financial system, it would also raise complex policy issues and risks."
1-161,1,161,2022-01-20,Board of Governors of the Federal Reserve System,Each of the issues described below will require additional research and analysis.
1-162,1,162,2022-01-20,Board of Governors of the Federal Reserve System,"A CBDC could fundamentally change the structure of the U.S. financial system, altering the roles and responsibilities of the private sector and the central bank."
1-163,1,163,2022-01-20,Board of Governors of the Federal Reserve System,Banks currently rely (in large part) on deposits to fund their loans.
1-164,1,164,2022-01-20,Board of Governors of the Federal Reserve System,"A widely available CBDC would serve as a close—or, in the case of an interest-bearing CBDC, near-perfect—substitute for commercial bank money."
1-165,1,165,2022-01-20,Board of Governors of the Federal Reserve System,"This substitution effect could reduce the aggregate amount of deposits in the banking system, which could in turn increase bank funding expenses, and reduce credit availability or raise credit costs for households and businesses."
1-166,1,166,2022-01-20,Board of Governors of the Federal Reserve System,"Similarly, an interest-bearing CBDC could result in a shift away from other low-risk assets, such as shares in money market mutual funds, Treasury bills, and other short-term instruments."
1-167,1,167,2022-01-20,Board of Governors of the Federal Reserve System,A shift away from these other low-risk assets could reduce credit availability or raise credit costs for businesses and governments.
1-168,1,168,2022-01-20,Board of Governors of the Federal Reserve System,These concerns could potentially be mitigated by CBDC design choices.
1-169,1,169,2022-01-20,Board of Governors of the Federal Reserve System,"A non-interest-bearing CBDC, for example, would be less attractive as a substitute for commercial bank money."
1-170,1,170,2022-01-20,Board of Governors of the Federal Reserve System,"In addition, a central bank might limit the amount of CBDC an end user could hold."
1-171,1,171,2022-01-20,Board of Governors of the Federal Reserve System,"A CBDC could spur innovation by banks and other actors and would be a safer deposit substitute than many other products, including stablecoins and other types of nonbank money."
1-172,1,172,2022-01-20,Board of Governors of the Federal Reserve System,These forms of nonbank money could cause a shift in deposits away from banks even without a CBDC.
1-173,1,173,2022-01-20,Board of Governors of the Federal Reserve System,"Because central bank money is the safest form of money, a widely accessible CBDC would be particularly attractive to risk-averse users, especially during times of stress in the financial system."
1-174,1,174,2022-01-20,Board of Governors of the Federal Reserve System,The ability to quickly convert other forms of money—including deposits at commercial banks—into CBDC could make runs on financial firms more likely or more severe.
1-175,1,175,2022-01-20,Board of Governors of the Federal Reserve System,"Traditional measures such as prudential supervision, government deposit insurance, and access to central bank liquidity may be insufficient to stave off large outflows of commercial bank deposits into CBDC in the event of financial panic."
1-176,1,176,2022-01-20,Board of Governors of the Federal Reserve System,"As with concerns related to financial-sector market structure, some of these flight-to-safety concerns could potentially be mitigated by CBDC design choices."
1-177,1,177,2022-01-20,Board of Governors of the Federal Reserve System,"For example, a central bank could pay no interest on CBDC."
1-178,1,178,2022-01-20,Board of Governors of the Federal Reserve System,"Nonetheless, because a liability of the central bank is essentially riskless, depositors may prefer CBDC over bank deposits in a crisis even if the CBDC has a less attractive rate of return."
1-179,1,179,2022-01-20,Board of Governors of the Federal Reserve System,"A central bank could potentially address this risk by limiting the total amount of CBDC an end user could hold, or it could limit the amount of CBDC an end user could accumulate over short periods."
1-180,1,180,2022-01-20,Board of Governors of the Federal Reserve System,A CBDC's design would influence how it might affect monetary policy.
1-181,1,181,2022-01-20,Board of Governors of the Federal Reserve System,"Under the current ""ample reserves"" monetary policy regime, the Federal Reserve exercises control over the level of the federal funds rate and other short-term interest rates primarily through the setting of the Federal Reserve's administered rates."
1-182,1,182,2022-01-20,Board of Governors of the Federal Reserve System,This regime does not require active management of the supply of reserves.
1-183,1,183,2022-01-20,Board of Governors of the Federal Reserve System,Expected levels of daily fluctuations in the quantity of reserves generally have little effect on the level of the federal funds rate and other short-term interest rates.
1-184,1,184,2022-01-20,Board of Governors of the Federal Reserve System,"In this framework, the introduction of CBDC could affect monetary policy implementation and interest rate control by altering the supply of reserves in the banking system."
1-185,1,185,2022-01-20,Board of Governors of the Federal Reserve System,"In the case of a noninterest-bearing CBDC, the level and volatility of the public's demand for CBDC might be comparable to other factors that currently affect the quantity of reserves in the banking system, such as changes in physical currency or overnight repurchase agreements."
1-186,1,186,2022-01-20,Board of Governors of the Federal Reserve System,"In this case, a decline in CBDC that resulted in a corresponding increase in reserves would only make reserves more ample and would have little effect on the federal funds rate."
1-187,1,187,2022-01-20,Board of Governors of the Federal Reserve System,"Similarly, an increase in CBDC that pushed reserves lower would also have little effect on the federal funds rate if the initial supply of reserves were large enough to provide an adequate buffer."
1-188,1,188,2022-01-20,Board of Governors of the Federal Reserve System,"Over the long term, the Federal Reserve might have to increase the size of its balance sheet to accommodate CBDC growth, similar to the balance-sheet impact of issuing increasing amounts of physical currency."
1-189,1,189,2022-01-20,Board of Governors of the Federal Reserve System,"This need would be mitigated to the extent that demand for the CBDC represented a shift, directly or indirectly, away from the Federal Reserve's nonreserve liabilities, including physical currency."
1-190,1,190,2022-01-20,Board of Governors of the Federal Reserve System,"Additionally, the Federal Reserve would likely need to increase the level of reserves on average, in order to provide an adequate buffer against unanticipated increases in CBDC."
1-191,1,191,2022-01-20,Board of Governors of the Federal Reserve System,"Such surges could otherwise push the aggregate quantity of reserves in the banking system below the ""ample"" level and put upward pressure on the federal funds rate."
1-192,1,192,2022-01-20,Board of Governors of the Federal Reserve System,The interactions between CBDC and monetary policy implementation would be more pronounced and more complicated if the CBDC were interest-bearing at levels that are comparable to rates of return on other safe assets.
1-193,1,193,2022-01-20,Board of Governors of the Federal Reserve System,"In this case, the level and volatility of the public's demand for CBDC could be quite substantial."
1-194,1,194,2022-01-20,Board of Governors of the Federal Reserve System,"Consumers, businesses, and potentially others could decide to pare their holdings of bank deposits, Treasury bills, and money market mutual fund investments and increase holdings of CBDC."
1-195,1,195,2022-01-20,Board of Governors of the Federal Reserve System,The potential for significant foreign demand for CBDC in this scenario would further complicate monetary policy implementation.
1-196,1,196,2022-01-20,Board of Governors of the Federal Reserve System,Changes in interest rates and other market factors could also significantly affect public demand for CBDC over time.
1-197,1,197,2022-01-20,Board of Governors of the Federal Reserve System,"To maintain an ample supply of reserves, the Federal Reserve might need to substantially expand its holdings of securities."
1-198,1,198,2022-01-20,Board of Governors of the Federal Reserve System,The potential for market developments to have a material effect on the variability in demand for CBDC could also present challenges for managing reserves and implementing policy.
1-199,1,199,2022-01-20,Board of Governors of the Federal Reserve System,"Beyond these reserve-management effects, a rapidly expanding economic literature has considered the broader potential of interest-bearing CBDC as a new policy tool with associated effects on the channels of influence in monetary policy."
1-200,1,200,2022-01-20,Board of Governors of the Federal Reserve System,"The issues studied include topics such as the potential effects of CBDC on bank deposits and bank lending, the potential effects of CBDC on the economic decisions of households and businesses, and the possible interactions of CBDC with the Federal Reserve's other tools in conducting monetary policy to achieve its macroeconomic objectives."
1-201,1,201,2022-01-20,Board of Governors of the Federal Reserve System,These and related topics are active areas of research that will no doubt yield additional insights over time.
1-202,1,202,2022-01-20,Board of Governors of the Federal Reserve System,Any CBDC would need to strike an appropriate balance between safeguarding consumer privacy rights and affording the transparency necessary to deter criminal activity.
1-203,1,203,2022-01-20,Board of Governors of the Federal Reserve System,Consumer privacy: A general-purpose CBDC would generate data about users' financial transactions in the same ways that commercial bank and nonbank money generates such data today.
1-204,1,204,2022-01-20,Board of Governors of the Federal Reserve System,"In the intermediated CBDC model that the Federal Reserve would consider, intermediaries would address privacy concerns by leveraging existing tools."
1-205,1,205,2022-01-20,Board of Governors of the Federal Reserve System,"Prevention of financial crimes: Relatedly, financial institutions must comply with a robust set of rules that are designed to combat money laundering and the financing of terrorism."
1-206,1,206,2022-01-20,Board of Governors of the Federal Reserve System,"These rules include customer due diligence, recordkeeping, and reporting requirements."
1-207,1,207,2022-01-20,Board of Governors of the Federal Reserve System,"As noted above, any CBDC would need to be designed in a manner that facilitates compliance with these rules."
1-208,1,208,2022-01-20,Board of Governors of the Federal Reserve System,Intermediated models for a U.S. CBDC have the distinct advantage of involving private-sector partners with established programs to help ensure compliance with these rules.
1-209,1,209,2022-01-20,Board of Governors of the Federal Reserve System,Threats to existing payment services—including operational disruptions and cybersecurity risks— would apply to a CBDC as well.
1-210,1,210,2022-01-20,Board of Governors of the Federal Reserve System,"Any dedicated infrastructure for a CBDC would need to be extremely resilient to such threats, and the operators of the CBDC infrastructure would need to remain vigilant as bad actors employ ever more sophisticated methods and tactics."
1-211,1,211,2022-01-20,Board of Governors of the Federal Reserve System,Designing appropriate defenses for CBDC could be particularly difficult because a CBDC network could potentially have more entry points than existing payment services.
1-212,1,212,2022-01-20,Board of Governors of the Federal Reserve System,"Although securing CBDC would be challenging, a CBDC could enhance the operational resilience of the payment system if it were designed with offline capability (that is, if it allowed some payments to be made without internet access)."
1-213,1,213,2022-01-20,Board of Governors of the Federal Reserve System,"Many digital payments today cannot be executed during natural disasters or other large disruptions, and affected areas must rely on in-person cash transactions."
1-214,1,214,2022-01-20,Board of Governors of the Federal Reserve System,Central banks are currently researching whether offline CBDC payment options would be feasible.
1-215,1,215,2022-01-20,Board of Governors of the Federal Reserve System,"As noted above, the introduction of a CBDC would represent a highly significant innovation in American money."
1-216,1,216,2022-01-20,Board of Governors of the Federal Reserve System,This paper is the first step in a public discussion between the Federal Reserve and stakeholders about CBDC.
1-217,1,217,2022-01-20,Board of Governors of the Federal Reserve System,"The Federal Reserve will only take further steps toward developing a CBDC if research points to benefits for households, businesses, and the economy overall that exceed the downside risks, and indicates that CBDC is superior to alternative methods."
1-218,1,218,2022-01-20,Board of Governors of the Federal Reserve System,"Furthermore, the Federal Reserve would only pursue a CBDC in the context of broad public and cross-governmental support."
1-219,1,219,2022-01-20,Board of Governors of the Federal Reserve System,The Federal Reserve welcomes comments from all stakeholders on the questions listed below.
1-220,1,220,2022-01-20,Board of Governors of the Federal Reserve System,The Federal Reserve will also conduct targeted outreach and convene public forums to foster a broad dialogue about CBDC.
1-221,1,221,2022-01-20,Board of Governors of the Federal Reserve System,"Please provide any answers to questions by May 20, 2022, using the form at https:// www.federalreserve.gov/apps/forms/cbdc."
1-222,1,222,2022-01-20,Board of Governors of the Federal Reserve System,It is not a requirement that all questions be answered.
1-223,1,223,2022-01-20,Board of Governors of the Federal Reserve System,"Please note: All public questions and comments on the Money and Payments: The U.S. Dollar in the Age of Digital Transformation discussion paper, however they are submitted (i.e., electronically or in paper form), will be made available publicly (including by posting on our website)."
1-224,1,224,2022-01-20,Board of Governors of the Federal Reserve System,Questions and comments are not edited for public viewing but are reproduced as submitted.
1-225,1,225,2022-01-20,Board of Governors of the Federal Reserve System,"However, the Board reserves the ability to redact information when necessary for technical reasons or to remove sensitive information."
1-226,1,226,2022-01-20,Board of Governors of the Federal Reserve System,The names and addresses of commenters are included with all comments made available for public viewing.
1-227,1,227,2022-01-20,Board of Governors of the Federal Reserve System,"What additional potential benefits, policy considerations, or risks of a CBDC may exist that have not been raised in this paper?"
1-228,1,228,2022-01-20,Board of Governors of the Federal Reserve System,Could some or all of the potential benefits of a CBDC be better achieved in a different way?
1-229,1,229,2022-01-20,Board of Governors of the Federal Reserve System,Could a CBDC affect financial inclusion?
1-230,1,230,2022-01-20,Board of Governors of the Federal Reserve System,Would the net effect be positive or negative for inclusion?
1-231,1,231,2022-01-20,Board of Governors of the Federal Reserve System,How might a U.S. CBDC affect the Federal Reserve's ability to effectively implement monetary policy in the pursuit of its maximum-employment and price-stability goals?
1-232,1,232,2022-01-20,Board of Governors of the Federal Reserve System,How could a CBDC affect financial stability?
1-233,1,233,2022-01-20,Board of Governors of the Federal Reserve System,Would the net effect be positive or negative for stability?
1-234,1,234,2022-01-20,Board of Governors of the Federal Reserve System,Could a CBDC adversely affect the financial sector?
1-235,1,235,2022-01-20,Board of Governors of the Federal Reserve System,How might a CBDC affect the financial sector differently from stablecoins or other nonbank money?
1-236,1,236,2022-01-20,Board of Governors of the Federal Reserve System,What tools could be considered to mitigate any adverse impact of CBDC on the financial sector?
1-237,1,237,2022-01-20,Board of Governors of the Federal Reserve System,Would some of these tools diminish the potential benefits of a CBDC?
1-238,1,238,2022-01-20,Board of Governors of the Federal Reserve System,"If cash usage declines, is it important to preserve the general public's access to a form of central bank money that can be used widely for payments?"
1-239,1,239,2022-01-20,Board of Governors of the Federal Reserve System,How might domestic and cross-border digital payments evolve in the absence of a U.S. CBDC?
1-240,1,240,2022-01-20,Board of Governors of the Federal Reserve System,How should decisions by other large economy nations to issue CBDCs influence the decision whether the United States should do so?
1-241,1,241,2022-01-20,Board of Governors of the Federal Reserve System,Are there additional ways to manage potential risks associated with CBDC that were not raised in this paper?
1-242,1,242,2022-01-20,Board of Governors of the Federal Reserve System,How could a CBDC provide privacy to consumers without providing complete anonymity and facilitating illicit financial activity?
1-243,1,243,2022-01-20,Board of Governors of the Federal Reserve System,How could a CBDC be designed to foster operational and cyber resiliency?
1-244,1,244,2022-01-20,Board of Governors of the Federal Reserve System,What operational or cyber risks might be unavoidable?
1-245,1,245,2022-01-20,Board of Governors of the Federal Reserve System,Should a CBDC be legal tender?
1-246,1,246,2022-01-20,Board of Governors of the Federal Reserve System,Should a CBDC pay interest?
1-247,1,247,2022-01-20,Board of Governors of the Federal Reserve System,"If so, why and how?"
1-248,1,248,2022-01-20,Board of Governors of the Federal Reserve System,"If not, why not?"
1-249,1,249,2022-01-20,Board of Governors of the Federal Reserve System,Should the amount of CBDC held by a single end user be subject to quantity limits?
1-250,1,250,2022-01-20,Board of Governors of the Federal Reserve System,What types of firms should serve as intermediaries for CBDC?
1-251,1,251,2022-01-20,Board of Governors of the Federal Reserve System,What should be the role and regulatory structure for these intermediaries?
1-252,1,252,2022-01-20,Board of Governors of the Federal Reserve System,"Should a CBDC have ""offline"" capabilities?"
1-253,1,253,2022-01-20,Board of Governors of the Federal Reserve System,"If so, how might that be achieved?"
1-254,1,254,2022-01-20,Board of Governors of the Federal Reserve System,Should a CBDC be designed to maximize ease of use and acceptance at the point of sale?
1-255,1,255,2022-01-20,Board of Governors of the Federal Reserve System,"If so, how?"
1-256,1,256,2022-01-20,Board of Governors of the Federal Reserve System,How could a CBDC be designed to achieve transferability across multiple payment platforms?
1-257,1,257,2022-01-20,Board of Governors of the Federal Reserve System,Would new technology or technical standards be needed?
1-258,1,258,2022-01-20,Board of Governors of the Federal Reserve System,How might future technological innovations affect design and policy choices related to CBDC?
1-259,1,259,2022-01-20,Board of Governors of the Federal Reserve System,Are there additional design principles that should be considered?
1-260,1,260,2022-01-20,Board of Governors of the Federal Reserve System,"Are there tradeoffs around any of the identified design principles, especially in trying to achieve the potential benefits of a CBDC?"
1-261,1,261,2022-01-20,Board of Governors of the Federal Reserve System,The Federal Reserve is actively researching and experimenting with digital currencies.
1-262,1,262,2022-01-20,Board of Governors of the Federal Reserve System,"The work falls into four categories: technological experimentation, economic and policy research, stakeholder engagement and outreach, and international collaboration."
1-263,1,263,2022-01-20,Board of Governors of the Federal Reserve System,"The Federal Reserve is engaged in a number of experiments related to digital currencies, including a hypothetical CBDC."
1-264,1,264,2022-01-20,Board of Governors of the Federal Reserve System,These experiments enrich the Federal Reserve's policy discussions related to digital currency by giving experimenters hands-on experience with the opportunities and limitations of various technologies.
1-265,1,265,2022-01-20,Board of Governors of the Federal Reserve System,Examples of current experiments include
1-266,1,266,2022-01-20,Board of Governors of the Federal Reserve System,building a hypothetical CBDC that would leverage existing technologies and systems: The Board's Technology Lab has been assessing the potential of a centralized CBDC design that leverages existing infrastructure and technology;
1-267,1,267,2022-01-20,Board of Governors of the Federal Reserve System,"exploring a CBDC design that would leverage newer technologies, such as blockchain: The Federal Reserve Bank of Boston is collaborating with the Massachusetts Institute of Technology's Digital Currency Initiative to explore the development of alternative platforms;"
1-268,1,268,2022-01-20,Board of Governors of the Federal Reserve System,considering the use of distributed ledger technology for wholesale payments: The Board's Technology Lab has been studying how distributed ledger technology could be used to support interbank settlement;
1-269,1,269,2022-01-20,Board of Governors of the Federal Reserve System,"enhancing existing services to support privately issued digital currencies: The Board's Technology Lab has been studying the use of application programming interfaces to support the issuance, distribution, and use of privately issued digital currencies;"
1-270,1,270,2022-01-20,Board of Governors of the Federal Reserve System,"advancing other payments innovation, including payments fraud research: The Federal Reserve Bank of Atlanta is collaborating with Georgia State University and its Evidence-Based Cybersecurity Research Group on using darknet data to reduce fraud; and"
1-271,1,271,2022-01-20,Board of Governors of the Federal Reserve System,"advancing thinking on key issues related to security, programmable money, interoperability, and standards, among other topics."
1-272,1,272,2022-01-20,Board of Governors of the Federal Reserve System,"The Federal Reserve is engaged in extensive economic and policy research on digital currencies, focusing especially on financial inclusion and financial stability."
1-273,1,273,2022-01-20,Board of Governors of the Federal Reserve System,The Federal Reserve Bank of Cleveland is creating an academic collaboration that will examine how a CBDC could be designed to support financial inclusion.
1-274,1,274,2022-01-20,Board of Governors of the Federal Reserve System,The Federal Reserve Bank of Atlanta is considering whether cash-based and vulnerable populations could safely access and benefit from digital payments.
1-275,1,275,2022-01-20,Board of Governors of the Federal Reserve System,"Policy analysts and economists are studying a range of digital currency issues, including privacy considerations and monetary policy implications for CBDCs and private digital assets."
1-276,1,276,2022-01-20,Board of Governors of the Federal Reserve System,"The Federal Reserve closely follows developments related to digital payments and CBDC in the private sector, foreign central banks, and academia."
1-277,1,277,2022-01-20,Board of Governors of the Federal Reserve System,The Federal Reserve also meets with a variety of stakeholders to understand different perspectives on CBDC.
1-278,1,278,2022-01-20,Board of Governors of the Federal Reserve System,One venue for such dialogue is the Innovation Office Hours hosted by the Federal Reserve Banks.
1-279,1,279,2022-01-20,Board of Governors of the Federal Reserve System,These meetings help Federal Reserve staff understand market developments and allow private-sector and academic stakeholders to better understand the types of questions the Federal Reserve is considering related to CBDC.
1-280,1,280,2022-01-20,Board of Governors of the Federal Reserve System,The Federal Reserve will expand its public dialogue this year to ensure it solicits a wide range of views.
1-281,1,281,2022-01-20,Board of Governors of the Federal Reserve System,The Federal Reserve works closely with other central banks and international organizations to understand key issues related to CBDCs and other payment innovations.
1-282,1,282,2022-01-20,Board of Governors of the Federal Reserve System,The Federal Reserve collaborated with six other central banks and the Bank for International Settlements to produce a report in October 2020 on foundational principles for CBDCs.
1-283,1,283,2022-01-20,Board of Governors of the Federal Reserve System,It has continued this work in 2021 with further analysis of policy options and practical implementation issues.
1-284,1,284,2022-01-20,Board of Governors of the Federal Reserve System,The Federal Reserve is also an active participant in workstreams supporting the Financial Stability Board's roadmap for improving cross-border payments.
1-285,1,285,2022-01-20,Board of Governors of the Federal Reserve System,"In addition, the Federal Reserve Bank of New York has established an Innovation Center to facilitate collaboration with the Bank for International Settlements on a number of financial innovations."
1-286,1,286,2022-01-20,Board of Governors of the Federal Reserve System,"In the United States, central bank money is a liability of the Federal Reserve and comes in two forms: (1) physical currency circulating among the general public (with some held by banks) and (2) digital account balances held by banks and a limited number of other eligible institutions at the Federal Reserve."
1-287,1,287,2022-01-20,Board of Governors of the Federal Reserve System,Physical currency has legal tender status in the United States.
1-288,1,288,2022-01-20,Board of Governors of the Federal Reserve System,"As of November 2021, there was around $6.39 trillion of central bank money."
1-289,1,289,2022-01-20,Board of Governors of the Federal Reserve System,"Of this, $4.18 trillion was in the form of balances at the Federal Reserve and $2.21 trillion was in the form of circulating cash."
1-290,1,290,2022-01-20,Board of Governors of the Federal Reserve System,"Central bank money is the most trusted and safest form of money because the Federal Reserve, as a central bank issuer, presents no credit risk and no liquidity risk."
1-291,1,291,2022-01-20,Board of Governors of the Federal Reserve System,"As the safest form of money, central bank money plays an important role as a settlement asset for critically important interbank payment systems."
1-292,1,292,2022-01-20,Board of Governors of the Federal Reserve System,"Dollar-denominated balances held by consumers in commercial bank accounts are ""commercial bank money."""
1-293,1,293,2022-01-20,Board of Governors of the Federal Reserve System,"These balances are liabilities of commercial banks, not of the Federal Reserve."
1-294,1,294,2022-01-20,Board of Governors of the Federal Reserve System,"As of November 2021, commercial banks held approximately $4.76 trillion in demand deposits and $13.47 trillion in other liquid deposits."
1-295,1,295,2022-01-20,Board of Governors of the Federal Reserve System,Balances at commercial banks are also integral to banks' function as providers of credit to the economy.
1-296,1,296,2022-01-20,Board of Governors of the Federal Reserve System,"Banks extend loans to consumers and businesses, funded in part by the deposits they hold."
1-297,1,297,2022-01-20,Board of Governors of the Federal Reserve System,"As of December 2021, there was around $16.41 trillion in bank credit outstanding, reflecting loans and other credit provided to households, businesses, and governments."
1-298,1,298,2022-01-20,Board of Governors of the Federal Reserve System,"Today, the safety of commercial bank money is supported by federal deposit insurance (subject to certain limits), a system of prudential regulation and supervision, and access to liquidity from the Federal Reserve."
1-299,1,299,2022-01-20,Board of Governors of the Federal Reserve System,"Under this regime, commercial bank money is sufficiently safe that the general public can transact in commercial bank money with confidence that a dollar of bank deposits is easily exchangeable for a dollar of physical currency or a dollar of deposits at another bank."
1-300,1,300,2022-01-20,Board of Governors of the Federal Reserve System,This has not always been the case.
1-301,1,301,2022-01-20,Board of Governors of the Federal Reserve System,"In the early nineteenth century, the principal form of commercial bank money was the banknote—paper money issued by a particular bank rather than the government—rather than deposit balances, and banknotes were often treated very differently depending on the issuing bank."
1-302,1,302,2022-01-20,Board of Governors of the Federal Reserve System,Some nonbank financial service providers also issue liabilities that can be considered money.
1-303,1,303,2022-01-20,Board of Governors of the Federal Reserve System,These providers often hold balances on behalf of consumers or businesses and effect transfers of those balances on their own books for users that have signed up for their services.
1-304,1,304,2022-01-20,Board of Governors of the Federal Reserve System,Money market mutual fund (MMF) shares can be viewed as another form of nonbank money.
1-305,1,305,2022-01-20,Board of Governors of the Federal Reserve System,"MMF shares are issued by nonbanks, and some MMFs, particularly those offered to businesses and institutions, offer immediate liquidity through the sale of shares, fostering their use as money."
1-306,1,306,2022-01-20,Board of Governors of the Federal Reserve System,"MMF shares can also serve as a store of value, and frequently are designed to offer investors a stable share price."
1-307,1,307,2022-01-20,Board of Governors of the Federal Reserve System,Balances held at nonbank financial service providers are typically supported by specific assets or are backed one-for-one with deposits in a bank account.
1-308,1,308,2022-01-20,Board of Governors of the Federal Reserve System,"The public often expects that nonbank money will maintain a stable value and remain readily convertible into both physical currency and bank deposits, but that is not always the case because the assets supporting nonbank money are not risk-free."
1-309,1,309,2022-01-20,Board of Governors of the Federal Reserve System,"For example, a decline in the value of a security that backs nonbank money may imperil the nonbank money's conversion into commercial bank money quickly and at a fixed rate."
1-310,1,310,2022-01-20,Board of Governors of the Federal Reserve System,Concern that nonbank money will not remain convertible quickly at full one-for-one value may fuel runs on this money.
1-311,1,311,2022-01-20,Board of Governors of the Federal Reserve System,"That is, having lost confidence, holders will try to convert out of their nonbank money more quickly and in greater amounts."
1-312,1,312,2022-01-20,Board of Governors of the Federal Reserve System,"This puts more pressure on sales of supporting securities or other assets, causing worse losses."
1-313,1,313,2022-01-20,Board of Governors of the Federal Reserve System,"Over the years, many forms of nonbank money have succumbed to these types of runs."
1-314,1,314,2022-01-20,Board of Governors of the Federal Reserve System,"Indeed, the global financial crisis in 2008 was in large part a crisis of nonbank money, and nonbank money contributed to financial strains again at the onset of the COVID-19 pandemic."
1-315,1,315,2022-01-20,Board of Governors of the Federal Reserve System,"While nonbank financial service providers may be subject to certain state regulations (such as money transmitter laws ) and MMFs are regulated by the Securities and Exchange Commission, nonbank money lacks many of the protections of commercial bank money."
1-316,1,316,2022-01-20,Board of Governors of the Federal Reserve System,"For example, nonbank money issuers are currently not eligible for certain protections against run risk, including regular access to liquidity from the Federal Reserve and federal deposit insurance for customer balances."
1-317,1,317,2022-01-20,Board of Governors of the Federal Reserve System,"In order to serve as a means of payment and a store of value, money must be accessible to the general public."
1-318,1,318,2022-01-20,Board of Governors of the Federal Reserve System,The means by which the general public accesses different types of money vary.
1-319,1,319,2022-01-20,Board of Governors of the Federal Reserve System,"As described above, central bank money currently comes in two forms: physical currency and digital account balances held by eligible institutions at the Federal Reserve."
1-320,1,320,2022-01-20,Board of Governors of the Federal Reserve System,"The Federal Reserve distributes physical currency to commercial banks, which in turn distribute physical currency to the general public."
1-321,1,321,2022-01-20,Board of Governors of the Federal Reserve System,"Digital account balances, by law, may only be maintained at the Federal Reserve by banks and a limited number of other eligible entities, which are then able to use these balances to settle payments between each other."
1-322,1,322,2022-01-20,Board of Governors of the Federal Reserve System,"That is, such transfers are effected by the Federal Reserve through accounts held at Reserve Banks, with the Federal Reserve maintaining records of transactions that are accepted by all parties."
1-323,1,323,2022-01-20,Board of Governors of the Federal Reserve System,"Commercial banks serve as the general public's primary access point to accounts and payment services, providing 124 million U.S. households access to commercial bank money and payment services."
1-324,1,324,2022-01-20,Board of Governors of the Federal Reserve System,"Given the risks of fraud, theft, and illicit activity related to the access and use of commercial bank money, commercial banks are subject to regulatory requirements for customer identification."
1-325,1,325,2022-01-20,Board of Governors of the Federal Reserve System,"In recent years, nonbank service providers have developed convenient new ways for the general public to access both commercial bank and nonbank money."
1-326,1,326,2022-01-20,Board of Governors of the Federal Reserve System,"For example, some nonbank financial service providers offer user-friendly interfaces that facilitate transactions in commercial bank money between participating institutions."
1-327,1,327,2022-01-20,Board of Governors of the Federal Reserve System,Other nonbank financial service providers offer access to nonbank money in the form of balances at nonbanks that can be accessed online or on mobile device applications.
1-328,1,328,2022-01-20,Board of Governors of the Federal Reserve System,"Nonbank financial service providers typically operate closed systems—that is, both the sender and recipient of a payment must establish a customer relationship with the nonbank service provider before a transaction can be completed."
2-0,2,0,2021-08-05,Christopher J. Waller,"The payment system is changing in profound ways as individuals demand faster payments, central banks including the Fed respond, and nonbank entities seek a greater role in facilitating payments."
2-1,2,1,2021-08-05,Christopher J. Waller,"In all this excitement, there are also calls for the Federal Reserve to ""get in the game"" and issue a central bank digital currency (CBDC) that the general public could use."
2-2,2,2,2021-08-05,Christopher J. Waller,Chair Powell recently announced that the Federal Reserve will publish a discussion paper on the benefits and costs of creating a CBDC.
2-3,2,3,2021-08-05,Christopher J. Waller,"This topic is of special interest to me, since I have worked on monetary theory for the last twenty years and researched and written about alternative forms of money for the last seven."
2-4,2,4,2021-08-05,Christopher J. Waller,My speech today focuses on whether a CBDC would address any major problems affecting our payment system.
2-5,2,5,2021-08-05,Christopher J. Waller,"There are also potential risks associated with a CBDC, and I will touch on those at the end of my remarks."
2-6,2,6,2021-08-05,Christopher J. Waller,"But at this early juncture in the Fed's discussions, I think the first order of business is to ask whether there is compelling need for the Fed to create a digital currency."
2-7,2,7,2021-08-05,Christopher J. Waller,I am highly skeptical.
2-8,2,8,2021-08-05,Christopher J. Waller,"In all the recent exuberance about CBDCs, advocates point to many potential benefits of a Federal Reserve digital currency, but they often fail to ask a simple question: What problem would a CBDC solve?"
2-9,2,9,2021-08-05,Christopher J. Waller,"Alternatively, what market failure or inefficiency demands this specific intervention?"
2-10,2,10,2021-08-05,Christopher J. Waller,"After careful consideration, I am not convinced as of yet that a CBDC would solve any existing problem that is not being addressed more promptly and efficiently by other initiatives."
2-11,2,11,2021-08-05,Christopher J. Waller,"Before getting into the details, let me start by clarifying what I mean by ""CBDC."""
2-12,2,12,2021-08-05,Christopher J. Waller,"Put simply, a CBDC is a liability of the central bank that can be used as a digital payment instrument."
2-13,2,13,2021-08-05,Christopher J. Waller,"For purposes of this speech, I will focus on general purpose CBDCs—that is, CBDCs that could be used by the general public, not just by banks or other specific types of institutions."
2-14,2,14,2021-08-05,Christopher J. Waller,"A general purpose CBDC could potentially take many forms, some of which could act as anonymous cash-like payment instruments."
2-15,2,15,2021-08-05,Christopher J. Waller,"For this speech, however, I will focus on account-based forms of CBDC, which the Bank for International Settlements recently described as ""the most promising way of providing central bank money in the digital age."""
2-16,2,16,2021-08-05,Christopher J. Waller,"Any such general purpose, account-based CBDC would likely require explicit congressional authorization."
2-17,2,17,2021-08-05,Christopher J. Waller,Central Bank Money versus Commercial Bank Money It is useful to note that in our daily lives we use both central bank money and commercial bank money for transactions.
2-18,2,18,2021-08-05,Christopher J. Waller,"Central bank money (i.e., money that is a liability of the Federal Reserve) includes physical currency held by the general public and digital account balances held by banks at the Federal Reserve."
2-19,2,19,2021-08-05,Christopher J. Waller,"The funds banks put into these accounts are called reserve balances, which are used to clear and settle payments between banks."
2-20,2,20,2021-08-05,Christopher J. Waller,"In contrast, checking and savings accounts at commercial banks are liabilities of the banks, not the Federal Reserve."
2-21,2,21,2021-08-05,Christopher J. Waller,"The bulk of transactions, by value, that U.S. households and firms make each day use commercial bank money as the payment instrument."
2-22,2,22,2021-08-05,Christopher J. Waller,"Federal Reserve Accounts and Commercial Bank Accounts Under current law, the Federal Reserve offers accounts and payment services to commercial banks."
2-23,2,23,2021-08-05,Christopher J. Waller,These accounts provide a risk-free settlement asset for trillions of dollars of daily interbank payments.
2-24,2,24,2021-08-05,Christopher J. Waller,"Importantly, the use of central bank money to settle interbank payments promotes financial stability because it eliminates credit and liquidity risk in systemically important payment systems."
2-25,2,25,2021-08-05,Christopher J. Waller,"Congress did not establish the Federal Reserve to provide accounts directly to the general public; the Federal Reserve instead works in the background by providing accounts to commercial banks, which then provide bank accounts to the general public."
2-26,2,26,2021-08-05,Christopher J. Waller,"Under this structure, commercial banks act as an intermediary between the Federal Reserve and the general public."
2-27,2,27,2021-08-05,Christopher J. Waller,"The funds in commercial bank accounts are digital and can be used to make digital payments to households and businesses, but commercial banks promise to redeem a dollar in one's bank account into $1 of U.S. currency."
2-28,2,28,2021-08-05,Christopher J. Waller,"In short, banks peg the exchange rate between commercial bank money and the U.S. dollar at one-to-one."
2-29,2,29,2021-08-05,Christopher J. Waller,"Due to substantial regulatory and supervisory oversight and federal deposit insurance, households and firms reasonably view this fixed exchange rate as perfectly credible."
2-30,2,30,2021-08-05,Christopher J. Waller,"Consequently, they treat commercial bank money and central bank money as perfect substitutes—they are interchangeable as a means of payment."
2-31,2,31,2021-08-05,Christopher J. Waller,The credibility of this fixed exchange rate between commercial and central bank money is what allows our payment system to be stable and efficient.
2-32,2,32,2021-08-05,Christopher J. Waller,I will return to this point later.
2-33,2,33,2021-08-05,Christopher J. Waller,This division of functions between the Federal Reserve and commercial banks reflects an economic truth: that markets operate efficiently when private-sector firms compete to provide the highest-quality products to consumers and businesses at the lowest possible cost.
2-34,2,34,2021-08-05,Christopher J. Waller,"In general, the government should compete with the private sector only to address market failures."
2-35,2,35,2021-08-05,Christopher J. Waller,Consideration of the Case for a Federal Reserve CBDC This brings us back to my original question: What is the problem with our current payment system that only a CBDC would solve?
2-36,2,36,2021-08-05,Christopher J. Waller,Could it be that physical currency will disappear?
2-37,2,37,2021-08-05,Christopher J. Waller,"As I mentioned before, the key to having credible commercial bank money is the promise that banks will convert a dollar of digital bank money into a dollar of U.S. physical currency."
2-38,2,38,2021-08-05,Christopher J. Waller,But how can banks deliver on their promise if U.S. currency disappears?
2-39,2,39,2021-08-05,Christopher J. Waller,"Accordingly, many central banks are considering adoption of a CBDC as their economies become ""cashless."""
2-40,2,40,2021-08-05,Christopher J. Waller,"Eliminating currency is a policy choice, however, not an economic outcome, and Chair Powell has made clear that U.S. currency is not going to be replaced by a CBDC."
2-41,2,41,2021-08-05,Christopher J. Waller,"Thus, a fear of imminently vanishing physical currency cannot be the reason for adopting a CBDC."
2-42,2,42,2021-08-05,Christopher J. Waller,"Could it be that the payment system is too limited in reach, and that introducing a CBDC would make the payment system bigger, broader, and more efficient?"
2-43,2,43,2021-08-05,Christopher J. Waller,It certainly doesn't look that way to me.
2-44,2,44,2021-08-05,Christopher J. Waller,"Our existing interbank payment services have nationwide reach, meaning that an accountholder at one commercial bank can make a payment to an accountholder at any other U.S. bank."
2-45,2,45,2021-08-05,Christopher J. Waller,The same applies to international payments—accountholders at U.S. banks can transfer funds abroad to accountholders at foreign banks.
2-46,2,46,2021-08-05,Christopher J. Waller,"So, a lack of connectedness and geographic breadth in the U.S. payment system is not a good reason to introduce a CBDC."
2-47,2,47,2021-08-05,Christopher J. Waller,Could it be that existing payment services are too slow?
2-48,2,48,2021-08-05,Christopher J. Waller,"A group of commercial banks has recently developed an instant payment service (the Real-Time Payment Service, or RTP), and the Federal Reserve is creating its own instant payment service, FedNowSM."
2-49,2,49,2021-08-05,Christopher J. Waller,These services will move funds between accountholders at U.S. commercial banks immediately after a payment is initiated.
2-50,2,50,2021-08-05,Christopher J. Waller,"While cross-border payments are typically less efficient than domestic payments, efforts are underway to improve cross-border payments as well."
2-51,2,51,2021-08-05,Christopher J. Waller,These innovations are all moving forward in the absence of a CBDC.
2-52,2,52,2021-08-05,Christopher J. Waller,"Consequently, facilitating speedier payments is not a compelling reason to create a CBDC."
2-53,2,53,2021-08-05,Christopher J. Waller,Could it be that too few people can access the payment system?
2-54,2,54,2021-08-05,Christopher J. Waller,Some argue that introducing a CBDC would improve financial inclusion by allowing the unbanked to more readily access financial services.
2-55,2,55,2021-08-05,Christopher J. Waller,"To address this argument, we need to know, first, the size of the unbanked population, and second, whether the unbanked population would use a Federal Reserve CBDC account."
2-56,2,56,2021-08-05,Christopher J. Waller,"According to a recent Federal Deposit Insurance Corporation (FDIC) survey, approximately 5.4 percent of U.S. households were unbanked in 2019."
2-57,2,57,2021-08-05,Christopher J. Waller,"The FDIC survey also found that approximately 75 percent of the unbanked population ""were not at all interested"" or ""not very interested"" in having a bank account."
2-58,2,58,2021-08-05,Christopher J. Waller,"If the same percentage of the unbanked population would not be interested in a Federal Reserve CBDC account, this means that a little more than 1 percent of U.S. households are both unbanked and potentially interested in a Federal Reserve CBDC account."
2-59,2,59,2021-08-05,Christopher J. Waller,"It is implausible to me that developing a CBDC is the simplest, least costly way to reach this 1 percent of households."
2-60,2,60,2021-08-05,Christopher J. Waller,"Instead, we could promote financial inclusion more efficiently by, for example, encouraging widespread use of low-cost commercial bank accounts through the Cities for Financial Empowerment Bank On project."
2-61,2,61,2021-08-05,Christopher J. Waller,Could it be that a CBDC is needed because existing payment services are unreasonably expensive?
2-62,2,62,2021-08-05,Christopher J. Waller,"In order to answer this question, we need to understand why the price charged for a payment might be considered ""high."""
2-63,2,63,2021-08-05,Christopher J. Waller,"In economics, the price of a service is typically composed of two parts: the marginal cost of providing the service and a markup that reflects the market power of the seller."
2-64,2,64,2021-08-05,Christopher J. Waller,"The marginal cost of processing a payment depends on the nature of the payment (for example, paper check versus electronic transfer), the technology used (for example, batched payments versus real-time payments), and the other services provided in processing the payment (for example, risk and fraud services)."
2-65,2,65,2021-08-05,Christopher J. Waller,"Since these factors are primarily technological, and there is no reason to think that the Federal Reserve can develop cheaper technology than private firms, it seems unlikely that the Federal Reserve would be able to process CBDC payments at a materially lower marginal cost than existing private-sector payment services."
2-66,2,66,2021-08-05,Christopher J. Waller,"The key question, then, is how a CBDC would affect the markup charged by banks for a variety of payment services."
2-67,2,67,2021-08-05,Christopher J. Waller,The markup that a firm can charge depends on its market power and thus the degree of competition it faces.
2-68,2,68,2021-08-05,Christopher J. Waller,"Introducing a CBDC would create additional competition in the market for payment services, because the general public could use CBDC accounts to make payments directly through the Federal Reserve—that is, a CBDC would allow the general public to bypass the commercial banking system."
2-69,2,69,2021-08-05,Christopher J. Waller,"Deposits would flow from commercial banks into CBDC accounts, which would put pressure on banks to lower their fees, or raise the interest rate paid on deposits, to prevent additional deposit outflows."
2-70,2,70,2021-08-05,Christopher J. Waller,"It seems to me, however, that private-sector innovations might reduce the markup charged by banks more effectively than a CBDC would."
2-71,2,71,2021-08-05,Christopher J. Waller,"If commercial banks are earning rents from their market power, then there is a profit opportunity for nonbanks to enter the payment business and provide the general public with cheaper payment services."
2-72,2,72,2021-08-05,Christopher J. Waller,"And, indeed, we are currently seeing a surge of nonbanks getting into payments."
2-73,2,73,2021-08-05,Christopher J. Waller,"For example, in recent years, ""stablecoin"" arrangements have emerged as a particularly important type of nonbank entrant into the payments landscape."
2-74,2,74,2021-08-05,Christopher J. Waller,"Stablecoins are digital assets whose value is tied to one or more other assets, such as a sovereign currency."
2-75,2,75,2021-08-05,Christopher J. Waller,A stablecoin could serve as an attractive payment instrument if it is pegged one-to-one to the dollar and is backed by a safe and liquid pool of assets.
2-76,2,76,2021-08-05,Christopher J. Waller,"If one or more stablecoin arrangements can develop a significant user base, they could become a major challenger to banks for processing payments."
2-77,2,77,2021-08-05,Christopher J. Waller,"Importantly, payments using such stablecoins might be ""free"" in the sense that there would be no fee required to initiate or receive a payment."
2-78,2,78,2021-08-05,Christopher J. Waller,"Accordingly, one can easily imagine that competition from stablecoins could pressure banks to reduce their markup for payment services."
2-79,2,79,2021-08-05,Christopher J. Waller,Please note that I am not endorsing any particular stablecoin—some of which are not backed by safe and liquid assets.
2-80,2,80,2021-08-05,Christopher J. Waller,"The promise of redemption of a stablecoin into one U.S. dollar is not perfectly credible, nor have they been tested by an actual run on the stablecoin."
2-81,2,81,2021-08-05,Christopher J. Waller,"There are many legal, regulatory, and policy issues that need to be resolved before stablecoins can safely proliferate."
2-82,2,82,2021-08-05,Christopher J. Waller,"My point, however, is that the private sector is already developing payment alternatives to compete with the banking system."
2-83,2,83,2021-08-05,Christopher J. Waller,"Hence, it seems unnecessary for the Federal Reserve to create a CBDC to drive down payment rents."
2-84,2,84,2021-08-05,Christopher J. Waller,"Returning to possible problems a CBDC could solve, it is often argued that the creation of a CBDC would spur innovation in the payment system."
2-85,2,85,2021-08-05,Christopher J. Waller,This leads me to ask: do we think there is insufficient innovation going on in payments?
2-86,2,86,2021-08-05,Christopher J. Waller,"To the contrary, it seems to me that private-sector innovation is occurring quite rapidly—in fact, faster than regulators can process."
2-87,2,87,2021-08-05,Christopher J. Waller,"So, spurring innovation is not a compelling reason to introduce a CBDC."
2-88,2,88,2021-08-05,Christopher J. Waller,"Could it be, however, that the types of innovations being pursued by the private sector are the ""wrong"" types of payment innovations?"
2-89,2,89,2021-08-05,Christopher J. Waller,I see some merit in this argument when I consider crypto-assets such as bitcoin that are often used to facilitate illicit activity.
2-90,2,90,2021-08-05,Christopher J. Waller,But a CBDC is unlikely to deter the use of crypto-assets that are designed to evade governmental oversight.
2-91,2,91,2021-08-05,Christopher J. Waller,Could the problem be that government authorities have insufficient information regarding the financial transactions of U.S. citizens?
2-92,2,92,2021-08-05,Christopher J. Waller,"In general, the government has sought to balance individuals' right to privacy with the need to prevent illicit financial transactions, such as money laundering."
2-93,2,93,2021-08-05,Christopher J. Waller,"For example, while the government does not receive all transaction data regarding accountholders at commercial banks, the Bank Secrecy Act requires that commercial banks report suspicious activity to the government."
2-94,2,94,2021-08-05,Christopher J. Waller,"Depending on its design, CBDC accounts could give the Federal Reserve access to a vast amount of information regarding the financial transactions and trading patterns of CBDC accountholders."
2-95,2,95,2021-08-05,Christopher J. Waller,"The introduction of a CBDC in China, for example, likely will allow the Chinese government to more closely monitor the economic activity of its citizens."
2-96,2,96,2021-08-05,Christopher J. Waller,Should the Federal Reserve create a CBDC for the same reason?
2-97,2,97,2021-08-05,Christopher J. Waller,"I, for one, do not think so."
2-98,2,98,2021-08-05,Christopher J. Waller,Could the problem be that the reserve currency status of the U.S. dollar is at risk and the creation of a Federal Reserve CBDC is needed to maintain the primacy of the U.S. dollar?
2-99,2,99,2021-08-05,Christopher J. Waller,"Some commentators have expressed concern, for example, that the availability of a Chinese CBDC will undermine the status of the U.S. dollar."
2-100,2,100,2021-08-05,Christopher J. Waller,I see no reason to expect that the world will flock to a Chinese CBDC or any other.
2-101,2,101,2021-08-05,Christopher J. Waller,Why would non-Chinese firms suddenly desire to have all their financial transactions monitored by the Chinese government?
2-102,2,102,2021-08-05,Christopher J. Waller,Why would this induce non-Chinese firms to denominate their contracts and trading activities in the Chinese currency instead of the U.S. dollar?
2-103,2,103,2021-08-05,Christopher J. Waller,"Additionally, I fail to see how allowing U.S. households to, for example, pay their electric bills via a Federal Reserve CBDC account instead of a commercial bank account would help to maintain global dollar supremacy."
2-104,2,104,2021-08-05,Christopher J. Waller,"(Of course, Federal Reserve CBDC accounts that are available to persons outside the United States might promote use of the dollar, but global availability of Federal Reserve CBDC accounts would also raise acute problems related to, among other things, money laundering.)"
2-105,2,105,2021-08-05,Christopher J. Waller,"Finally, could it be that new forms of private money, such as stablecoins, represent a threat to the Federal Reserve for conducting monetary policy?"
2-106,2,106,2021-08-05,Christopher J. Waller,"Many commentators have suggested that new private monies will diminish the impact of the Federal Reserve's policy actions, since they will act as competing monetary systems."
2-107,2,107,2021-08-05,Christopher J. Waller,It is well established in international economics that any country that pegs its exchange rate to the U.S. dollar surrenders its domestic monetary policy to the United States and imports U.S. monetary policy.
2-108,2,108,2021-08-05,Christopher J. Waller,This same logic applies to any entity that pegs its exchange rate to the U.S. dollar.
2-109,2,109,2021-08-05,Christopher J. Waller,"Consequently, commercial banks and stablecoins pegged to the U.S. dollar act as conduits for U.S. monetary policy and amplify policy actions."
2-110,2,110,2021-08-05,Christopher J. Waller,"So, if anything, private stablecoins pegged to the dollar broaden the reach of U.S. monetary policy rather than diminish it."
2-111,2,111,2021-08-05,Christopher J. Waller,"After exploring many possible problems that a CBDC could solve, I am left with the conclusion that a CBDC remains a solution in search of a problem."
2-112,2,112,2021-08-05,Christopher J. Waller,That leaves us only with more philosophical reasons to adopt a CBDC.
2-113,2,113,2021-08-05,Christopher J. Waller,"One could argue, for example, that the general public has a fundamental right to hold a riskless digital payment instrument, and a CBDC would do this in a way no privately issued payment instrument can."
2-114,2,114,2021-08-05,Christopher J. Waller,"On the other hand, thanks to federal deposit insurance, commercial bank accounts already offer the general public a riskless digital payment instrument for the vast majority of transactions."
2-115,2,115,2021-08-05,Christopher J. Waller,One could also argue that the Federal Reserve should provide a digital option as an alternative to the commercial banking system.
2-116,2,116,2021-08-05,Christopher J. Waller,"The argument is that the government should not force its citizens to use the commercial banking system, but should instead allow access to the central bank as a public service available to all."
2-117,2,117,2021-08-05,Christopher J. Waller,"As I noted earlier in my speech, however, the current congressionally mandated division of functions between the Federal Reserve and commercial banks reflects an understanding that, in general, the government should compete with the private sector only to address market failures."
2-118,2,118,2021-08-05,Christopher J. Waller,"This bedrock principle has stood America in good stead since its founding, and I don't think that CBDCs are the case for making an exception."
2-119,2,119,2021-08-05,Christopher J. Waller,"In summary, while CBDCs continue to generate enormous interest in the United States and other countries, I remain skeptical that a Federal Reserve CBDC would solve any major problem confronting the U.S. payment system."
2-120,2,120,2021-08-05,Christopher J. Waller,"There are also potential costs and risks associated with a CBDC, some of which I have alluded to already."
2-121,2,121,2021-08-05,Christopher J. Waller,I have noted my belief that government interventions into the economy should come only to address significant market failures.
2-122,2,122,2021-08-05,Christopher J. Waller,The competition of a Fed CBDC could disintermediate commercial banks and threaten a division of labor in the financial system that works well.
2-123,2,123,2021-08-05,Christopher J. Waller,"And, as cybersecurity concerns mount, a CBDC could become a new target for those threats."
2-124,2,124,2021-08-05,Christopher J. Waller,"I expect these and other potential risks from a CBDC will be addressed in the forthcoming discussion paper, and I intend to expand upon them as the debate over digital currencies moves forward."
3-0,3,0,2022-02-18,Lael Brainard,The financial system is undergoing fast-moving changes associated with digitalization and decentralization.
3-1,3,1,2022-02-18,Lael Brainard,"Some of these innovations hold considerable promise to reduce transaction costs and frictions, increase competition, and improve financial inclusion, but there are also potential risks."
3-2,3,2,2022-02-18,Lael Brainard,"With technology driving profound change, it is important we prepare for the financial system of the future and not limit our thinking to the financial system of today."
3-3,3,3,2022-02-18,Lael Brainard,"The Evolving Digitalization and Decentralization of Finance In recent years, there has been explosive growth in the development and adoption of new digital assets that leverage distributed ledger technologies and cryptography."
3-4,3,4,2022-02-18,Lael Brainard,The market capitalization of cryptocurrencies grew from less than $100 billion five years ago to a high of almost $3 trillion in November 2021 and is currently around $2 trillion.
3-5,3,5,2022-02-18,Lael Brainard,"In parallel, we have seen rapid growth in the platforms that facilitate the crypto finance ecosystem, including decentralized finance (DeFi) platforms."
3-6,3,6,2022-02-18,Lael Brainard,"These crypto platforms facilitate a variety of activities, including lending, trading, and custodying crypto-assets, in some cases outside the traditional regulatory guardrails for investor and consumer protection, market integrity, and transparency."
3-7,3,7,2022-02-18,Lael Brainard,"The growth in the crypto finance ecosystem is fueling demand for stablecoins—digital assets that are intended to maintain stable value relative to reference assets, such as the U.S. dollar."
3-8,3,8,2022-02-18,Lael Brainard,"Stablecoin supply grew nearly sixfold in 2021, from roughly $29 billion in January 2021 to $165 billion in January 2022."
3-9,3,9,2022-02-18,Lael Brainard,"There is a high degree of concentration among a few dollar-pegged stablecoins: As of January 2022, the largest stablecoin by market capitalization made up almost half of the market, and the four largest stablecoins together made up almost 90 percent."
3-10,3,10,2022-02-18,Lael Brainard,"Today, stablecoins are being used as collateral on DeFi and other crypto platforms, as well as in facilitating trading and monetization of cryptocurrency positions on and between crypto and other platforms."
3-11,3,11,2022-02-18,Lael Brainard,"In the future, some issuers envision that stablecoins will also have an expanded reach in the payment system and be commonly used for everyday transactions, both domestic and cross-border."
3-12,3,12,2022-02-18,Lael Brainard,So it is important to have strong frameworks for the quality and sufficiency of reserves and risk management and governance.
3-13,3,13,2022-02-18,Lael Brainard,"As noted in a recent report on stablecoins by the President's Working Group on Financial Markets, it is important to guard against run risk, whereby the prospect of an issuer not being able to promptly and adequately meet redemption requests for the stablecoin at par could result in a sudden surge in redemption demand."
3-14,3,14,2022-02-18,Lael Brainard,"It is also important to address settlement risk, whereby funds settlement is not certain and final when expected, and systemic risk, whereby the failure or distress of a stablecoin provider could adversely affect the broader financial system."
3-15,3,15,2022-02-18,Lael Brainard,The prominence of crypto advertisements during the Super Bowl highlighted the growing engagement of retail investors in the crypto ecosystem.
3-16,3,16,2022-02-18,Lael Brainard,"In late 2021, Pew Research found that 16 percent of survey respondents reported having personally invested in, traded, or otherwise used a cryptocurrency—up from less than 1 percent of respondents in 2015.7 There is also rising interest among institutional investors."
3-17,3,17,2022-02-18,Lael Brainard,So it is perhaps not surprising that established financial intermediaries are undertaking efforts to expand the crypto services and products they offer.
3-18,3,18,2022-02-18,Lael Brainard,"If the past year is any guide, the crypto financial system is likely to continue to grow and evolve in ways that increase interconnectedness with the traditional financial system."
3-19,3,19,2022-02-18,Lael Brainard,"As a result, officials in many countries are undertaking efforts to understand and adapt to the transformation of the financial system."
3-20,3,20,2022-02-18,Lael Brainard,"Many jurisdictions are making efforts to ensure statutory and regulatory frameworks apply like rules to like risks, and some jurisdictions are issuing or contemplating issuing central bank currency in digital form."
3-21,3,21,2022-02-18,Lael Brainard,Preparing for the Payment System of the Future The Federal Reserve needs to be preparing for the payment landscape of the future even as we continue to make improvements to meet today's needs.
3-22,3,22,2022-02-18,Lael Brainard,"In light of the rapid digitalization of the financial system, the Federal Reserve has been thinking critically about whether there is a role for a potential U.S. central bank digital currency (CBDC) in the digital payment landscape of the future and about its potential properties, costs, and benefits."
3-23,3,23,2022-02-18,Lael Brainard,Our financial and payment system delivers important benefits today and is continuing to improve with developments like real-time payments.
3-24,3,24,2022-02-18,Lael Brainard,"Nonetheless, certain challenges remain, such as a lack of access to digital banking and payment services for some Americans and expensive and slow cross-border payments."
3-25,3,25,2022-02-18,Lael Brainard,Growing interest in the digital financial ecosystem suggests that technology is enabling potential improvements that merit consideration.
3-26,3,26,2022-02-18,Lael Brainard,"In addition, it is important to consider how new forms of crypto-assets and digital money may affect the Federal Reserve's responsibilities to maintain financial stability, a safe and efficient payment system, household and business access to safe central bank money, and maximum employment and price stability."
3-27,3,27,2022-02-18,Lael Brainard,It is prudent to explore whether there is a role for a CBDC to preserve some of the safe and effective elements of the financial system of the present in a way that is complementary to the private sector innovations transforming the financial landscape of the future.
3-28,3,28,2022-02-18,Lael Brainard,The public and private sector play important complementary roles within the financial system in the United States.
3-29,3,29,2022-02-18,Lael Brainard,"From Fedwire to FedNow, the Federal Reserve has over a century of experience working to improve the infrastructure of the U.S. payment system to provide a resilient and adaptable foundation for dynamic private sector activity."
3-30,3,30,2022-02-18,Lael Brainard,"In parallel, private sector banks and nonbanks have competed to build the best possible products and services on top of that foundation and to meet the dollar-denominated needs of consumers and investors at home and around the world."
3-31,3,31,2022-02-18,Lael Brainard,"The result is a resilient payment system that is responsive to the changing needs of businesses, consumers, and investors."
3-32,3,32,2022-02-18,Lael Brainard,"While the official sector provides a stable currency, operates some important payment rails, and undertakes regulation and oversight of financial intermediaries and critical financial market infrastructures, the private sector brings competitive forces encouraging efficiency and new product offerings and driving innovation."
3-33,3,33,2022-02-18,Lael Brainard,Responsible innovation has the potential to increase financial inclusion and efficiency and to lower costs within guardrails that protect consumers and investors and safeguard financial stability.
3-34,3,34,2022-02-18,Lael Brainard,"As we assess the range of future states of the financial system, it is prudent to consider how to preserve ready public access to government-issued, risk-free currency in the digital financial system—the digital equivalent of the Federal Reserve's issuance of physical currency."
3-35,3,35,2022-02-18,Lael Brainard,"The Board recently issued a discussion paper that outlines the Federal Reserve's current thinking on the potential benefits, risks, and policy considerations of a U.S. CBDC."
3-36,3,36,2022-02-18,Lael Brainard,The paper does not advance any specific policy outcome and does not signal that the Board will make any imminent decisions about the appropriateness of issuing a U.S. CBDC.
3-37,3,37,2022-02-18,Lael Brainard,It lays out four CBDC design principles that analysis to date suggests would best serve the needs of the United States if one were created.
3-38,3,38,2022-02-18,Lael Brainard,"Those principles are that a potential CBDC should be privacy-protected, so consumer data and privacy are safeguarded; intermediated, such that financial intermediaries rather than the Federal Reserve interface directly with consumers; widely transferable, so the payment system is not fragmented; and identity-verified, so law enforcement can continue to combat money laundering and funding of terrorism."
3-39,3,39,2022-02-18,Lael Brainard,"Financial Stability Given the Federal Reserve's mandate to promote financial stability, any consideration of a CBDC must include a robust evaluation of its impact on the stability of the financial system—not only as it exists today but also as it may evolve in the future."
3-40,3,40,2022-02-18,Lael Brainard,"In consideration of the financial system today, it would be important to explore design features that would ensure complementarity with established financial intermediation."
3-41,3,41,2022-02-18,Lael Brainard,A CBDC—depending on its features—could be attractive as a store of value and means of payment to the extent it is seen as the safest form of money.
3-42,3,42,2022-02-18,Lael Brainard,"This could make it attractive to risk-averse users, perhaps leading to increased demand for the CBDC at the expense of other intermediaries during times of stress."
3-43,3,43,2022-02-18,Lael Brainard,"So it is important to undertake research regarding the tools and design features that could be introduced to limit such risks, such as offering a non-interest bearing CBDC and limiting the amount of CBDC an end user could hold or transfer."
3-44,3,44,2022-02-18,Lael Brainard,"As I noted at the start, the digital asset and payment ecosystem is evolving at a rapid pace."
3-45,3,45,2022-02-18,Lael Brainard,"Thus, it is also important to contemplate the potential role of a CBDC to promote financial stability in a future financial system in which a growing range of consumer payment and financial transactions would be conducted via digital currencies such as stablecoins."
3-46,3,46,2022-02-18,Lael Brainard,"If current trends continue, the stablecoin market in the future could come to be dominated by just one or two issuers."
3-47,3,47,2022-02-18,Lael Brainard,"Depending on the characteristics of these stablecoins, there could be large shifts in desired holdings between these stablecoins and deposits, leading to large-scale redemptions by risk-averse users at times of stress that could prove disruptive to financial stability."
3-48,3,48,2022-02-18,Lael Brainard,"In such a future state, the coexistence of CBDC alongside stablecoins and commercial bank money could prove complementary, by providing a safe central bank liability in the digital financial ecosystem, much like cash currently coexists with commercial bank money."
3-49,3,49,2022-02-18,Lael Brainard,"It is essential that policymakers, including the Federal Reserve, plan for the future of the payment system and consider the full range of possible options to bring forward the potential benefits of new technologies, while safeguarding stability."
3-50,3,50,2022-02-18,Lael Brainard,International Considerations Analysis of the potential future state of the financial system is not limited to the domestic implications.
3-51,3,51,2022-02-18,Lael Brainard,"The dollar is important to global financial markets: It is not only the predominant global reserve currency, but the dollar is also the most widely used currency in international payments."
3-52,3,52,2022-02-18,Lael Brainard,Decisions by other major jurisdictions to issue CBDCs could bring important changes to global financial markets that may prove more or less disruptive and that could influence the potential risks and benefits of a U.S. CBDC.
3-53,3,53,2022-02-18,Lael Brainard,"Thus, it is wise to consider what the future states of global financial markets and transactions would look like both with and without a Federal Reserve-issued CBDC."
3-54,3,54,2022-02-18,Lael Brainard,"For example, the People's Bank of China has been piloting the digital yuan, also known as e-CNY, in numerous Chinese cities over the past two years."
3-55,3,55,2022-02-18,Lael Brainard,The substantial early progress on the digital yuan may have implications for the evolution of cross-border payments and payment systems.
3-56,3,56,2022-02-18,Lael Brainard,And it may influence the development of norms and standards for cross-border digital financial transactions.
3-57,3,57,2022-02-18,Lael Brainard,It is prudent to consider how the potential absence or issuance of a U.S. CBDC could affect the use of the dollar in payments globally in future states where one or more major foreign currencies are issued in CBDC form.
3-58,3,58,2022-02-18,Lael Brainard,A U.S. CBDC may be one potential way to ensure that people around the world who use the dollar can continue to rely on the strength and safety of U.S. currency to transact and conduct business in the digital financial system.
3-59,3,59,2022-02-18,Lael Brainard,"More broadly, it is important to consider how the United States can continue to play a lead role in the development of standards governing international digital financial transactions involving CBDCs consistent with norms such as privacy and security."
3-60,3,60,2022-02-18,Lael Brainard,"Given the dollar's important role as a payment instrument across the world, it is essential that the United States be on the frontier of research and policy development regarding CBDC, as international developments related to CBDC can have implications for the global financial system."
3-61,3,61,2022-02-18,Lael Brainard,"Technology Research and Experimentation Given the range of possible future states with significant digitization of the financial system, it is important that the Federal Reserve is actively engaging with the underlying technologies."
3-62,3,62,2022-02-18,Lael Brainard,"Our work to build 24x7x365 instant payments rails leverages lessons from some of today's most resilient, high-performing, and large-scale technology platforms across the globe."
3-63,3,63,2022-02-18,Lael Brainard,"It is providing important insights on the clearing and settlement models associated with real time payments as well as on fraud, cyber resilience, cloud computing, and related technologies."
3-64,3,64,2022-02-18,Lael Brainard,"In parallel with the Board's public consultation on CBDC, the Federal Reserve Bank of Boston, in collaboration with the Massachusetts Institute of Technology, has developed a theoretical high-performance transaction processor for CBDC."
3-65,3,65,2022-02-18,Lael Brainard,They recently published the resulting software under an open-source license as a way of engaging with the broader technical community and promoting transparency and verifiability.
3-66,3,66,2022-02-18,Lael Brainard,"Moreover, the Board is studying how innovations, such as distributed ledger technology, could improve the financial system."
3-67,3,67,2022-02-18,Lael Brainard,This work includes experimentation with stablecoin interoperability and testing of retail payments across multiple distributed payment ledger systems.
3-68,3,68,2022-02-18,Lael Brainard,"The Federal Reserve Bank of New York recently established an Innovation Center, focused on validating, designing, building, and launching new financial technology products and services for the central bank community."
3-69,3,69,2022-02-18,Lael Brainard,"These technology research and development initiatives are vital to our responsibilities to promote a safe and efficient payment system and financial stability, whatever the future may bring."
3-70,3,70,2022-02-18,Lael Brainard,"Conclusion The financial system is not standing still, and neither can we."
3-71,3,71,2022-02-18,Lael Brainard,The digital financial ecosystem is evolving rapidly and becoming increasingly connected with the traditional financial system.
3-72,3,72,2022-02-18,Lael Brainard,"It is prudent for the Board to understand the evolving payment landscape, the technological advancements and consumer demands driving this evolution, and the consequent policy choices as it seeks to fulfill its congressionally-mandated role to promote a safe, efficient, and inclusive system for U.S. dollar transactions."
3-73,3,73,2022-02-18,Lael Brainard,"To prepare for the financial system of the future, the Federal Reserve is engaging in research and experimentation with these new technologies and consulting closely with public and private sector partners."
4-0,4,0,2022-05-26,Lael Brainard,"Chairwoman Waters, Ranking Member McHenry, and other members of the Committee, I am pleased to join you today."
4-1,4,1,2022-05-26,Lael Brainard,"With technology driving profound change, it is important we prepare for the financial system of the future and not limit our thinking to the financial system of today."
4-2,4,2,2022-05-26,Lael Brainard,"No decision has been made about whether a U.S. central bank digital currency (CBDC) will be a part of that future, but it is important to undertake the necessary work to inform any such decision and to be ready to move forward should the need arise."
4-3,4,3,2022-05-26,Lael Brainard,There has been explosive growth in an emergent digital financial system built around new digital assets and facilitated by crypto-asset platforms and stablecoins as settlement assets.
4-4,4,4,2022-05-26,Lael Brainard,"In recent weeks, two widely used stablecoins have come under considerable pressure."
4-5,4,5,2022-05-26,Lael Brainard,"One widely used algorithmic stablecoin declined to a small fraction of its purported value, and the stablecoin that is the most traded crypto asset by volume temporarily dipped below its purported one-to-one valuation with the dollar."
4-6,4,6,2022-05-26,Lael Brainard,"These events underscore the need for clear regulatory guardrails to provide consumer and investor protection, protect financial stability, and ensure a level playing field for competition and innovation across the financial system."
4-7,4,7,2022-05-26,Lael Brainard,The recent turmoil in crypto financial markets makes clear that the actions we take now—whether on the regulatory framework or a digital dollar—should be robust to the future evolution of the financial system.
4-8,4,8,2022-05-26,Lael Brainard,"The rapid ongoing evolution of the digital financial system at the national and international levels should lead us to frame the question not as whether there is a need for a central-bank-issued digital dollar today, but rather whether there may be conditions in the future that may give rise to such a need."
4-9,4,9,2022-05-26,Lael Brainard,"We recognize there are risks of not acting, just as there are risks of acting."
4-10,4,10,2022-05-26,Lael Brainard,"Congress recognized the importance of safe, efficient, and widely accessible payments when it created the Federal Reserve and included payments as a core part of our mission."
4-11,4,11,2022-05-26,Lael Brainard,"It entrusted to the Federal Reserve the issuance to the public of government, risk-free currency."
4-12,4,12,2022-05-26,Lael Brainard,"The Federal Reserve has operated alongside the private sector, providing a stable currency and operating key aspects of the payments system, while also supporting private-sector innovation."
4-13,4,13,2022-05-26,Lael Brainard,"Today, physical currency provides the public with access to safe central bank money, exchangeable without concern for liquidity or credit risk."
4-14,4,14,2022-05-26,Lael Brainard,"The share of U.S. payments made by cash has declined from 31 percent to 20 percent just over the past five years, and the share is even lower for those under age 45."
4-15,4,15,2022-05-26,Lael Brainard,"As we assess the future digital financial system, it is prudent to consider how to preserve ready public access to safe central bank money, perhaps through the digital analogue of the Federal Reserve's issuance of physical currency."
4-16,4,16,2022-05-26,Lael Brainard,"At present, consumers and businesses do not consider whether the money they are using is a liability of the central bank, as with cash, or of a commercial bank, as with bank deposits."
4-17,4,17,2022-05-26,Lael Brainard,"Confidence in commercial bank money is built upon deposit insurance, banks' access to central bank liquidity, and banking regulation and supervision."
4-18,4,18,2022-05-26,Lael Brainard,New forms of digital money such as stablecoins that do not share these same protections could reintroduce meaningful counterparty risk into the payments system.
4-19,4,19,2022-05-26,Lael Brainard,"As we have seen, such new forms of money can lose their promised value relative to fiat currency, harming consumers or, at large scale, creating broader financial stability risks."
4-20,4,20,2022-05-26,Lael Brainard,We have seen before the risks posed by the widespread use of private monies.
4-21,4,21,2022-05-26,Lael Brainard,"In the 19th century, active competition among issuers of private paper banknotes led to inefficiency, fraud, and instability in the U.S. payments system, which ultimately necessitated a uniform form of money backed by the national government."
4-22,4,22,2022-05-26,Lael Brainard,"A predominance of private monies of this type could introduce consumer protection and financial stability risks because of their potential volatility and the risk of run-like behavior, as was demonstrated at a smaller scale in recent weeks."
4-23,4,23,2022-05-26,Lael Brainard,"In addition, if private monies—in the form of either stablecoins or cryptocurrencies—were to become widespread, we could see fragmentation of the U.S. payment system into so-called walled gardens."
4-24,4,24,2022-05-26,Lael Brainard,"In some future circumstances, CBDC could coexist with and be complementary to stablecoins and commercial bank money by providing a safe central bank liability in the digital financial ecosystem, much like cash currently coexists with commercial bank money."
4-25,4,25,2022-05-26,Lael Brainard,"It is also important to consider the potential risks of a CBDC associated with disintermediating banks, given their critical role in credit provision, monetary policy transmission, and payments."
4-26,4,26,2022-05-26,Lael Brainard,"In some circumstances, a widely available CBDC could serve as a substitute for commercial bank money, possibly reducing the aggregate amount of deposits in the banking system."
4-27,4,27,2022-05-26,Lael Brainard,And a CBDC would be attractive to risk-averse users during times of stress.
4-28,4,28,2022-05-26,Lael Brainard,"Accordingly, if the Federal Reserve were to move forward on CBDC, it would be important to develop design features that could mitigate such risks, such as offering a non-interest bearing CBDC or limiting the amount of CBDC a consumer could hold or transfer."
4-29,4,29,2022-05-26,Lael Brainard,The future evolution of international payments and capital flows will also influence considerations surrounding a potential U.S. CBDC.
4-30,4,30,2022-05-26,Lael Brainard,"The dollar is the most widely used currency in international payments and investments, which benefits the United States by reducing transaction and borrowing costs for U.S. households, businesses, and government."
4-31,4,31,2022-05-26,Lael Brainard,"In future states where other major foreign currencies are issued in CBDC form, it is prudent to consider how the potential absence or presence of a U.S. central bank digital dollar could affect the use of the dollar in global payments."
4-32,4,32,2022-05-26,Lael Brainard,"For example, the People's Bank of China has been piloting the digital yuan, and several other foreign central banks are issuing or considering issuing their own digital currencies."
4-33,4,33,2022-05-26,Lael Brainard,A U.S. CBDC may be one potential way to ensure that people around the world who use the dollar can continue to rely on the strength and safety of the U.S. currency to transact and conduct business in the digital financial system.
4-34,4,34,2022-05-26,Lael Brainard,"More broadly, it is important for the United States to play a lead role in the development of standards governing international digital finance transactions involving CBDCs consistent with the norms of privacy, accessibility, interoperability, and security."
4-35,4,35,2022-05-26,Lael Brainard,"In January, the Federal Reserve issued a discussion paper, Money and Payments: The U.S. Dollar in the Age of Digital Transformation, to solicit input from the public on this important matter."
4-36,4,36,2022-05-26,Lael Brainard,"The paper's comment period closed on May 20, and as of that date, we had received nearly 2,000 comments from a wide range of stakeholders."
4-37,4,37,2022-05-26,Lael Brainard,We plan to publish a public summary of comments in the near future.
4-38,4,38,2022-05-26,Lael Brainard,"The paper emphasizes that a CBDC would best serve the needs of the United States by being privacy-protected, intermediated, widely transferable, and identity-verified."
4-39,4,39,2022-05-26,Lael Brainard,"Consistent with these principles, many commenters emphasized the importance of privacy, suggesting innovative ways to protect the privacy of consumers and how to balance privacy with the prevention of financial crimes."
4-40,4,40,2022-05-26,Lael Brainard,"It is very important to strike the right balance here, just as commercial banks provide strong privacy protections alongside robust controls to combat money laundering and the financing of terrorism."
4-41,4,41,2022-05-26,Lael Brainard,"Other commenters emphasized the importance of a continued role for banks as intermediaries, as suggested by our paper."
4-42,4,42,2022-05-26,Lael Brainard,"An intermediated system, in which private intermediaries, including banks, would offer accounts or digital wallets to facilitate the management of CBDC, would leverage the private sector's existing identity frameworks and service provision to consumers while mitigating the risk of disintermediation."
4-43,4,43,2022-05-26,Lael Brainard,"As we move forward, it is essential that we continue to engage with Congress."
4-44,4,44,2022-05-26,Lael Brainard,I appreciate that members of this Committee are bringing a critical focus to this issue.
5-0,5,0,2022-10-14,Christopher J. Waller,"Thank you, Professor Jackson, and thank you to the Harvard National Security Journal for the invitation to speak at this symposium."
5-1,5,1,2022-10-14,Christopher J. Waller,"As the payment system continues to evolve rapidly and the volume of digital assets continues to grow, it is critical to ensure that we keep both the benefits and risks of digital assets in the policy conversation, including the implications for America's role in the global economy and its place in the world."
5-2,5,2,2022-10-14,Christopher J. Waller,My speech today focuses on exactly this issue and on an aspect of the digital asset world that is now the center of domestic and international attention—central bank digital currencies (CBDCs) and how they relate to the substantial international role of the U.S. dollar.
5-3,5,3,2022-10-14,Christopher J. Waller,"In January 2022, the Federal Reserve Board published a discussion paper on CBDCs to foster a broad and transparent public dialogue, including the potential benefits and risks of a U.S. CBDC."
5-4,5,4,2022-10-14,Christopher J. Waller,"To date, no decisions have been made by the Board on whether to move forward with a CBDC."
5-5,5,5,2022-10-14,Christopher J. Waller,But my views are well known.
5-6,5,6,2022-10-14,Christopher J. Waller,"As I have said before, I am highly skeptical of whether there is a compelling need for the Fed to create a digital currency."
5-7,5,7,2022-10-14,Christopher J. Waller,I am not a national security expert.
5-8,5,8,2022-10-14,Christopher J. Waller,"But one area where economics, CBDCs, and national security dovetail is the role of the dollar."
5-9,5,9,2022-10-14,Christopher J. Waller,"Advocates for creating a U.S. CBDC often assert how it is important to the long-term status of the dollar, particularly if other major jurisdictions adopt a CBDC."
5-10,5,10,2022-10-14,Christopher J. Waller,I disagree.
5-11,5,11,2022-10-14,Christopher J. Waller,"As I will discuss, the underlying reasons for why the dollar is the dominant currency have little to do with technology, and I believe the introduction of a CBDC would not affect those underlying reasons."
5-12,5,12,2022-10-14,Christopher J. Waller,"I offer this view, again, in the spirit of dialogue, knowing how important these issues are, and I am very happy to engage in vigorous debate regarding my view."
5-13,5,13,2022-10-14,Christopher J. Waller,I remain open to the arguments advanced by others in this space.
5-14,5,14,2022-10-14,Christopher J. Waller,"The Role of the U.S. Dollar After World War II and the creation of the Bretton Woods system, the U.S. dollar served as the central currency for the international monetary system."
5-15,5,15,2022-10-14,Christopher J. Waller,"Other countries agreed to keep the exchange value of their currencies fixed to the dollar, and eventually, countries came to settle international balances in dollars."
5-16,5,16,2022-10-14,Christopher J. Waller,That role has continued long after the Bretton Woods system dissolved.
5-17,5,17,2022-10-14,Christopher J. Waller,"By any measure, the dollar is the dominant global currency—for funding markets, foreign exchange transactions, and invoicing."
5-18,5,18,2022-10-14,Christopher J. Waller,It also is the world's predominant reserve currency.
5-19,5,19,2022-10-14,Christopher J. Waller,"In terms of the dollar's reserve currency status, 60 percent of disclosed official foreign reserves are held in dollars, far surpassing the shares of other currencies, with the majority of these dollar reserves held in safe and liquid U.S. Treasury securities."
5-20,5,20,2022-10-14,Christopher J. Waller,"Even in a world of largely floating exchange rates, many countries either implicitly or explicitly anchor their currencies to the dollar; together, these countries account for about half of world gross domestic product."
5-21,5,21,2022-10-14,Christopher J. Waller,The dollar is by far the dominant currency for international trade.
5-22,5,22,2022-10-14,Christopher J. Waller,"Apart from intra-European trade, dollar invoicing is used in more than three-fourths of global trade, including 96 percent of trade in the Americas."
5-23,5,23,2022-10-14,Christopher J. Waller,Approximately 60 percent of international and foreign currency liabilities—international banking loans and deposits as well as international debt securities—are denominated in dollars.
5-24,5,24,2022-10-14,Christopher J. Waller,And the dollar remains the single most widely used currency in foreign exchange transactions.
5-25,5,25,2022-10-14,Christopher J. Waller,Why does this matter to the United States?
5-26,5,26,2022-10-14,Christopher J. Waller,"As indicated in the Board's CBDC discussion paper, the dollar's international role lowers transaction and borrowing costs for U.S. households, businesses, and government."
5-27,5,27,2022-10-14,Christopher J. Waller,It widens the pool of creditors and investors for U.S. investments.
5-28,5,28,2022-10-14,Christopher J. Waller,It may insulate the U.S. economy from shocks from abroad.
5-29,5,29,2022-10-14,Christopher J. Waller,It also allows the United States to influence standards for the global monetary system.
5-30,5,30,2022-10-14,Christopher J. Waller,The dollar's role doesn't only benefit the United States.
5-31,5,31,2022-10-14,Christopher J. Waller,"The dollar serves as a safe, stable, and dependable form of money around the world."
5-32,5,32,2022-10-14,Christopher J. Waller,It serves as a reliable common denominator for global trade and a dependable settlement instrument for cross-border payments.
5-33,5,33,2022-10-14,Christopher J. Waller,"In the process, it reduces the cost of transferring capital and smooths the world of global payments, including for households and businesses outside of America."
5-34,5,34,2022-10-14,Christopher J. Waller,"For example, consider the dollar's role in foreign exchange markets."
5-35,5,35,2022-10-14,Christopher J. Waller,"To make a foreign exchange transaction between two lightly traded currencies, it is often less expensive to trade the first currency with the dollar, and then to trade the dollar with the second currency, rather than to trade the two currencies directly."
5-36,5,36,2022-10-14,Christopher J. Waller,"The factors driving the dollar's role as a reserve currency are well researched and well demonstrated, including the depth and liquidity of U.S. financial markets, the size and openness of the U.S. economy, and international trust in U.S. institutions and the rule of law."
5-37,5,37,2022-10-14,Christopher J. Waller,We must keep these factors in mind in any debate regarding the long-term importance of the dollar.
5-38,5,38,2022-10-14,Christopher J. Waller,"CBDCs and the U.S. Dollar Threats to the U.S. dollar's international dominance are numerous, including shifting geopolitical alliances and pressure to invoice in alternative currencies, as well as deeper and more open foreign financial markets."
5-39,5,39,2022-10-14,Christopher J. Waller,"My focus today is on just one supposed threat—namely, the purported shifting payments landscape as a result of the growth of digital assets, particularly CBDCs."
5-40,5,40,2022-10-14,Christopher J. Waller,"Recent years have seen a number of changes to the payments system, from instant interbank payments to mobile payment services to a shift toward nonbank payment providers."
5-41,5,41,2022-10-14,Christopher J. Waller,"Some of this shift has been through the rise in digital assets and include cryptocurrencies and other crypto-assets such as stablecoins, which have money-like characteristics."
5-42,5,42,2022-10-14,Christopher J. Waller,They also include CBDCs.
5-43,5,43,2022-10-14,Christopher J. Waller,A CBDC is a digital instrument that is a liability of the central bank.
5-44,5,44,2022-10-14,Christopher J. Waller,That is all it is—a direct liability of a central bank.
5-45,5,45,2022-10-14,Christopher J. Waller,"What major security gap exists that a CBDC, and only a CBDC, can close?"
5-46,5,46,2022-10-14,Christopher J. Waller,What would be the effect of CBDCs and other digital money-like instruments on the role of the dollar?
5-47,5,47,2022-10-14,Christopher J. Waller,"There are many ways to approach this question, but I want to do so by using a simple example: What is it about a CBDC that would make a non-U.S. company, engaging in international financial transactions, more or less likely to use the dollar?"
5-48,5,48,2022-10-14,Christopher J. Waller,"This example, of course, focuses on the reasons for why contracts are generally invoiced in U.S. dollars, which is just one feature of the dollar's international role."
5-49,5,49,2022-10-14,Christopher J. Waller,"To me, however, it simplifies the overall question regarding the effect of a CBDC on the dollar's dominance."
5-50,5,50,2022-10-14,Christopher J. Waller,"We can break down this question into three others: First, would a foreign CBDC affect this non-U.S. company's decisions?"
5-51,5,51,2022-10-14,Christopher J. Waller,"Second, would a U.S. CBDC affect them?"
5-52,5,52,2022-10-14,Christopher J. Waller,"And, third, while stablecoins are not CBDCs, how would a privately issued stablecoin have a different effect?"
5-53,5,53,2022-10-14,Christopher J. Waller,"Foreign CBDCs First, I will consider the emergence of one or more foreign CBDCs in a world with no U.S. CBDC."
5-54,5,54,2022-10-14,Christopher J. Waller,What would be the effect on the non-U.S. company?
5-55,5,55,2022-10-14,Christopher J. Waller,Let's assume the company acts pragmatically; it would only move away from using the U.S. dollar if it is better off by doing so.
5-56,5,56,2022-10-14,Christopher J. Waller,The discussion around this question usually tends to focus on the potential technological advantages of a CBDC and doesn't grapple with the underlying reasons for the dominance of the dollar.
5-57,5,57,2022-10-14,Christopher J. Waller,"That is, advocates for a CBDC tend to promote the potential for a CBDC to reduce payment frictions by lowering transaction costs, enabling faster settlement speeds, and providing a better user experience."
5-58,5,58,2022-10-14,Christopher J. Waller,"I am highly skeptical that a CBDC on its own could sufficiently reduce the traditional payment frictions to prevent things like fraud, theft, money laundering, or the financing of terrorism."
5-59,5,59,2022-10-14,Christopher J. Waller,"Though CBDC systems may be able to automate a number of processes that, in part, address these challenges, they are not unique in doing so."
5-60,5,60,2022-10-14,Christopher J. Waller,"Meaningful efforts are under way at the international level to improve cross-border payments in many ways, with the vast majority of these improvements coming not from CBDCs but improvements to existing payment systems."
5-61,5,61,2022-10-14,Christopher J. Waller,"For argument's sake, though, let's suppose that this foreign CBDC is more attractive for payments to the non-U.S. company, perhaps for technological reasons, or because the preferences of the firm's consumers or trading partners change in response to the introduction of the CBDC."
5-62,5,62,2022-10-14,Christopher J. Waller,"Due to the well-known network effects in payments, the more users the foreign CBDC acquires, the greater will be the pressure on the non-U.S. company to also use the foreign CBDC."
5-63,5,63,2022-10-14,Christopher J. Waller,"In this case, it is true that the appeal of the foreign CBDC as a transactions medium—not as a unit account or store of value—might gain at the expense of the dollar."
5-64,5,64,2022-10-14,Christopher J. Waller,These effects will likely only be on the margin because they rely on a large enough number of individuals and businesses being nearly indifferent between the dollar and the foreign currency in CBDC form.
5-65,5,65,2022-10-14,Christopher J. Waller,But the broader factors underpinning the dollar's international role would not change.
5-66,5,66,2022-10-14,Christopher J. Waller,"Changing those factors would require large geopolitical shifts separate from CBDC issuance, including greater availability of attractive safe assets and liquid financial markets in other jurisdictions that are at least on par with, if not better than, those that exist in the United States."
5-67,5,67,2022-10-14,Christopher J. Waller,"The factors supporting the primacy of the dollar are not technological, but include the ample supply and liquid market for U.S. Treasury securities and other debt and the long-standing stability of the U.S. economy and political system."
5-68,5,68,2022-10-14,Christopher J. Waller,"No other country is fully comparable with the United States on those fronts, and a CBDC would not change that."
5-69,5,69,2022-10-14,Christopher J. Waller,"Finally, as I've noted before, it is possible that a foreign-issued CBDC could have the opposite of its intended effect and make companies even less willing to use that country's currency."
5-70,5,70,2022-10-14,Christopher J. Waller,"Since digital currencies would make it easier for a government to monitor transactions, shifting to a CBDC might make a company less willing to use that country's currency."
5-71,5,71,2022-10-14,Christopher J. Waller,"For example, I suspect that many companies will remain wary of China's CBDC for just this reason."
5-72,5,72,2022-10-14,Christopher J. Waller,U.S. CBDC I am also skeptical that a U.S. CBDC would affect this hypothetical foreign company's decisionmaking.
5-73,5,73,2022-10-14,Christopher J. Waller,A U.S. CBDC is unlikely to dramatically reshape the liquidity or depth of U.S. capital markets.
5-74,5,74,2022-10-14,Christopher J. Waller,"It is unlikely to affect the openness of the U.S. economy, reconfigure trust in U.S. institutions, or deepen America's commitment to the rule of law."
5-75,5,75,2022-10-14,Christopher J. Waller,"As I have said before, the introduction of a U.S. CBDC would come with a number of costs and risks, including cyber risk and the threat of disintermediating commercial banks, both of which could harm, rather than help, the U.S. dollar's standing internationally."
5-76,5,76,2022-10-14,Christopher J. Waller,"Like a foreign CBDC, the technological advantages of a U.S. CBDC would have a hard time overcoming long-standing payments frictions without violating international financial integrity standards."
5-77,5,77,2022-10-14,Christopher J. Waller,"For the non-U.S. company already conducting its business in dollars, introducing a U.S. CBDC would not provide material benefits over and above the current reasons for making U.S. dollar-denominated payments."
5-78,5,78,2022-10-14,Christopher J. Waller,"For non-U.S. companies conducting their business in currencies other than dollars, a U.S. CBDC similarly would likely not be preferred to their current options."
5-79,5,79,2022-10-14,Christopher J. Waller,"It could be that individuals outside the United States would find a U.S. CBDC particularly attractive, but, again, making a U.S. CBDC globally available would raise a number of issues, including money laundering and international financial stability concerns."
5-80,5,80,2022-10-14,Christopher J. Waller,"And as with a foreign-issued CBDC, the dollar's function as a unit of account and store of value is unlikely to be affected, resulting in a limited effect on the international role of the dollar."
5-81,5,81,2022-10-14,Christopher J. Waller,Stablecoins The last scenario I want to consider is one in which a privately issued stablecoin pegged to a sovereign currency is available for international payments.
5-82,5,82,2022-10-14,Christopher J. Waller,Stablecoins are crypto-assets that aim to maintain a stable value relative to a specified asset or pool of assets.
5-83,5,83,2022-10-14,Christopher J. Waller,The reasons that stablecoins may be more attractive than existing options for payments include their ability to provide real-time payments at lower cost between countries that were previously poorly serviced and to provide a safe store of value for individuals residing in or transacting with countries with weak economic fundamentals.
5-84,5,84,2022-10-14,Christopher J. Waller,"This is different than an intermediated U.S. CBDC, for which access in developing economies would depend on banks' incentives to provide such access."
5-85,5,85,2022-10-14,Christopher J. Waller,"Stablecoins, however, may be held directly in any country that allows its citizens to do so."
5-86,5,86,2022-10-14,Christopher J. Waller,"To improve payments, especially for jurisdictions that are not well served under the current global payments ecosystem, stablecoins must be risk-managed and subject to a robust supervisory and regulatory framework."
5-87,5,87,2022-10-14,Christopher J. Waller,Could such an asset affect the role of the U.S. dollar?
5-88,5,88,2022-10-14,Christopher J. Waller,"Once again, I am unsure whether even a large issuance of a stablecoin could have anything more than a marginal effect."
5-89,5,89,2022-10-14,Christopher J. Waller,It has often been suggested by commentators that private money-like instruments such as stablecoins threaten the effectiveness of monetary policy.
5-90,5,90,2022-10-14,Christopher J. Waller,"I don't believe that to be the case, and it should be noted that nearly all the major stablecoins to date are denominated in dollars, and therefore U.S. monetary policy should affect the decision to hold stablecoins similar to the decision to hold currency."
5-91,5,91,2022-10-14,Christopher J. Waller,This follows from a vast body of evidence in international economics showing how countries pegging their exchange rates effectively import monetary policy from the country to which their currency is pegged.
5-92,5,92,2022-10-14,Christopher J. Waller,"Also, because stablecoins are pegged to the dollar, they may increase rather than reduce the primacy of the dollar abroad, since demand for stablecoins increases demand for dollar-denominated reserve assets held by the stablecoin issuer."
5-93,5,93,2022-10-14,Christopher J. Waller,"Conclusion The ongoing debate over the risks and benefits of a CBDC is important, and I am happy to continue to engage with both advocates and skeptics of CBDCs."
5-94,5,94,2022-10-14,Christopher J. Waller,"But, for the reasons I have laid out, I don't think there are implications here for the role of the United States in the global economy and financial system."
5-95,5,95,2022-10-14,Christopher J. Waller,"We should instead focus and debate the salient CBDC-related topics, like its effects on financial stability, payment system improvements, and financial inclusion."
5-96,5,96,2022-10-14,Christopher J. Waller,Thank you again for having me to participate in this fantastic event.
6-0,6,0,2023-04-18,Michelle W. Bowman,"It is a pleasure to be with you today to discuss the evolving money and payments landscape in the United States, which is a topic of primary importance to the Federal Reserve."
6-1,6,1,2023-04-18,Michelle W. Bowman,"Technological innovation has changed this landscape in recent years, as we have seen the emergence of new financial services entrants offering payments services, new platforms designed to increase the speed of payments, clearing, and settlement, and new forms of digital money."
6-2,6,2,2023-04-18,Michelle W. Bowman,"Over the past several years, and as a direct result of these developments, we have seen a significant increase in attention on central bank digital currencies (CBDCs) from central banks around the world in addition to a great deal of international and domestic engagement on CBDC."
6-3,6,3,2023-04-18,Michelle W. Bowman,A number of central banks have taken steps to begin exploring the potential uses of a CBDC in their home countries.
6-4,6,4,2023-04-18,Michelle W. Bowman,A very small number have adopted a CBDC for their local jurisdictions.
6-5,6,5,2023-04-18,Michelle W. Bowman,"And of course, discussions of the purpose, design, and potential risks of a U.S. CBDC, and technical research about key design elements, continue here in the United States."
6-6,6,6,2023-04-18,Michelle W. Bowman,"While the Federal Reserve plays an important role in these ongoing discussions and technical research, the Fed would not implement a U.S. CBDC without the approval of Congress."
6-7,6,7,2023-04-18,Michelle W. Bowman,"In broad terms, a CBDC is simply a new form of digital liability of a central bank."
6-8,6,8,2023-04-18,Michelle W. Bowman,"Because it is issued by a central bank, CBDC is typically thought of as being denominated in the currency of that central bank."
6-9,6,9,2023-04-18,Michelle W. Bowman,"One could imagine a digital U.S. dollar, a digital euro, or a digital pound."
6-10,6,10,2023-04-18,Michelle W. Bowman,"Beyond this baseline definition though, ""what is a CBDC"" defies a simple definition."
6-11,6,11,2023-04-18,Michelle W. Bowman,"A CBDC built on distributed ledger technology offers a wide range of design and potential use options, as well as potential risks."
6-12,6,12,2023-04-18,Michelle W. Bowman,This variability complicates any discussion of a CBDC simply because we may not be talking about the same thing.
6-13,6,13,2023-04-18,Michelle W. Bowman,There are two threshold questions that a policymaker needs to ask before any decision to move forward with a CBDC.
6-14,6,14,2023-04-18,Michelle W. Bowman,"First, what problem is the policymaker trying to solve, and is a CBDC a potential solution?"
6-15,6,15,2023-04-18,Michelle W. Bowman,"Second, what features and considerations--including unintended consequences--may a policymaker want to consider in deciding to design and adopt a CBDC?"
6-16,6,16,2023-04-18,Michelle W. Bowman,"While it would be impossible for me to provide a comprehensive analysis of every issue surrounding CBDC, my goal today is to offer a perspective on these two threshold questions and to conclude with some thoughts about the imperative for future research on CBDCs and the potential future of CBDCs in the United States."
6-17,6,17,2023-04-18,Michelle W. Bowman,What Problem Could a CBDC Solve?
6-18,6,18,2023-04-18,Michelle W. Bowman,"In my view, the fundamental question is: what problem could a CBDC solve?"
6-19,6,19,2023-04-18,Michelle W. Bowman,CBDC and the Payment System One issue being examined is whether a CBDC or even broader forms of digital money could make the payment system more efficient.
6-20,6,20,2023-04-18,Michelle W. Bowman,Do these new technologies present opportunities to increase the speed of payments and/or lower costs and frictions within the payment system?
6-21,6,21,2023-04-18,Michelle W. Bowman,"Of course, this question takes place in the context of the payments infrastructure in each jurisdiction, both for domestic payments and for cross-border payments."
6-22,6,22,2023-04-18,Michelle W. Bowman,Many countries have launched faster payment systems and continue to investigate how central banks can support these payment systems.
6-23,6,23,2023-04-18,Michelle W. Bowman,"We have seen a wide range of motivations for this work, including addressing specific inefficiencies in the payment system, providing a CBDC if cash use were to decline, or promoting broader private-sector innovation for future generations of payments."
6-24,6,24,2023-04-18,Michelle W. Bowman,"Improving the speed of payments, particularly retail payments, can be accomplished without the introduction of a CBDC."
6-25,6,25,2023-04-18,Michelle W. Bowman,"In the United States, beginning later this year, the Federal Reserve's FedNowSM Service will enable banks in the United States to offer their customers the ability to send and receive payments in real-time."
6-26,6,26,2023-04-18,Michelle W. Bowman,Policymakers have also raised other arguments for why a CBDC may be suitable in their home countries.
6-27,6,27,2023-04-18,Michelle W. Bowman,Some have argued that a CBDC would facilitate large-value transactions between financial institutions.
6-28,6,28,2023-04-18,Michelle W. Bowman,Others see CBDC as a vehicle to improve upon international payments.
6-29,6,29,2023-04-18,Michelle W. Bowman,"And still others view CBDCs as necessary to preserve the role of central bank money as a stabilizing force in the payments system and to safeguard monetary sovereignty, or to ensure that digital money has a high degree of safety and uniformity to promote innovation and competition."
6-30,6,30,2023-04-18,Michelle W. Bowman,"CBDC and Financial Inclusion Another issue that some have raised is whether innovation in money and payments, including a potential U.S. CBDC, could improve financial inclusion."
6-31,6,31,2023-04-18,Michelle W. Bowman,"We can all agree that financial inclusion is an important goal when considering improvements in access to financial services, banking, and the payment system."
6-32,6,32,2023-04-18,Michelle W. Bowman,"However, in the United States today, over 95 percent of households have a least one member of the household with a banking relationship holding a checking or savings account."
6-33,6,33,2023-04-18,Michelle W. Bowman,"Of the remaining 4.5 percent who are not banked, nearly three-quarters have no interest in having a bank account, and approximately one-third cited a lack of trust in banks as the reason for not having a bank account."
6-34,6,34,2023-04-18,Michelle W. Bowman,I think it is unlikely that this group would find the government somehow more trustworthy than highly regulated banks.
6-35,6,35,2023-04-18,Michelle W. Bowman,"Unbanked households are also less likely to own mobile phones or have access to the internet, which would present barriers to CBDC adoption."
6-36,6,36,2023-04-18,Michelle W. Bowman,"While there has been important research on these barriers to adoption, including consumer attitudes and technology requirements, policymakers also need to consider whether there are other means to improve financial inclusion, such as alternatives for making the distribution of government benefits more efficient and effective like promoting financial literacy."
6-37,6,37,2023-04-18,Michelle W. Bowman,"CBDC for Implementation of Policy Objectives Another issue is whether the government should use new technologies, including a potential CBDC, to accomplish a variety of policy objectives beyond those directly related to the operating of an efficient and safe financial system."
6-38,6,38,2023-04-18,Michelle W. Bowman,"Imagine a scenario in which fiscal spending, in the form of government benefits or payments, could be transferred via CBDC and could include a limited timeframe in which they could be spent before expiring."
6-39,6,39,2023-04-18,Michelle W. Bowman,Enabling this type of limit through a CBDC would stand in stark contrast to the flexibility and freedom embedded in physical currency or bank deposits and could serve to control or even harm consumers and businesses.
6-40,6,40,2023-04-18,Michelle W. Bowman,"There is also a risk that this type of control could lead to the politicization of the payments system and at its heart, how money is used."
6-41,6,41,2023-04-18,Michelle W. Bowman,"A CBDC that permitted this type of control not only has the potential to allow the government to limit certain types of private spending or limit access to banking accounts, it could also threaten the Federal Reserve's independence."
6-42,6,42,2023-04-18,Michelle W. Bowman,"The Efficiency and Speed of the Payments System CBDCs are often discussed in the context of providing fast or instant payments for a variety of transactions, whether consumer-to-business or person-to-person transactions."
6-43,6,43,2023-04-18,Michelle W. Bowman,"As I previously noted, the introduction of the FedNow Service in the United States and other instant payments platforms globally leads me to ask: What could a CBDC accomplish, if anything, over and above what instant payments platforms alone can accomplish?"
6-44,6,44,2023-04-18,Michelle W. Bowman,"There are potential use cases in the context of certain interbank transactions in wholesale markets, where some transactions are slow and heavily resource-intensive to clear and settle."
6-45,6,45,2023-04-18,Michelle W. Bowman,Participants in the wholesale financial markets have been considering innovative ways to address these frictions with newer technologies such as distributed ledger technology in which shared information across counterparties could be leveraged to increase speed and reduce back-office costs to reconcile transactions before they settle.
6-46,6,46,2023-04-18,Michelle W. Bowman,"In the public debate about CBDC, some have argued that the introduction of a wholesale version of a CBDC could fully unlock the benefits of these newer technologies for these financial market use cases."
6-47,6,47,2023-04-18,Michelle W. Bowman,"Similar to the questions noted for a retail level CBDC, policymakers must carefully consider the wholesale use cases, including whether there is added value of a wholesale version of CBDC in supporting new infrastructure to financial transactions over and above existing methods."
6-48,6,48,2023-04-18,Michelle W. Bowman,"Cross-Border Activities In the international context, frictions and high costs are pain points often associated with cross-border payments."
6-49,6,49,2023-04-18,Michelle W. Bowman,"Many policymakers have discussed whether CBDCs could play a role in streamlining cross-border payments by using new technologies, introducing simplified distribution channels, and creating additional opportunities for cross-jurisdictional collaboration and interoperability."
6-50,6,50,2023-04-18,Michelle W. Bowman,"Of course, these opportunities may be limited by the regulatory and legal safeguards in place for payments between countries with different legal structures, including customer identification, customer due diligence, and sanctions screening for compliance with regulations and policies for Bank Secrecy Act/Anti-Money Laundering (BSA/AML)."
6-51,6,51,2023-04-18,Michelle W. Bowman,These competing priorities are challenging to reconcile.
6-52,6,52,2023-04-18,Michelle W. Bowman,"While cross-border payments are among the slowest and least efficient, they also raise substantial legal and regulatory compliance concerns that would apply equally to CBDCs."
6-53,6,53,2023-04-18,Michelle W. Bowman,International Role of the U.S. Dollar Another consideration is whether a CBDC (or lack of it) would affect the role of the U.S. dollar in international trade.
6-54,6,54,2023-04-18,Michelle W. Bowman,"In my view, the dollar serves this role because of the size of the U.S. economy, its deep and liquid financial markets, the strength of U.S. institutions, and its commitment to the rule of law."
6-55,6,55,2023-04-18,Michelle W. Bowman,"A CBDC, or lack of it, may not meaningfully change the existing incentives for people, firms, or countries to conduct business in the dollar."
6-56,6,56,2023-04-18,Michelle W. Bowman,"Therefore, maintenance of the dollar as a reserve global currency will require broad policies that foster economic growth, liquid markets, and an unwavering commitment to the rule of law."
6-57,6,57,2023-04-18,Michelle W. Bowman,And we should have an imperative to research and experiment with new technological innovation.
6-58,6,58,2023-04-18,Michelle W. Bowman,I will say more on that shortly.
6-59,6,59,2023-04-18,Michelle W. Bowman,"Declining Cash Use and CBDC In jurisdictions that have not adopted a CBDC, cash is generally the only central bank money available to the public, and it remains an important and popular means of payment."
6-60,6,60,2023-04-18,Michelle W. Bowman,"In some countries, however, digital payments have rapidly supplanted the use of cash."
6-61,6,61,2023-04-18,Michelle W. Bowman,"As a result of this trend, many central banks have cited the importance of access to central bank money by the general public as a potential reason to issue a CBDC."
6-62,6,62,2023-04-18,Michelle W. Bowman,"For example, Sir Jon Cunliffe of the United Kingdom examined the central role money plays in social and economic stability and concluded that, because private money has been replacing the use of government money over time, at some point ""a retail, general purpose digital currency …will be needed in the U.K."" Because the Federal Reserve is committed to ensuring the continued safety and availability of cash, a CBDC could be considered as a means to expand safe payment options, not to reduce or replace them."
6-63,6,63,2023-04-18,Michelle W. Bowman,"So, an important issue for us to consider would be whether a CBDC could provide the public with a more attractive alternative to cash in a world that may be shifting away from cash-based payments."
6-64,6,64,2023-04-18,Michelle W. Bowman,"In probing this question, we need to also consider the privacy implications, and whether a CBDC would be a better alternative than private-sector solutions."
6-65,6,65,2023-04-18,Michelle W. Bowman,"Stablecoins and CBDC Some new private forms of money, often referred to as stablecoins, have emerged mainly to support trading in the crypto-asset ecosystem both as a means of payment and as a store of value."
6-66,6,66,2023-04-18,Michelle W. Bowman,"These stablecoins, which purport to have convertibility one-for-one with the dollar, have also been discussed as an alternative to traditional payments."
6-67,6,67,2023-04-18,Michelle W. Bowman,"However, stablecoins are less secure, less stable, and less regulated than traditional forms of money."
6-68,6,68,2023-04-18,Michelle W. Bowman,and their structures and frameworks are opaque.
6-69,6,69,2023-04-18,Michelle W. Bowman,"To the extent stablecoins become widely used in day-to-day payments, these features could raise significant concerns."
6-70,6,70,2023-04-18,Michelle W. Bowman,"Of course, issuing a CBDC has been discussed as a potential alternative to stablecoins that could address some of these shortcomings."
6-71,6,71,2023-04-18,Michelle W. Bowman,It is also possible that Congress could pass legislation to strengthen the regulation and oversight of stablecoins to mitigate some of these issues.
6-72,6,72,2023-04-18,Michelle W. Bowman,I will be following developments in Congress closely on this and other digital assets.
6-73,6,73,2023-04-18,Michelle W. Bowman,"Regardless, it is important for us to continue to evaluate the evolving landscape of digital assets and understand whether and how well-regulated stablecoins or a CBDC would interact with each other and with the broader payments system."
6-74,6,74,2023-04-18,Michelle W. Bowman,"Design Features and Policy Considerations The Fed's ongoing exploratory work helps us to think critically about a future shaped by innovations in payments and the broader economy, including instant payments and new potential forms of money and payment systems like CBDCs and other digital assets that could potentially play a larger role in the economy."
6-75,6,75,2023-04-18,Michelle W. Bowman,"While the investigation of CBDC raises many policy questions, for the purposes of today's discussion I will focus on a few key areas that are important from my perspective."
6-76,6,76,2023-04-18,Michelle W. Bowman,"Privacy Considerations As we consider these potential opportunities for improvements and innovation, we must also note that the introduction of a CBDC could present significant risks, challenges, and tradeoffs."
6-77,6,77,2023-04-18,Michelle W. Bowman,"First, in my view safeguarding privacy is a top concern and is also often identified as a top concern of consumers and other stakeholders."
6-78,6,78,2023-04-18,Michelle W. Bowman,"As a baseline, we need to think about how to protect the privacy of consumers and businesses, while also establishing an appropriate level of transparency that would deter criminal activity."
6-79,6,79,2023-04-18,Michelle W. Bowman,We must ensure that consumer data privacy protections embedded in today's payment systems continue and are extended into future systems.
6-80,6,80,2023-04-18,Michelle W. Bowman,"In thinking about the implications of CBDC and privacy, we must also consider the central role that money plays in our daily lives, and the risk that a CBDC would provide not only a window into, but potentially an impediment to, the freedom Americans enjoy in choosing how money and resources are used and invested."
6-81,6,81,2023-04-18,Michelle W. Bowman,"So, a central consideration must be how a potential U.S. CBDC could incorporate privacy considerations into its design, and what technology and policy options could support a robust privacy framework."
6-82,6,82,2023-04-18,Michelle W. Bowman,"The issue of privacy may be less difficult to address in the case of wholesale use cases, in which a CBDC would only be used by traditional financial institutions to conduct a limited range of financial market transactions."
6-83,6,83,2023-04-18,Michelle W. Bowman,"As with many of these considerations, the purpose and intended function of a CBDC has a major impact on its policy and design considerations."
6-84,6,84,2023-04-18,Michelle W. Bowman,"Interoperability and Innovation Relatedly, one possible way to design a CBDC could be to focus on providing a foundational layer on top of which banks and other eligible institutions could build their own technology."
6-85,6,85,2023-04-18,Michelle W. Bowman,"In such an intermediated model, banks and other eligible institutions would build technology on top of a CBDC that could be offered to retail consumers and others to provide products and services that may not be available today."
6-86,6,86,2023-04-18,Michelle W. Bowman,It would be important to understand how such a layer would connect or interact with existing and new payments infrastructures.
6-87,6,87,2023-04-18,Michelle W. Bowman,It is useful to consider what types of innovations this could encourage.
6-88,6,88,2023-04-18,Michelle W. Bowman,"Some of the research on the design and functionality of CBDCs contemplates things like increased programmability--allowing the efficient transfer of money through the use of so-called smart contracts--that could improve upon existing, regulated forms of money and payments."
6-89,6,89,2023-04-18,Michelle W. Bowman,"These are important questions worth exploring, but they link back to the identification of ""problems"" that a CBDC would be designed to solve."
6-90,6,90,2023-04-18,Michelle W. Bowman,Unintended Effects on the U.S. Banking System It is also necessary to consider the potential impacts of a CBDC on the banking sector.
6-91,6,91,2023-04-18,Michelle W. Bowman,"Today's banking system delivers important benefits to our economy and, as I noted earlier, is continuing to evolve through innovations, like the improved availability of instant payments already discussed."
6-92,6,92,2023-04-18,Michelle W. Bowman,There are significant risks in adopting a CBDC that cannibalizes rather than complements the U.S. banking system.
6-93,6,93,2023-04-18,Michelle W. Bowman,"The U.S. banking system is a mature, well-functioning, effective and efficient system."
6-94,6,94,2023-04-18,Michelle W. Bowman,Banks provide consumers access to credit and other banking and payments services.
6-95,6,95,2023-04-18,Michelle W. Bowman,"Banks also support important public policies, including reporting on suspicious or criminal activity through their BSA/AML compliance and reporting."
6-96,6,96,2023-04-18,Michelle W. Bowman,"More importantly, banks play an essential role in the transmission of monetary policy and supporting a well-functioning economy and financial system."
6-97,6,97,2023-04-18,Michelle W. Bowman,"If the Federal Reserve were to be authorized and directed to implement a U.S. CBDC, we would need to carefully consider how an intermediated CBDC, with private-sector service providers, could be designed in a way that maintains financial institution involvement and minimizes disruptions to the financial system."
6-98,6,98,2023-04-18,Michelle W. Bowman,"A CBDC, if not properly designed, could disrupt the banking system and lead to disintermediation, potentially harming consumers and businesses, and could present broader financial stability risks."
6-99,6,99,2023-04-18,Michelle W. Bowman,Consider the consequences of a CBDC that pays interest at comparable or better rates than commercial bank deposits and other low-risk assets.
6-100,6,100,2023-04-18,Michelle W. Bowman,It seems likely that such a CBDC would reduce the funds available to lend and increase the cost of capital across the economy.
6-101,6,101,2023-04-18,Michelle W. Bowman,"Likewise, we need to consider the effect on bank stability, and the potential of even more rapid bank runs, in a world where there are fewer constraints on the volume and velocity of payments."
6-102,6,102,2023-04-18,Michelle W. Bowman,The ongoing demand for private and public options to facilitate instant payments may exacerbate these concerns.
6-103,6,103,2023-04-18,Michelle W. Bowman,These are exactly the types of issues that policymakers must confront.
6-104,6,104,2023-04-18,Michelle W. Bowman,It would be irresponsible to undermine the traditional banking system by introducing a CBDC without appropriate guardrails to mitigate these potential impacts on the banking sector and the financial system.
6-105,6,105,2023-04-18,Michelle W. Bowman,The Imperative of Continuing Research The Federal Reserve's work continues to explore an array of CBDC design choices and the challenging consideration of policy tradeoffs that this multitude of choices presents.
6-106,6,106,2023-04-18,Michelle W. Bowman,It is imperative that each of these tradeoffs is carefully evaluated and thoroughly understood.
6-107,6,107,2023-04-18,Michelle W. Bowman,"Where opportunities for improvements may exist, we should ask whether a U.S. CBDC is the most efficient and effective means to make such improvements, or are there better alternatives, such as enhancements to current payment infrastructures?"
6-108,6,108,2023-04-18,Michelle W. Bowman,"Apart from focusing on payments alone, it is also worth considering whether other policies would more effectively target financial inclusion, including policies that are beyond the remit of the Federal Reserve."
6-109,6,109,2023-04-18,Michelle W. Bowman,"And in the absence of a CBDC, some of these risks I noted may still exist as the private sector continues to innovate, including the risk of substitution from commercial bank deposits to digital wallets, and the migration to less regulated digital assets, including stablecoins."
6-110,6,110,2023-04-18,Michelle W. Bowman,"With such significant potential opportunities, risks, and tradeoffs, it is essential that the Federal Reserve continue to thoroughly research and engage with stakeholders to further understand these issues."
6-111,6,111,2023-04-18,Michelle W. Bowman,"Future decisions about the implementation of technology innovations in money and payments, including a potential U.S. CBDC, must be informed by a deep and thorough understanding of potential intended and unintended consequences, as well as understanding whether a CBDC would be the most effective and efficient means to improve the payment system and address identified problems."
6-112,6,112,2023-04-18,Michelle W. Bowman,"The Federal Reserve has continued its independent research and technical experimentation on digital innovations, including digital assets and CBDC."
6-113,6,113,2023-04-18,Michelle W. Bowman,"Specific to CBDC, the Federal Reserve established a program of work that aims to (1) carry out policy analysis to provide perspectives on issues articulated in the Board's January 2022 discussion paper; (2) conduct technology research and experimentation to inform potential CBDC designs; and (3) invest in engagement with the public, industry, academia, and the public sector to bring along stakeholders and obtain needed expertise."
6-114,6,114,2023-04-18,Michelle W. Bowman,"Concluding Thoughts: The Potential Future of CBDC in the United States Of course, as the evolution of money and payments continues, it is important for the Federal Reserve to continue looking ahead to anticipate potential changes to money and payments well into the future."
6-115,6,115,2023-04-18,Michelle W. Bowman,"With this in mind, our consideration of other potential innovations to money and payments, including a potential U.S. CBDC, must be viewed through the lens of whether and how the payment system would be improved beyond what instant payment services will achieve."
6-116,6,116,2023-04-18,Michelle W. Bowman,"We should ask ""what current frictions exist or may emerge in the payment system that only a CBDC can solve, or that a CBDC can solve most efficiently?"""
6-117,6,117,2023-04-18,Michelle W. Bowman,"In my view, it is important that the Federal Reserve is a part of the ongoing conversations around CBDCs, whether or not a CBDC is ultimately created in the United States."
6-118,6,118,2023-04-18,Michelle W. Bowman,"As the Federal Reserve continues to monitor developments in other jurisdictions, we will work closely with international counterparts on payments innovation, CBDC, and other related topics."
6-119,6,119,2023-04-18,Michelle W. Bowman,"This includes work with multilateral institutions such as the Bank for International Settlements, the G7, and the Financial Stability Board, as well as bilateral engagements with other central banks."
6-120,6,120,2023-04-18,Michelle W. Bowman,"From my perspective, there could be some promise for wholesale CBDCs in the future for settlement of certain financial market transactions and processing international payments."
6-121,6,121,2023-04-18,Michelle W. Bowman,"When it comes to some of the broader design and policy issues, particularly those around consumer privacy and impacts on the banking system, it is difficult to imagine a world where the tradeoffs between benefits and unintended consequences could justify a direct access CBDC for uses beyond interbank and wholesale transactions."
6-122,6,122,2023-04-18,Michelle W. Bowman,"It is important that we thoughtfully examine the evolving money and payments landscape and digital innovations broadly, including a potential U.S. CBDC."
6-123,6,123,2023-04-18,Michelle W. Bowman,"In addition to understanding international approaches to these issues, the Federal Reserve's research, experimentation, and outreach to stakeholders help us to gain important input and perspective on these issues."
6-124,6,124,2023-04-18,Michelle W. Bowman,"Apart from these ongoing CBDC-related efforts, the Federal Reserve is committed to the successful implementation of FedNow, which is expected to support the broader adoption of instant payments in the U.S., meaningfully evolving and upgrading the U.S. payments infrastructure for consumers and businesses."
6-125,6,125,2023-04-18,Michelle W. Bowman,Thank you for the opportunity to share my thoughts on these important issues.
8-0,8,0,2019-10-16,Lael Brainard,"Technology is driving rapid change in the way we make payments and in the concept of ""money."""
8-1,8,1,2019-10-16,Lael Brainard,"There is a long history of technological advances challenging the prevailing notions of money, from the trading of coins to the use of paper currency, to the electronic debiting and crediting of funds on the accounts of banks."
8-2,8,2,2019-10-16,Lael Brainard,"Today, efforts by global stablecoin networks such as Facebook's Libra to establish the next chapter in the story of money are raising threshold questions about legal and regulatory safeguards, financial stability, and monetary policy."
8-3,8,3,2019-10-16,Lael Brainard,"Because of its potential global reach, Facebook's Libra imparts urgency to the debate over what form money can take, who or what can issue it, and how payments can be recorded and settled."
8-4,8,4,2019-10-16,Lael Brainard,Reassessing Money Money has traditionally served three functions.
8-5,8,5,2019-10-16,Lael Brainard,"Money facilitates payments as a medium of exchange, serves as a store of value that can be relied on for future use, and simplifies transactions by providing a common unit of account to compare the value of goods and services."
8-6,8,6,2019-10-16,Lael Brainard,"A decade ago, Bitcoin was heralded as a new kind of digital money that would address frictions in payments as well as serve as a unit of account and store of value without the need for centralized governance."
8-7,8,7,2019-10-16,Lael Brainard,Bitcoin's emergence created an entirely new payment instrument and asset class exchanged over a set of payment rails supported by distributed ledger technology.
8-8,8,8,2019-10-16,Lael Brainard,"Distributed ledger technology may allow for a shared, tamper-resistant ledger that can be updated by anyone with sufficient computing power, in contrast to traditional recordkeeping systems built on a single ledger managed by a trusted central entity."
8-9,8,9,2019-10-16,Lael Brainard,"But Bitcoin and some other early iterations of cryptocurrencies have exhibited extreme volatility, limited throughput capacity, unpredictable transaction costs, limited or no governance, and limited transparency, which have limited their utility as a means of payment and unit of account."
8-10,8,10,2019-10-16,Lael Brainard,"Stablecoins were designed specifically to overcome the substantial volatility exhibited by first-generation cryptocurrencies, which limits their reach in payments and their utility as a unit of account."
8-11,8,11,2019-10-16,Lael Brainard,"As the name implies, stablecoins aim to maintain stable value by tying the digital currency to an asset or basket of assets, such as commercial bank deposits or government-issued bonds."
8-12,8,12,2019-10-16,Lael Brainard,Stablecoins also differ from the initial set of cryptocurrencies in that they may be issued by a central entity and rely on third-party institutions for some aspects.
8-13,8,13,2019-10-16,Lael Brainard,"Just as any currency's value as a medium of exchange increases with the size of the network using it, so too the power of a stablecoin payment system will depend on its ability to achieve widespread adoption, due to the associated network externalities."
8-14,8,14,2019-10-16,Lael Brainard,"In light of the 2.7 billion active monthly users on Facebook's platforms, the Libra stablecoin project stands out for the speed with which its network could reach global scale in a payment system."
8-15,8,15,2019-10-16,Lael Brainard,"To assess the efforts by stablecoin issuers to provide the three functions of money, it is useful first to consider existing arrangements for the issuance, regulation, and transfer of money."
8-16,8,16,2019-10-16,Lael Brainard,Central bank money and commercial bank money are the foundations of the modern financial system.
8-17,8,17,2019-10-16,Lael Brainard,Central bank money is composed of physical cash and money held in deposits at a central bank.
8-18,8,18,2019-10-16,Lael Brainard,"Central bank money is important for payment systems because it represents a safe settlement asset, allowing users to exchange central bank liabilities with confidence in their acceptance and reliability."
8-19,8,19,2019-10-16,Lael Brainard,"In addition, central banks can play a critical role as providers of liquidity by lending central bank money at moments of stress."
8-20,8,20,2019-10-16,Lael Brainard,Commercial bank money refers to money held in deposits at commercial banks.
8-21,8,21,2019-10-16,Lael Brainard,"It is widely used in part because people are confident that they can convert it on demand to the liability of another commercial bank or the central bank, such as physical cash."
8-22,8,22,2019-10-16,Lael Brainard,"This confidence comes in no small part because bank deposits are insured, and commercial banks are subject to supervision, regulation, and deposit insurance requirements."
8-23,8,23,2019-10-16,Lael Brainard,"Consumers and businesses also use this money in transactions because of its convenience and availability, which in turn expand with the size of the network using this money."
8-24,8,24,2019-10-16,Lael Brainard,Nonbank private money or assets can also facilitate transactions among a network of users.
8-25,8,25,2019-10-16,Lael Brainard,"In some cases, such as airline miles, such assets may have value only within the network."
8-26,8,26,2019-10-16,Lael Brainard,"In other cases, the issuer of an asset within a network may guarantee convertibility to a sovereign currency."
8-27,8,27,2019-10-16,Lael Brainard,Consumers trust that the company issuing such money will be able to honor these liabilities.
8-28,8,28,2019-10-16,Lael Brainard,"Many U.S. consumers have experience with nonbank private money in the form of gift cards, loyalty points, and virtual gaming currencies."
8-29,8,29,2019-10-16,Lael Brainard,"Although many of these are relatively limited in scale and purpose, some nonbank money networks are sizeable."
8-30,8,30,2019-10-16,Lael Brainard,Starbucks reported that it had $1.6 billion in stored value card liabilities as of September 2018—more than the deposits held at many depository institutions.
8-31,8,31,2019-10-16,Lael Brainard,"As the scale and scope of such private networks grow, so too do the convenience and benefit of transacting within the network in a self-reinforcing dynamic, called network externalities."
8-32,8,32,2019-10-16,Lael Brainard,"These network benefits may be augmented by the active use of network data for a host of purposes, from allocating and pricing credit to sharing reviews to prioritizing information that is pushed to users."
8-33,8,33,2019-10-16,Lael Brainard,"In China, consumers and businesses participate in two mobile networks, Alipay and WeChatPay, which by some accounts handled more than $37 trillion in mobile payments last year."
8-34,8,34,2019-10-16,Lael Brainard,"These networks operate within China based on the renminbi as the unit of account, and balances are transferable in and out of bank or credit card accounts."
8-35,8,35,2019-10-16,Lael Brainard,Stablecoins with Global Scale and Scope Stablecoins may resemble private nonbank liabilities depending on their design and claim structure.
8-36,8,36,2019-10-16,Lael Brainard,Stablecoins aspire to achieve the functions of traditional money without relying on confidence in an issuer—such as a central bank—to stand behind the money.
8-37,8,37,2019-10-16,Lael Brainard,"Indeed, for some potential stablecoins, a close assessment suggests users may have no rights with respect to the underlying assets or the system overall."
8-38,8,38,2019-10-16,Lael Brainard,"We have seen the growth of massive payments networks on existing digital platforms, such as Alibaba and WeChat, and the issuance of stablecoins on a smaller scale, such as Tether, Gemini, and Paxos."
8-39,8,39,2019-10-16,Lael Brainard,What sets Facebook's Libra apart is the combination of an active-user network representing more than a third of the global population with the issuance of a private digital currency opaquely tied to a basket of sovereign currencies.
8-40,8,40,2019-10-16,Lael Brainard,It should be no surprise that Facebook's Libra is attracting a high level of scrutiny from lawmakers and authorities.
8-41,8,41,2019-10-16,Lael Brainard,"Libra, and indeed any stablecoin project with global scale and scope, must address a core set of legal and regulatory challenges before it can facilitate a first payment."
8-42,8,42,2019-10-16,Lael Brainard,I will emphasize a few issues in particular.
8-43,8,43,2019-10-16,Lael Brainard,"First, compliance with know-your-customer rules and regulations are essential to ensure stablecoins are not used for illegal activities and illicit finance."
8-44,8,44,2019-10-16,Lael Brainard,"Libra's business model is inherently cross-border, and, as such, each participant in the system deemed to be a financial institution would need to ensure compliance with each national jurisdictions' anti-money-laundering laws."
8-45,8,45,2019-10-16,Lael Brainard,Libra's intended global reach would likely necessitate a consistent global anti-money-laundering framework in order to reduce the risk of illicit transactions.
8-46,8,46,2019-10-16,Lael Brainard,"Second, issuers of stablecoins designed to facilitate consumer payments must clearly demonstrate how consumer protections would be assured."
8-47,8,47,2019-10-16,Lael Brainard,Consumers will need to be educated on how their rights differ with respect to digital wallets compared to bank accounts.
8-48,8,48,2019-10-16,Lael Brainard,"In the United States, as elsewhere, statutory and regulatory protections have been implemented with respect to bank accounts so that consumers can reasonably expect their deposits to be insured up to a limit; fraudulent transactions to be the liability of the bank; transfers to be available within specified periods; and clear, standardized disclosures about account fees and interest payments."
8-49,8,49,2019-10-16,Lael Brainard,"Not only is it not clear whether comparable protections will be in place with Libra, or what recourse consumers will have, but it is not even clear how much price risk consumers will face since they do not appear to have rights to the stablecoin's underlying assets."
8-50,8,50,2019-10-16,Lael Brainard,Consumers need to be cautioned that stablecoins are likely to be starkly different from sovereign-issued currency in legal terms.
8-51,8,51,2019-10-16,Lael Brainard,"It will be important to get clarity on what legal entity can be held responsible for the security of personally identifiable information and transaction data and how personal data will be stored, accessed, and used."
8-52,8,52,2019-10-16,Lael Brainard,The large number of cyber breaches in the last few years highlight the importance of these issues.
8-53,8,53,2019-10-16,Lael Brainard,"Third, it will be necessary to define the financial activities that the various players in the Libra ecosystem are conducting in order for jurisdictions to assess whether existing regulatory and enforcement mechanisms are adequate."
8-54,8,54,2019-10-16,Lael Brainard,"As the legal domicile of the Libra Association, Switzerland is of particular interest."
8-55,8,55,2019-10-16,Lael Brainard,"Swiss authorities have established three new categories to facilitate their approach of regulating by function: ""payment tokens"" are cryptocurrencies that are meant for use in payments or value transfers; ""utility tokens"" are blockchain-based applications; and ""asset tokens"" are cryptoassets that are analogous to equities, bonds, and derivatives."
8-56,8,56,2019-10-16,Lael Brainard,"To the extent that some innovations do not fit neatly within a single category, these classifications may not be mutually exclusive."
8-57,8,57,2019-10-16,Lael Brainard,"In the United States, regulators are closely examining the specific functions of particular stablecoins and cryptocurrencies more broadly to determine whether and where they fit in the existing regulatory structure and whether additional authorities or guidance is necessary."
8-58,8,58,2019-10-16,Lael Brainard,U.S. market regulators have authorities for products judged to be securities or commodity futures under relevant law.
8-59,8,59,2019-10-16,Lael Brainard,"At the state level, the New York State Department of Financial Services has established a BitLicense for entities associated with virtual currencies."
8-60,8,60,2019-10-16,Lael Brainard,"The Federal Reserve and the other federal banking agencies have supervisory authority over banks, including, in many cases, the ability to regulate and examine companies that provide services to banks."
8-61,8,61,2019-10-16,Lael Brainard,Neither the Federal Reserve nor any other regulator has plenary authority over payment systems operating in the United States.
8-62,8,62,2019-10-16,Lael Brainard,"Although the Financial Stability Oversight Council does have the authority to designate systemically important nonbank financial companies; financial market utilities; or payment, clearing, and settlement activities based on the facts of the specific situation, it is not clear at this time whether any cryptocurrency issuer would meet the statutory requirements for designation."
8-63,8,63,2019-10-16,Lael Brainard,"Stablecoins, and cryptocurrencies more generally, challenge the long-held premise that payments must be recorded in a central ledger managed by a single entity."
8-64,8,64,2019-10-16,Lael Brainard,"In fact, banks were established to perform this central ledger function."
8-65,8,65,2019-10-16,Lael Brainard,"Distributed ledger technology allows for the direct peer-to-peer transfer of assets, potentially eliminating the need to transact through intermediaries."
8-66,8,66,2019-10-16,Lael Brainard,"While distributed ledger technology could offer advantages by enhancing operational resilience, increasing transparency, and simplifying recordkeeping, the public and immutable nature of the transactions ledger also introduces risks, such as data privacy concerns and legal complexity."
8-67,8,67,2019-10-16,Lael Brainard,Global stablecoin networks also may pose challenges to bank business models.
8-68,8,68,2019-10-16,Lael Brainard,"In the extreme, widespread migration to one or more global stablecoin networks could disintermediate the role of banks in payments."
8-69,8,69,2019-10-16,Lael Brainard,"If consumers and businesses reduce their deposits at commercial banks in favor of stablecoins held in digital wallets, this could shrink banks' sources of stable funding, as well as their visibility into transactions data, and thereby hinder banks' ability to provide credit to businesses and households."
8-70,8,70,2019-10-16,Lael Brainard,"That said, many banks are likely to adapt by offering alternative methods of peer-to-peer settlement and by incorporating stablecoins into their business models, whether by partnering with fintech firms who issue stablecoins or by issuing their own, as some are already doing."
8-71,8,71,2019-10-16,Lael Brainard,"Moreover, widespread adoption of stablecoins could have implications for the role of central banks and monetary policy."
8-72,8,72,2019-10-16,Lael Brainard,Payments are the economy's circulatory system.
8-73,8,73,2019-10-16,Lael Brainard,Large-scale migration into a new stablecoin network for purposes of payments may prove to be the leading edge of a broader migration.
8-74,8,74,2019-10-16,Lael Brainard,"If a large share of domestic households and businesses come to rely on a global stablecoin not only as a means of payment but also as a store of value, this could shrink demand for physical cash and affect the size of the central bank's balance sheet."
8-75,8,75,2019-10-16,Lael Brainard,The central bank's approach to implementing monetary policy may be complicated to the extent that banks' participation in short-term funding markets is affected.
8-76,8,76,2019-10-16,Lael Brainard,"These effects are likely to be more significant for small, open economies or those with weak monetary institutions, where the migration away from the sovereign currency to a global stablecoin could weaken the scope for independent monetary policy through a process that is the digital analogue of dollarization."
8-77,8,77,2019-10-16,Lael Brainard,"Large-scale stablecoin use could also affect larger, advanced economies with extensive connections to the global financial system, including by increasing market volatility and by transmitting shocks across borders."
8-78,8,78,2019-10-16,Lael Brainard,"Finally, there are likely to be financial stability risks for a stablecoin network with global reach."
8-79,8,79,2019-10-16,Lael Brainard,"If not managed effectively, liquidity, credit, market, or operational risks—alone or in combination—could trigger a loss of confidence and a classic run."
8-80,8,80,2019-10-16,Lael Brainard,"A global stablecoin network raises complicated issues associated with many legally independent but interdependent operations, and the lack of clarity about the management of reserves and the rights and responsibilities of various market participants in the network."
8-81,8,81,2019-10-16,Lael Brainard,The potential for risks and spillovers could be amplified by potential ambiguity surrounding the ability of official authorities to provide oversight and backstop liquidity and to collaborate across borders.
8-82,8,82,2019-10-16,Lael Brainard,"Central Bank Digital Currencies Even before the advent of stablecoins, the rapid migration of payments to digital systems prompted interest in the issuance of central bank digital currencies."
8-83,8,83,2019-10-16,Lael Brainard,"In some jurisdictions, there has already been a pronounced migration from cash to digital payments, which naturally prompts monetary authorities to explore moving to digital issuance of their own."
8-84,8,84,2019-10-16,Lael Brainard,The potential for global stablecoin systems has intensified the interest in central bank digital currencies.
8-85,8,85,2019-10-16,Lael Brainard,Proponents argue that central bank digital currencies would be a safer alternative to privately issued stablecoins because they would be a direct liability of the central bank.
8-86,8,86,2019-10-16,Lael Brainard,"For instance, Markus Brunnermeier, Harold James, and Jean-Pierre Landau provide important arguments."
8-87,8,87,2019-10-16,Lael Brainard,"Of course, the Federal Reserve and other central banks already provide money digitally in the form of central bank deposits in traditional reserve or settlement accounts."
8-88,8,88,2019-10-16,Lael Brainard,"However, in the current context, central bank digital currency typically refers to a new type of central bank liability that could be held directly by households and businesses without the involvement of a commercial bank intermediary."
8-89,8,89,2019-10-16,Lael Brainard,"Under this definition, central bank digital currency could be a flexible form of central bank money that could differ from traditional reserves along three dimensions: a much broader set of institutions and individuals could access it, some types of balances might not pay interest, and it might entail greater government visibility into end users' transactions."
8-90,8,90,2019-10-16,Lael Brainard,"In the United States, there are compelling advantages to the current system."
8-91,8,91,2019-10-16,Lael Brainard,"First, physical cash in circulation for the U.S. dollar continues to rise, suggesting robust demand."
8-92,8,92,2019-10-16,Lael Brainard,"Second, the dollar is an important reserve currency globally, and maintaining public trust in the sovereign currency is paramount."
8-93,8,93,2019-10-16,Lael Brainard,"Third, we have a robust banking system that meets the needs of consumers: our banks are many in number, diverse in size, and geographically dispersed."
8-94,8,94,2019-10-16,Lael Brainard,"Finally, we have a widely available and expanding variety of digital payment options that build on the existing institutional framework and the applicable safeguards."
8-95,8,95,2019-10-16,Lael Brainard,"Moreover, central bank digital currency for general purpose use—that is, for individual consumer use—would raise profound legal, policy, and operational questions."
8-96,8,96,2019-10-16,Lael Brainard,Let's consider the balance between privacy and illicit activity.
8-97,8,97,2019-10-16,Lael Brainard,"If it is designed to be financially transparent and provide safeguards against illicit activity, a central bank digital currency for consumer use could conceivably require the central bank to keep a running record of all payment data using the digital currency—a stark difference from cash, for instance."
8-98,8,98,2019-10-16,Lael Brainard,A system in which individual payments information would be recorded by a government entity would mark a dramatic shift.
8-99,8,99,2019-10-16,Lael Brainard,"A related question is whether the Federal Reserve has the authority to issue currency in digital form and, if necessary, to establish digital wallets for the public."
8-100,8,100,2019-10-16,Lael Brainard,There could also be profound monetary policy implications.
8-101,8,101,2019-10-16,Lael Brainard,Some economists have argued that a central bank digital currency could address the problems posed by the zero lower bound by potentially transmitting monetary policy directly to the public.
8-102,8,102,2019-10-16,Lael Brainard,"Executing monetary policy in such a manner would effectively imply the elimination of all physical cash and the power to impose a negative rate, or a tax, on households' holdings of digital money."
8-103,8,103,2019-10-16,Lael Brainard,"My own strong preference is to address the effective lower bound by using our existing tools vigorously, since I view the cost-benefit assessment of negative rates as unattractive for the current U.S. context."
8-104,8,104,2019-10-16,Lael Brainard,Financial stability considerations are also important.
8-105,8,105,2019-10-16,Lael Brainard,The ability to convert commercial bank deposits into central bank digital currency with a simple swipe surely has the potential to be a run accelerant.
8-106,8,106,2019-10-16,Lael Brainard,"Here, too, the role of banks in providing financial intermediation services could be fundamentally altered."
8-107,8,107,2019-10-16,Lael Brainard,"Finally, there could be operational risks to introducing a central bank digital currency."
8-108,8,108,2019-10-16,Lael Brainard,"For starters, this might require the Federal Reserve to develop the operating capacity to access or manage individual accounts, which could number in the hundreds of millions."
8-109,8,109,2019-10-16,Lael Brainard,"A myriad of other operational challenges would need to be addressed, including electronic counterfeiting and cyber risks."
8-110,8,110,2019-10-16,Lael Brainard,"It is worth noting that the technologies used currently for private-sector digital currencies do not provide the same level of information technology reliability, integrity, and scalability as central bank systems in use today."
8-111,8,111,2019-10-16,Lael Brainard,"Many of these technologies do not provide for clear, predictable, and final settlement, which is a core tenet of payment systems."
8-112,8,112,2019-10-16,Lael Brainard,"That said, some jurisdictions may move in this direction faster than others, based on the particular attributes of their payments and currency systems."
8-113,8,113,2019-10-16,Lael Brainard,"At the Federal Reserve, we will continue to analyze the potential benefits and costs of central bank digital currencies and look forward to learning from other central banks."
8-114,8,114,2019-10-16,Lael Brainard,"Supporting Payments Innovation While prudence cautions against rushing into untested approaches to central bank digital currencies, we are actively investing in our payments infrastructure, so that everyone has access to real-time payments."
8-115,8,115,2019-10-16,Lael Brainard,"Every day, U.S. payment and securities settlement systems turn over roughly $12.5 trillion."
8-116,8,116,2019-10-16,Lael Brainard,The Federal Reserve is committed to working closely with the private sector to promote a safer and more efficient payments system.
8-117,8,117,2019-10-16,Lael Brainard,"This summer, we announced that the Federal Reserve will launch the first new payment service in more than 40 years to help make real-time payments available to everyone."
8-118,8,118,2019-10-16,Lael Brainard,"The Federal Reserve will develop the FedNowSM Service as a platform for consumers and businesses to send and receive payments immediately and securely 24 hours a day, 7 days a week, 365 days a year."
8-119,8,119,2019-10-16,Lael Brainard,This initiative is intended to provide a neutral platform for new private-sector innovation in faster payment services.
8-120,8,120,2019-10-16,Lael Brainard,"In addition to FedNow, we are exploring enhancements to same-day settlement of automated clearinghouse (ACH) transactions and expansion of Fedwire® Funds Service and National Settlement System operating hours."
8-121,8,121,2019-10-16,Lael Brainard,"We are working with the industry to improve the security of the payments system by, for example, increasing understanding of synthetic identity fraud and identifying a fraud classification approach to improve information sharing."
8-122,8,122,2019-10-16,Lael Brainard,"As the public and private sectors work to reduce payment frictions, one of the most important use cases is for cross-border payments, such as remittances."
8-123,8,123,2019-10-16,Lael Brainard,"Intermediation chains for cross-border payments are long, slow, cumbersome, and opaque."
8-124,8,124,2019-10-16,Lael Brainard,"Technology enables e-commerce to transcend national borders, but current cross-border payments solutions often represent complicated workarounds rather than seamless end-to-end solutions."
8-125,8,125,2019-10-16,Lael Brainard,Authorities in different jurisdictions recognize the importance of cooperating across borders with each other and the private sector to address the very real cross-border frictions that exist today.
8-126,8,126,2019-10-16,Lael Brainard,"Concluding Thoughts Our nation has rich and varied experiences to draw on as we assess various proposals for private money, from the period in our history when the colonial states each issued their own currencies to the many decades when the circulation of private commercial banknotes stood in for a national currency."
8-127,8,127,2019-10-16,Lael Brainard,The Federal Reserve was created in part to respond to the inability of many of these banks to make good on their obligations for the banknotes they issued and the panics and runs that ensued.
8-128,8,128,2019-10-16,Lael Brainard,Those experiences will help inform us as we potentially enter another phase in the evolution of money and payments.
8-129,8,129,2019-10-16,Lael Brainard,"Today, consumers and businesses have a variety of payment options, including physical cash, checks, ACH transfers, debit cards and credit cards, and mobile-based payment solutions, to name a few."
8-130,8,130,2019-10-16,Lael Brainard,These tend to have clearly defined legal rights and responsibilities.
8-131,8,131,2019-10-16,Lael Brainard,"We will likely see far-reaching innovation in payments in the coming years, with a plethora of new and emerging options, including stablecoins."
8-132,8,132,2019-10-16,Lael Brainard,"The Federal Reserve remains confident in the power of technology and innovation to transform the financial system and reduce frictions and delays, while preserving consumer protections, data privacy and security, financial stability, and monetary policy transmission and guarding against illicit activity and cyber risks."
8-133,8,133,2019-10-16,Lael Brainard,"Given the stakes, global stablecoin networks should be expected to meet a high threshold of legal and regulatory safeguards before launching operations."
8-134,8,134,2019-10-16,Lael Brainard,"We are monitoring new technologies closely to ensure that the innovations that arise fit with our operational responsibilities and broader public policy goals, as reflected in the Federal Reserve Act."
8-135,8,135,2019-10-16,Lael Brainard,"At the same time, we are upgrading our services to support innovation in new ways."
8-136,8,136,2019-10-16,Lael Brainard,"And, we will continue to foster a safe and efficient payments system, including where money in all its myriad forms—present and future—is concerned, as we have for over a century."
9-0,9,0,2020-02-05,Lael Brainard,I want to thank Darrell Duffie for inviting me to discuss the future of payments.
9-1,9,1,2020-02-05,Lael Brainard,"Digitalization is enabling consumers and businesses to transfer value instantaneously, technology platforms to scale up rapidly in payments, and new digital currencies to facilitate these payments."
9-2,9,2,2020-02-05,Lael Brainard,"By transforming payments, digitalization has the potential to deliver greater value and convenience at lower cost."
9-3,9,3,2020-02-05,Lael Brainard,But there are risks.
9-4,9,4,2020-02-05,Lael Brainard,"Some of the new players are outside the financial system's regulatory guardrails, and their new currencies could pose challenges in areas such as illicit finance, privacy, financial stability, and monetary policy transmission."
9-5,9,5,2020-02-05,Lael Brainard,"Given the stakes, the public sector must engage in order to ensure that the payments infrastructure is safe as well as efficient and fast, assess whether regulatory perimeters need to be redrawn or new approaches are needed in areas such as consumer data and identity authentication, and explore the role of central bank digital currencies in ensuring sovereign currencies stay at the center of each nation's financial system."
9-6,9,6,2020-02-05,Lael Brainard,These issues are complicated and consequential.
9-7,9,7,2020-02-05,Lael Brainard,I will only touch on them today in the spirit of sketching out an agenda for the public sector along with the private sector and research community.
9-8,9,8,2020-02-05,Lael Brainard,Digital Players Technology firms—from BigTechs to FinTechs—are driving the digital transformation of payments.
9-9,9,9,2020-02-05,Lael Brainard,"Not only are the new players bringing innovation to the way payments are made between businesses and consumers and peer-to-peer, but they are bringing new business models that bundle payments with other activities in novel ways."
9-10,9,10,2020-02-05,Lael Brainard,Payments have traditionally been a service provided by trusted intermediaries such as banks.
9-11,9,11,2020-02-05,Lael Brainard,"The operations of banks and some related financial service providers, such as card companies, are subject to regulatory oversight for sound risk management."
9-12,9,12,2020-02-05,Lael Brainard,"Banks offer important consumer protections, including deposit insurance, error resolution, and fraud protection."
9-13,9,13,2020-02-05,Lael Brainard,"In addition to providing payments services, banks generally provide credit, with deposits providing stable funding."
9-14,9,14,2020-02-05,Lael Brainard,Many banks rely at least in part on legacy technology.
9-15,9,15,2020-02-05,Lael Brainard,"In contrast, BigTechs tend to be established platforms with massive user networks that provide payments in support of core nonfinancial services—ranging from commercial transactions to social engagement to mobile apps to search engines."
9-16,9,16,2020-02-05,Lael Brainard,"In China, the majority of consumers and businesses participate in two mobile payment networks, Alipay and WeChat Pay, which by some accounts handled more than $37 trillion in mobile payments in 2018.2 BigTechs and FinTechs typically leverage cloud-based platforms and computing power, along with mobile applications, often to provide different combinations of services and enhanced user experiences."
9-17,9,17,2020-02-05,Lael Brainard,"They generally benefit from network effects: the more users they have, the more convenience and benefit new users derive from joining."
9-18,9,18,2020-02-05,Lael Brainard,"These network benefits may be augmented by leveraging economies of scale and scope in user data for a host of purposes, from prioritizing which information is pushed to users to allocating and pricing credit to sharing reviews."
9-19,9,19,2020-02-05,Lael Brainard,"The entrance of BigTech and FinTech into payments may drive competition, enhance product offerings, and lower transactions costs."
9-20,9,20,2020-02-05,Lael Brainard,It has the potential to enhance financial inclusion by expanding the number and diversity of ways people gain access to financial services and by creating more consumer friendly offerings.
9-21,9,21,2020-02-05,Lael Brainard,A Federal Deposit Insurance Corporation (FDIC) study found that 8.4 million households are unbanked and an additional 24 million are underbanked.
9-22,9,22,2020-02-05,Lael Brainard,"These households often rely on more-expensive means of payments, including nonbank providers and bank money orders."
9-23,9,23,2020-02-05,Lael Brainard,"Many have smartphones, which could facilitate access to payment apps."
9-24,9,24,2020-02-05,Lael Brainard,The entry of big technology networks into payments brings risks as well as benefits.
9-25,9,25,2020-02-05,Lael Brainard,"Statutory and regulatory protections on bank accounts in the United States mean that consumers can reasonably expect their deposits to be insured up to a limit; their banks to be held to strong data security standards; many fraudulent transactions to be the liability of the bank; transfers to be available within specified periods; and clear, standardized disclosures about account fees and interest payments to be readily available."
9-26,9,26,2020-02-05,Lael Brainard,Consumers may not appreciate that nonbank providers might not provide the same protections.
9-27,9,27,2020-02-05,Lael Brainard,"Further, the integration of payments with a variety of consumer services that rely intensively on user data raises the urgency of questions surrounding data security, how consumers' financial data are used, and the circumstances under which the data are disclosed to third parties."
9-28,9,28,2020-02-05,Lael Brainard,"Unlike many foreign central banks, the Federal Reserve does not have plenary authority over payment systems."
9-29,9,29,2020-02-05,Lael Brainard,No federal agency does.
9-30,9,30,2020-02-05,Lael Brainard,The Federal Reserve has broad authority over payment systems that are designated as systemically important by the Financial Stability Oversight Council or that are chartered as entities for which the Federal Reserve is the primary supervisor.
9-31,9,31,2020-02-05,Lael Brainard,These authorities cover two large-value interbank payment systems but no retail payment system to date.
9-32,9,32,2020-02-05,Lael Brainard,"The banking agencies may oversee certain aspects of a nonbank payment system to the extent there is a bank nexus, under the Bank Service Company Act, or bank affiliation, under the Federal Deposit Insurance Act."
9-33,9,33,2020-02-05,Lael Brainard,"However, this oversight will be quite limited to the extent that nonbank players reduce or eliminate the nexus to banks, such as when technology firms develop payments services connected to digital wallets rather than bank accounts and rely on digital currencies rather than sovereign currencies as the means of exchange."
9-34,9,34,2020-02-05,Lael Brainard,"Given the growing role of nonbank technology players in payments, a review of the nation's oversight framework for retail payment systems could be helpful to identify important gaps."
9-35,9,35,2020-02-05,Lael Brainard,A good place to start may be contrasting the U.S. oversight framework for retail payment systems with other jurisdictions.
9-36,9,36,2020-02-05,Lael Brainard,"Many foreign central banks, for example, have explicit authority for general retail payments oversight."
9-37,9,37,2020-02-05,Lael Brainard,"Moreover, most jurisdictions require that payment systems obtain a license and/or registration before commencing operations."
9-38,9,38,2020-02-05,Lael Brainard,"A 2018 World Bank study found that the large majority of jurisdictions have some sort of license and/or registration requirement for mobile money platforms, payment card networks or switches, or clearinghouses."
9-39,9,39,2020-02-05,Lael Brainard,"The United States requires registration of a money transmitter at the federal level for purposes of Bank Secrecy Act/Anti-Money-Laundering compliance, but it does not require broader federal oversight of payment system operators."
9-40,9,40,2020-02-05,Lael Brainard,"In contrast to other jurisdictions where there is explicit responsibility for broad regulation of payment systems, the Federal Reserve's role as an operator has instead long formed the basis of the U.S. approach to promoting accessible, safe, and efficient payments."
9-41,9,41,2020-02-05,Lael Brainard,"Since the Federal Reserve Banks opened for business around the country in 1914, as directed by the Congress, they have provided payment and settlement services in competition with private-sector providers."
9-42,9,42,2020-02-05,Lael Brainard,"Real-Time Infrastructure So let's turn to our retail payments infrastructure, which touches every American."
9-43,9,43,2020-02-05,Lael Brainard,"While new players are making important contributions to the digital transformation of payments, it is critical that consumers and businesses can achieve the same speed and efficiency using their trusted deposit account providers with the safety and security they have come to expect."
9-44,9,44,2020-02-05,Lael Brainard,"To make this possible, it is vital to invest in real-time retail payments infrastructure with national reach."
9-45,9,45,2020-02-05,Lael Brainard,"Today, it can take a few days to get access to your funds."
9-46,9,46,2020-02-05,Lael Brainard,"A real-time retail payments infrastructure would ensure the funds are available immediately—to pay utility bills or split the rent with roommates, or for small business owners to pay their suppliers."
9-47,9,47,2020-02-05,Lael Brainard,"Immediate access to funds could be especially important for households on fixed incomes or living paycheck to paycheck, when waiting days for the funds to be available to pay a bill can mean overdraft fees or late fees that can compound."
9-48,9,48,2020-02-05,Lael Brainard,"Similarly, for small businesses, getting immediate access to funds from a sale in order to pay for supplies can be a game-changer."
9-49,9,49,2020-02-05,Lael Brainard,"The latest evolution in the payments infrastructure is faster payments, in which the payment message is transmitted and funds are settled between banks and made irrevocably available to recipients in real (or near-real) time."
9-50,9,50,2020-02-05,Lael Brainard,"Consistent with the real-time and anytime nature of faster payments, settlement takes place in real time on a 24-hour, seven-day basis."
9-51,9,51,2020-02-05,Lael Brainard,We are committed to closing the gap between the transaction capabilities in the digital economy and the underlying payment and settlement capabilities.
9-52,9,52,2020-02-05,Lael Brainard,"Recognizing that consumers and businesses across the country want and expect real-time payments, and the banks they trust should be able to provide this service securely, this summer, the Federal Reserve announced that it is building its first new payments rail in more than forty years—the FedNow Service."
9-53,9,53,2020-02-05,Lael Brainard,"FedNow will facilitate end-to-end faster payment services, increase competition, and ensure equitable and ubiquitous access to banks of all sizes nationwide."
9-54,9,54,2020-02-05,Lael Brainard,"Together, the Clearing House's RTP and FedNow are moving the U.S. banking system to real-time retail payments."
9-55,9,55,2020-02-05,Lael Brainard,"These systems will enable consumers and businesses to settle retail transactions in real time, at any time, and allow them to manage their money with greater flexibility."
9-56,9,56,2020-02-05,Lael Brainard,RTP and FedNow should significantly increase the speed and efficiency of the U.S. payment system.
9-57,9,57,2020-02-05,Lael Brainard,"Given the importance of safety in faster payments, providing access to more than one real-time payment service for back-up purposes will enhance resiliency."
9-58,9,58,2020-02-05,Lael Brainard,"The Federal Reserve has always had a vital role in the payment system by providing liquidity and operational continuity in times of stress, and FedNow will extend this role into the real-time retail payments market."
9-59,9,59,2020-02-05,Lael Brainard,The addition of FedNow should also provide a neutral foundation for private sector innovation in developing end-user services.
9-60,9,60,2020-02-05,Lael Brainard,Some stakeholders noted that a single provider that is owned and operated by one segment of the payment industry may focus on a limited set of use cases instead of the full breadth of possible use cases for faster payments.
9-61,9,61,2020-02-05,Lael Brainard,The FedNow team is already hard at work determining initial business requirements.
9-62,9,62,2020-02-05,Lael Brainard,"The comment period for the Federal Register notice seeking public input into FedNow features and designs closed in November, and we are analyzing the nearly 200 letters submitted."
9-63,9,63,2020-02-05,Lael Brainard,"We understand the urgency among stakeholders to launch FedNow quickly with features that support safe, efficient, and ubiquitous faster payments."
9-64,9,64,2020-02-05,Lael Brainard,"Digitalization of Currencies Digital transformation of payments extends not only to the systems and players, but also to the medium of exchange."
9-65,9,65,2020-02-05,Lael Brainard,"The existing payments system combines central bank money, commercial bank money, and certain kinds of nonbank private money, which provide a medium of exchange based on the U.S. dollar as a unit of account."
9-66,9,66,2020-02-05,Lael Brainard,"By contrast, some technology players have payment systems based on their own digital currency rather than the sovereign currency."
9-67,9,67,2020-02-05,Lael Brainard,"Depending on their design and scale, private digital-currency-based payment systems could magnify concerns surrounding illicit activity and consumer risk, while potentially creating challenges for the public sector's ability to safeguard financial stability and use monetary policy to buffer the economy."
9-68,9,68,2020-02-05,Lael Brainard,"Central bank money is important for payment systems because it represents a safe settlement asset, allowing users to exchange central bank liabilities with confidence in their acceptance and reliability."
9-69,9,69,2020-02-05,Lael Brainard,"In the United States, central bank money is composed of paper currency and money held in deposits at the Federal Reserve Banks."
9-70,9,70,2020-02-05,Lael Brainard,"Commercial bank money—money held in deposits at commercial banks—is widely used because consumers and businesses trust that the money they deposit with a commercial bank can be converted, on demand, into a claim on another commercial bank's money or currency."
9-71,9,71,2020-02-05,Lael Brainard,This confidence owes in large part to bank deposit insurance and the fact that commercial banks are supervised and regulated.
9-72,9,72,2020-02-05,Lael Brainard,"Nonbank private money based on the U.S. dollar as the unit of account exists on a smaller scale for a variety of consumer uses, particularly in closed-loop payment systems like prepaid cards and digital wallets."
9-73,9,73,2020-02-05,Lael Brainard,"In some cases, such nonbank private assets may have value only within the network, while in other cases, the issuer may promise convertibility to a sovereign currency, such that this becomes a liability of the issuing entity."
9-74,9,74,2020-02-05,Lael Brainard,"Although various federal and state laws establish protections for users, issuers of nonbank money are not regulated to the same extent as banks, the value stored in these systems is not insured directly by the FDIC, and consumers may be at risk that the issuer will not be able to honor its liabilities."
9-75,9,75,2020-02-05,Lael Brainard,"To provide a sense of the scale, PayPal Holdings Inc. had customer accounts that totaled $22.5 billion as of September 30, 2019; Walmart had roughly $1.9 billion in deferred gift card revenue as of October 31, 2019; and Starbucks reported $1.6 billion in stored-value card liabilities as of September 2018—more than the deposits at many banks."
9-76,9,76,2020-02-05,Lael Brainard,"In contrast, cryptocurrencies introduce separate units of account."
9-77,9,77,2020-02-05,Lael Brainard,"Built using distributed ledger technologies, cryptocurrencies typically allow for peer-to-peer payments without the need for a financial intermediary."
9-78,9,78,2020-02-05,Lael Brainard,"The private sector is exploring uses of distributed ledger technologies to create a wide range of payment instruments, some that are designed to resemble traditional commercial bank money, some that look similar to Bitcoin, and some that have attributes more similar to securities."
9-79,9,79,2020-02-05,Lael Brainard,"Cryptocurrencies vary across multiple attributes, including whether the arrangement is open to everyone or only approved entities and whether they are intended for general-purpose use or for wholesale use."
9-80,9,80,2020-02-05,Lael Brainard,One important design choice is whether a digital currency is account-based or token-based.
9-81,9,81,2020-02-05,Lael Brainard,"From an accounting perspective, there is an account structure for the asset owner and for the asset itself."
9-82,9,82,2020-02-05,Lael Brainard,Individual accounts could take the form of traditional account structures of commercial banks or be pseudo-anonymous.
9-83,9,83,2020-02-05,Lael Brainard,"The accounting of the asset itself could take the form of debiting and crediting account balances or tracking of specific ""tokens."""
9-84,9,84,2020-02-05,Lael Brainard,Another key design consideration is the method for authenticating the asset owner—to open an account and to make transactions.
9-85,9,85,2020-02-05,Lael Brainard,"Traditionally, identity authentication is done by the account provider, but new tools, such as biometrics, may be required for decentralized systems."
9-86,9,86,2020-02-05,Lael Brainard,A third important design variant is convertibility.
9-87,9,87,2020-02-05,Lael Brainard,Private-sector digital currencies vary in important ways with regard to whether they are linked in a legally binding way to a sovereign currency.
9-88,9,88,2020-02-05,Lael Brainard,"A decade ago, Bitcoin was heralded as a new kind of digital money that would serve as a store of value, means of exchange, and unit of account delinked from any sovereign currencies without the need for centralized governance."
9-89,9,89,2020-02-05,Lael Brainard,"Bitcoin has not achieved widespread acceptance as a means of payment or unit of account because of its extreme volatility, as well as limited throughput capacity, unpredictable transaction costs, limited or no governance, and limited transparency."
9-90,9,90,2020-02-05,Lael Brainard,"Stablecoins were designed specifically to overcome the volatility of first-generation cryptocurrencies by tying the digital currency to an asset or basket of assets, such as commercial bank deposits or government-issued bonds."
9-91,9,91,2020-02-05,Lael Brainard,"Unlike first-generation cryptocurrencies, they may be issued by a central entity and rely on third-party institutions for some aspects."
9-92,9,92,2020-02-05,Lael Brainard,"But even within this broad class of digital currencies, stablecoins vary widely in their underlying reference assets and the associated ""exchange rate,"" the ability to redeem the stablecoin claims for the underlying assets, and the extent to which a central issuer is liable for making good on redemption rights."
9-93,9,93,2020-02-05,Lael Brainard,"Because Facebook has an active user network of one-third of the global population, the company's Libra global stablecoin project has imparted urgency to the debate over what form money can take, who or what can issue it, and how payments can be recorded and settled."
9-94,9,94,2020-02-05,Lael Brainard,Any stablecoin project with global scale and scope faces a core set of legal and regulatory challenges.
9-95,9,95,2020-02-05,Lael Brainard,"Cryptocurrencies already pose risks associated with fraudulent activity, consumer losses, and illicit activity, and these could be magnified by a widely accepted stablecoin for general use."
9-96,9,96,2020-02-05,Lael Brainard,"Not only is it not clear what protections or recourse consumers would have with regard to their global stablecoin transactions and balances, but it is also not clear how much price risk consumers will face in cases where they do not appear to have claims on the stablecoin's underlying assets."
9-97,9,97,2020-02-05,Lael Brainard,"If not managed effectively, liquidity, credit, market, or operational risks—alone or in combination—could affect financial stability, triggering a loss of confidence and run-like behavior."
9-98,9,98,2020-02-05,Lael Brainard,"The precise nature of the risk would be driven in part by how the stablecoin is tied to an asset (if at all), the underlying legal arrangements, and the features of the asset itself."
9-99,9,99,2020-02-05,Lael Brainard,"For smaller economies, there may be material effects on monetary policy from private-sector digital currencies as well as foreign central bank digital currencies."
9-100,9,100,2020-02-05,Lael Brainard,"In many respects, these effects may be the digital version of ""dollarization,"" with the potential for a faster pace and wider scope of adoption."
9-101,9,101,2020-02-05,Lael Brainard,Central Bank Digital Currencies The prospect for rapid adoption of global stablecoin payment systems has intensified calls for central banks to issue digital currencies in order to maintain the sovereign currency as the anchor of the nation's payment systems.
9-102,9,102,2020-02-05,Lael Brainard,"In a Bank for International Settlements survey of 66 central banks, more than 80 percent of central banks report being engaged in some type of central bank digital currency (CBDC) work."
9-103,9,103,2020-02-05,Lael Brainard,The motivations for this work range from payments safety and robustness for advanced economies to payments efficiency for emerging economies.
9-104,9,104,2020-02-05,Lael Brainard,"The latest survey suggests there is greater openness to issuing a CBDC than a year ago, and a few central banks report that they are moving forward with issuing a CBDC."
9-105,9,105,2020-02-05,Lael Brainard,"Building on the tremendous reach of its mobile payments platforms, China is reported to be moving ahead rapidly on plans to issue a digital currency."
9-106,9,106,2020-02-05,Lael Brainard,"Given the dollar's important role, it is essential that we remain on the frontier of research and policy development regarding CBDC."
9-107,9,107,2020-02-05,Lael Brainard,"Like other central banks, we are conducting research and experimentation related to distributed ledger technologies and their potential use case for digital currencies, including the potential for a CBDC."
9-108,9,108,2020-02-05,Lael Brainard,We are collaborating with other central banks as we advance our understanding of central bank digital currencies.
9-109,9,109,2020-02-05,Lael Brainard,"In assessing CBDC in the U.S. context, there are policy and design issues to explore, as well as legal considerations."
9-110,9,110,2020-02-05,Lael Brainard,"It is important to consider whether a new form of digital central bank liability might improve the payment system, taking into account the innovations offered by the private sector."
9-111,9,111,2020-02-05,Lael Brainard,We would need to consider whether adding a new form of central bank liability would reduce operational vulnerabilities from a safety and resilience perspective.
9-112,9,112,2020-02-05,Lael Brainard,"Another consideration is whether a CBDC would reduce complexity in payments, improve end-to-end processing, or simplify recordkeeping."
9-113,9,113,2020-02-05,Lael Brainard,"With regard to cross-border payments, it is important to consider what would be required in terms of cross-border cooperation for CBDCs to address current frictions and reduce costs."
9-114,9,114,2020-02-05,Lael Brainard,It is also vital to consider the implications for the broader financial system of the issuance of a CBDC.
9-115,9,115,2020-02-05,Lael Brainard,"In light of considerations of privacy and guarding against illicit activity, issuance of a digital currency would raise important questions about what kinds of intermediaries might provide CBDC transaction accounts for consumers."
9-116,9,116,2020-02-05,Lael Brainard,"While some proposals are centered on commercial bank intermediaries, others propose new types of intermediaries that might develop with a narrow focus on payments."
9-117,9,117,2020-02-05,Lael Brainard,New types of intermediaries in turn could create a need for new types of accounts and new forms of oversight.
9-118,9,118,2020-02-05,Lael Brainard,"Related to this, the design of any CBDC needs to address important questions surrounding financial stability."
9-119,9,119,2020-02-05,Lael Brainard,A variety of approaches have been put forward to address the potential run risk associated with the ability to convert commercial bank deposits into CBDC with a simple swipe.
9-120,9,120,2020-02-05,Lael Brainard,There are also important legal considerations.
9-121,9,121,2020-02-05,Lael Brainard,It is important to understand how the existing provisions of the Federal Reserve Act with regard to currency issuance apply to the CBDC.
9-122,9,122,2020-02-05,Lael Brainard,"It is also important to consider whether CBDC would have legal tender status, depending on the design."
9-123,9,123,2020-02-05,Lael Brainard,"While the legal framework is well-established with regard to the rights and protections for Federal Reserve notes in the current system, it is untested for new instruments such as CBDC and, more generally, other digital currencies."
9-124,9,124,2020-02-05,Lael Brainard,"A different approach may be necessary to ensure that holders of CBDC have appropriate protections, including privacy rights, fraud protection, digital identity safeguards, and data protection."
9-125,9,125,2020-02-05,Lael Brainard,These are some of the issues that would need to be addressed before deciding to issue a CBDC in the United States.
9-126,9,126,2020-02-05,Lael Brainard,"Some of the motivations for a CBDC cited by other jurisdictions, such as rapidly declining cash use, weak financial institutions, and underdeveloped payment systems, are not shared by the United States."
9-127,9,127,2020-02-05,Lael Brainard,"Physical cash in circulation for the U.S. dollar continues to rise because of robust demand, and the dollar plays an important role globally."
9-128,9,128,2020-02-05,Lael Brainard,"We have a robust and diverse banking system that provides important services, along with a widely available and expanding variety of digital payment options."
9-129,9,129,2020-02-05,Lael Brainard,Agenda Ahead The digitalization of currencies and payments is being driven by technology players that are bringing new business models to this space and fresh attention to age-old questions.
9-130,9,130,2020-02-05,Lael Brainard,"While the potential for seamlessly integrated and lower-cost transactions brings important benefits, digitalization also brings risks."
9-131,9,131,2020-02-05,Lael Brainard,"In the United States no less than in other major economies, the public sector needs to engage actively with the private sector and the research community to consider whether new guardrails need to be established, whether existing regulatory perimeters need to be redrawn, and whether a CBDC would deliver important benefits on net."
10-0,10,0,2020-08-13,Lael Brainard,It is a pleasure to participate in San Francisco's Innovation Office Hours.
10-1,10,1,2020-08-13,Lael Brainard,The Federal Reserve Bank of San Francisco is a leader of our engagement with the tech community.
10-2,10,2,2020-08-13,Lael Brainard,"And the Federal Reserve's Innovation Office Hours serve as an important forum to engage on innovation in the financial system with financial institutions, fintechs, technology companies, nonprofits, and other stakeholders."
10-3,10,3,2020-08-13,Lael Brainard,We have benefited from learning about the work you are doing to promote healthy innovation in financial services and payments.
10-4,10,4,2020-08-13,Lael Brainard,"This event covered a number of important topics, including regulatory technology, blockchain, cybersecurity, and digital banking."
10-5,10,5,2020-08-13,Lael Brainard,The breadth of topics and the range of participants speak to the scale and scope of technological innovation in financial services.
10-6,10,6,2020-08-13,Lael Brainard,It is a testament to widespread investments in technology that we are able to proceed with these kinds of engagements and maintain our operations seamlessly despite the unprecedented shock associated with the COVID-19 crisis.
10-7,10,7,2020-08-13,Lael Brainard,"The COVID-19 pandemic is taking a tremendous toll on communities across America, especially households and small businesses with the least resources to weather the storm."
10-8,10,8,2020-08-13,Lael Brainard,The COVID-19 crisis is a dramatic reminder of the importance of a resilient and trusted payments infrastructure that is accessible to all Americans.
10-9,10,9,2020-08-13,Lael Brainard,"It was notable that after a sharp reduction in spending early in the COVID-19 crisis, many households increased their spending starting on the day they received emergency relief payments under the Coronavirus Aid, Relief, and Economic Security Act (CARES Act) and continuing for the following 10 days-especially households with lower incomes, greater income declines, and lower liquid savings."
10-10,10,10,2020-08-13,Lael Brainard,The urgency with which the CARES Act emergency payments were spent underscores the importance of immediate and trusted access to funds for the many households and businesses that face cash-flow constraints.
10-11,10,11,2020-08-13,Lael Brainard,"That is why the Federal Reserve remains committed to delivering on the FedNowSM Service, which will enable millions of American households and small businesses to get instant access to funds rather than waiting days for checks to clear."
10-12,10,12,2020-08-13,Lael Brainard,"More broadly, banks, fintech companies, and technology firms are all exploring the use of innovative technologies to enhance payments efficiency, expand financial inclusion, speed up settlement flows, and reduce end-user costs."
10-13,10,13,2020-08-13,Lael Brainard,"Digital currencies, including central bank digital currencies (CBDCs), present opportunities but also risks associated with privacy, illicit activity, and financial stability."
10-14,10,14,2020-08-13,Lael Brainard,"The introduction of Bitcoin and the subsequent emergence of stablecoins with potentially global reach, such as Facebook's Libra, have raised fundamental questions about legal and regulatory safeguards, financial stability, and the role of currency in society."
10-15,10,15,2020-08-13,Lael Brainard,This prospect has intensified calls for CBDCs to maintain the sovereign currency as the anchor of the nation's payment systems.
10-16,10,16,2020-08-13,Lael Brainard,"Moreover, China has moved ahead rapidly on its version of a CBDC."
10-17,10,17,2020-08-13,Lael Brainard,"With these important issues in mind, the Federal Reserve is active in conducting research and experimentation related to distributed ledger technologies and the potential use cases for digital currencies."
10-18,10,18,2020-08-13,Lael Brainard,"Given the dollar's important role, it is essential that the Federal Reserve remain on the frontier of research and policy development regarding CBDCs."
10-19,10,19,2020-08-13,Lael Brainard,"As part of this research, central banks are exploring the potential of innovative technologies to offer a digital equivalent of cash."
10-20,10,20,2020-08-13,Lael Brainard,"Like other central banks, we are continuing to assess the opportunities and challenges of, as well as the use cases for, a CBDC, as a complement to cash and other payments options."
10-21,10,21,2020-08-13,Lael Brainard,"There continues to be strong demand for U.S. currency, and we remain committed to ensuring the public has access to a range of payments options."
10-22,10,22,2020-08-13,Lael Brainard,"We have been conducting in-house experiments for the last few years, through means that include the Board's Technology Lab, which has been building and testing a range of distributed ledger platforms to understand their potential opportunity and risk."
10-23,10,23,2020-08-13,Lael Brainard,"This multidisciplinary team, with application developers from the Federal Reserve Banks of Cleveland, Dallas, and New York, supports a policy team at the Board that is studying the implications of digital currencies on the payments ecosystem, monetary policy, financial stability, banking and finance, and consumer protection."
10-24,10,24,2020-08-13,Lael Brainard,"To enhance the Federal Reserve's understanding of digital currencies, the Federal Reserve Bank of Boston is collaborating with researchers at the Massachusetts Institute of Technology in a multiyear effort to build and test a hypothetical digital currency oriented to central bank uses."
10-25,10,25,2020-08-13,Lael Brainard,The research project will explore the use of existing and new technologies as needed.
10-26,10,26,2020-08-13,Lael Brainard,"Lessons from this collaboration will be published, and any codebase that is developed through this effort will be offered as open-source software for anyone to use for experimentation."
10-27,10,27,2020-08-13,Lael Brainard,"The objectives of our research and experimentation across the Federal Reserve System are to assess the safety and efficiency of digital currency systems, to inform our understanding of private-sector arrangements, and to give us hands-on experience to understand the opportunities and limitations of possible technologies for digital forms of central bank money."
10-28,10,28,2020-08-13,Lael Brainard,These efforts are intended to ensure that we fully understand the potential as well as the associated risks and possible unintended consequences that new technologies present in the payments arena.
10-29,10,29,2020-08-13,Lael Brainard,"Separately, a significant policy process would be required to consider the issuance of a CBDC, along with extensive deliberations and engagement with other parts of the federal government and a broad set of other stakeholders."
10-30,10,30,2020-08-13,Lael Brainard,There are also important legal considerations.
10-31,10,31,2020-08-13,Lael Brainard,"It is important to understand how the existing provisions of the Federal Reserve Act with regard to currency issuance apply to a CBDC and whether a CBDC would have legal tender status, depending on the design."
10-32,10,32,2020-08-13,Lael Brainard,"The Federal Reserve has not made a decision whether to undertake such a significant policy process, as we are taking the time and effort to understand the significant implications of digital currencies and CBDCs around the globe."
10-33,10,33,2020-08-13,Lael Brainard,"In addition to these experiments, the Federal Reserve continues to collaborate with and learn from other central banks."
10-34,10,34,2020-08-13,Lael Brainard,We are participating in the CBDC coalition of central banks.
10-35,10,35,2020-08-13,Lael Brainard,"While each country will make decisions on whether to issue and how to design a CBDC based on its own domestic legal framework and financial and economic context, we benefit from collaboration on CBDC research."
10-36,10,36,2020-08-13,Lael Brainard,"Sharing lessons learned, jointly conducting experiments, and bringing diverse expertise to bear helps us make progress in developing potential approaches to address challenging hurdles, such as threats to cybersecurity, counterfeiting and fraud, and anti-money laundering, to name a few, as well as on shared goals, such as increasing the ease and efficiency of cross-border transactions."
10-37,10,37,2020-08-13,Lael Brainard,"Since financial and payments systems share extensive cross-border linkages, a poorly designed CBDC issued in one jurisdiction could create financial stability issues in another jurisdiction."
10-38,10,38,2020-08-13,Lael Brainard,"A cyberattack on a CBDC arrangement in one jurisdiction could create domestic financial stress, which could, in turn, affect linked economies or have broader effects if confidence in certain technologies or payment mechanisms is eroded."
10-39,10,39,2020-08-13,Lael Brainard,"More broadly, the Federal Reserve looks forward to increased international engagement on matters related to innovation and technological change that impact central banks and those we serve."
10-40,10,40,2020-08-13,Lael Brainard,"Our new initiative with the Bank of International Settlement's Innovation Hub, through an innovation center at the Federal Reserve Bank of New York, will provide a useful venue for increased cooperation and exchange."
10-41,10,41,2020-08-13,Lael Brainard,Let me conclude by noting that innovation is central to our work.
10-42,10,42,2020-08-13,Lael Brainard,"We remain committed to understanding how technological advances can help the Federal Reserve carry out our core missions, as well as how they are changing the ways that banks, payments, and financial markets operate."
10-43,10,43,2020-08-13,Lael Brainard,"For example, we are leveraging machine learning, natural language processing, and other artificial intelligence tools to help us analyze data, and we are monitoring how financial institutions use these tools in their decisionmaking."
10-44,10,44,2020-08-13,Lael Brainard,"We are expanding our use of cloud computing to enhance our operations, and we continue to enhance our cybersecurity tools to strengthen our cyber posture."
10-45,10,45,2020-08-13,Lael Brainard,"These and other technologies are fundamentally changing every aspect of our work, and the Federal Reserve remains optimistic about the power of healthy innovation to improve the resilience, efficiency, and inclusiveness of our financial system when the appropriate safeguards are in place."
11-0,11,0,2021-05-24,Lael Brainard,"Technology is driving dramatic change in the U.S. payments system, which is a vital infrastructure that touches everyone."
11-1,11,1,2021-05-24,Lael Brainard,"The pandemic accelerated the migration to contactless transactions and highlighted the importance of access to safe, timely, and low-cost payments for all."
11-2,11,2,2021-05-24,Lael Brainard,"With technology platforms introducing digital private money into the U.S. payments system, and foreign authorities exploring the potential for central bank digital currencies (CBDCs) in cross-border payments, the Federal Reserve is stepping up its research and public engagement on CBDCs."
11-3,11,3,2021-05-24,Lael Brainard,"As Chair Powell discussed last week, an important early step on public engagement is a plan to publish a discussion paper this summer to lay out the Federal Reserve Board's current thinking on digital payments, with a particular focus on the benefits and risks associated with CBDC in the U.S. context."
11-4,11,4,2021-05-24,Lael Brainard,"Sharpening the Focus on CBDCs Four developments—the growing role of digital private money, the migration to digital payments, plans for the use of foreign CBDCs in cross-border payments, and concerns about financial exclusion—are sharpening the focus on CBDCs."
11-5,11,5,2021-05-24,Lael Brainard,"First, some technology platforms are developing stablecoins for use in payments networks."
11-6,11,6,2021-05-24,Lael Brainard,"A stablecoin is a type of digital asset whose value is tied in some way to traditional stores of value, such as government-issued, or fiat, currencies or gold."
11-7,11,7,2021-05-24,Lael Brainard,"Stablecoins vary widely in the assets they are linked to, the ability of users to redeem the stablecoin claims for the reference assets, whether they allow unhosted wallets, and the extent to which a central issuer is liable for making good on redemption rights."
11-8,11,8,2021-05-24,Lael Brainard,"Unlike central bank fiat currencies, stablecoins do not have legal tender status."
11-9,11,9,2021-05-24,Lael Brainard,"Depending on underlying arrangements, some may expose consumers and businesses to risk."
11-10,11,10,2021-05-24,Lael Brainard,"If widely adopted, stablecoins could serve as the basis of an alternative payments system oriented around new private forms of money."
11-11,11,11,2021-05-24,Lael Brainard,"Given the network externalities associated with achieving scale in payments, there is a risk that the widespread use of private monies for consumer payments could fragment parts of the U.S. payment system in ways that impose burdens and raise costs for households and businesses."
11-12,11,12,2021-05-24,Lael Brainard,A predominance of private monies may introduce consumer protection and financial stability risks because of their potential volatility and the risk of run-like behavior.
11-13,11,13,2021-05-24,Lael Brainard,"Indeed, the period in the nineteenth century when there was active competition among issuers of private paper banknotes in the United States is now notorious for inefficiency, fraud, and instability in the payments system."
11-14,11,14,2021-05-24,Lael Brainard,It led to the need for a uniform form of money backed by the national government.
11-15,11,15,2021-05-24,Lael Brainard,"Second, the pandemic accelerated the migration to digital payments."
11-16,11,16,2021-05-24,Lael Brainard,"Even before the pandemic, some countries, like Sweden, were seeing a pronounced migration from cash to digital payments."
11-17,11,17,2021-05-24,Lael Brainard,"To the extent that digital payments crowd out the use of cash, this raises questions about how to ensure that consumers retain access to a form of safe central bank money."
11-18,11,18,2021-05-24,Lael Brainard,"In the United States, the pandemic led to an acceleration of the migration to digital payments as well as increased demand for cash."
11-19,11,19,2021-05-24,Lael Brainard,"While the use of cash spiked at certain times, there was a pronounced shift by consumers and businesses to contactless transactions facilitated by electronic payments."
11-20,11,20,2021-05-24,Lael Brainard,"The Federal Reserve remains committed to ensuring that the public has access to safe, reliable, and secure means of payment, including cash."
11-21,11,21,2021-05-24,Lael Brainard,"As part of this commitment, we must explore—and try to anticipate—the extent to which households' and businesses' needs and preferences may migrate further to digital payments over time."
11-22,11,22,2021-05-24,Lael Brainard,"Third, some foreign countries have chosen to develop and, in some cases, deploy their own CBDC."
11-23,11,23,2021-05-24,Lael Brainard,"Although each country will decide whether to issue a CBDC based on its unique domestic conditions, the issuance of a CBDC in one jurisdiction, along with its prominent use in cross-border payments, could have significant effects across the globe."
11-24,11,24,2021-05-24,Lael Brainard,"Given the potential for CBDCs to gain prominence in cross-border payments and the reserve currency role of the dollar, it is vital for the United States to be at the table in the development of cross-border standards."
11-25,11,25,2021-05-24,Lael Brainard,"Finally, the pandemic underscored the importance of access to timely, safe, efficient, and affordable payments for all Americans and the high cost associated with being unbanked and underbanked."
11-26,11,26,2021-05-24,Lael Brainard,"While the large majority of pandemic relief payments moved quickly via direct deposits to bank accounts, it took weeks to distribute relief payments in the form of prepaid debit cards and checks to households who did not have up-to-date bank account information with the Internal Revenue Service."
11-27,11,27,2021-05-24,Lael Brainard,"The challenges of getting relief payments to these households highlighted the benefits of delivering payments more quickly, cheaply, and seamlessly through digital means."
11-28,11,28,2021-05-24,Lael Brainard,"Policy Considerations In any assessment of a CBDC, it is important to be clear about what benefits a CBDC would offer over and above current and emerging payments options, what costs and risks a CBDC might entail, and how it might affect broader policy objectives."
11-29,11,29,2021-05-24,Lael Brainard,I will briefly discuss several of the most prominent considerations.
11-30,11,30,2021-05-24,Lael Brainard,"Preserve general access to safe central bank money Central bank money is important for payment systems because it represents a safe settlement asset, allowing users to exchange central bank liabilities without concern about liquidity and credit risk."
11-31,11,31,2021-05-24,Lael Brainard,"Consumers and businesses don't generally consider whether the money they are using is a liability of the central bank, as with cash, or of a commercial bank, as with bank deposits."
11-32,11,32,2021-05-24,Lael Brainard,"This is largely because the two are seamlessly interchangeable for most purposes owing to the provision of federal deposit insurance and banking supervision, which provide protection for consumers and businesses alike."
11-33,11,33,2021-05-24,Lael Brainard,"It is not obvious that new forms of private money that reference fiat currency, like stablecoins, can carry the same level of protection as bank deposits or fiat currency."
11-34,11,34,2021-05-24,Lael Brainard,"Although various federal and state laws establish protections for users, nonbank issuers of private money are not regulated to the same extent as banks, the value stored in these systems is not insured directly by the Federal Deposit Insurance Corporation, and consumers may be at risk that the issuer will not be able to honor its liabilities."
11-35,11,35,2021-05-24,Lael Brainard,"New forms of private money may introduce counterparty risk into the payments system in new ways that could lead to consumer protection threats or, at large scale, broader financial stability risks."
11-36,11,36,2021-05-24,Lael Brainard,"In contrast, a digital dollar would be a new type of central bank money issued in digital form for use by the general public."
11-37,11,37,2021-05-24,Lael Brainard,"By introducing safe central bank money that is accessible to households and businesses in digital payments systems, a CBDC would reduce counterparty risk and the associated consumer protection and financial stability risks."
11-38,11,38,2021-05-24,Lael Brainard,"Improve efficiency One expected benefit is that a CBDC would reduce or even eliminate operational and financial inefficiencies, or other frictions, in payments, clearing, and settlement."
11-39,11,39,2021-05-24,Lael Brainard,"Today, the speed by which consumers and businesses can access the funds following a payment can vary significantly, up to a few days when relying on certain instruments, such as a check, to a few seconds in a real-time payments system."
11-40,11,40,2021-05-24,Lael Brainard,"Advances in technology, including the use of distributed ledgers and smart contracts, may have the potential to fundamentally change the way in which payment activities are conducted and the roles of financial intermediaries and infrastructures."
11-41,11,41,2021-05-24,Lael Brainard,The introduction of a CBDC may provide an important foundation for beneficial innovation and competition in retail payments in the United States.
11-42,11,42,2021-05-24,Lael Brainard,"Most immediately, we are taking a critical step to build a strong foundation with the introduction of the FedNowSM Service, a new instant payments infrastructure that is scheduled to go into production in two years."
11-43,11,43,2021-05-24,Lael Brainard,"The FedNow Service will enable banks of every size and in every community across America to provide safe and efficient instant payment services around the clock, every day of the year."
11-44,11,44,2021-05-24,Lael Brainard,"Through the banks using the service, consumers and businesses will be able to send and receive payments conveniently, such as on a mobile device, and recipients will have full access to funds immediately."
11-45,11,45,2021-05-24,Lael Brainard,"Promote competition and diversity and lower transactions costs Today, the costs of certain retail payments transactions are high and not always transparent to end users."
11-46,11,46,2021-05-24,Lael Brainard,"Competition among a diversity of payment providers and payment types has the potential to increase the choices available to businesses and consumers, reduce transactions costs, and foster innovation in end-user services, although it could also contribute to fragmentation of the current payments system."
11-47,11,47,2021-05-24,Lael Brainard,"By providing access to a digital form of safe central bank money, a CBDC could provide an important foundation on which private-sector competition could flourish."
11-48,11,48,2021-05-24,Lael Brainard,"Reduce cross-border frictions Cross-border payments, such as remittances, represent one of the most compelling use cases for digital currencies."
11-49,11,49,2021-05-24,Lael Brainard,"The intermediation chains for cross-border payments are notoriously long, complex, costly, and opaque."
11-50,11,50,2021-05-24,Lael Brainard,"Digitalization, along with a reduction in the number of intermediaries, holds considerable promise to reduce the cost, opacity, and time required for cross-border payments."
11-51,11,51,2021-05-24,Lael Brainard,"While the introduction of CBDCs may be part of the solution, international collaboration on standard setting and protections against illicit activity will be required in order to achieve material improvements in cost, timeliness, and transparency."
11-52,11,52,2021-05-24,Lael Brainard,"We are collaborating with international colleagues through the Bank for International Settlements, Committee on Payments and Market Infrastructures, and the G to ensure the U.S. stays abreast of developments related to CBDC abroad."
11-53,11,53,2021-05-24,Lael Brainard,"We are engaging in several international efforts to improve the transparency, timeliness, and cost-effectiveness of cross-border payments."
11-54,11,54,2021-05-24,Lael Brainard,"It will be important to be engaged at the outset on the development of any international standards that may apply to CBDCs, given the dollar's important role as a reserve currency."
11-55,11,55,2021-05-24,Lael Brainard,Complement currency and bank deposits A guiding principle for any payments innovation is that it should improve upon the existing payments system.
11-56,11,56,2021-05-24,Lael Brainard,"Consumers have access to reliable money in the forms of private bank accounts and central bank issued currency, which form the underpinnings of the current retail payments system."
11-57,11,57,2021-05-24,Lael Brainard,The design of any CBDC should complement and not replace currency and bank accounts.
11-58,11,58,2021-05-24,Lael Brainard,"Preserve financial stability and monetary policy transmission The introduction of a CBDC has the potential to have wide-reaching effects, and there are open questions about how CBDC could affect financial stability and monetary policy transmission."
11-59,11,59,2021-05-24,Lael Brainard,Some research indicates that the introduction of a CBDC might raise the risk of a flight out of deposits at weak banks in favor of CBDC holdings at moments of financial stress.
11-60,11,60,2021-05-24,Lael Brainard,Other research indicates that the increase in competition could result in more attractive terms on transactions accounts and an overall increase in banking system deposits.
11-61,11,61,2021-05-24,Lael Brainard,"Banks play a critical role in credit intermediation and monetary policy transmission, as well as in payments."
11-62,11,62,2021-05-24,Lael Brainard,"Thus, the design of any CBDC would need to include safeguards to protect against disintermediation of banks and to preserve monetary policy transmission more broadly."
11-63,11,63,2021-05-24,Lael Brainard,"While it is critical to consider the ways in which a CBDC could introduce risks relative to the current payments system, it may increase resilience relative to a payments system where private money is prominent."
11-64,11,64,2021-05-24,Lael Brainard,"Protect privacy and safeguard financial integrity The design of any CBDC would need to both safeguard the privacy of households' payments transactions and prevent and trace illicit activity to maintain the integrity of the financial system, which will require the digital verification of identities."
11-65,11,65,2021-05-24,Lael Brainard,There are a variety of approaches to safeguarding the privacy of payments transactions while also identifying and preventing illicit activity and verifying digital identities.
11-66,11,66,2021-05-24,Lael Brainard,Addressing these critical objectives will require working across government agencies to assign roles and responsibilities for preventing illicit transactions and clearly establishing how consumer financial data would be protected.
11-67,11,67,2021-05-24,Lael Brainard,"Increase financial inclusion Today 5.4 percent of American households lack access to bank accounts and the associated payment options they offer, and a further 18.7 percent were underbanked as of 2017.11 The lack of access to bank accounts imposes high burdens on these households, whose financial resilience is often fragile."
11-68,11,68,2021-05-24,Lael Brainard,"At the height of the pandemic, the challenges associated with getting relief payments to hard-to-reach households highlighted that it is important for all households to have transactions accounts."
11-69,11,69,2021-05-24,Lael Brainard,"The Federal Reserve's proposals for strengthening the Community Reinvestment Act emphasize the value of banks providing cost-free, low-balance accounts and other banking services targeted to underbanked and unbanked communities."
11-70,11,70,2021-05-24,Lael Brainard,And a core goal of FedNow is to provide ubiquitous access to an instant payments system via depository institutions.
11-71,11,71,2021-05-24,Lael Brainard,CBDC may be one part of a broader solution to the challenge of achieving ubiquitous account access.
11-72,11,72,2021-05-24,Lael Brainard,"Depending on the design, CBDC may have the ability to lower transaction costs and increase access to digital payments."
11-73,11,73,2021-05-24,Lael Brainard,"In emergencies, CBDC may offer a mechanism for the swift and direct transfer of funds, providing rapid relief to those most in need."
11-74,11,74,2021-05-24,Lael Brainard,"A broader solution to financial inclusion would also need to address any perceived barriers to maintaining a transaction account, along with the need to maintain up-to-date records on active accounts to reach a large segment of the population."
11-75,11,75,2021-05-24,Lael Brainard,"To explore these broader issues, the Federal Reserve is undertaking research on financial inclusion."
11-76,11,76,2021-05-24,Lael Brainard,The Federal Reserve Bank of Atlanta is launching a public-private sector collaboration as a Special Committee on Payments Inclusion to ensure that cash-based and vulnerable populations can safely access and benefit from digital payments.
11-77,11,77,2021-05-24,Lael Brainard,This work is complemented by a new Federal Reserve Bank of Cleveland initiative to explore the prospects for CBDC to increase financial inclusion.
11-78,11,78,2021-05-24,Lael Brainard,The initiative will identify CBDC design features and delivery approaches focused on expanding access to individuals who do not currently use traditional financial services.
11-79,11,79,2021-05-24,Lael Brainard,"Technology Considerations Multidisciplinary teams at the Federal Reserve are investigating the technological and policy issues associated with digital innovations in payments, clearing, and settlement, including the benefits and risks associated with a potential U.S. CBDC."
11-80,11,80,2021-05-24,Lael Brainard,"For example, the TechLab group at the Federal Reserve Board is performing hands-on research and experimentation on potential future states of money, payments, and digital currencies."
11-81,11,81,2021-05-24,Lael Brainard,"A second group, the Digital Innovations Policy program, is considering a broad range of policy issues associated with the rise of digital payments, including the potential benefits and risks associated with CBDC."
11-82,11,82,2021-05-24,Lael Brainard,"To deepen our research on the technological design of a CBDC, the Federal Reserve Bank of Boston is partnering with Massachusetts Institute of Technology's (MIT) Digital Currency Initiative on Project Hamilton to build and test a hypothetical digital currency platform using leading edge technology design options."
11-83,11,83,2021-05-24,Lael Brainard,"This work aims to research the feasibility of the core processing of a CBDC, while remaining agnostic about a range of policy decisions."
11-84,11,84,2021-05-24,Lael Brainard,MIT and the Boston Fed plan to release a white paper next quarter that will document the ability to meet goals on throughput of geographically dispersed transactions with core processing and create an open source license for the code.
11-85,11,85,2021-05-24,Lael Brainard,"Subsequent work will explore how addressing additional requirements, including resiliency, privacy, and anti-money-laundering features, will impact core processing performance and design."
11-86,11,86,2021-05-24,Lael Brainard,Banking Activities Research and experimentation are also occurring at supervised banking institutions to explore new technology to enhance their own operations and in response to demands from their clients for services such as custody of digital assets.
11-87,11,87,2021-05-24,Lael Brainard,"While distributed ledger technology may have the potential to improve efficiencies, increase competition, and lower costs, digital assets pose heightened risks such as those related to Bank Secrecy Act/anti-money laundering, cybersecurity, price volatility, privacy, and consumer compliance."
11-88,11,88,2021-05-24,Lael Brainard,"The Federal Reserve is actively monitoring developments in this area, engaging with the industry and other regulators, and working to identify any regulatory, supervisory, and oversight framework gaps."
11-89,11,89,2021-05-24,Lael Brainard,"Given that decisions at one banking agency can have implications for the other agencies, it is important that regulators work together to develop common approaches to ensure that banks are appropriately identifying, monitoring, and managing risks associated with digital assets."
11-90,11,90,2021-05-24,Lael Brainard,"Public Engagement In light of the growing role of digital private money in the broader migration to digital payments, the potential use of foreign CBDCs in cross-border payments, and the importance of financial inclusion, the Federal Reserve is stepping up its research and public engagement on a digital version of the U.S. dollar."
11-91,11,91,2021-05-24,Lael Brainard,Members of Congress and executive agencies are similarly exploring this important issue.
11-92,11,92,2021-05-24,Lael Brainard,"As noted above, to help inform these efforts, the Federal Reserve plans to issue a discussion paper to solicit public comment on a range of questions related to payments, financial inclusion, data privacy, and information security, with regard to a CBDC in the U.S. context."
11-93,11,93,2021-05-24,Lael Brainard,"The Federal Reserve remains committed to ensuring a safe, inclusive, efficient, and innovative payments system that works for all Americans."
12-0,12,0,2021-06-28,Randal K. Quarles,"I have been reflecting recently, and in connection with this speech, on America's centuries-long enthusiasm for novelty."
12-1,12,1,2021-06-28,Randal K. Quarles,"In the main, it has served us and the world well, by making America the home of so many of the scientific and practical innovations that have transformed life in the 21st century from that of the 19th."
12-2,12,2,2021-06-28,Randal K. Quarles,"But, especially when coupled with an equally American susceptibility to boosterism and the fear of missing out, it has also sometimes led to a mass suspension of our critical thinking and to occasionally impetuous, deluded crazes or fads."
12-3,12,3,2021-06-28,Randal K. Quarles,"Sometimes the consequences are in hindsight merely puzzling or embarrassing, like that year in the 1980s when millions of Americans suddenly started wearing parachute pants."
12-4,12,4,2021-06-28,Randal K. Quarles,But the consequences can also be more serious.
12-5,12,5,2021-06-28,Randal K. Quarles,"Which brings us to my topic today: central bank digital currencies, or CBDCs."
12-6,12,6,2021-06-28,Randal K. Quarles,"In recent months, public interest in a ""digital dollar"" has reached fever pitch."
12-7,12,7,2021-06-28,Randal K. Quarles,A wide range of experts and commenters have suggested that the Federal Reserve should issue—and in fact may need to issue—a CBDC.
12-8,12,8,2021-06-28,Randal K. Quarles,"But before we get carried away with the novelty, I think we need to subject the promises of a CBDC to a careful critical analysis."
12-9,12,9,2021-06-28,Randal K. Quarles,"In offering my views on this and other issues related to CBDCs, I am speaking for myself as a member of the Board of Governors, and not for the Board itself or any other Fed policymakers."
12-10,12,10,2021-06-28,Randal K. Quarles,"And, indeed, you will all have seen Chair Powell's recent announcement that we are preparing a comprehensive discussion paper on this issue that will be the first step in a thorough public process to conduct just this sort of critical analysis, which I do not want to prejudge."
12-11,12,11,2021-06-28,Randal K. Quarles,"But I do want to give some sense of the issues I think we will need to grapple with in this process, how I will be thinking about them, and the high bar that I think any proposal to create a U.S. CBDC must clear."
12-12,12,12,2021-06-28,Randal K. Quarles,"So, let's begin with a basic question: what problem would a CBDC solve?"
12-13,12,13,2021-06-28,Randal K. Quarles,"To answer, we first need to define the term CBDC and assess the current state of the U.S. payment system."
12-14,12,14,2021-06-28,Randal K. Quarles,"What Do We Mean by ""CBDC""?"
12-15,12,15,2021-06-28,Randal K. Quarles,"The Bank for International Settlements has defined a CBDC as ""a digital payment instrument, denominated in the national unit of account, that is a direct liability of the central bank."""
12-16,12,16,2021-06-28,Randal K. Quarles,My first observation is that the general public already transacts mostly in digital dollars—by sending and receiving electronic balances in our commercial bank accounts.
12-17,12,17,2021-06-28,Randal K. Quarles,"These digital dollars are not a CBDC, because they are liabilities of commercial banks rather than the Federal Reserve."
12-18,12,18,2021-06-28,Randal K. Quarles,"Importantly, however, digital dollars at commercial banks are federally insured up to $250,000, which means that for deposits up to that amount—which means for essentially all retail deposits in the United States—they are as sound as a central bank liability."
12-19,12,19,2021-06-28,Randal K. Quarles,The Federal Reserve also provides digital dollars directly to commercial banks and certain other financial institutions.
12-20,12,20,2021-06-28,Randal K. Quarles,Federal law allows these financial institutions to maintain accounts with—and receive payments services from—the Federal Reserve.
12-21,12,21,2021-06-28,Randal K. Quarles,Balances in Federal Reserve accounts serve a vital financial stability function by providing a safe and liquid settlement asset for the U.S. economy.
12-22,12,22,2021-06-28,Randal K. Quarles,"To summarize then, the dollar is already highly digitized."
12-23,12,23,2021-06-28,Randal K. Quarles,"The Federal Reserve provides a digital dollar to commercial banks, and commercial banks provide digital dollars and other financial services to consumers and businesses."
12-24,12,24,2021-06-28,Randal K. Quarles,"This arrangement serves the nation and the economy well: the Federal Reserve functions in the public interest by promoting the health of the U.S. economy and the stability of the broader financial system, while commercial banks compete to attract and effectively serve customers."
12-25,12,25,2021-06-28,Randal K. Quarles,"So, given the existing digitization of the U.S. dollar, how would a CBDC differ from the digital dollars we use today?"
12-26,12,26,2021-06-28,Randal K. Quarles,"The key distinction is that, when most commentators speculate about a Federal Reserve CBDC, they assume that it would be available to the general public directly from the central bank."
12-27,12,27,2021-06-28,Randal K. Quarles,A CBDC of this nature could take different forms.
12-28,12,28,2021-06-28,Randal K. Quarles,"One is an account-based model, in which the Federal Reserve would provide individual accounts directly to the general public."
12-29,12,29,2021-06-28,Randal K. Quarles,"Like the accounts that the Federal Reserve currently provides to financial institutions, an accountholder would send and receive funds by debit or credit to their Federal Reserve account."
12-30,12,30,2021-06-28,Randal K. Quarles,A different CBDC model could involve a CBDC that is not maintained in Federal Reserve accounts.
12-31,12,31,2021-06-28,Randal K. Quarles,This form of CBDC would be closer to a digital equivalent of cash.
12-32,12,32,2021-06-28,Randal K. Quarles,"Like cash, it would represent a claim against the Federal Reserve, but it could potentially be transferred from person to person (like a banknote) or through intermediaries."
12-33,12,33,2021-06-28,Randal K. Quarles,I am skeptical that the Federal Reserve has legal authority to pursue either of these CBDC models without legislation.
12-34,12,34,2021-06-28,Randal K. Quarles,"Nevertheless, the recent clamor over CBDCs makes it appropriate to explore the benefits, costs, and practicalities of implementing one in the United States if such legislative authority were granted."
12-35,12,35,2021-06-28,Randal K. Quarles,Let's start with a look at the current U.S. payment system that a Fed CBDC would fit into.
12-36,12,36,2021-06-28,Randal K. Quarles,"Current State of the U.S. Payment System The Federal Reserve and private-sector interbank payment services already offer an array of options that facilitate efficient, electronic U.S. dollar payments."
12-37,12,37,2021-06-28,Randal K. Quarles,A few statistics related to the main large-value payment systems for U.S. dollars are illustrative.
12-38,12,38,2021-06-28,Randal K. Quarles,The Federal Reserve's large-value payment service (the Fedwire Funds Service) processes nearly $4 trillion in payments every day.
12-39,12,39,2021-06-28,Randal K. Quarles,These payments settle instantly in a bank's account at the Federal Reserve.
12-40,12,40,2021-06-28,Randal K. Quarles,A private-sector entity (The Clearing House) operates a large-value payment system that settles nearly $2 trillion in payments every day.
12-41,12,41,2021-06-28,Randal K. Quarles,"These payments do not settle in Federal Reserve accounts, but they are underpinned by balances on the books of a Federal Reserve Bank."
12-42,12,42,2021-06-28,Randal K. Quarles,"Smaller-value payments often settle more slowly than large-value payments, but a variety of efforts to speed up settlement have been completed or are underway."
12-43,12,43,2021-06-28,Randal K. Quarles,"For example, The Clearing House has developed an instant payments service that focuses on smaller-value payments."
12-44,12,44,2021-06-28,Randal K. Quarles,"Similarly, the automated clearinghouse (or ACH) network—a batch-based payment network that first developed in the long-ago 20th century—now enables same-day settlement of ACH payments."
12-45,12,45,2021-06-28,Randal K. Quarles,And the Federal Reserve is developing an instant payment service—FedNow℠—that will soon provide recipients of small-value payments with immediate access to their funds in commercial bank accounts.
12-46,12,46,2021-06-28,Randal K. Quarles,The payment system is not perfect—some types of payments should move more quickly and efficiently.
12-47,12,47,2021-06-28,Randal K. Quarles,"Payments across international borders, for example, remain a key area of concern because they often involve high costs, low speed, and insufficient transparency."
12-48,12,48,2021-06-28,Randal K. Quarles,"The Financial Stability Board, an international group that I chair, produced a roadmap last year that is intended to address these concerns."
12-49,12,49,2021-06-28,Randal K. Quarles,"Additionally, private-sector stablecoins (which I will discuss in more detail in a moment) may facilitate faster and cheaper cross-border payments."
12-50,12,50,2021-06-28,Randal K. Quarles,"In addition, some types of payments have not fully digitized or are subject to ongoing contention between businesses with competing economic interests."
12-51,12,51,2021-06-28,Randal K. Quarles,"For example, paper checks remain widely used for certain types of payments (although the interbank check collection process is now almost entirely electronic)."
12-52,12,52,2021-06-28,Randal K. Quarles,"Debit and credit card payments offer a convenient digital platform for consumers and retailers, but there has been considerable controversy between banks and retailers over who will capture the economics surrounding the fees associated with card transactions."
12-53,12,53,2021-06-28,Randal K. Quarles,"Finally, many more Americans could benefit from digital payments by increasing their use of banking services, which can be promoted by wider use of low-cost, basic bank accounts."
12-54,12,54,2021-06-28,Randal K. Quarles,"In summary, the U.S. payment system is very good, and although it is not perfect, work is already underway to significantly improve it."
12-55,12,55,2021-06-28,Randal K. Quarles,"Policy Considerations Yet, proponents of a Federal Reserve CBDC believe that it would solve a number of significant problems."
12-56,12,56,2021-06-28,Randal K. Quarles,"They suggest, for example, that a Federal Reserve CBDC may be necessary to defend the critical role the U.S. dollar plays in the global economy."
12-57,12,57,2021-06-28,Randal K. Quarles,Others say that a CBDC would overcome longstanding economic inequalities in American society.
12-58,12,58,2021-06-28,Randal K. Quarles,"As we begin our Fed analysis of these issues, I will have to be convinced that a CBDC is a particularly good tool to address either of these issues, about which I am skeptical, and I will especially have to be convinced that the potential benefits of developing a Federal Reserve CBDC outweigh the potential risks."
12-59,12,59,2021-06-28,Randal K. Quarles,Let's examine some of the arguments raised by CBDC supporters.
12-60,12,60,2021-06-28,Randal K. Quarles,"The first argument is that the Federal Reserve should develop a CBDC to defend the U.S. dollar against threats that would be posed by foreign CBDCs, on the one hand, and the continued spread of private digital currencies, on the other."
12-61,12,61,2021-06-28,Randal K. Quarles,"Taking the threat from foreign CBDC's first, this argument presumes that at least some foreign currencies—all of which are already highly digitized in our current international banking system in the same way the dollar is and yet which do not pose a significant challenge to the international role of the dollar—will suddenly pose a much greater challenge to the dollar if that digitization is accomplished through a direct central bank digital currency instead of through the current digital payments system."
12-62,12,62,2021-06-28,Randal K. Quarles,"In this view, the U.S. dollar will lose its place in the global economy if the Federal Reserve does not offer a similar product."
12-63,12,63,2021-06-28,Randal K. Quarles,"I think it's inevitable that, as the global economy and financial system continue to evolve, some foreign currencies (including some foreign CBDCs) will be used more in international transactions than they currently are."
12-64,12,64,2021-06-28,Randal K. Quarles,"It seems unlikely, however, that the dollar's status as a global reserve currency, or the dollar's role as the dominant currency in international financial transactions, will be threatened by a foreign CBDC."
12-65,12,65,2021-06-28,Randal K. Quarles,"The dollar's role in the global economy rests on a number of foundations, including the strength and size of the U.S. economy; extensive trade linkages between the United States and the rest of the world; deep financial markets, including for U.S. Treasury securities; the stable value of the dollar over time; the ease of converting U.S. dollars into foreign currencies; the rule of law and strong property rights in the United States; and last but not least, credible U.S. monetary policy."
12-66,12,66,2021-06-28,Randal K. Quarles,"None of these are likely to be threatened by a foreign currency, and certainly not because that foreign currency is a CBDC."
12-67,12,67,2021-06-28,Randal K. Quarles,CBDC supporters also suggest that private digital currencies pose a threat to the U.S. dollar.
12-68,12,68,2021-06-28,Randal K. Quarles,"Private digital currencies come in multiple flavors, but for this purpose I will divide them into two categories: stablecoins and non-stablecoins, or cryptoassets, such as bitcoin."
12-69,12,69,2021-06-28,Randal K. Quarles,Let's begin with stablecoins.
12-70,12,70,2021-06-28,Randal K. Quarles,"The value of a stablecoin is tied to one or more other assets, such as a sovereign currency."
12-71,12,71,2021-06-28,Randal K. Quarles,There are multiple existing and potential stablecoins that are or would be tied in value to the U.S. dollar.
12-72,12,72,2021-06-28,Randal K. Quarles,Some commentators argue that the United States must develop a CBDC to compete with U.S. dollar stablecoins.
12-73,12,73,2021-06-28,Randal K. Quarles,Stablecoins are an important development that raise difficult questions.
12-74,12,74,2021-06-28,Randal K. Quarles,"For example, how would widespread adoption of stablecoins affect monetary policy or financial stability?"
12-75,12,75,2021-06-28,Randal K. Quarles,How might stablecoins affect the commercial banking system?
12-76,12,76,2021-06-28,Randal K. Quarles,Do stablecoins represent a fundamental threat to the government's role in money creation?
12-77,12,77,2021-06-28,Randal K. Quarles,"In my judgment, we do not need to fear stablecoins."
12-78,12,78,2021-06-28,Randal K. Quarles,The Federal Reserve has traditionally supported responsible private-sector innovation.
12-79,12,79,2021-06-28,Randal K. Quarles,"Consistent with this tradition, I believe that we must take strong account of the potential benefits of stablecoins, including the possibility that a U.S. dollar stablecoin might support the role of the dollar in the global economy."
12-80,12,80,2021-06-28,Randal K. Quarles,"For example, a global U.S. dollar stablecoin network could encourage use of the dollar by making cross-border payments faster and cheaper, and it potentially could be deployed much faster and with fewer downsides than a CBDC."
12-81,12,81,2021-06-28,Randal K. Quarles,"And the concern that stablecoins represent the unprecedented creation of private money and thus challenge our monetary sovereignty is puzzling, given that our existing system involves—indeed depends on—private firms creating money every day."
12-82,12,82,2021-06-28,Randal K. Quarles,"We do have a legitimate and strong regulatory interest in how stablecoins are constructed and managed, particularly with respect to financial stability concerns: the pool of assets that acts as the anchor for a stablecoin's value could—if use of the stablecoin became widespread enough—create stability risk if it is invested in multiple currency denominations; if it is a fractional rather than full reserve; if the stablecoin holder does not have a clear claim on the underlying asset; or if the pool is invested in instruments other than the most liquid possible, principally central bank reserves and short-term sovereign bonds."
12-83,12,83,2021-06-28,Randal K. Quarles,"All of these factors create ""run risk""—the possibility that some triggering event could cause a large number of stablecoin holders to exchange their coins all at once for other assets and that the stablecoin system would not be able to meet such demands while maintaining a reasonably stable value."
12-84,12,84,2021-06-28,Randal K. Quarles,"But these concerns are eminently addressable—indeed, some stablecoins have already been structured to address them."
12-85,12,85,2021-06-28,Randal K. Quarles,"When our concerns have been addressed, we should be saying yes to these products, rather than straining to find ways to say no."
12-86,12,86,2021-06-28,Randal K. Quarles,"Indeed, the combination of imminent improvements in the existing payments system such as various instant payments initiatives combined with the cross-border efficiency of properly structured stablecoins could well make superfluous any effort to develop a CBDC."
12-87,12,87,2021-06-28,Randal K. Quarles,"In contrast to stablecoins, cryptoassets like bitcoin are not tied to the value of an asset like a sovereign currency."
12-88,12,88,2021-06-28,Randal K. Quarles,"Rather, they seek to create value in the coin through other means, usually some intrinsic mechanism to ensure scarcity, like bitcoin's mining process, or some characteristic of the coin that cannot be matched by the traditional payment system, such as inviolable anonymity."
12-89,12,89,2021-06-28,Randal K. Quarles,Some commentators assert that the United States must develop a CBDC to counter the appeal of cryptocurrencies.
12-90,12,90,2021-06-28,Randal K. Quarles,This seems mistaken.
12-91,12,91,2021-06-28,Randal K. Quarles,"The mechanisms used to create such cryptoassets' value also ensure that this value will be highly volatile—rather similar to the fluctuating value of gold, which, like bitcoin, draws a significant part of its value from its scarcity, and like bitcoin, does not play a significant role in today's payments or monetary system."
12-92,12,92,2021-06-28,Randal K. Quarles,"Unlike gold, however, which has industrial uses and aesthetic attributes quite apart from its vestigial financial role, bitcoin's principal additional attractions are its novelty and its anonymity."
12-93,12,93,2021-06-28,Randal K. Quarles,The anonymity will make it appropriately the target for increasingly comprehensive scrutiny from law enforcement and the novelty is a rapidly wasting asset.
12-94,12,94,2021-06-28,Randal K. Quarles,"Gold will always glitter, but novelty, by definition, fades."
12-95,12,95,2021-06-28,Randal K. Quarles,"Bitcoin and its ilk will, accordingly, almost certainly remain a risky and speculative investment rather than a revolutionary means of payment, and they are therefore highly unlikely to affect the role of the U.S. dollar or require a response with a CBDC."
12-96,12,96,2021-06-28,Randal K. Quarles,"A second broad argument raised by proponents of CBDCs is that a Federal Reserve CBDC would improve access to digital payments for people who currently do not keep bank accounts because of their expense, a lack of trust in banks, or other reasons."
12-97,12,97,2021-06-28,Randal K. Quarles,This is a worthwhile goal.
12-98,12,98,2021-06-28,Randal K. Quarles,"However, I believe we can promote financial inclusion more efficiently by taking steps to make cheap, basic commercial bank accounts more available to people for whom the current cost is burdensome, such as the Bank On accounts developed in collaboration between the Cities for Financial Empowerment Fund and many local coalitions."
12-99,12,99,2021-06-28,Randal K. Quarles,"Between 2011 and 2019, the percentage of households that are unbanked dropped from 8.2 percent to an estimated 5.4 percent."
12-100,12,100,2021-06-28,Randal K. Quarles,Banks and regulators are working to shrink this percentage further still.
12-101,12,101,2021-06-28,Randal K. Quarles,"I am far from convinced that a CBDC is the best, or even an effective, method to increase financial inclusion."
12-102,12,102,2021-06-28,Randal K. Quarles,"Last, some believe that a Federal Reserve CBDC would spur and facilitate private-sector innovation."
12-103,12,103,2021-06-28,Randal K. Quarles,This is an interesting issue that merits further study.
12-104,12,104,2021-06-28,Randal K. Quarles,"I am puzzled, however, as to how a Federal Reserve CBDC could promote innovation in a way that a private-sector stablecoin or other new payment mechanism could not."
12-105,12,105,2021-06-28,Randal K. Quarles,"It seems to me that there has been considerable private-sector innovation in the payments industry without a CBDC, and it is conceivable that a Fed CBDC, or even plans for one, might deter private-sector innovation by effectively ""occupying the field."""
12-106,12,106,2021-06-28,Randal K. Quarles,"In brief, the potential benefits of a Federal Reserve CBDC are unclear."
12-107,12,107,2021-06-28,Randal K. Quarles,"Conversely, a Federal Reserve CBDC could pose significant and concrete risks."
12-108,12,108,2021-06-28,Randal K. Quarles,"First, a Federal Reserve CBDC could create considerable challenges for the structure of our banking system, which currently relies on deposits to support the credit needs of households and businesses."
12-109,12,109,2021-06-28,Randal K. Quarles,"An arrangement where the Federal Reserve replaces commercial banks as the dominant provider of money to the general public could constrict the availability of credit, fundamentally alter the economy, and expose the public to a host of unanticipated, and undesirable, consequences."
12-110,12,110,2021-06-28,Randal K. Quarles,"Among other potential problems, a dominant CBDC could undermine the consumer and other economic benefits that accrue when commercial banks compete to attract customers."
12-111,12,111,2021-06-28,Randal K. Quarles,A Federal Reserve CBDC could also present an appealing target for cyberattacks and other security threats.
12-112,12,112,2021-06-28,Randal K. Quarles,"Bad actors might try to steal CBDC, compromise the CBDC network, or target non-public information about holders of CBDC."
12-113,12,113,2021-06-28,Randal K. Quarles,The architecture of a Federal Reserve CBDC would need to be extremely resistant to such threats—and would need to remain resistant as bad actors employ ever-more sophisticated methods and tactics.
12-114,12,114,2021-06-28,Randal K. Quarles,"Designing appropriate defenses for CBDC could be particularly difficult because, compared to the Federal Reserve's existing payment systems, there could be far more entry points to a CBDC network—depending on design choices, anyone in the world could potentially access the network."
12-115,12,115,2021-06-28,Randal K. Quarles,"Critically, we also would need to ensure that a CBDC does not facilitate illicit activity."
12-116,12,116,2021-06-28,Randal K. Quarles,The Bank Secrecy Act currently requires that commercial banks take steps to guard against money laundering.
12-117,12,117,2021-06-28,Randal K. Quarles,"Policymakers will need to consider whether a similar anti-money-laundering regime would be feasible for a Federal Reserve CBDC, but it may be challenging to design a CBDC that respects individuals' privacy while appropriately minimizing the risk of money laundering."
12-118,12,118,2021-06-28,Randal K. Quarles,"At one extreme, we could design a CBDC that would require CBDC holders to provide the Federal Reserve detailed information about themselves and their transactions; this approach would minimize money-laundering risks but would raise significant privacy concerns."
12-119,12,119,2021-06-28,Randal K. Quarles,"At the other extreme, we could design a CBDC that would allow parties to transact on a fully anonymized basis; this approach would address privacy concerns but would raise significant money-laundering risks."
12-120,12,120,2021-06-28,Randal K. Quarles,A final risk is that developing a Federal Reserve CBDC could be expensive and difficult for the Federal Reserve to manage.
12-121,12,121,2021-06-28,Randal K. Quarles,"A Federal Reserve CBDC could, in essence, set up the Federal Reserve as a retail bank to the general public."
12-122,12,122,2021-06-28,Randal K. Quarles,"That would mean introducing large-scale, resource-intensive central bank infrastructure."
12-123,12,123,2021-06-28,Randal K. Quarles,"We will need to consider whether the potential use cases for a CBDC justify such costs and expansion of the Federal Reserve's responsibilities into unfamiliar activities, together with the risk of politicization of the Fed's mandate that would come with such an expansion."
12-124,12,124,2021-06-28,Randal K. Quarles,"To conclude, I emphasize three points."
12-125,12,125,2021-06-28,Randal K. Quarles,"First, the U.S. dollar payment system is very good, and it is getting better."
12-126,12,126,2021-06-28,Randal K. Quarles,"Second, the potential benefits of a Federal Reserve CBDC are unclear."
12-127,12,127,2021-06-28,Randal K. Quarles,"Third, developing a CBDC could, I believe, pose considerable risks."
12-128,12,128,2021-06-28,Randal K. Quarles,"So, our work is cut out for us as we proceed to rigorously evaluate the case for developing a Federal Reserve CBDC."
12-129,12,129,2021-06-28,Randal K. Quarles,"Even if other central banks issue successful CBDCs, we cannot assume that the Federal Reserve should issue a CBDC."
12-130,12,130,2021-06-28,Randal K. Quarles,"The process that Chair Powell recently announced is a genuinely open process without a foregone conclusion, although obviously I think the bar to establishing a U.S. CBDC is a high one."
12-131,12,131,2021-06-28,Randal K. Quarles,The upcoming discussion paper that constitutes the first step in this process will importantly ask for input from the public.
12-132,12,132,2021-06-28,Randal K. Quarles,"I look forward to reviewing public input on the discussion paper, which will inform the Federal Reserve's ultimate evaluation of a potential CBDC."
