bank_IDRSSD,name,doc_id,event_date,t0,CAR,alpha,beta,n_est,delisted_flag,S,S_norm,n_design,char_quarter,char_lookahead,filing_type,uninsured_share,size,ROA,NPL_ratio,equity_ratio,deposit_reliance,failed,score_rf,is_trust_or_specialized,score_ols
613008,ROCKLAND TRUST COMPANY,1,2022-01-20,2022-01-20,0.0480206823783405,-0.0006251986674016,1.1300468574125884,200,False,0.1231,0.0243,65,2021-12-31,False,41,0.3289380086610208,16.832059356411225,0.0060826042444982,0.0020437901507974,0.144471044911598,0.9805678659934935,False,-0.0158760513078972,False,-0.0166832689695602
433608,TOMPKINS COMMUNITY BANK,1,2022-01-20,2022-01-20,0.0184760910207614,-0.0003015816642329,1.1431279059952912,200,False,0.1231,0.0243,65,2021-12-31,False,41,0.4421245931068176,14.713186301020398,0.0155503927840374,0.0072141956484305,0.0695409294537292,0.9256771295064,False,-0.0148771822868522,False,-0.0175491947527171
379920,FIRST NATIONAL BANK OF PENNSYLVANIA,1,2022-01-20,2022-01-20,0.0183858368571145,-0.0004216976256604,1.3357404386903038,200,False,0.1231,0.0243,65,2021-12-31,False,41,0.4184416243667491,17.491008832086965,0.0105374645050746,0.0036509862251006,0.1308755037394803,0.93666056529079,False,-0.0139327318777742,False,-0.0099135656336968
491224,FIRST-CITIZENS BANK & TRUST COMPANY,1,2022-01-20,2022-01-20,-0.0744278817352886,-0.0005237069177135,1.3323231843889225,200,False,0.1231,0.0243,65,2021-12-31,False,41,0.3887923165753141,17.87966625416299,0.0092972456794156,0.0039131611681027,0.0856701356485469,0.9692415058386328,False,-0.0173391233094819,False,-0.0070457123459857
246022,"BANK OF SOUTH CAROLINA, THE",1,2022-01-20,2022-01-20,0.0114197556059524,0.000732780155395,0.2904434928131895,200,False,0.1231,0.0243,65,2021-12-31,False,41,0.4391821276344801,13.428316021801658,0.0103113737353801,0.0026308559978022,0.078542297841254,0.975752519052734,False,0.0138078723296275,False,0.0211969779343315
437914,"WILMINGTON SAVINGS FUND SOCIETY, FSB",1,2022-01-20,2022-01-20,-0.0128792412129978,1.0775417543320468e-06,1.0542403822594613,200,False,0.1231,0.0243,65,2021-12-31,False,41,0.4385345964569767,16.571845335130327,0.0174137543427506,0.00332527516652,0.1276405172163529,0.972296720738562,False,-0.0135358011532707,True,-0.0097746266517213
761806,"WEBSTER BANK, NATIONAL ASSOCIATION",1,2022-01-20,2022-01-20,0.0185044789596469,-0.0005481470959641,1.473246803963836,200,False,0.1231,0.0243,65,2021-12-31,False,31,0.3459342563851471,17.36779773973727,0.0125494679697233,0.0050467258589945,0.101009304636831,0.9616495356872522,False,-0.0215936457984246,False,-0.0058287569871804
837000,"FIRST NATIONAL BANK OF LONG ISLAND, THE",1,2022-01-20,2022-01-20,0.0189072730728355,0.0004039446724482,0.7849164844978058,200,False,0.1231,0.0243,65,2021-12-31,False,41,0.5228019759038179,15.218462901280308,0.011113569811098,0.0003977409601692,0.1016561803112222,0.9074685086384164,False,-0.0209473840040695,False,-0.0106820358617879
510871,FIRSTBANK PUERTO RICO,1,2022-01-20,2022-01-20,-0.055713398941147,0.0007833787916732,1.293665663670367,200,False,0.1231,0.0243,65,2021-12-31,False,31,0.4810277312385186,16.849409190959044,0.0135974539708455,0.0203830940553882,0.1081567157236512,0.9617114044558916,False,-0.0182056510092615,False,-0.0264761108037157
245276,ORIENTAL BANK,1,2022-01-20,2022-01-20,-0.0153028135788971,0.0007190441521415,1.3476227683304858,200,False,0.1231,0.0243,65,2021-12-31,False,41,0.3223297163634205,16.098478690425,0.0146942475133447,0.0308079197588126,0.1031178466657597,0.980641632730103,False,-0.0174995369123359,False,-0.0214603033573476
216922,FIRST BANK,1,2022-01-20,2022-01-20,-0.0106398378331264,0.0002289212638936,1.088404174996748,200,False,0.1231,0.0243,65,2021-12-31,False,41,0.3570769407984108,16.168486913637565,0.009603278556028,0.0057935970204358,0.1216417502430629,0.9905370910437196,False,-0.0055768569438161,False,-0.0091360140557879
645625,"WESBANCO BANK, INC.",1,2022-01-20,2022-01-20,-0.0067935197508361,-6.221042137437039e-05,1.180590964638125,200,False,0.1231,0.0243,65,2021-12-31,False,41,0.3000445384984881,16.641569073049503,0.014650091872634,0.0044958366874287,0.1561852553279551,0.9639891839836344,False,-0.0161982088105179,False,-0.008228581129112
365325,UNITED BANK,1,2022-01-20,2022-01-20,-0.0184960156418289,-0.0004412188262953,1.2796202622777413,200,False,0.1231,0.0243,65,2021-12-31,False,41,0.3611755160712249,17.192747261606584,0.0126667978389553,0.0041790658754201,0.1633501279612647,0.9636362746012214,False,-0.0197593159230139,False,-0.0140776244579743
816603,"WASHINGTON TRUST COMPANY, OF WESTERLY, THE",1,2022-01-20,2022-01-20,0.0323648958261209,0.0003739034858599,0.906860297034835,200,False,0.1231,0.0243,65,2021-12-31,False,41,0.2582120051187971,15.581955296126385,0.0132951727669897,0.0032992710815678,0.0980778178802184,0.9454937881200344,False,-0.0137346408651125,False,-0.0079113347521507
130541,HORIZON BANK,1,2022-01-20,2022-01-20,-0.042946612870499,0.0001246267399422,1.0879585232085671,200,False,0.1231,0.0243,65,2021-12-31,False,41,0.4230847113950081,15.808586695787085,0.012535172726569,0.0046501565373108,0.1078077456857877,0.8945966004737153,False,0.0062539149106294,False,0.0157748389957609
701062,CENTRAL PACIFIC BANK,1,2022-01-20,2022-01-20,0.0087250022546224,0.0007646274025948,0.9726065539578312,200,False,0.1231,0.0243,65,2021-12-31,False,41,0.3808499097796027,15.817972238330883,0.0115401521856641,0.0014189509478608,0.0862733736648923,0.9839067281111438,False,-0.0108087492314031,False,-0.014432790203365
802866,SILICON VALLEY BANK,1,2022-01-20,2022-01-20,-0.0972643296951524,0.0003764719264324,1.7698230423931796,200,False,0.1231,0.0243,65,2021-12-31,False,31,0.8474972705570153,19.15583801296937,0.0062038248929672,0.0012674462466993,0.0709316764230682,0.987847419318217,True,0.0358832043325153,False,0.0315062153011363
509811,"COMMUNITY TRUST BANK, INC.",1,2022-01-20,2022-01-20,0.0133375435267772,0.0001505129049347,0.7833430289662845,200,False,0.1231,0.0243,65,2021-12-31,False,41,0.2510537678862629,15.499032042254411,0.0162255101881628,0.0048733014895447,0.1327137382152124,0.9323347942531396,False,-0.0195206761466614,False,-0.0348608925225716
208244,OLD NATIONAL BANK,1,2022-01-20,2022-01-20,-0.014399256382171,-0.0004082715468004,0.9055255449314316,200,False,0.1231,0.0243,65,2021-12-31,False,31,0.3615800997038544,17.00821114068989,0.0119615133528391,0.0080796034230521,0.1253823328129146,0.8768942130746581,False,-0.0209391121420312,False,-0.003593043683661
4114567,FIRST REPUBLIC BANK,1,2022-01-20,2022-01-20,-0.0252098300583069,0.0005546387265007,1.1198399346916772,200,False,0.1231,0.0243,65,2021-12-31,False,31,0.735068867127675,19.014489290872792,0.0081624539257215,0.0010269791386924,0.08778985599143,0.9463141348453866,True,-0.0043878506876333,False,0.003577575785238
5210,ACNB BANK,1,2022-01-20,2022-01-20,-0.0322357171656847,0.0002752845737797,0.5096609849179373,200,False,0.1231,0.0243,65,2021-12-31,False,51,0.2720878512260935,14.835326362100108,0.0100090742399783,0.004228828657301,0.0962904535821608,0.9742291678057358,False,-0.0115874644665386,False,-0.0165860703831197
3938186,"BANKUNITED, NATIONAL ASSOCIATION",1,2022-01-20,2022-01-20,0.0140784845999788,-0.0007093955491689,1.4970144930303706,200,False,0.1231,0.0243,65,2021-12-31,False,41,0.670576859592601,17.390256486974533,0.0127690889363547,0.0394221717073385,0.0971019280547509,0.9196586748085848,False,-0.0201652274367269,False,0.0105771378911857
680813,"FARMERS NATIONAL BANK OF CANFIELD, THE",1,2022-01-20,2022-01-20,-0.0258912836909681,0.001093753256203,0.7019045334936355,200,False,0.1231,0.0243,65,2021-12-31,False,41,0.348372487799463,15.23249124077649,0.0121295199008497,0.0069341179583593,0.1099960529965223,0.9914016877906092,False,-0.0099194211626943,False,-0.0097386462864818
785923,LCNB NATIONAL BANK,1,2022-01-20,2022-01-20,0.0359037692985797,0.000622178476791,0.7795715411434466,200,False,0.1231,0.0243,65,2021-12-31,False,51,0.2464994881790219,14.457321285310604,0.0111641660324287,0.001122352485861,0.1234005888675195,0.9783898450104384,False,-0.0176609426194181,False,-0.0188215942518553
2787770,BANK OF THE JAMES,1,2022-01-20,2022-01-20,-0.0449003189735486,0.0011169126755792,0.0336450249174824,200,False,0.1231,0.0243,65,2021-12-31,False,41,0.2577129550685614,13.792759708930236,0.0083876723007326,0.0016307385673089,0.0792864698528704,0.9891333695554348,False,-0.0030290183498984,False,-0.0056170292577375
258771,HOMESTREET BANK,1,2022-01-20,2022-01-20,-0.1253271576725331,0.000432879014292,0.7872929711139519,200,False,0.1231,0.0243,65,2021-12-31,False,41,0.397093806267797,15.783835605636602,0.0166212299592829,0.0042520730819172,0.1089378818094295,0.9673051071317994,False,-0.0167110496780003,False,-0.0052553282359346
212577,HOMETRUST BANK,1,2022-01-20,2022-01-20,0.0365725597046002,0.0009527112631063,0.8442109391777486,200,False,0.1231,0.0243,65,2021-12-31,False,41,0.2355246877312493,15.069020961346297,0.0064723034234116,0.0022264766311085,0.1112605232030793,0.9650324422711324,False,-0.0213705102815928,False,-0.0239529209178922
4210227,NBH BANK,1,2022-01-20,2022-01-20,0.029584552087109,0.0005336982886593,0.795204837471967,200,False,0.1231,0.0243,65,2021-12-31,False,41,0.2778317557208075,15.787908084362344,0.0140327709568136,0.0024184711702847,0.1038044688781365,0.9840501515581004,False,-0.0119147957329298,False,-0.0077307592546284
884303,CHEMUNG CANAL TRUST COMPANY,1,2022-01-20,2022-01-20,0.0255196663719521,0.000899748167165,0.3762583826052826,200,False,0.1231,0.0243,65,2021-12-31,False,41,0.3888092287228623,14.696550000089792,0.0103770313088509,0.0053402869004935,0.0842680078411971,0.9769858744254614,False,-0.0085911947550186,False,-0.0048366081969081
2758613,FIRST INTERNET BANK OF INDIANA,1,2022-01-20,2022-01-20,-0.01230449910802,0.0010154415061176,1.1341867423039789,200,False,0.1231,0.0243,65,2021-12-31,False,51,0.3328633189513264,15.252229223509282,0.0127997805493824,0.0025209442775927,0.1017433630569433,0.8552384218682519,False,-0.020298052885544,False,-0.0152702481698545
122854,INDEPENDENT BANK DBA INDEPENDENT FINANCIAL,1,2022-01-20,2022-01-20,0.0284068109189931,-0.0004958965535768,1.3726155373545776,200,False,0.1231,0.0243,65,2021-12-31,False,41,0.5437349420888985,16.745570120764082,0.0132170621567509,0.0044479564321091,0.1550353130957086,0.98358269306999,False,-0.0184669659146515,False,-0.0158229175258816
2354985,CUSTOMERS BANK,1,2022-01-20,2022-01-20,-0.1489961647242668,0.0028751680903014,1.6706689235597258,200,False,0.1231,0.0243,65,2021-12-31,False,41,0.7343300366992401,16.788782015366458,0.0164545632544344,0.0035010915385769,0.074848672702628,0.937082420548322,False,-0.0190602511457525,False,-0.0094280908314003
3475083,TRISTATE CAPITAL BANK,1,2022-01-20,2022-01-20,0.0444499901079583,0.0006650516686923,1.2642579881566458,200,False,0.1231,0.0243,65,2021-12-31,False,41,0.6506805283798889,16.37476380024342,0.0065169387879355,0.0004007126423026,0.0736842129693417,0.9637050580910322,False,-0.0185889579861068,False,0.0124416484874461
697978,COMMUNITY BANK OF THE CHESAPEAKE,1,2022-01-20,2022-01-20,-0.0109287417853574,0.0011669208360254,0.4622246146037074,200,False,0.1231,0.0243,65,2021-12-31,False,41,0.2491180088390932,14.659592252028638,0.0124135742727039,0.0050882247589976,0.101709876126528,0.9856318923265432,False,-0.010933342505794,False,-0.016683625523652
3401970,FIRST BANK,1,2022-01-20,2022-01-20,0.0751341997190401,0.0013382983318765,1.1710305392347309,200,False,0.1231,0.0243,65,2021-12-31,False,41,0.4411894058550971,14.735912029160302,0.0141138621789126,0.0061553292603993,0.1062288222354477,0.942490568863343,False,-0.0192515173594626,False,-0.0189595438596672
3284070,ALLY BANK,1,2022-01-20,2022-01-20,0.0082147420560107,-0.0001360048633563,1.332365333408326,200,False,0.1231,0.0243,65,2021-12-31,False,31,0.1549857647583439,18.967761148377527,0.0213864136095359,0.0113315141909445,0.0967885661381784,0.9338343167214416,False,-0.0294560301544673,False,-0.0387197045696588
3109043,BANKWELL BANK,1,2022-01-20,2022-01-20,0.0198332214115506,0.0010647335903023,0.6145461821628908,200,False,0.1231,0.0243,65,2021-12-31,False,41,0.4896290335506869,14.712596044074369,0.012654718046684,0.0093236557440558,0.0924383625320853,0.9586439596629444,False,-0.0153850129592315,False,-0.005712033725532
762447,"FIRST MID BANK & TRUST, NATIONAL ASSOCIATION",1,2022-01-20,2022-01-20,-0.011150639720466,0.0005556502982797,0.9110731225608504,200,False,0.1231,0.0243,65,2021-12-31,False,41,0.3345957030906331,15.599077896465742,0.0082550165953963,0.0045313216817923,0.1151570278041783,0.9497569478799098,False,-0.0168473340840939,False,-0.0128396486254592
1216022,SYNCHRONY BANK,1,2022-01-20,2022-01-20,0.0268992044565906,0.000194519940925,1.4660795437165357,200,False,0.1231,0.0243,65,2021-12-31,False,41,0.1545629770699267,18.27060176349516,0.0466048522030117,0.0113645089457114,0.1356781000185908,0.8753007918050197,False,-0.047934451814912,True,-0.1002527597244508
3303298,"CITIZENS BANK, NATIONAL ASSOCIATION",1,2022-01-20,2022-01-20,0.0059317596769699,-3.2507633055133324e-05,1.2624621173646853,200,False,0.1231,0.0243,65,2021-12-31,False,31,0.4575959811418342,19.052322861784,0.012272390359322,0.0099478063437744,0.1209225867756633,0.9500610816924464,False,-0.0218017994438813,False,-0.0004142515464024
177920,"MIDDLEFIELD BANKING COMPANY, THE",1,2022-01-20,2022-01-20,-0.002456429226145,0.0007228396736503,0.1053894699249016,200,False,0.1231,0.0243,65,2021-12-31,False,41,0.347400024841209,14.10044134911025,0.0155963509743018,0.0049443292339189,0.1132521603104529,0.9901050139006448,False,-0.0186648885024873,False,-0.0198468963121079
371924,COMMUNITY BANK,1,2022-01-20,2022-01-20,-0.013475291279269,0.0011429856641379,0.2449161953818002,200,False,0.1231,0.0243,65,2021-12-31,False,51,0.3608747505330661,14.16870856435507,0.0079249065581727,0.0048618920920536,0.0886919408575223,0.95976798859213,False,-0.0121522991519625,False,-0.0120508153561997
3221468,VERITEX COMMUNITY BANK,1,2022-01-20,2022-01-20,0.001170141416142,0.0010685870216787,1.3767955390805815,200,False,0.1231,0.0243,65,2021-12-31,False,41,0.6116758223587859,16.09319816488281,0.0154529905837535,0.007997135080702,0.1532989361703218,0.8970432287669671,False,-0.0209814377105824,False,-0.0086052226471792
3637685,FIRST FOUNDATION BANK,1,2022-01-20,2022-01-20,0.0123206276379802,0.0002191163261976,1.0815264604421184,200,False,0.1231,0.0243,65,2021-12-31,False,41,0.6510019744659561,16.135120993795333,0.0105402129494241,0.0011241653295155,0.1053565127833458,0.9716854458571954,False,-0.0173971685792301,False,0.0035112101082296
866000,GLENS FALLS NATIONAL BANK AND TRUST COMPANY,1,2022-01-20,2022-01-20,0.0182802968437555,0.000512941105225,0.6532968760745124,200,False,0.1231,0.0243,65,2021-12-31,False,41,0.2718974198057366,14.969272429306589,0.0118125760229343,0.0036853971134792,0.0923120309290318,0.9746475016064912,False,-0.0146716748439502,False,-0.0219885339084974
766164,"TBK BANK, SSB",1,2022-01-20,2022-01-20,-0.2204197317800557,0.0021530883928066,1.397464039083854,200,False,0.1231,0.0243,65,2021-12-31,False,41,0.3613194690999232,15.597715359720748,0.0205632056160708,0.0111402828318804,0.1578769448480509,0.9398602231386514,False,-0.0363793567989745,False,-0.0521960723942373
403179,FIRST FED BANK,1,2022-01-20,2022-01-20,0.0345263057898459,0.000662484727295,0.2415466693387643,200,False,0.1231,0.0243,65,2021-12-31,False,51,0.2968078583463774,14.466496827221468,0.0087638094930143,0.0010187137421702,0.1036073788313634,0.933699719159795,False,-0.0167498272849897,False,-0.0144618606651352
917742,"ASSOCIATED BANK, NATIONAL ASSOCIATION",1,2022-01-20,2022-01-20,0.0202980141164584,0.0002193942344328,1.1755388458374962,200,False,0.1231,0.0243,65,2021-12-31,False,41,0.5583767331190419,17.37250323775589,0.010302984439127,0.0055884290296851,0.112770411695789,0.9164106665130324,False,-0.0002128891994825,False,0.0040417383286524
3650808,LIVE OAK BANKING COMPANY,1,2022-01-20,2022-01-20,-0.2304105730029103,0.0018292330554234,1.8106421293122352,200,False,0.1231,0.0243,65,2021-12-31,False,41,0.1658923800850243,15.91173436140157,0.0175209771724555,0.0122072421491459,0.081915915289136,0.9536653834469612,False,-0.0247462205687162,False,-0.0165406023079826
139656,EQUITY BANK,1,2022-01-20,2022-01-20,0.0162466993585028,0.0011793609789668,0.8944888857548382,200,False,0.1231,0.0243,65,2021-12-31,False,41,0.3410116336294362,15.452772175996952,0.0118576436976568,0.009372623495929,0.1117582091828319,0.9744914885859348,False,-0.0178871622627896,False,-0.0266035158492072
422433,FIRST GUARANTY BANK,1,2022-01-20,2022-01-20,0.0398430526859026,0.001443500508605,0.5308881955219746,200,False,0.1231,0.0243,65,2021-12-31,False,41,0.499598137325182,14.871334684359386,0.0102406010695313,0.0096510121753724,0.0888171662185062,0.9933498838511032,False,-0.0279736975134564,False,-0.0130070534494394
3532641,SMARTBANK,1,2022-01-20,2022-01-20,0.0141506377715159,0.0006762306392605,0.7472766443537732,200,False,0.1231,0.0243,65,2021-12-31,False,41,0.3222936058125552,15.342913345846563,0.0081457635993936,0.0019066140794463,0.100470713590688,0.9737998411936062,False,-0.0125732367854023,False,-0.0069871880539602
2941068,NICOLET NATIONAL BANK,1,2022-01-20,2022-01-20,0.1036255912149663,-0.0003169490551106,0.9011931089721104,200,False,0.1231,0.0243,65,2021-12-31,False,41,0.3082105177104291,15.854950992062292,0.0074506521792585,0.0091464987205383,0.1291693136899163,0.9868465872420172,False,-0.0172684102631888,False,-0.0101589706565715
773247,MIDLAND STATES BANK,1,2022-01-20,2022-01-20,0.0055238602149015,8.958396266668527e-05,0.7571355876644972,200,False,0.1231,0.0243,65,2021-12-31,False,41,0.4158000428398772,15.82160718244374,0.0117950155510138,0.0067662231752227,0.1087243326219404,0.9279376766442412,False,-0.0237662866376212,False,-0.0227526364041967
40499,HARBORONE BANK,1,2022-01-20,2022-01-20,0.0169861576754312,0.0005266320934249,0.9926365819659226,200,False,0.1231,0.0243,65,2021-12-31,False,41,0.3262157318259002,15.313342268764249,0.0136686596681292,0.0098916755055257,0.1242614572241122,0.9542748016169396,False,-0.0192199627253947,False,-0.0123964720199993
980661,FIRST HAWAIIAN BANK,1,2022-01-20,2022-01-20,-0.0140812809172142,-0.0007245498040286,1.1918642032346178,200,False,0.1231,0.0243,65,2021-12-31,False,31,0.4726133160196781,17.03407045293188,0.0108688732596852,0.0011010961820205,0.1057505644883105,0.9768118499591976,False,0.0061477846368594,False,0.0001840616889916
436159,FIRSTBANK,1,2022-01-20,2022-01-20,-0.0007456649017247,-0.0001496086543578,1.0946557484808888,200,False,0.1231,0.0243,65,2021-12-31,False,41,0.5446039439284492,16.347799317586244,0.015168247449129,0.0062846383550808,0.1132537997313839,0.9732212095018924,False,-0.0209846227674282,False,-0.014065983209214
795968,BANK OF HAWAII,1,2022-01-20,2022-01-20,0.0054662175936097,-0.0007729498581704,1.1155543696576935,200,False,0.1231,0.0243,65,2021-12-31,False,31,0.4711618362796445,16.940276254678047,0.011194853533333,0.0019863546777741,0.0697210928638796,0.9621313968336302,False,0.0071351648481746,False,0.0058707162537273
321273,AFFINITY BANK,1,2022-01-20,2022-01-20,-0.0564416927179082,0.0014858692661753,0.056334249079508,200,False,0.1231,0.0243,65,2021-12-31,False,51,0.2260012739931383,13.57953122939749,0.0097695990235465,0.0119367072143918,0.1306500277919516,0.9122747993766476,False,-0.0176297373009046,False,-0.0167765926497299
214414,"FARMERS & MERCHANTS STATE BANK, THE",1,2022-01-20,2022-01-20,0.0108193825524769,0.0011496104378599,0.5815881302827437,200,False,0.1231,0.0243,65,2021-12-31,False,41,0.1899494427507075,14.774162067823903,0.0089150391250287,0.0043299861189523,0.1297603651899392,0.9680897230915096,False,-0.0165106488576748,False,-0.0137132409585269
129732,BYLINE BANK,1,2022-01-20,2022-01-20,-0.016401346785548,0.0011761846521724,1.068648529196082,200,False,0.1231,0.0243,65,2021-12-31,False,41,0.3352525706160443,15.715442884507487,0.0147901963699632,0.0071686122269094,0.1313150274880853,0.8975673533540777,False,-0.0206185594181874,False,-0.0162382297812275
3835454,ROYAL BUSINESS BANK,1,2022-01-20,2022-01-20,0.0389848618010862,0.0007021185512958,1.0537486783267227,200,False,0.1231,0.0243,65,2021-12-31,False,41,0.5888192953561011,15.255940295926534,0.0151826757071031,0.0061657679249051,0.1351182116797828,0.9488323886196228,False,-0.0328617197550671,False,-0.0379092588116365
3595271,"BANK OF PRINCETON, THE",1,2022-01-20,2022-01-20,0.0189070816212248,0.0005122597986759,0.4211112806914213,200,False,0.1231,0.0243,65,2021-12-31,False,41,0.3365584616746326,14.33886654776508,0.013323600062097,0.0008800417027421,0.1283280855042597,0.9830324823856896,False,-0.0235065068072767,False,-0.0405136883519649
736206,CAMBRIDGE TRUST COMPANY,1,2022-01-20,2022-01-20,0.0387311330193123,0.0006179805242562,0.6915092693187581,200,False,0.1231,0.0243,65,2021-12-31,False,51,0.5085642946892228,15.402952727982324,0.0110669685407859,0.0016219979786761,0.087342590461034,0.9725459844399992,False,-0.0005387905119894,False,0.0035568111673182
1007819,"FIDELITY DEPOSIT AND DISCOUNT BANK, THE",1,2022-01-20,2022-01-20,0.0716465477929149,-0.000666113451307,1.3341429388360089,200,False,0.1231,0.0243,65,2021-12-31,False,51,0.4083782563422073,14.699649929821344,0.0109488206865215,0.002055564389599,0.0874831674170762,0.982467163276466,False,-0.0128377640774666,False,-0.0219647953902307
963945,MERCHANTS BANK OF INDIANA,1,2022-01-20,2022-01-20,-0.0251947640386818,0.0010515332866676,1.0868325440142157,200,False,0.1231,0.0243,65,2021-12-31,False,41,0.5926186216205891,16.21287832802117,0.0205954067231273,6.589748770338023e-05,0.0997823488550643,0.8886401085077636,False,-0.0215677708144528,False,-0.0271061366199602
2705895,METROPOLITAN COMMERCIAL BANK,1,2022-01-20,2022-01-20,-0.0265996545729968,0.0026445953752179,1.2356484341076537,200,False,0.1231,0.0243,65,2021-12-31,False,51,0.8288355430902994,15.77767264029689,0.0088268039112861,0.0027570595545768,0.0799843366396835,0.9904996143227792,False,-0.0105273360784501,False,0.0033972790141251
3579589,ALLEGIANCE BANK,1,2022-01-20,2022-01-20,0.0265550020195575,-0.0005302353982585,1.0122777567171075,200,False,0.1231,0.0243,65,2021-12-31,False,41,0.5591979410181341,15.77507365139336,0.0122397454647019,0.0057166402163163,0.1159806635245269,0.9727163213804244,False,-0.0042399287363297,False,0.0084652460862542
3271799,MERIDIAN BANK,1,2022-01-20,2022-01-20,-0.0386647566205767,0.0018263760489813,0.3393094492152385,200,False,0.1231,0.0243,65,2021-12-31,False,51,0.5886674980038935,14.353942399306847,0.0220239325099018,0.0157346052957087,0.1175998851351588,0.9584867895374618,False,-0.0275954517703872,False,-0.0191142633229745
979375,"STERLING BANK AND TRUST, FSB",1,2022-01-20,2022-01-20,0.0677710577060559,4.065549202839725e-05,0.7666126330602427,200,False,0.1231,0.0243,65,2021-12-31,False,41,0.1977965509982335,14.872364650122885,0.010072620038543,0.0387517555269078,0.1327245460595939,0.9194470981992582,False,-0.012992095091303,False,-0.0189081896242658
497570,LUTHER BURBANK SAVINGS,1,2022-01-20,2022-01-20,-0.0336213916148917,0.0014481102520516,0.6506813489010079,200,False,0.1231,0.0243,65,2021-12-31,False,41,0.4282343200610361,15.786393141083456,0.0129723974112889,0.0003641136682522,0.1118631886713795,0.876176095221884,False,-0.0206103322269363,False,-0.011896844667198
2757205,"MVB BANK, INC.",1,2022-01-20,2022-01-20,0.0086386907182618,0.0011318038546475,0.7670223301747712,200,False,0.1231,0.0243,65,2021-12-31,False,41,0.7063855737721274,14.84122055760697,0.0173444600808511,0.0121860824306704,0.115273343312747,0.9752569737865252,False,-0.0182877610934261,False,-0.0080488330456518
3378773,BRIDGEWATER BANK,1,2022-01-20,2022-01-20,0.0438790479997843,0.0003618800919206,0.9388101536596176,200,False,0.1231,0.0243,65,2021-12-31,False,41,0.423379629935591,15.060548335288804,0.014000309812713,0.0002569452624738,0.1116592659051109,0.980882685642016,False,-0.0190759016985453,False,-0.0141154525588042
3357219,OPEN BANK,1,2022-01-20,2022-01-20,-0.0780768732140698,0.0015387162798814,0.5551095293030542,200,False,0.1231,0.0243,65,2021-12-31,False,51,0.5141005807365716,14.3616345973371,0.0169795453123805,0.0022815237899801,0.0942232709429451,0.982498511702082,False,-0.0164107384096482,False,-0.0202277083294347
3281510,UNITED BUSINESS BANK,1,2022-01-20,2022-01-20,0.0394692058416068,0.0007357008936135,0.3123949600109849,200,False,0.1231,0.0243,65,2021-12-31,False,51,0.4726275739815896,14.661333330944789,0.0100330744660486,0.0041194022349477,0.1283860982516801,0.9853104835215052,False,-0.0261948218685169,False,-0.0213806827921396
667757,ORIGIN BANK,1,2022-01-20,2022-01-20,0.0052318555716257,0.0007925768984448,0.9546138903126898,200,False,0.1231,0.0243,65,2021-12-31,False,41,0.5538469808820746,15.869458378752157,0.0136652241907166,0.0130935013693307,0.0942969712108335,0.9349461529062932,False,-0.0176354809055602,False,-0.0042836610348775
2562164,COASTAL COMMUNITY BANK,1,2022-01-20,2022-01-20,-0.005689740817652,0.0025510150100187,1.155455325602873,200,False,0.1231,0.0243,65,2021-12-31,False,41,0.3600220921001062,14.783519353998525,0.0102108218302372,0.0009915645246116,0.0766970145064168,0.9824776192962168,False,-0.0224857956758294,False,-0.030389411780631
3158546,FIRST WESTERN TRUST BANK,1,2022-01-20,2022-01-20,0.0278278271220451,0.0021269778468184,0.6690026744013375,200,False,0.1231,0.0243,65,2021-12-31,False,51,0.4768662310512463,14.74058103483313,0.0088317183746846,0.0021903357250734,0.0925506513362563,0.9716852316386796,False,-0.0185709159554571,True,-0.0071984362115709
661308,AMALGAMATED BANK,1,2022-01-20,2022-01-20,0.0511762448392963,-0.0003545122390785,0.8821411708222706,200,False,0.1231,0.0243,65,2021-12-31,False,41,0.650581064656446,15.76714770498712,0.0075970809936757,0.0085074374883176,0.0859455208968376,0.988206055107718,False,-0.0046339871545251,False,0.0160749086018026
83638,"AMERANT BANK, NATIONAL ASSOCIATION",1,2022-01-20,2022-01-20,0.0463447350987613,0.0024864233017353,1.0262159486359623,200,False,0.1231,0.0243,65,2021-12-31,False,31,0.3936002168591368,15.846582684447414,0.0160402684035457,0.0089412918452314,0.1204646289667072,0.8437850957526944,False,-0.0183678101811775,False,-0.0028351996177821
18854,BANK7,1,2022-01-20,2022-01-20,-0.0709385425580211,0.0017435205697492,0.5667995388535829,200,False,0.1231,0.0243,65,2021-12-31,False,41,0.303244793189186,14.114823726209968,0.0171683969243816,0.0100887871586651,0.0939884293648605,0.9964652398891132,False,-0.0205095416077293,False,-0.0312840545434896
2808602,"CAPITAL BANK, NATIONAL ASSOCIATION",1,2022-01-20,2022-01-20,-0.0109030365609339,0.0024511316475824,0.8602581406556636,200,False,0.1231,0.0243,65,2021-12-31,False,41,0.498497878900454,14.51569839483252,0.0193681543057527,0.0069529835508045,0.0835635815148071,0.9741584106385064,False,-0.0246130620058959,False,-0.0362754382775354
3614976,FVCBANK,1,2022-01-20,2022-01-20,0.0262126177438583,0.0012686174007405,0.3637712275036456,200,False,0.1231,0.0243,65,2021-12-31,False,51,0.5193718243725907,14.603065238308224,0.0114630700882387,0.0023333459675805,0.1014747397083277,0.954773536029878,False,-0.0173853761208054,False,-0.0120945788755664
594947,"BANK FIRST, NATIONAL ASSOCIATION",1,2022-01-20,2022-01-20,0.0407693896799594,-0.0001075459774771,0.6771379105866783,200,False,0.1231,0.0243,65,2021-12-31,False,41,0.3190947091418753,14.89308475646615,0.0160160950725861,0.0038769378540724,0.1139318716819657,0.97379426132358,False,-0.0178475088290392,False,-0.0200720636949577
3476192,CARTER BANK & TRUST,1,2022-01-20,2022-01-20,0.0218426904420613,0.0006673070384693,1.195948782134317,200,False,0.1231,0.0243,65,2021-12-31,False,41,0.1477133980880317,15.234556434721831,0.0080765997084565,0.0026301781743925,0.0973077597730558,0.9926649396875088,False,-0.0140827677356284,False,-0.0235622245033708
3248849,MAINSTREET BANK,1,2022-01-20,2022-01-20,0.030989695923214,0.0011949188865301,0.2613814266082996,200,False,0.1231,0.0243,65,2021-12-31,False,41,0.4831839358794624,14.314470866464314,0.0143660504381278,0.0,0.1310612941770774,0.9868574131694184,False,-0.0276418258549044,False,-0.0391955855938327
289515,FARMERS AND MERCHANTS TRUST COMPANY OF CHAMBERSBURG,1,2022-01-20,2022-01-20,-0.0264999024856794,0.0014174710545036,-0.2216012405412538,200,False,0.1231,0.0243,65,2021-12-31,False,51,0.2246322083726039,14.38842213528118,0.0121708131675296,0.0073719174273365,0.0888428761778774,0.991498681512773,False,-0.0057933264054638,False,-0.0077979796831682
2743244,RED RIVER BANK,1,2022-01-20,2022-01-20,-0.0154425411451592,0.0001609561085601,0.4258979992155541,200,False,0.1231,0.0243,65,2021-12-31,False,41,0.4120917812290416,14.986295280172511,0.0103844848941951,0.0001889673850586,0.0881891951737342,0.9944897444147484,False,0.0093723696773624,False,-0.0019570509126027
575254,CITY BANK,1,2022-01-20,2022-01-20,0.0148252145230394,0.0010260554282173,1.003181761911698,200,False,0.1231,0.0243,65,2021-12-31,False,41,0.4233060124236036,15.176355307542371,0.0163229205079849,0.0042154518305673,0.1100452726333675,0.9902943954614586,False,-0.0137513269515693,False,-0.0263853853089051
419675,FIRST BANK RICHMOND,1,2022-01-20,2022-01-20,0.0090124825326692,0.0011440398459853,0.482451742050962,200,False,0.1231,0.0243,65,2021-12-31,False,51,0.2494403280230413,14.050164410863175,0.0105743824888036,0.0095007127604829,0.1236287744044742,0.8327982052906386,False,-0.0161523227049218,False,-0.0201327602174933
3594005,CROSSFIRST BANK,1,2022-01-20,2022-01-20,0.0338269229362585,0.0004176175304247,0.8212232957908902,200,False,0.1231,0.0243,65,2021-12-31,False,41,0.537153802310612,15.540555273110012,0.0127437921939462,0.0074063492593063,0.1150994553137023,0.9463568192045292,False,-0.0162377752323538,False,-0.0086419462971801
933256,"ALERUS FINANCIAL, NATIONAL ASSOCIATION",1,2022-01-20,2022-01-20,0.0509645313331473,0.000135792119559,1.1375492148667483,200,False,0.1231,0.0243,65,2021-12-31,False,41,0.6091804827226024,15.03652925209841,0.0167056956798716,0.001217505029066,0.1009331571620697,0.9848747479015304,False,-0.0046525286417989,False,0.0052765551333734
426534,HEARTLAND BANK AND TRUST COMPANY,1,2022-01-20,2022-01-20,-0.0231904725285288,0.0005544799517988,0.7140584721443892,200,False,0.1231,0.0243,65,2021-12-31,False,41,0.2250698017648479,15.276700866418173,0.0142022153108449,0.0011223210125563,0.1070121973849756,0.9775071050086642,False,-0.0026586241954371,False,-0.0109718862904319
3437456,METRO CITY BANK,1,2022-01-20,2022-01-20,-0.0359941686157525,0.0028830544011409,0.862953755330276,200,False,0.1231,0.0243,65,2021-12-31,False,41,0.3148624165045567,14.95071832199062,0.0199053929854554,0.0036261174485934,0.0900993630736996,0.8146234063360536,False,-0.0279866350216795,False,-0.0321839397211946
324340,CHOICEONE BANK,1,2022-01-20,2022-01-20,0.0226611576458463,-0.0001534231236218,0.5956956405867515,200,False,0.1231,0.0243,65,2021-12-31,False,41,0.3410207665532159,14.675758629784248,0.0094231743075718,0.0016167195749374,0.1000373559437621,0.9730318095750262,False,0.0122302670331337,False,0.0213263637386056
128904,EASTERN BANK,1,2022-01-20,2022-01-20,-0.0001303658457492,0.0003626508798477,1.001680371862452,200,False,0.1231,0.0243,65,2021-12-31,False,41,0.5268702432460507,16.972095403413064,0.006425478228486,0.0028542860185023,0.1383610194465479,0.977418691989858,False,0.0251047172131528,False,0.0080592725149384
395238,SYNOVUS BANK,1,2022-01-20,2022-01-20,0.022049551439845,-0.000250873854815,1.5484055606393232,200,False,0.1231,0.0243,65,2021-12-31,False,41,0.5217051450944442,17.862489296162742,0.0134006692890255,0.0034399165306295,0.0940389036784474,0.9612389677718272,False,-0.0182898230034854,False,-0.0151256607115287
933966,CITIZENS BUSINESS BANK,1,2022-01-20,2022-01-20,0.017233495752257,-0.0006032631170494,0.8918556258475089,200,False,0.1231,0.0243,65,2021-12-31,False,41,0.6571046863462493,16.580767405076575,0.0136685370171941,0.0008740176018067,0.1283720155971884,0.9417422682802749,False,-0.0114576352659936,False,0.0035792853852453
2708122,VIRGINIA NATIONAL BANK,1,2022-01-20,2022-01-20,0.0239198050062616,2.6609236910323924e-05,0.4226584577066031,171,False,0.1231,0.0243,65,2021-12-31,False,51,0.276640612133163,14.49391002360394,0.0059013934494025,0.0012203039734793,0.0830234213772522,0.994549846301128,False,0.0103585773731935,False,1.188154526918228e-05
2867337,FIVE STAR BANK,1,2022-01-20,2022-01-20,-0.0256490005575561,0.0015572183065901,0.9855947058000756,149,False,0.1231,0.0243,65,2021-12-31,False,41,0.6091722284626052,14.754373411874548,0.0183647546881746,0.0003017793155213,0.1006839072188816,0.9964820213461726,False,-0.0164967451171672,False,-0.017477117044492
60143,COMERICA BANK,1,2022-01-20,2022-01-20,-0.0051044772661429,0.0005567887672921,1.2369027068683032,200,False,0.1231,0.0243,65,2021-12-31,False,31,0.6752436507652483,18.36725886995629,0.012194350091774,0.0059037146740784,0.0861621553197324,0.9676670899226596,False,-0.007938919964386,False,0.0021572639562136
601050,COMMERCE BANK,1,2022-01-20,2022-01-20,-0.0197300240187549,-0.0006334388440278,1.0374782721906712,200,False,0.1231,0.0243,65,2021-12-31,False,41,0.4505735606368127,17.41325042574587,0.0139236613074884,0.0013752410771332,0.0820827289457103,0.8969656285969501,False,-0.0054987344605712,False,-0.0029589553183859
682563,FROST BANK,1,2022-01-20,2022-01-20,0.0332547488033623,0.0005093758979458,1.1733569154084822,200,False,0.1231,0.0243,65,2021-12-31,False,41,0.556096901462254,17.746427267939517,0.008872570621317,0.0056582734834632,0.0827346750673445,0.9248309155342894,False,0.0467918441200626,False,0.0340513330383314
723112,"FIFTH THIRD BANK, NATIONAL ASSOCIATION",1,2022-01-20,2022-01-20,-0.0427835672860407,0.0005742513784581,1.2365066235435076,200,False,0.1231,0.0243,65,2021-12-31,False,31,0.6224999508357728,19.161173164328776,0.0136958418318144,0.0084078048531854,0.1095113785363948,0.9441146336730024,False,-0.0161464794397291,False,0.0010314327573429
233031,REGIONS BANK,1,2022-01-20,2022-01-20,0.008645415162957,-0.0001687286547846,1.3849335687982942,200,False,0.1231,0.0243,65,2021-12-31,False,31,0.3965078049160697,18.90429754211752,0.0161659257797808,0.0073557573163313,0.1091292472548137,0.9767185953644814,False,-0.0210332882656712,False,-0.0112862146352079
342634,TRUSTMARK NATIONAL BANK,1,2022-01-20,2022-01-20,-0.0064483402462322,-0.0001989797170487,1.122582602408317,200,False,0.1231,0.0243,65,2021-12-31,False,41,0.4320268353314717,16.68302978566847,0.0087206399201878,0.0127616412097864,0.1051275202819888,0.9630914487673448,False,-0.0174494348928205,False,0.0001680113718093
501105,MANUFACTURERS AND TRADERS TRUST COMPANY,1,2022-01-20,2022-01-20,-0.0032974205484636,-0.0005164185811649,1.0989164446998778,200,False,0.1231,0.0243,65,2021-12-31,False,31,0.5407365886970902,18.856464682559515,0.0119035708701194,0.0325352052186556,0.1083611257405849,0.9699291062589072,False,-0.0179179133996263,False,0.0054370534718825
165628,FIRST FINANCIAL BANK,1,2022-01-20,2022-01-20,0.0100881488728344,-6.717608990154482e-05,1.1636844890071845,200,False,0.1231,0.0243,65,2021-12-31,False,41,0.4102949206921165,16.60324641839046,0.0139760661636809,0.0052082142733339,0.1505617482277827,0.9368736325375632,False,-0.0162486443400032,False,-0.0080278584183262
991340,1ST SOURCE BANK,1,2022-01-20,2022-01-20,0.0098954764430832,2.5339643018144643e-05,0.9983037570237012,200,False,0.1231,0.0243,65,2021-12-31,False,41,0.4004693117878282,15.906881164580408,0.0151527840154229,0.0075171219394055,0.1120591096545901,0.9360953107560944,False,-0.0110883852153092,False,-0.0164207658248645
485559,FIRST HORIZON BANK,1,2022-01-20,2022-01-20,0.0262763299869842,-0.0006408692037662,1.4574510629638513,200,False,0.1231,0.0243,65,2021-12-31,False,41,0.511588449866618,18.301431344960573,0.0125369314746493,0.006095743952058,0.0977486800411917,0.9447083642506068,False,-0.0232749450417866,False,-0.0185634787728411
451965,"WELLS FARGO BANK, NATIONAL ASSOCIATION",1,2022-01-20,2022-01-20,0.0039435306319301,0.0009106738288017,1.041652093750185,200,False,0.1231,0.0243,65,2021-12-31,False,31,0.5188080299894722,21.299600510734415,0.0098774714751975,0.0147664551323849,0.0961531977449896,0.9478805144612966,False,0.0009953449257133,False,0.011787045213705
12311,"HUNTINGTON NATIONAL BANK, THE",1,2022-01-20,2022-01-20,-0.061192726562172,-0.0006138348936611,1.2654216971753058,200,False,0.1231,0.0243,65,2021-12-31,False,31,0.3740190358258096,18.971194444717064,0.0086002969004378,0.0081659544221976,0.1089423550743738,0.949809872258734,False,-0.0196137334610456,False,-0.0086016140460914
852218,"JPMORGAN CHASE BANK, NATIONAL ASSOCIATION",1,2022-01-20,2022-01-20,0.0098470940981973,-2.14832477078659e-05,0.8190224242222938,200,False,0.1231,0.0243,65,2021-12-31,False,31,0.4780308405412391,21.919301827931555,0.0115074711625282,0.0091603953899434,0.0915783635955684,0.84871341390953,False,0.0216376799561287,False,0.0164136327788163
541101,"BANK OF NEW YORK MELLON, THE",1,2022-01-20,2022-01-20,-0.0229577714303723,0.0007983266200746,0.9013353743859884,200,False,0.1231,0.0243,65,2021-12-31,False,31,0.5787718240478237,19.691073111646126,0.0062965822162958,0.0016431471099942,0.0797192785458628,0.9511480140439929,False,0.0571386032941642,True,0.0434632170387002
210434,"NORTHERN TRUST COMPANY, THE",1,2022-01-20,2022-01-20,-0.0730801659236354,0.0004457715988693,1.130627132108635,200,False,0.1231,0.0243,65,2021-12-31,False,31,0.2982197051704546,19.029051223319225,0.0084598538303524,0.003720599600223,0.0605135206918523,0.9368862674485764,False,0.055495193514558,True,0.0346222704766125
1394676,AMERICAN EXPRESS NATIONAL BANK,1,2022-01-20,2022-01-20,0.102999741346428,0.0002898805536419,1.105546508941054,200,False,0.1231,0.0243,65,2021-12-31,False,31,0.2004100546298319,18.654409189098494,0.0559684098819839,0.0029502753153608,0.0976136581310972,0.8019398520290496,False,-0.0481072437163041,True,-0.0773555259626459
480228,"BANK OF AMERICA, NATIONAL ASSOCIATION",1,2022-01-20,2022-01-20,0.0326761505063817,0.0007554072140648,0.906341868925688,200,False,0.1231,0.0243,65,2021-12-31,False,31,0.4782323723860123,21.64733622863939,0.0104424445083894,0.0061614929653652,0.0938379257995058,0.9392400151022864,False,0.0192779335923647,False,0.0203466162755536
817824,"PNC BANK, NATIONAL ASSOCIATION",1,2022-01-20,2022-01-20,0.0017265662971151,0.0003631262436172,0.9865897806744665,200,False,0.1231,0.0243,65,2021-12-31,False,31,0.4665714506977655,20.128882005315365,0.0091770589214516,0.0135427889683214,0.0952803955820271,0.9290386341473618,False,0.0086365182701514,False,0.0091081113083805
280110,KEYBANK NATIONAL ASSOCIATION,1,2022-01-20,2022-01-20,0.0102180756914833,0.0001159866313121,1.233331375656657,200,False,0.1231,0.0243,65,2021-12-31,False,31,0.5335964333460117,19.030325156059828,0.0141137696964895,0.0053019544695874,0.0925077346870741,0.92882497034376,False,-0.0019787040505335,False,0.0016467550483433
504713,U.S. BANK NATIONAL ASSOCIATION,1,2022-01-20,2022-01-20,-0.0213004710234929,0.0001845462440876,0.9163279477427438,200,False,0.1231,0.0243,65,2021-12-31,False,31,0.474888170494906,20.15083889246553,0.0143517857385065,0.0086341988151104,0.0912258300031528,0.908616855947428,False,0.0027980295778043,False,0.0131967365792054
34537,SEACOAST NATIONAL BANK,1,2022-01-20,2022-01-20,0.0274403123841293,-0.0006459904521008,1.2459585715376094,200,False,0.1231,0.0243,65,2021-12-31,False,41,0.3789230895280201,16.085769340696782,0.0130362761216644,0.0051569461558348,0.1326663365663744,0.9607392294154136,False,-0.0111252915042104,False,-0.0010058837248918
476810,"CITIBANK, N.A.",1,2022-01-20,2022-01-20,0.0425487934142979,-0.0006194295948875,0.918078783275798,200,False,0.1231,0.0243,65,2021-12-31,False,31,0.3813188990534292,21.23562648196422,0.0110003013370859,0.0075495151310197,0.0993304086262683,0.8882917808702295,False,-0.0050324835890505,False,0.0116646538052422
852320,TRUIST BANK,1,2022-01-20,2022-01-20,-0.0039348228053185,-0.0004963996355638,1.2036961714032903,200,False,0.1231,0.0243,65,2021-12-31,False,31,0.4700324428104956,20.085579852989937,0.0105370907866206,0.0100838888601794,0.1229409249329251,0.923630856585652,False,-0.0183357470944674,False,0.0032705543300937
35301,STATE STREET BANK AND TRUST COMPANY,1,2022-01-20,2022-01-20,-0.001100101925471,0.0006045946669036,1.3398771275320855,200,False,0.1231,0.0243,65,2021-12-31,False,31,0.5715381223519488,19.555506021975766,0.0085416780523559,0.0,0.0894384738782819,0.9207850530641642,False,0.0566793351014206,True,0.0520928789157411
17147,FIRST MERCHANTS BANK,1,2022-01-20,2022-01-20,-0.0050951291294031,-0.0006793753671303,1.2449931632987044,200,False,0.1231,0.0243,65,2021-12-31,False,41,0.4816342581505589,16.551959989588152,0.0139515730041838,0.0047578916698584,0.1228862963842563,0.9498630362872942,False,-0.0092493134954156,False,-0.0016787549661584
572374,GREAT SOUTHERN BANK,1,2022-01-20,2022-01-20,0.045708045688352,0.0001300332314686,0.8767710906629563,200,False,0.1231,0.0243,65,2021-12-31,False,41,0.7071776585657273,15.51204592701638,0.015125897912288,0.0013301483030736,0.123252273366801,0.9631848002882104,False,-0.0163287107142866,False,-0.016151722612214
489623,"PARK NATIONAL BANK, THE",1,2022-01-20,2022-01-20,0.0146527284302983,1.5602225899351495e-05,1.1135678774405726,200,False,0.1231,0.0243,65,2021-12-31,False,41,0.2320371378277263,16.070511679046437,0.0167232214096163,0.0107971025253756,0.1058418273816964,0.956797211376402,False,-0.0168652279662799,False,-0.0209391885593584
595869,CATHAY BANK,1,2022-01-20,2022-01-20,-0.0086250855782317,6.5179456917479425e-06,1.2767820794368971,200,False,0.1231,0.0243,65,2021-12-31,False,31,0.4914466818601511,16.853948379038307,0.0144866878417846,0.004113429717441,0.121252199832594,0.9856873066877276,False,-0.0175115904929237,False,-0.0235458270594542
1718188,NORTHRIM BANK,1,2022-01-20,2022-01-20,0.0186429888762206,0.0006892216133096,0.9499915337250368,200,False,0.1231,0.0243,65,2021-12-31,False,51,0.3931481158480028,14.812520814573462,0.0142397129033007,0.0077951292820518,0.0747684552280357,0.978586115750467,False,0.0148891585658208,False,0.0113720258742129
463735,HANCOCK WHITNEY BANK,1,2022-01-20,2022-01-20,0.0647993339958907,0.0004796499386841,1.7517873688815768,200,False,0.1231,0.0243,65,2021-12-31,False,41,0.4780634795310172,17.413363056159746,0.0130985929685558,0.0028758610965873,0.1014806683643063,0.9318391251355608,False,-0.0157795073807248,False,-0.0155692598983987
339858,"BOKF, NATIONAL ASSOCIATION",1,2022-01-20,2022-01-20,-0.0921777248912822,0.0005240375432803,1.081079690989223,200,False,0.1231,0.0243,65,2021-12-31,False,41,0.6723400842268831,17.72939978092471,0.0121049883659319,0.0124496262692911,0.0988434643623097,0.9205837440371608,False,-0.0063143454787441,False,0.0013103411290852
693345,"FIRST FINANCIAL BANK, NATIONAL ASSOCIATION",1,2022-01-20,2022-01-20,0.0325670447549931,-0.0001193045931361,0.7406784005553043,200,False,0.1231,0.0243,65,2021-12-31,False,41,0.3345457294788371,15.434021783120178,0.0090530847537038,0.0034578516324,0.1062489830193716,0.9620256055789952,False,-0.0124169311769676,False,-0.0191186015823432
702117,"NBT BANK, NATIONAL ASSOCIATION",1,2022-01-20,2022-01-20,-0.0247974588192746,-0.0001421991279797,0.9189981116402977,200,False,0.1231,0.0243,65,2021-12-31,False,41,0.339880910059574,16.29372570281979,0.0125783034688845,0.004366147244092,0.1104141201697655,0.9748890896757466,False,-0.0179239399073129,False,-0.0207440969472271
677176,TRUSTCO BANK,1,2022-01-20,2022-01-20,0.0268814923814985,-0.0004650424277342,0.7680498744143714,200,False,0.1231,0.0243,65,2021-12-31,False,41,0.1123627433803524,15.639458863007189,0.0104433712189985,0.0042218807870631,0.0941363964640045,0.9385643633150306,False,-0.0164898487972195,False,-0.0190407467546969
749242,RENASANT BANK,1,2022-01-20,2022-01-20,-0.0218453811879855,-0.0008272684185501,1.173944102063523,200,False,0.1231,0.0243,65,2021-12-31,False,41,0.4674667493452366,16.63648870932802,0.0112925601322768,0.0048503753945196,0.1475541778077871,0.9841388461841524,False,-0.0155650417444293,False,-0.0026753710834391
936426,S & T BANK,1,2022-01-20,2022-01-20,-0.0165113072680596,-3.7226206284962097e-06,1.0665177832169397,200,False,0.1231,0.0243,65,2021-12-31,False,41,0.3159036393447823,16.06452101945689,0.0120652830787461,0.0094680977480292,0.1276378003264702,0.9684028263217906,False,-0.0221855271434924,False,-0.0236860984177549
42420,FIRST COMMONWEALTH BANK,1,2022-01-20,2022-01-20,0.0236874589419681,0.0003723097699495,1.033272344801725,200,False,0.1231,0.0243,65,2021-12-31,False,41,0.2452452848323685,16.069086167740224,0.015169736647398,0.0072422600587593,0.1202176581313399,0.95384313460527,False,-0.01801497024699,False,-0.0268659372053303
143662,UMPQUA BANK,1,2022-01-20,2022-01-20,0.0373998332284648,-0.0019828661889588,1.2352209419909492,200,False,0.1231,0.0243,65,2021-12-31,False,41,0.3850815724350542,17.23788573206057,0.0139869941719742,0.00225064867568,0.0933297052105649,0.9672990959348564,False,-0.0177515037841208,False,-0.0202754042232133
61122,FIRST UNITED BANK & TRUST,1,2022-01-20,2022-01-20,-0.0101160443482096,0.0002780231431623,0.4280894344629904,200,False,0.1231,0.0243,65,2021-12-31,False,41,0.333389751819836,14.349981416743894,0.0140453372164226,0.0023939224532071,0.0904781297885493,0.9478197842978082,False,-0.0132566422493648,False,-0.0184389132514813
936855,"UMB BANK, NATIONAL ASSOCIATION",1,2022-01-20,2022-01-20,-0.0608724726023253,0.0006450549251789,1.1424618787081655,200,False,0.1231,0.0243,65,2021-12-31,False,31,0.8134910431082668,17.562476946098734,0.0080930763699102,0.0055283214885523,0.0700652724900297,0.9083682034053118,False,-0.0050632364366289,False,0.0016994790342028
577128,PEOPLES BANK,1,2022-01-20,2022-01-20,0.0438975742901271,-0.0003585480835508,1.0228621814588614,200,False,0.1231,0.0243,65,2021-12-31,False,41,0.2816411597742219,15.768861526759888,0.0072847362838684,0.0083881204559424,0.1182453050644614,0.945601435486182,False,-0.0194090168351926,False,-0.0186474197793858
317342,STOCK YARDS BANK & TRUST COMPANY,1,2022-01-20,2022-01-20,-0.0386051777470989,0.0008870070599582,0.7812629182252923,200,False,0.1231,0.0243,65,2021-12-31,False,41,0.3161638712932716,15.70850715335219,0.0118180802182902,0.0017206912827563,0.0988873113976702,0.9679674621717492,False,-0.0165353018399241,False,-0.0142483483717924
584724,UNIFIED BANK,1,2022-01-20,2022-01-20,-0.0358363946299684,0.000746473083508,0.0750081694247276,200,False,0.1231,0.0243,65,2021-12-31,False,51,0.1531359004172081,13.496838553025745,0.0177399967542916,0.0092627436999478,0.1182125498890132,0.9577671720007488,False,-0.0113754410039844,False,-0.0157388867743249
1386251,BANCFIRST,1,2022-01-20,2022-01-20,0.0126359870187398,-0.0002335538523069,0.9126705865688828,200,False,0.1231,0.0243,65,2021-12-31,False,41,0.1524623504847791,15.927641312567385,0.0190348585472611,0.0047253681322386,0.1229782593047163,0.9936494707018606,False,0.0132440846463141,False,-0.0010210759786549
100562,TRI COUNTIES BANK,1,2022-01-20,2022-01-20,0.0335950968869414,-0.0003629657952169,1.0819896763550227,200,False,0.1231,0.0243,65,2021-12-31,False,41,0.3208986736359975,15.96828562020188,0.0139231000213156,0.0061685863469977,0.1216880800444665,0.9750000562084776,False,-0.0104064797452014,False,-0.0081463231299411
37640,GERMAN AMERICAN BANK,1,2022-01-20,2022-01-20,-0.0008043789455876,-0.0001129918289028,0.9695059408507644,200,False,0.1231,0.0243,65,2021-12-31,False,41,0.4345882207319605,15.537573157957103,0.0154830390458713,0.0048951041992484,0.1101594890261164,0.9702018234396336,False,-0.0014414126931096,False,-0.0067365011630953
981275,PREMIER BANK,1,2022-01-20,2022-01-20,0.0017039969436613,-0.0003810139153814,1.1375130695626214,200,False,0.1231,0.0243,65,2021-12-31,False,41,0.2499866933168862,15.82022208791003,0.0164777466233617,0.0087968098876626,0.1393301034273928,0.990896573354209,False,-0.0186401943296893,False,-0.0209313244201479
435077,"PATHWARD, NATIONAL ASSOCIATION",1,2022-01-20,2022-01-20,-0.0129351716096623,0.0008908899551502,1.1708772659192177,200,False,0.1231,0.0243,65,2021-12-31,False,41,0.0269514153788992,15.844882004212018,0.0238196617771248,0.0116050639986134,0.1194390760151193,0.9745725700959968,False,-0.0374390185993839,False,-0.0425033270272743
2142155,QUAD CITY BANK AND TRUST COMPANY,1,2022-01-20,2022-01-20,-0.016943701912882,0.0007478883470229,1.1505258558972886,200,False,0.1231,0.0243,65,2021-12-31,False,41,0.7647403307388577,14.578494853537295,0.0161405010661328,0.0014779722148495,0.106875333093669,0.965469823096862,False,-0.016200078707045,False,-0.0066736054253526
921178,RIVERVIEW BANK,1,2022-01-20,2022-01-20,0.0179558194077977,0.0011462764808438,0.6877522837261484,200,False,0.1231,0.0243,65,2021-12-31,False,41,0.2942634723116679,14.335635013275128,0.0129095959725056,0.001912238639068,0.1067257467289091,0.9879939380668504,False,0.0069605353144279,False,0.0026833739988246
693224,ATLANTIC UNION BANK,1,2022-01-20,2022-01-20,0.0268759727004718,-0.0007645969916942,1.229558673485316,200,False,0.1231,0.0243,65,2021-12-31,False,41,0.4005155790146253,16.811258281398914,0.0140800324634984,0.0030438756170884,0.1478666154607911,0.9809516332607344,False,-0.0190622552134037,False,-0.0138660327559413
470050,"FIRST FINANCIAL BANK, NATIONAL ASSOCIATION",1,2022-01-20,2022-01-20,-0.0301479646238627,0.0001309677971696,1.2230659751295216,200,False,0.1231,0.0243,65,2021-12-31,False,41,0.4567382467496564,16.385222402911452,0.0167828045499714,0.0058325541729887,0.1217695371174225,0.9349342226329792,False,-0.0127317215769752,False,-0.0205081710026149
936136,OLD SECOND NATIONAL BANK,1,2022-01-20,2022-01-20,0.0004128586239988,0.00014088557225,0.7427067475339837,200,False,0.1231,0.0243,65,2021-12-31,False,41,0.2327935078905105,15.642381829552452,0.0047771205421976,0.0130274594834366,0.1006605129076551,0.9825503093918678,False,-0.0102529154140186,False,-0.0137274033387048
694904,"FLAGSTAR BANK, NATIONAL ASSOCIATION",1,2022-01-20,2022-01-20,-0.0564778420132647,-0.0001420892251907,0.8958390775403082,200,False,0.1231,0.0243,65,2021-12-31,False,41,0.3444894609545808,17.90119583657295,0.0106098436778729,0.0007118728675515,0.1265061399547424,0.6774434333303931,False,0.0019322331588067,False,0.0039885188949872
229801,VALLEY NATIONAL BANK,1,2022-01-20,2022-01-20,-0.0293536969712076,0.0002050713486873,1.2288447577941144,200,False,0.1231,0.0243,65,2021-12-31,False,41,0.532385198256676,17.586541655920215,0.0113148433072268,0.0070855793950591,0.132596874271226,0.948081894340804,False,-0.0224982521293608,False,-0.0103947298661955
481177,LANDMARK NATIONAL BANK,1,2022-01-20,2022-01-20,-0.0267491006248695,0.0007775265584733,0.2324114529375122,200,False,0.1231,0.0243,65,2021-12-31,False,41,0.3280916772750552,14.097661612498465,0.013724953411781,0.0078433960255127,0.1154859918595995,0.9838973028877596,False,-0.0053705372663357,False,-0.006494138539343
272272,SOUTHERN BANK,1,2022-01-20,2022-01-20,0.0269053030312451,0.0018881337578707,0.470719197202553,200,False,0.1231,0.0243,65,2021-12-31,False,51,0.1792767643175037,14.882276078993035,0.0175487316605671,0.0012391713653134,0.1029207165261797,0.9804340896266458,False,-0.0153940507113896,False,-0.0360019485125489
764030,AMERIS BANK,1,2022-01-20,2022-01-20,-0.000154209375831,-0.00044149271532,1.3387193679225633,200,False,0.1231,0.0243,65,2021-12-31,False,41,0.4668624803975699,16.983286501318396,0.0170677301409571,0.0057163073614227,0.1296552153238232,0.962836003272988,False,-0.023457124015108,False,-0.018971813129853
2236821,"PATRIOT BANK, NATIONAL ASSOCIATION",1,2022-01-20,2022-01-20,-0.029198476048765,0.0020505660956768,0.3004116079804166,200,False,0.1231,0.0243,65,2021-12-31,False,51,0.3801051489387795,13.762368186666166,0.0069317528697752,0.0311021697591086,0.1016794182937953,0.8806637020619186,False,-0.0249252383667196,False,-0.0065660369198314
268677,CARVER FEDERAL SAVINGS BANK,1,2022-01-20,2022-01-20,-0.0962163882846228,0.0034957275044498,1.2941879514194254,200,False,0.1231,0.0243,65,2021-12-31,False,41,0.2861109267494082,13.491518518690594,-0.000410642981185,0.024770428142245,0.0988778523786874,0.9709578330075398,False,-0.0172337850810435,False,-0.0004582383491034
112837,"CAPITAL ONE, NATIONAL ASSOCIATION",1,2022-01-20,2022-01-20,-0.0293980111929081,0.0003171183439647,1.2154937347821295,200,False,0.1231,0.0243,65,2021-12-31,False,31,0.342327605359243,19.759096510796713,0.0130918792709371,0.007384472515108,0.1061029682564431,0.9296784805525994,False,-0.0323533217727303,True,-0.038154888354481
1002878,NORTHWEST BANK,1,2022-01-20,2022-01-20,-0.0199113768667792,-0.0001568973172859,0.6915814263308836,200,False,0.1231,0.0243,65,2021-12-31,False,41,0.2235424205102137,16.496954942467934,0.0110873654464635,0.0158503047402294,0.1161641565981511,0.9728502220193392,False,-0.0184023696378016,False,-0.0132439230463765
697763,WESTAMERICA BANK,1,2022-01-20,2022-01-20,0.0125101280946298,-0.0007535751582451,0.8314834518493149,200,False,0.1231,0.0243,65,2021-12-31,False,41,0.3824435765546305,15.81985604334214,0.0113719616748425,0.0009652419283867,0.0971016279635397,0.9574958798594936,False,0.0100093683837332,False,0.033136373748524
749635,AUBURNBANK,1,2022-01-20,2022-01-20,0.0136262964094186,-0.0008656864681508,0.2963431995277625,200,False,0.1231,0.0243,65,2021-12-31,False,51,0.4230812439565554,13.914924125527712,0.0069215398864487,0.0009657611568252,0.0913978251245107,0.9933995767119848,False,0.0033150997456149,False,-0.0033009133191314
959304,FLUSHING BANK,1,2022-01-20,2022-01-20,0.0211636724735771,0.0003413963324249,1.0225086235333007,200,False,0.1231,0.0243,65,2021-12-31,False,41,0.3917018277514623,15.900847313672902,0.0121665636714719,0.0022949320626895,0.1048632330268247,0.8885402589181411,False,-0.021327681267691,False,-0.0145366293770362
352772,BANNER BANK,1,2022-01-20,2022-01-20,-0.0045103384517243,3.935556383723827e-05,1.204223758201503,200,False,0.1231,0.0243,65,2021-12-31,False,41,0.3277263776042881,16.636802297719186,0.0126498523442757,0.0024872430224642,0.107257144313052,0.9624245829419436,False,-0.0086181809217554,False,-0.0087680812898825
498317,"OHIO VALLEY BANK COMPANY, THE",1,2022-01-20,2022-01-20,0.0307383575191079,0.0001471561195008,0.5121548075460205,200,False,0.1231,0.0243,65,2021-12-31,False,41,0.3246500996498181,14.0254302583,0.0086439538935082,0.0055043007684559,0.1088629102797631,0.9694747873168816,False,-0.0162120185493118,False,-0.019627042356901
506922,SANDY SPRING BANK,1,2022-01-20,2022-01-20,-0.0195291116215204,0.0008999422752911,1.1364932048940932,200,False,0.1231,0.0243,65,2021-12-31,False,41,0.4526358737009048,16.348144187894192,0.0191844333633573,0.0046612697085624,0.1287425185381513,0.9742483685520726,False,-0.022098088772084,False,-0.0208093804480615
3317932,CONNECTONE BANK,1,2022-01-20,2022-01-20,-0.0155516950455409,0.0012463724837642,1.0727994875505822,200,False,0.1231,0.0243,65,2021-12-31,False,41,0.5768877653035961,15.910899141951136,0.0169115243598558,0.0110166071351168,0.1367418911918277,0.921551688387718,False,-0.014934968098158,False,-0.0061087658151687
276579,"ZIONS BANCORPORATION, NATIONAL ASSOCIATION",1,2022-01-20,2022-01-20,0.0482595045555189,0.0003065820365111,1.3610418441205792,200,False,0.1231,0.0243,65,2021-12-31,False,41,0.5777474703390615,18.35025472814737,0.0121118992386121,0.0054658187392728,0.0800673229858788,0.9656151891949256,False,-0.0139818542631828,False,0.0038995069733252
1412712,"COMMUNITY WEST BANK, NATIONAL ASSOCIATION",1,2022-01-20,2022-01-20,0.0178988697116619,0.00155936451546,0.2730769577688534,200,False,0.1231,0.0243,65,2021-12-31,False,51,0.4370328294781575,13.961276181257093,0.011470925081574,0.0006333491390375,0.0869909458262203,0.9000144847545591,False,-0.0263008405057456,False,-0.0234271038061045
1929247,"SOUTHSTATE BANK, N.A.",1,2022-01-20,2022-01-20,0.0194793179387802,-0.000682012958032,1.2413395644656375,200,False,0.1231,0.0243,65,2021-12-31,False,41,0.3749855189351999,17.548939028615376,0.0121059008567425,0.0033284149856576,0.1203274362409348,0.9551733309304988,False,-0.0178741044247954,False,-0.009323603043626
1890525,UNITY BANK,1,2022-01-20,2022-01-20,0.0736706704708724,0.0012180442392569,0.4516843545338083,200,False,0.1231,0.0243,65,2021-12-31,False,51,0.3653467933896504,14.519787077044915,0.0170536441415894,0.0058621067392439,0.10107185434213,0.9682575742157354,False,-0.0245520414788516,False,-0.0208676245435652
876634,CAPITAL CITY BANK,1,2022-01-20,2022-01-20,0.0461480357444323,0.000175751721947,0.8330642786838325,200,False,0.1231,0.0243,65,2021-12-31,False,41,0.3808944211810056,15.26321958167736,0.0085257322506752,0.0021799428124135,0.0972111688667709,0.9771625973173677,False,0.0047691869752582,False,0.0089786878002194
2239288,"WINTRUST BANK, NATIONAL ASSOCIATION",1,2022-01-20,2022-01-20,-8.73887401304247e-05,0.0006780876884089,1.12411738950717,200,False,0.1231,0.0243,65,2021-12-31,False,41,0.6030466659745095,16.075860366547555,0.0128708857780603,0.0013133490756684,0.0936624870833203,0.9733099370297836,False,-0.0162611795397977,False,-0.0221513265062217
556815,"PEOPLES BANK, A CODORUS VALLEY COMPANY",1,2022-01-20,2022-01-20,0.0194957534925455,0.0011790473453244,0.5380043658947624,200,False,0.1231,0.0243,65,2021-12-31,False,41,0.3058555907734825,14.69714524670909,0.0069470326033482,0.0220502254774568,0.0962898638587006,0.9842264123622624,False,-0.0186136608102238,False,-0.022322255958766
729310,PATHFINDER BANK,1,2022-01-20,2022-01-20,-0.0047725143515008,0.0010907876941883,-0.0044006126335971,200,False,0.1231,0.0243,65,2021-12-31,False,51,0.2832537128203978,14.06363077908176,0.0111094292041129,0.0099607312704737,0.0951105403030865,0.9229781959731682,False,-0.0145740731177756,False,-0.0023522987072022
431172,PACIFIC PREMIER BANK,1,2022-01-20,2022-01-20,-0.0683243303999518,-0.0005343794249939,1.363789063669122,200,False,0.1231,0.0243,65,2021-12-31,False,41,0.5534742674681458,16.864256777235912,0.0171011869900957,0.0021856225550824,0.1514730957589179,0.9591092519663038,False,-0.0118134031195093,False,-0.0055643399086109
107244,BANK OZK,1,2022-01-20,2022-01-20,0.0076641866317243,-2.272295581794865e-05,1.223519585861584,200,False,0.1231,0.0243,65,2021-12-31,False,41,0.4504797682077817,17.093802934048913,0.021824033760478,0.002417818742413,0.1822904114256723,0.93167990329661,False,-0.0344947924036653,False,-0.0396220930297663
874845,LAKE CITY BANK,1,2022-01-20,2022-01-20,0.0006315021298238,0.0002568007246497,0.7644781082776553,200,False,0.1231,0.0243,65,2021-12-31,False,41,0.562441501324648,15.693704112581225,0.0152922560988566,0.0035131332748664,0.1049405221321688,0.9796997524039296,False,-0.0144595414005938,False,-0.0177543177818393
522605,BAR HARBOR BANK AND TRUST COMPANY,1,2022-01-20,2022-01-20,0.0451652218860186,0.0003041546697267,0.965597312710374,200,False,0.1231,0.0243,65,2021-12-31,False,41,0.1999843337706549,15.125622065081872,0.0121151884469459,0.0040694670558789,0.1294759842410282,0.9456021728882972,False,-0.0157274800260288,False,-0.0116096774991141
593007,CAMDEN NATIONAL BANK,1,2022-01-20,2022-01-20,0.049945232045842,0.0003017475674422,0.9776061545017016,200,False,0.1231,0.0243,65,2021-12-31,False,41,0.2456866214624825,15.516841363378038,0.0130570891205762,0.0012588409063072,0.1018100476224618,0.943133641751124,False,-0.0136864885143256,False,-0.0141826131463913
786612,MID PENN BANK,1,2022-01-20,2022-01-20,-0.0568517956745825,0.000840310785841,0.5303372660838768,200,False,0.1231,0.0243,65,2021-12-31,False,41,0.3626813310296111,15.360431282366584,0.0090389538356515,0.0032289122599818,0.1117341496714736,0.9720277100317376,False,-0.023900306148765,False,-0.0247657829200462
881478,HERITAGE BANK,1,2022-01-20,2022-01-20,-0.0516696336106819,-0.0006326500721929,0.9919762182030146,200,False,0.1231,0.0243,65,2021-12-31,False,41,0.4544322480701578,15.8210100368036,0.0138708908068099,0.006299746040096,0.1170773818528725,0.9752834704940988,False,-0.0014860248589772,False,0.0056831326935307
671464,BANK OF HOPE,1,2022-01-20,2022-01-20,0.0696960150355396,0.0003021980079157,1.14824890966223,200,False,0.1231,0.0243,65,2021-12-31,False,41,0.5550734640833923,16.699405385760656,0.012023456770242,0.0054296989309263,0.1332546251935831,0.9716931383846428,False,-0.0201186931337842,False,-0.0121094505116801
606046,CADENCE BANK,1,2022-01-20,2022-01-20,-0.0172956402938445,-0.0006459104442632,1.217007698505668,200,False,0.1231,0.0243,65,2021-12-31,False,41,0.4517405872861681,17.67971968250334,0.0040944027511687,0.0053969138457641,0.1101001855427692,0.938584628592494,False,-0.0192973281889898,False,-0.0052697501118349
782306,BROOKLINE BANK,1,2022-01-20,2022-01-20,0.0219168185265689,0.0002304623065185,0.9150443327222072,200,False,0.1231,0.0243,65,2021-12-31,False,41,0.4632226000639867,15.535374554373815,0.014804337357079,0.0056303488776144,0.107755890331423,0.8996598813548946,False,-0.0219106774770163,False,-0.017530312898505
1001152,INTERNATIONAL BANK OF COMMERCE,1,2022-01-20,2022-01-20,0.006343029688251,-0.0005030054614267,1.09256200631468,200,False,0.1231,0.0243,65,2021-12-31,False,41,0.4393098600762286,16.04464414020973,0.0166746808910899,0.0015504940525366,0.1627881623089231,0.8804065705858496,False,-0.0161250543999092,False,-0.0230882275212746
59316,WAYNE BANK,1,2022-01-20,2022-01-20,-0.0192318856968291,0.0004408193793555,0.3703291313150244,200,False,0.1231,0.0243,65,2021-12-31,False,51,0.3209871558046845,14.54279487911332,0.0122597613958857,0.0049390277649663,0.0988410947240647,0.942837869576268,False,-0.0168216655280655,False,-0.0282524499556764
491934,COLONY BANK,1,2022-01-20,2022-01-20,-0.0360848548831786,0.001087439469752,0.2080111161773839,200,False,0.1231,0.0243,65,2021-12-31,False,51,0.3501916651172005,14.804055716666443,0.0070758174867023,0.003958936929513,0.0905299030038082,0.9748375537378904,False,-0.012140360619186,False,-0.0016234677211804
361167,SOUTHSIDE BANK,1,2022-01-20,2022-01-20,0.0048978795091898,0.000589347540613,0.9558496868676176,200,False,0.1231,0.0243,65,2021-12-31,False,41,0.3819174711414081,15.797162435958631,0.0171292691362047,0.0006953954183971,0.1442116901320892,0.9247852380493716,False,-0.0151619802943948,False,-0.0199236568396881
316840,REPUBLIC BANK & TRUST COMPANY,1,2022-01-20,2022-01-20,-0.0089882166106221,0.0007885178973892,0.8618776245222083,200,False,0.1231,0.0243,65,2021-12-31,False,41,0.3564782429722328,15.621860237204611,0.0142581128063988,0.0045180371951061,0.1343737532199672,0.9214643542208284,False,-0.0232605946407203,False,-0.0313312003272455
2209553,HERITAGE BANK OF COMMERCE,1,2022-01-20,2022-01-20,0.0145014973743779,0.000483315859954,1.1396852885975577,200,False,0.1231,0.0243,65,2021-12-31,False,41,0.6621889267799969,15.519662836377252,0.009483284953001,0.001209828937697,0.1120863990988086,0.979158983210316,False,0.0119731658589815,False,0.0106509226185249
821906,SALISBURY BANK AND TRUST COMPANY,1,2022-01-20,2022-01-20,0.0312373342806727,0.0009109244241567,0.6640230699574927,200,False,0.1231,0.0243,65,2021-12-31,False,51,0.335607270939703,14.239992363691751,0.011545671828456,0.0038701177757493,0.1009237322393148,0.9767909343429568,False,-0.0141076648511813,False,-0.0140953952543984
416245,BUSEY BANK,1,2022-01-20,2022-01-20,0.0035591498455893,0.0003004890815742,1.0959260933693538,200,False,0.1231,0.0243,65,2021-12-31,False,41,0.4006744648009879,16.367115894052173,0.0107533864268519,0.0023363786297607,0.1220194142666483,0.9630695051007534,False,8.197239884405274e-05,False,-0.0021780171512724
399517,CNB BANK,1,2022-01-20,2022-01-20,0.0130642393447722,0.0002133808836926,0.9462446326013516,200,False,0.1231,0.0243,65,2021-12-31,False,41,0.3451834816631728,15.48464070473549,0.011180867100803,0.0052646902641691,0.089476705726127,0.9869393782894544,False,-0.0189990846826227,False,-0.0231166179595208
664756,PROSPERITY BANK,1,2022-01-20,2022-01-20,0.0039251973250577,-0.0004102216779899,0.9534805556241132,200,False,0.1231,0.0243,65,2021-12-31,False,41,0.4479078905588141,17.44871819858256,0.0140604292754819,0.0014587338817318,0.1693938359115271,0.980515184388854,False,0.0021494546583666,False,0.0019362759216056
767974,CFBANK NATIONAL ASSOCIATION,1,2022-01-20,2022-01-20,-0.017525942961694,0.0003952972679747,0.1116447950668313,200,False,0.1231,0.0243,65,2021-12-31,False,51,0.2543068206727392,14.21262422298338,0.0132965832507016,0.0007927515316325,0.1044621098805062,0.9383388320252828,False,-0.0202953631945948,False,-0.0184817794181348
716374,FIRST HARRISON BANK,1,2022-01-20,2022-01-20,0.0549130588770137,-0.001348145465792,0.8216350423698391,200,False,0.1231,0.0243,65,2021-12-31,False,51,0.2788793726336477,13.95624420199747,0.0093700211446611,0.0026963111778975,0.0934760815137979,0.9948045401093144,False,0.0070742222925307,False,0.0123611944077624
197478,EAST WEST BANK,1,2022-01-20,2022-01-20,3.4563867661428424e-05,-0.0001939756475323,1.439557852753038,200,False,0.1231,0.0243,65,2021-12-31,False,31,0.6360184567367398,17.923916313287393,0.0144643769491387,0.0021815647860545,0.0924734449088113,0.9733779193814944,False,-0.01286575047623,False,-0.0139063912017444
958727,AMERICAN NATIONAL BANK AND TRUST COMPANY,1,2022-01-20,2022-01-20,0.0446164237787501,0.0008160814956028,1.0303889843399991,200,False,0.1231,0.0243,65,2021-12-31,False,41,0.4278507475155021,15.01766871681658,0.0137096556056129,0.0011365368464018,0.1118084086448731,0.980235991893806,False,-0.0104652809653532,False,-0.0051935105132805
968070,CAPITOL FEDERAL SAVINGS BANK,1,2022-01-20,2022-01-20,0.0191147781808096,-0.0005595300624457,0.6568204012635442,200,False,0.1231,0.0243,65,2021-12-31,False,41,0.1550103290232268,16.079829865716214,0.0082645761561736,0.0015973403706627,0.1150645571631192,0.7954661690965166,False,-0.0177135245805628,False,-0.0070058531830319
202907,"COMMUNITY BANK, NATIONAL ASSOCIATION",1,2022-01-20,2022-01-20,-0.0156049256370444,-0.0002540438626732,0.8926712055039587,200,False,0.1231,0.0243,65,2021-12-31,False,41,0.4462081689685828,16.544919560516245,0.0100725484519925,0.0061667771896778,0.1092550764730588,0.965366772927746,False,0.0082339654928668,False,0.007491222392422
601416,FIVE STAR BANK,1,2022-01-20,2022-01-20,0.0219564529654503,0.0004414394451638,0.919369784978113,200,False,0.1231,0.0243,65,2021-12-31,False,41,0.3144118556394186,15.516960307555232,0.0149078173600377,0.0033009219301846,0.0951148408878764,0.9787099232332356,False,-0.0130083048243531,False,-0.0247835618124001
662369,BANK OF THE SIERRA,1,2022-01-20,2022-01-20,0.0142622064999777,-9.624151603149994e-05,1.102849862796747,200,False,0.1231,0.0243,65,2021-12-31,False,41,0.3023944262710518,15.030891145395165,0.0134898298333391,0.0022888924326197,0.1269595800422176,0.9518237160028986,False,-0.0014938907324026,False,0.0063714246354098
439404,FIRST NATIONAL BANK,1,2022-01-20,2022-01-20,0.016225221134996,0.000627187372523,0.942336019240724,200,False,0.1231,0.0243,65,2021-12-31,False,41,0.2315533784095433,14.730277729810048,0.0148818561377841,0.0034176876558629,0.0867684963588567,0.932047378425103,False,-0.012853950463783,False,-0.0214266815987469
2608754,MERCANTILE BANK,1,2022-01-20,2022-01-20,0.061797310206513,0.0002095114096558,1.130604793737927,200,False,0.1231,0.0243,65,2021-12-31,False,41,0.4934178705351848,15.471505667160224,0.0124231380851384,0.0007113261101644,0.1041736902691527,0.8732395146569129,False,-0.0213916887997085,False,-0.0243758251356513
29636,"CITIZENS BANK OF PHILADELPHIA, THE",1,2022-01-20,2022-01-20,0.023189494601122,-0.0004340215623252,0.3891685957064243,200,False,0.1231,0.0243,65,2021-12-31,False,51,0.3469885887052185,14.123712647385542,0.0059508764298562,0.0069599036105811,0.0904791855256815,0.8985996529427162,False,-0.0077057562247196,False,-0.0078398205359504
2652092,EAGLEBANK,1,2022-01-20,2022-01-20,0.0074263523665499,0.00040611316656,1.0887783678319225,200,False,0.1231,0.0243,65,2021-12-31,False,41,0.4436408531501919,16.28353474761472,0.015868483651014,0.0041063904928793,0.1138039128541124,0.958670091196468,False,-0.012250394119973,False,-0.0046747916396503
1436204,BANK OF MARIN,1,2022-01-20,2022-01-20,0.014816739562678,-0.0003918955793164,0.7944414637815773,200,False,0.1231,0.0243,65,2021-12-31,False,41,0.4829182233400624,15.277367992778252,0.0086646507331422,0.0038148733510813,0.1029658330561328,0.9859216584741124,False,0.0090072586962107,False,0.0184998197182493
2634351,MACATAWA BANK,1,2022-01-20,2022-01-20,0.015155365590541,-0.0002937526072845,0.7111891153879875,200,False,0.1231,0.0243,65,2021-12-31,False,51,0.4371712320025988,14.890001587455227,0.0102168275794245,8.375360230547551e-05,0.0839821861142659,0.963926249552666,False,0.0242106096454786,False,0.0348317759561162
754929,"NATIONAL BANK OF BLACKSBURG, THE",1,2022-01-20,2022-01-20,0.0042041199327942,0.0004935063415243,0.6225055933088373,200,False,0.1231,0.0243,65,2021-12-31,False,41,0.3737137155588325,14.345599840279467,0.0121871549611437,0.0036859514618784,0.1098438923561166,0.9900069423782604,False,0.0031870364014207,False,-0.0097890894922004
687009,LAKELAND BANK,1,2022-01-20,2022-01-20,-0.0040922943964355,0.0004400038239313,1.011653006046001,200,False,0.1231,0.0243,65,2021-12-31,False,41,0.4148229701688324,15.919075891950309,0.0122605086282601,0.00284070617192,0.1163183405392603,0.9674764214480696,False,-0.0193635880804353,False,-0.0113337315963972
2634191,GLACIER BANK,1,2022-01-20,2022-01-20,-0.0240840937507798,-0.0001292853849276,1.2510488144061995,200,False,0.1231,0.0243,65,2021-12-31,False,41,0.321016972250064,17.07051713466086,0.0115099720155857,0.0050154793346509,0.1230029878720058,0.9439097354191136,False,-0.0059205939404313,False,0.0038236957035506
186221,"OLD POINT NATIONAL BANK OF PHOEBUS, THE",1,2022-01-20,2022-01-20,0.0100754753438649,0.0008827642290397,0.4708617703240387,200,False,0.1231,0.0243,65,2021-12-31,False,41,0.3088850265883479,14.10073987486896,0.0065695938625648,0.0017748900878942,0.0931742536278247,0.992695700910094,False,-0.0137825305117136,False,-0.0105365029205011
474919,"FULTON BANK, NATIONAL ASSOCIATION",1,2022-01-20,2022-01-20,0.0167116285639019,-0.0001432649036902,1.1168364509219677,200,False,0.1231,0.0243,65,2021-12-31,False,41,0.3700754413103298,17.05996800501474,0.0123518239835937,0.0082875607725137,0.1119890208088486,0.9639361996030182,False,-0.0187881229994057,False,-0.0116237099122019
473501,BERKSHIRE BANK,1,2022-01-20,2022-01-20,0.0004756062883229,0.0011763488455886,0.987928198864864,200,False,0.1231,0.0243,65,2021-12-31,False,41,0.4480503199256664,16.262086032176438,0.0082039323804435,0.0056493329802866,0.1008244196548018,0.9805353948485488,False,-0.006071137505635,False,-0.0052978606373965
508346,HAWTHORN BANK,1,2022-01-20,2022-01-20,0.0125230962217681,0.0010254401443327,0.4908447040319081,200,False,0.1231,0.0243,65,2021-12-31,False,41,0.3241523903090436,14.416532032895493,0.013816481640982,0.0195287883457453,0.1061436495226649,0.9314735180881476,False,-0.0179785636070978,False,-0.0224477178060989
236706,PEAPACK-GLADSTONE BANK,1,2022-01-20,2022-01-20,-0.0001318659620078,0.0005352013466996,1.0714814836661175,200,False,0.1231,0.0243,65,2021-12-31,False,41,0.599911676946153,15.62010069434018,0.0103491907830219,0.0042472746671423,0.1071032730671265,0.9756129967209296,False,-0.0165559182455959,False,-0.0163614481640267
657365,HANMI BANK,1,2022-01-20,2022-01-20,0.0671743806949886,0.0009779223542627,1.2200275191356147,200,False,0.1231,0.0243,65,2021-12-31,False,41,0.4476504328152314,15.740628467361438,0.0156838789974907,0.0025866994470155,0.110148736347092,0.9639988775209472,False,-0.0176250759068114,False,-0.018884309570469
636771,INDEPENDENT BANK,1,2022-01-20,2022-01-20,0.0129935829751772,0.000193340702715,0.983061291190202,200,False,0.1231,0.0243,65,2021-12-31,False,41,0.2132098233334442,15.363596759316591,0.0137398239475406,0.0018495805671624,0.090709504935925,0.9772583762404394,False,-0.0050151155965604,False,-0.0082808602508762
2353595,FIRST COMMUNITY BANK,1,2022-01-20,2022-01-20,0.0061401994635061,0.0010470767433851,0.9053245099919018,200,False,0.1231,0.0243,65,2021-12-31,False,51,0.1640607645992868,14.973626212625405,0.0162990494759931,0.0096302590080209,0.1273188338429763,0.9850879270296709,False,-0.0151104451513525,False,-0.0217290485170049
780218,"UNION BANK COMPANY, THE",1,2022-01-20,2022-01-20,0.044690806000922,0.0009444628136058,0.7097933492114261,200,False,0.1231,0.0243,65,2021-12-31,False,51,0.213303399326163,13.888563974269385,0.0135342651154316,0.0005463023573431,0.1259077067228859,0.9914232967294738,False,-0.0012814562830589,False,-0.0055661017586011
542528,CIVISTA BANK,1,2022-01-20,2022-01-20,0.0417898363511258,0.0006323849806287,1.0477512282755763,200,False,0.1231,0.0243,65,2021-12-31,False,41,0.333521368833461,14.916133823262792,0.0136461968723626,0.0019366442799988,0.1357600483559927,0.9477901521167356,False,-0.0170280420963275,False,-0.010426509256074
933023,"SHORE UNITED BANK, NATIONAL ASSOCIATION",1,2022-01-20,2022-01-20,-0.013914694807367,0.0012939271598269,0.6269914032352215,200,False,0.1231,0.0243,65,2021-12-31,False,51,0.2504205743491581,15.0562434544433,0.0055009228930985,0.0011646214702047,0.1085477280173457,0.9862824800917876,False,-0.0148514407767525,False,-0.0091831107214406
1162017,UNITED SECURITY BANK,1,2022-01-20,2022-01-20,0.0114080896410342,0.0002587359917231,0.5684956838057128,200,False,0.1231,0.0243,65,2021-12-31,False,51,0.57055075197908,14.100833098909703,0.0082341558467919,0.0136437748197715,0.0970101286206266,0.9920409541197636,False,-0.0127012428542406,False,-0.0117799094349245
628123,"BANK OF GLEN BURNIE, THE",1,2022-01-20,2022-01-20,0.0050294783901802,0.0011609689857706,0.2244517725398102,200,False,0.1231,0.0243,65,2021-12-31,False,41,0.0369013893453955,12.99920768483949,0.0061461827839018,0.0016683143845773,0.080563177646625,0.9431589203073448,False,0.006400903483846,False,0.0161945903378815
333203,UNION BANK,1,2022-01-20,2022-01-20,0.0101995029544491,0.0007624798081863,0.2401212509632136,200,False,0.1231,0.0243,65,2021-12-31,False,41,0.1955261664424223,14.00161412061618,0.0114399853222829,0.0059232793110632,0.0828668370765109,0.9936916712680928,False,-0.0066791957447105,False,-0.0030754724709081
2925666,PINNACLE BANK,1,2022-01-20,2022-01-20,-0.0349649400532866,0.0001901168140267,1.365845956341034,200,False,0.1231,0.0243,65,2021-12-31,False,41,0.5077971451201945,17.460311000481646,0.0137097887103412,0.001413082418918,0.1392288528630624,0.956142577273702,False,-0.0190322118977702,False,-0.0081694133228202
139740,WEST BANK,1,2022-01-20,2022-01-20,0.0007924498482159,0.0012817332536845,1.06601874199186,200,False,0.1231,0.0243,65,2021-12-31,False,41,0.4347116670490865,15.068069791421356,0.0145401048842235,0.0036423140172916,0.0903469763983348,0.9488253254572456,False,-0.015774018229613,False,-0.016394526690766
494261,PACIFIC WESTERN BANK,1,2022-01-20,2022-01-20,-0.0703232251184136,-0.0001812038992205,1.1376035401956628,200,False,0.1231,0.0243,65,2021-12-31,False,41,0.5949114212760606,17.513326413236765,0.0144379980325606,0.002665342139492,0.103824053574293,0.9724567712568536,False,-0.0199655718948071,False,-0.0051787949036572
2760232,VILLAGE BANK,1,2022-01-20,2022-01-20,-0.0285494861603918,0.002460942269074,-0.1268020106091637,200,False,0.1231,0.0243,65,2021-12-31,False,51,0.3290265497360649,13.52271543612567,0.0174074446343016,0.0062453207122675,0.0983415418635038,0.9894455220386597,False,-0.0099964926062443,False,-0.0115328213065791
2328137,FIRST COMMUNITY BANK,1,2022-01-20,2022-01-20,0.022053968761641,0.0010431015126032,0.4435589988187046,200,False,0.1231,0.0243,65,2021-12-31,False,41,0.27739713232714,14.27543733585346,0.0103575978655999,0.0002882334162435,0.0956584707422797,0.9529753099433904,False,-0.0087629933296706,False,0.000302208434484
204004,PROVIDENT BANK,1,2022-01-20,2022-01-20,-0.025641192208363,0.0005977097972343,1.014177857026472,200,False,0.1231,0.0243,65,2021-12-31,False,41,0.4785432964422322,16.438396475149656,0.0122836173210241,0.0050123027161157,0.1184394291833258,0.9289525599669493,False,-0.0192600814394927,False,-0.0115192781932988
3465226,HTLF BANK,1,2022-01-20,2022-01-20,0.0324491978553921,-0.0001747229344876,1.1512668312987322,200,False,0.1231,0.0243,65,2021-12-31,False,41,0.4613848780472906,14.807537507109885,0.0117777501719697,0.0057098101913849,0.1401433977516923,0.9884171399418054,False,0.0049562238917984,False,0.0076507172583605
2953418,OPTIMUMBANK,1,2022-01-20,2022-01-20,0.0252277260405866,-0.0003486999476786,1.2927286472182546,200,False,0.1231,0.0243,65,2021-12-31,False,41,0.6092124611484699,12.765799855829323,0.015461134330746,0.0,0.1038827102122906,0.9344132161848532,False,-0.0185191832208396,False,-0.016070309506327
2618780,TEXAS CAPITAL BANK,1,2022-01-20,2022-01-20,0.0421571979075679,-0.0019714580301811,1.366811001449703,200,False,0.1231,0.0243,65,2021-12-31,False,41,0.8046122706275316,17.363004168138335,0.0077445624511841,0.003504480830812,0.0904907137616756,0.9038852385441576,False,0.0047207506463947,False,0.0051358936514617
354310,UNIVEST BANK AND TRUST CO.,1,2022-01-20,2022-01-20,0.0036483688876289,0.0002207434559981,1.011849633498,200,False,0.1231,0.0243,65,2021-12-31,False,41,0.4834790531902933,15.775700689578496,0.0140461254609947,0.0063222845902096,0.1072830097749834,0.970947144573305,False,-0.0170681702604492,False,-0.0194272369833061
703767,CENTRAL VALLEY COMMUNITY BANK,1,2022-01-20,2022-01-20,0.02628243021269,0.0005809060786853,0.6144368515499665,200,False,0.1231,0.0243,65,2021-12-31,False,41,0.4775911949421876,14.711593276384384,0.0119082264518138,0.0009103935960643,0.1074107740163519,0.9817201321363508,False,0.0067390097771998,False,0.0067237302865851
2942690,SIGNATURE BANK,1,2022-01-20,2022-01-20,-0.0879712139470182,0.0010631046471862,1.6098991777227405,200,False,0.1231,0.0243,65,2021-12-31,False,41,0.8922653917167633,18.58996288081662,0.0077541279833454,0.0035783534672868,0.0661960381129783,0.9597577081842796,True,-0.0061966218590513,False,0.0125920275589539
2849801,SOUTHERN FIRST BANK,1,2022-01-20,2022-01-20,0.0486089300978617,0.001190485054018,1.036605149138774,200,False,0.1231,0.0243,65,2021-12-31,False,41,0.5193261752037432,14.889126012771412,0.0164477113159228,0.0019429319658245,0.1030359826366851,0.983698754258968,False,-0.0176819572642997,False,-0.0085758726134658
2858960,"BANCORP BANK NATIONAL ASSOCIATION, THE",1,2022-01-20,2022-01-20,-0.0466586237825321,0.0006147771133441,1.7641743637535756,200,False,0.1231,0.0243,65,2021-12-31,False,41,0.2013315807861186,15.739424847776167,0.0178704997729167,0.0046963917325133,0.100215692545391,0.9811463577962504,False,-0.0091461265900908,False,-0.027675160093887
895710,CITIZENS & NORTHERN BANK,1,2022-01-20,2022-01-20,-0.0131840830946248,0.0007199955658189,0.6607031977632968,200,False,0.1231,0.0243,65,2021-12-31,False,51,0.2665976559848135,14.653283052902006,0.0138130929516232,0.0135471196249354,0.1292814638893083,0.973514919380486,False,-0.0208720579212028,False,-0.0196418706389245
2372774,"SUMMIT COMMUNITY BANK, INC.",1,2022-01-20,2022-01-20,0.0600804658156516,0.0004910875345768,0.8831444985418103,200,False,0.1231,0.0243,65,2021-12-31,False,41,0.2290901885251001,15.084047883089788,0.0137814541821912,0.0045973032485654,0.1179973383192037,0.9429802897938868,False,-0.0204231039558303,False,-0.0274853251209306
1356768,ENTERPRISE BANK AND TRUST COMPANY,1,2022-01-20,2022-01-20,0.0098098054959848,0.0012245496477505,0.7891471633577245,200,False,0.1231,0.0243,65,2021-12-31,False,41,0.3688766567392058,15.307924421638551,0.0101926359863114,0.0090807495778386,0.0910504676561703,0.9850048592042778,False,-0.0139326283966424,False,-0.0223212012934356
1190476,ENTERPRISE BANK & TRUST,1,2022-01-20,2022-01-20,0.0455616013784283,0.0003022753044331,1.0325400373546585,200,False,0.1231,0.0243,65,2021-12-31,False,41,0.5211040645719227,16.418124833157968,0.0104944209867084,0.003506858520322,0.1162158746489179,0.9595616478774128,False,-0.0166686178804146,False,-0.0187605060026633
633378,KEARNY BANK,1,2022-01-20,2022-01-20,0.0001564733624343,0.0004493899360414,0.8524253626716554,200,False,0.1231,0.0243,65,2021-12-31,False,41,0.2219518716864285,15.787347679425553,0.0103154821181141,0.0149077703379222,0.1170097643857858,0.8820033168959908,False,-0.0202467796242904,False,0.0001234972998595
1918344,PREFERRED BANK,1,2022-01-20,2022-01-20,0.0305136897330933,0.0006186673735697,0.9486932919523968,200,False,0.1231,0.0243,65,2021-12-31,False,41,0.6338543584485739,15.61510773198213,0.0157494091077688,0.0033397346415913,0.0970229085771936,0.9573924918500948,False,-0.0217295683423094,False,-0.0221508808136698
3138146,WESTERN ALLIANCE BANK,1,2022-01-20,2022-01-20,-0.0130074852196749,0.000107641971253,1.5203508623374085,200,False,0.1231,0.0243,65,2021-12-31,False,41,0.7555226950998715,17.84081389038732,0.014528595418507,0.0132213236646746,0.0939037909190323,0.9461712380476892,False,-0.0194486192675623,False,-0.0082739910871124
537449,FIRST BUSINESS BANK,1,2022-01-20,2022-01-20,0.01389671349389,0.0013381612357648,0.5360076079683157,200,False,0.1231,0.0243,65,2021-12-31,False,41,0.522341256670156,14.790239617572356,0.015132153080478,0.0028346243253389,0.0999785319393053,0.820952428063171,False,-0.0208753934446622,False,-0.0168697480094645
310978,WATERSTONE BANK,1,2022-01-20,2022-01-20,0.016492613802512,0.0003372307064347,0.5397337841471209,200,False,0.1231,0.0243,65,2021-12-31,False,41,0.1955544043713543,14.608291738947168,0.0320710303942054,0.0036706720938701,0.171188662943708,0.725228609840298,False,-0.0216454610665894,False,-0.0243812694350814
220527,PEOPLES BANK,1,2022-01-20,2022-01-20,0.0494956490649556,0.0010614565678081,0.2359030379051861,200,False,0.1231,0.0243,65,2021-12-31,False,41,0.3030759190530499,14.300171861709584,0.0097485564708599,0.0036353159123292,0.0959063823235045,0.9634854749170418,False,-0.0013568356008304,False,-0.0011250430244896
2954059,BCB COMMUNITY BANK,1,2022-01-20,2022-01-20,0.0691237753197569,0.0004568742709697,0.9310665274505572,200,False,0.1231,0.0243,65,2021-12-31,False,41,0.3625745037598352,14.902797287252469,0.0121521872150198,0.0079939804004501,0.1035545299312423,0.9646824993888796,False,-0.021079043922725,False,-0.0202595160182626
2385514,"FIRST BANK, THE",1,2022-01-20,2022-01-20,0.016749865457089,0.0002178837450804,1.251532766612731,200,False,0.1231,0.0243,65,2021-12-31,False,41,0.3848299909170613,15.618360466950184,0.0121801647724303,0.0094562910673284,0.127942332451446,0.994483714625178,False,-0.008057377130006,False,-0.0077014180970995
456045,CENTENNIAL BANK,1,2022-01-20,2022-01-20,-0.0028663822638762,-0.0004703537874171,1.411184862322587,200,False,0.1231,0.0243,65,2021-12-31,False,41,0.4772752901546197,16.706863334504256,0.01868049842413,0.005102840661279,0.1560700394784741,0.9570229458801792,False,-0.0198930677655662,False,-0.0109563255029057
561574,SUMMIT STATE BANK,1,2022-01-20,2022-01-20,0.0064245113517417,0.0008080166157299,0.2070048931707781,200,False,0.1231,0.0243,65,2021-12-31,False,51,0.3928610152784623,13.772686560773346,0.0153410988643954,0.0005844121557728,0.0879696893787575,0.9288187887818466,False,-0.0195710692615911,False,-0.018717515474195
522847,"LIMESTONE BANK, INC",1,2022-01-20,2022-01-20,-0.0146718909643605,0.0013042738831151,0.0259058804936195,200,False,0.1231,0.0243,65,2021-12-31,False,51,0.233147935557722,14.157594874507286,0.0124357277862657,0.0031182592846569,0.1175392203449302,0.9766813855141429,False,-0.018319304500482,False,-0.0286994288367177
663245,SIMMONS BANK,1,2022-01-20,2022-01-20,-0.0120766776298723,-0.0002012039838773,1.2015459320644029,200,False,0.1231,0.0243,65,2021-12-31,False,41,0.44671495473026,17.021736468981896,0.0121978499007362,0.0057755757084469,0.1387002554996924,0.9194899779299284,False,-0.0128627151169667,False,-0.0057483728048818
30810,DISCOVER BANK,1,2022-01-20,2022-01-20,0.0023677019488742,7.317002197123389e-05,1.483084941674105,200,False,0.1231,0.0243,65,2021-12-31,False,31,0.1087557511308155,18.5008083034105,0.0472486860791855,0.0085360245868728,0.1097398172163717,0.7830318396298916,False,-0.0488497303672009,True,-0.085386061965178
768074,FIRST FINANCIAL NORTHWEST BANK,1,2022-01-20,2022-01-20,0.0026485879002931,0.0013921455025435,0.1453794718958841,200,False,0.1231,0.0243,65,2021-12-31,False,51,0.37293166312302,14.170712016856914,0.009521419337833,0.0,0.1048484789003328,0.9171473210614728,False,-0.0181562009658657,False,-0.0098608459192504
2797724,TOWNEBANK,1,2022-01-20,2022-01-20,-0.0207058550359529,0.0001379543370695,1.0778794952346245,200,False,0.1231,0.0243,65,2021-12-31,False,41,0.5059886325195097,16.610435398930242,0.0131640943418102,0.0006432112022757,0.1160851220607724,0.9495402043983676,False,-0.0100030926294934,False,-0.0024450599699759
28013,NORTHFIELD BANK,1,2022-01-20,2022-01-20,-0.0341766179987249,0.0008153589276174,0.74506209825133,200,False,0.1231,0.0243,65,2021-12-31,False,41,0.3728840296684865,15.508500152874102,0.0130536837250425,0.0029004756717053,0.1293368093607694,0.8894083162566069,False,-0.0193668149128005,False,-0.0207106394826041
836843,MIDWESTONE BANK,1,2022-01-20,2022-01-20,0.013503500005525,0.0001750377615024,1.0684628495332429,200,False,0.1231,0.0243,65,2021-12-31,False,41,0.409083955354076,15.61117572335482,0.0126908365263933,0.009680996731359,0.1002249530171927,0.9491883153126042,False,-0.0030520663856148,False,0.0041162610346105
676478,MALVERN BANK NA,1,2022-01-20,2022-01-20,-0.0363977681950703,-0.0001880372878674,-0.0431928329952785,200,False,0.1231,0.0243,65,2021-12-31,False,51,0.5786687683941868,13.956298061228564,0.0010024496603485,0.0174711063937876,0.139271008877847,0.9296495750130696,False,-0.0217230514974909,False,-0.0088053985840742
23504,DIME COMMUNITY BANK,1,2022-01-20,2022-01-20,-0.0067709436533288,0.0005115983460879,1.0997732404936391,200,False,0.1231,0.0243,65,2021-12-31,False,41,0.555949278565192,16.305149243987806,0.0093388700712014,0.0046817598928623,0.1133620454777874,0.9807523908084964,False,-0.0182802333670992,False,-0.01063833128804
785473,FIRST SAVINGS BANK,1,2022-01-20,2022-01-20,0.0129885893830937,0.0011192698788843,0.3532851514519358,200,False,0.1231,0.0243,65,2021-12-31,False,41,0.3169241704153375,14.380219638748503,0.0138748652594523,0.0096522739492497,0.1110779471225786,0.8152398665350864,False,-0.0191524642145407,False,-0.0003234198411315
929978,"HOME BANK, NATIONAL ASSOCIATION",1,2022-01-20,2022-01-20,-0.046334855777097,0.0007177583900116,0.8913707127814232,200,False,0.1231,0.0243,65,2021-12-31,False,41,0.336502323296033,14.891221603581084,0.0166318960927697,0.0072099835052957,0.1171459685403896,0.9811983020911722,False,-0.0180096215997164,False,-0.0150070335005314
1864197,OAK VALLEY COMMUNITY BANK,1,2022-01-20,2022-01-20,0.0406183131334492,0.0002843239721847,0.6982610295545034,200,False,0.1231,0.0243,65,2021-12-31,False,41,0.4736076093669412,14.490775805513277,0.0086421650919241,0.0,0.072535038487107,0.991757109417663,False,0.0138238464255736,False,0.0171876653761752
342410,ORRSTOWN BANK,1,2022-01-20,2022-01-20,0.0276033623978459,0.000866282795766,0.9647178127868042,200,False,0.1231,0.0243,65,2021-12-31,False,41,0.296074025647473,14.85720393352161,0.0127480053013184,0.0038464361888806,0.1004145360005532,0.9749705425043028,False,-0.0192904909247105,False,-0.0218270102529899
119528,"FARMERS NATIONAL BANK OF EMLENTON, THE",1,2022-01-20,2022-01-20,-0.0313148416562838,0.0009832353417669,0.1404175714655583,200,False,0.1231,0.0243,65,2021-12-31,False,51,0.2843534719258672,13.868271874280154,0.0102658184860621,0.0042206577044072,0.0888360409722077,0.9563146974219414,False,,,
685676,OPPORTUNITY BANK OF MONTANA,1,2022-01-20,2022-01-20,-0.0150955333384857,0.0002501835281897,0.3767706431332755,200,False,0.1231,0.0243,65,2021-12-31,False,51,0.2006654532442476,14.173779231241465,0.0117321871614774,0.0057260067698481,0.124293252262641,0.9791126132776804,False,-0.015402551175442,False,-0.0079532664855848
613008,ROCKLAND TRUST COMPANY,2,2021-08-05,2021-08-05,0.0480225685545821,0.00024936941847,0.9894111819059735,200,False,-0.2143,-0.024,14,2021-06-30,False,41,0.337787309553145,16.468356387782435,0.011422833944937,0.0053341222185299,0.1287112585998849,0.9744855830651552,False,-0.0158760513078972,False,-0.0166832689695602
433608,TOMPKINS COMMUNITY BANK,2,2021-08-05,2021-08-05,0.0426228230827938,4.868892205597928e-05,1.1010403840990777,200,False,-0.2143,-0.024,14,2021-06-30,False,41,0.4231760523213456,14.72809322344989,0.0148236653501941,0.0076666949086394,0.0653414417441835,0.9238576454822014,False,-0.0148771822868522,False,-0.0175491947527171
379920,FIRST NATIONAL BANK OF PENNSYLVANIA,2,2021-08-05,2021-08-05,0.0045551752266065,0.0015109764714421,1.1762598498561514,200,False,-0.2143,-0.024,14,2021-06-30,False,41,0.3995077176388166,17.464548552301604,0.0104412153379428,0.0052545660201011,0.1335215393253145,0.9274232971182842,False,-0.0139327318777742,False,-0.0099135656336968
491224,FIRST-CITIZENS BANK & TRUST COMPANY,2,2021-08-05,2021-08-05,0.0757226947346876,0.0027365848180959,1.2330474018890776,200,False,-0.2143,-0.024,14,2021-06-30,False,41,0.3722855006142554,17.82464099989021,0.0104652470797168,0.0058188100916739,0.086717333825926,0.9648045081860114,False,-0.0173391233094819,False,-0.0070457123459857
246022,"BANK OF SOUTH CAROLINA, THE",2,2021-08-05,2021-08-05,0.0046408687897474,0.0008655567386359,0.3033705664484213,200,False,-0.2143,-0.024,14,2021-06-30,False,41,0.3679322366270836,13.273522730528756,0.0124417331079745,0.0034176181451177,0.0927060425625568,0.9741317555915204,False,0.0138078723296275,False,0.0211969779343315
437914,"WILMINGTON SAVINGS FUND SOCIETY, FSB",2,2021-08-05,2021-08-05,0.0337563486790312,0.001461324275948,1.106099205944245,200,False,-0.2143,-0.024,14,2021-06-30,False,41,0.4199327750114406,16.53084410432987,0.0212948692587101,0.0038862721378865,0.1286646036582319,0.9756144812180304,False,-0.0135358011532707,True,-0.0097746266517213
761806,"WEBSTER BANK, NATIONAL ASSOCIATION",2,2021-08-05,2021-08-05,0.0311753256629628,0.0022766988582675,1.2887259943886058,200,False,-0.2143,-0.024,14,2021-06-30,False,31,0.3407493326351343,17.33411692014773,0.0136160551658756,0.0056160953951276,0.1013124671395625,0.9621640113061748,False,-0.0215936457984246,False,-0.0058287569871804
837000,"FIRST NATIONAL BANK OF LONG ISLAND, THE",2,2021-08-05,2021-08-05,0.0301897319833951,0.0007866870079648,0.7986279398886337,200,False,-0.2143,-0.024,14,2021-06-30,False,41,0.540636901864578,15.228990032567872,0.0115039734983329,8.803398111671106e-05,0.1013789489255107,0.9161304663663312,False,-0.0209473840040695,False,-0.0106820358617879
510871,FIRSTBANK PUERTO RICO,2,2021-08-05,2021-08-05,0.0243496481287465,0.0021510163407039,1.3913865892595711,200,False,-0.2143,-0.024,14,2021-06-30,False,31,0.4786027693697113,16.87708384779065,0.0122999064937457,0.0286255352642878,0.1088636757086631,0.9524430587896858,False,-0.0182056510092615,False,-0.0264761108037157
245276,ORIENTAL BANK,2,2021-08-05,2021-08-05,0.0164414632618039,0.0015617910528799,1.2766861275464363,200,False,-0.2143,-0.024,14,2021-06-30,False,41,0.3503403185390741,16.15413911044416,0.0134387845134503,0.0399301410058454,0.09761320743524,0.9742916447711888,False,-0.0174995369123359,False,-0.0214603033573476
216922,FIRST BANK,2,2021-08-05,2021-08-05,0.0340644622347356,0.0028922496582605,0.9213823000621496,200,False,-0.2143,-0.024,14,2021-06-30,False,41,0.3501477640508091,15.919841644061648,0.0142937701903832,0.0068714637225788,0.1162290597644488,0.9910877635720908,False,-0.0055768569438161,False,-0.0091360140557879
645625,"WESBANCO BANK, INC.",2,2021-08-05,2021-08-05,0.0349076666742355,0.0014662000055835,1.1098395135791412,200,False,-0.2143,-0.024,14,2021-06-30,False,41,0.2851333895006566,16.643911517521506,0.0173730520157182,0.0042815450670182,0.1614285192452755,0.952654265695543,False,-0.0161982088105179,False,-0.008228581129112
365325,UNITED BANK,2,2021-08-05,2021-08-05,0.0336020146601344,0.0008455035253372,1.193549426922295,200,False,-0.2143,-0.024,14,2021-06-30,False,41,0.3564450945454652,17.117193487575587,0.0147280909199564,0.0050291935311358,0.1654876412394793,0.9615997010920572,False,-0.0197593159230139,False,-0.0140776244579743
816603,"WASHINGTON TRUST COMPANY, OF WESTERLY, THE",2,2021-08-05,2021-08-05,0.0398928952247575,0.0014168472703115,0.909706294733036,200,False,-0.2143,-0.024,14,2021-06-30,False,41,0.254828483267988,15.582207742114836,0.013119040518705,0.0024228944712295,0.0963890424583803,0.8945678230157117,False,-0.0137346408651125,False,-0.0079113347521507
130541,HORIZON BANK,2,2021-08-05,2021-08-05,0.0570742717503676,0.0011671836613702,1.1693028404045402,200,False,-0.2143,-0.024,14,2021-06-30,False,41,0.4394811095598285,15.622213646383363,0.0147538682190716,0.0059709414936767,0.1153493198649992,0.9114322511576576,False,0.0062539149106294,False,0.0157748389957609
701062,CENTRAL PACIFIC BANK,2,2021-08-05,2021-08-05,0.0099265189199193,0.0018526042155925,1.1756005481940168,200,False,-0.2143,-0.024,14,2021-06-30,False,41,0.3769784841578522,15.785661928549736,0.0110650632299287,0.001635358046416,0.0891886819445486,0.981314816702934,False,-0.0108087492314031,False,-0.014432790203365
802866,SILICON VALLEY BANK,2,2021-08-05,2021-08-05,0.0476517400926523,0.002411604203723,1.358040960736135,200,False,-0.2143,-0.024,14,2021-06-30,False,31,0.8483249600270687,18.89815808778722,0.0072822456865054,0.0016062503445139,0.0646901195713848,0.9781008183013356,True,0.0358832043325153,False,0.0315062153011363
509811,"COMMUNITY TRUST BANK, INC.",2,2021-08-05,2021-08-05,0.0397330127539523,0.0006695066493278,0.7484132713722913,200,False,-0.2143,-0.024,14,2021-06-30,False,41,0.2568320924781176,15.5129848052725,0.0170980995172467,0.0061232319985637,0.1285450791637356,0.9101813371050164,False,-0.0195206761466614,False,-0.0348608925225716
208244,OLD NATIONAL BANK,2,2021-08-05,2021-08-05,0.0206166954219006,0.0005425145386666,0.8401359080124735,200,False,-0.2143,-0.024,14,2021-06-30,False,31,0.3512407689124771,16.975795960628385,0.0130049534035329,0.0095928953766083,0.1287351779192583,0.8747158821644903,False,-0.0209391121420312,False,-0.003593043683661
4114567,FIRST REPUBLIC BANK,2,2021-08-05,2021-08-05,0.0025573146975305,0.0015015846991842,0.884935356564342,200,False,-0.2143,-0.024,14,2021-06-30,False,31,0.708544553271284,18.900923857786857,0.0087590881978475,0.0010792692129108,0.0821218386014529,0.9075622667825743,True,-0.0043878506876333,False,0.003577575785238
5210,ACNB BANK,2,2021-08-05,2021-08-05,0.0030688122372037,0.0007475533797031,1.0538106520595487,200,False,-0.2143,-0.024,14,2021-06-30,False,51,0.2482495298955833,14.806636740172864,0.0116699644096149,0.004970383410352,0.0964577749718197,0.9673067190714364,False,-0.0115874644665386,False,-0.0165860703831197
3938186,"BANKUNITED, NATIONAL ASSOCIATION",2,2021-08-05,2021-08-05,0.0356979607020292,0.0017500783528622,1.374869680332672,200,False,-0.2143,-0.024,14,2021-06-30,False,41,0.6940448039395375,17.387398169595944,0.0124997126493148,0.0448250243805198,0.0987228758517453,0.9016652015216472,False,-0.0201652274367269,False,0.0105771378911857
680813,"FARMERS NATIONAL BANK OF CANFIELD, THE",2,2021-08-05,2021-08-05,0.0103211801638562,0.0011785662534339,0.8410727406763404,200,False,-0.2143,-0.024,14,2021-06-30,False,41,0.3440234751900959,14.992193148854096,0.0173356977872706,0.0070722194269121,0.1078818077220467,0.9638231160349604,False,-0.0099194211626943,False,-0.0097386462864818
785923,LCNB NATIONAL BANK,2,2021-08-05,2021-08-05,0.0333540374145259,-2.3508824935414333e-05,0.8350596759763237,200,False,-0.2143,-0.024,14,2021-06-30,False,51,0.2586170287611419,14.432132462428712,0.0115131818645525,0.0025338356990813,0.1272646504294638,0.975779293590561,False,-0.0176609426194181,False,-0.0188215942518553
2787770,BANK OF THE JAMES,2,2021-08-05,2021-08-05,-0.1292897054145,0.0032563825394796,0.1660378763808496,200,False,-0.2143,-0.024,14,2021-06-30,False,41,0.2286959607079758,13.719841813883464,0.0089902229949436,0.0032597426709187,0.0826528310399278,0.9871805175534664,False,-0.0030290183498984,False,-0.0056170292577375
258771,HOMESTREET BANK,2,2021-08-05,2021-08-05,0.0644213651326492,0.0013097709719454,0.7528712011642665,200,False,-0.2143,-0.024,14,2021-06-30,False,41,0.3687780362240777,15.778800232908065,0.0167702787699081,0.0067649555916525,0.1084518273917829,0.9624405220079594,False,-0.0167110496780003,False,-0.0052553282359346
212577,HOMETRUST BANK,2,2021-08-05,2021-08-05,0.0305116483044517,0.0026034404007233,0.9432688602188408,200,False,-0.2143,-0.024,14,2021-06-30,False,41,0.2221932348977724,15.075235521150285,0.0004414870737351,0.0044583871484682,0.1075250847507641,0.94319763088999,False,-0.0213705102815928,False,-0.0239529209178922
4210227,NBH BANK,2,2021-08-05,2021-08-05,0.0243949762495469,0.0006135051879897,0.8450519860421768,200,False,-0.2143,-0.024,14,2021-06-30,False,41,0.2692766984210069,15.77970733983823,0.0150250014587924,0.003302400011543,0.1041478239304806,0.9811545721222008,False,-0.0119147957329298,False,-0.0077307592546284
884303,CHEMUNG CANAL TRUST COMPANY,2,2021-08-05,2021-08-05,0.0188597694648514,0.0009969709511884,0.7895477280052337,200,False,-0.2143,-0.024,14,2021-06-30,False,41,0.3702838230307401,14.680391778171597,0.0107060862651828,0.005507063868462,0.0826550790744524,0.9828046754536846,False,-0.0085911947550186,False,-0.0048366081969081
2758613,FIRST INTERNET BANK OF INDIANA,2,2021-08-05,2021-08-05,-0.0024216160852665,0.0023892489625073,1.3430855277163152,200,False,-0.2143,-0.024,14,2021-06-30,False,51,0.3100108754371279,15.249870296849853,0.0119110107632744,0.0031033148588283,0.0944965602459115,0.8509440818617399,False,-0.020298052885544,False,-0.0152702481698545
122854,INDEPENDENT BANK DBA INDEPENDENT FINANCIAL,2,2021-08-05,2021-08-05,0.0124569328421726,0.0010830362122677,1.229784404452858,200,False,-0.2143,-0.024,14,2021-06-30,False,41,0.5064857009521022,16.730152400173917,0.0141376796246609,0.0040423437202827,0.1570153809148428,0.9695137733930528,False,-0.0184669659146515,False,-0.0158229175258816
2354985,CUSTOMERS BANK,2,2021-08-05,2021-08-05,0.0065271077019194,0.0050180114805158,1.322281044980962,200,False,-0.2143,-0.024,14,2021-06-30,False,41,0.6655852455713342,16.794128869520005,0.0099547150897939,0.0028520031387947,0.0688775381748899,0.7626412363681295,False,-0.0190602511457525,False,-0.0094280908314003
3475083,TRISTATE CAPITAL BANK,2,2021-08-05,2021-08-05,0.0192718563693593,0.0008502459062265,1.3593499123353725,200,False,-0.2143,-0.024,14,2021-06-30,False,41,0.5952609737533006,16.254489231113418,0.0064010028854419,0.0012084556996169,0.0687257123497632,0.9577549966314212,False,-0.0185889579861068,False,0.0124416484874461
697978,COMMUNITY BANK OF THE CHESAPEAKE,2,2021-08-05,2021-08-05,0.0314835051121199,0.0018522528199479,0.6009106225720411,200,False,-0.2143,-0.024,14,2021-06-30,False,41,0.238306391317487,14.600750475177724,0.0129762286399082,0.0091441897194186,0.1049544149319655,0.9744499496885788,False,-0.010933342505794,False,-0.016683625523652
3401970,FIRST BANK,2,2021-08-05,2021-08-05,-0.0174589883674687,0.0022832576525295,1.467446259883058,200,False,-0.2143,-0.024,14,2021-06-30,False,41,0.4537758050670161,14.708756588695833,0.0151892288605172,0.0046525260256151,0.1042022523512646,0.9304319535603772,False,-0.0192515173594626,False,-0.0189595438596672
3284070,ALLY BANK,2,2021-08-05,2021-08-05,0.0364881683778234,0.0024714677379058,1.190687976196197,200,False,-0.2143,-0.024,14,2021-06-30,False,31,0.1081395920891725,18.9517500741954,0.0220373364692047,0.0107488419508879,0.1021196530942231,0.9317582036186948,False,-0.0294560301544673,False,-0.0387197045696588
3109043,BANKWELL BANK,2,2021-08-05,2021-08-05,0.0380656082442422,0.0026646049169253,0.5702812061680502,200,False,-0.2143,-0.024,14,2021-06-30,False,41,0.4404928848821011,14.633924699618348,0.0124010654187962,0.0157211111405539,0.0873809278036721,0.9413457346175448,False,-0.0153850129592315,False,-0.005712033725532
762447,"FIRST MID BANK & TRUST, NATIONAL ASSOCIATION",2,2021-08-05,2021-08-05,-0.0237794239997398,0.0016334987822323,0.9392086089984372,200,False,-0.2143,-0.024,14,2021-06-30,False,41,0.3163757385975372,15.565368109487103,0.0051246284401062,0.0069949614151026,0.1170805364053527,0.9396564298490964,False,-0.0168473340840939,False,-0.0128396486254592
1216022,SYNCHRONY BANK,2,2021-08-05,2021-08-05,0.0671512241125021,0.0018720993589566,1.3867724204069152,200,False,-0.2143,-0.024,14,2021-06-30,False,41,0.1355833753066762,18.221339164823647,0.051338386612472,0.0102242883024591,0.1474361321664408,0.8811562249455962,False,-0.047934451814912,True,-0.1002527597244508
3303298,"CITIZENS BANK, NATIONAL ASSOCIATION",2,2021-08-05,2021-08-05,0.0337122083749601,0.0016258481683813,1.2536888942169775,200,False,-0.2143,-0.024,14,2021-06-30,False,31,0.4463320888054044,19.03606189365888,0.0136057612907936,0.0087462089972021,0.1215888041523643,0.9460777153402168,False,-0.0218017994438813,False,-0.0004142515464024
177920,"MIDDLEFIELD BANKING COMPANY, THE",2,2021-08-05,2021-08-05,-0.0329888157260004,0.0010683700919877,0.6099304931731698,200,False,-0.2143,-0.024,14,2021-06-30,False,41,0.320619428078891,14.121825456114008,0.0142372332359155,0.007340942308329,0.1100183302537525,0.990353692429857,False,-0.0186648885024873,False,-0.0198468963121079
371924,COMMUNITY BANK,2,2021-08-05,2021-08-05,-0.0360543789307948,8.65762229697353e-05,0.7433465896824918,200,False,-0.2143,-0.024,14,2021-06-30,False,51,0.3228625251967644,14.193762730133692,0.0032321023531047,0.0124747878746239,0.0839490289649257,0.9523544931602737,False,-0.0121522991519625,False,-0.0120508153561997
3221468,VERITEX COMMUNITY BANK,2,2021-08-05,2021-08-05,0.0245262871998382,0.0024559302224007,1.2163852974096907,200,False,-0.2143,-0.024,14,2021-06-30,False,41,0.5865466209074685,16.050180234522433,0.0143320495387383,0.0132513637461859,0.1518970352853539,0.8951197483241443,False,-0.0209814377105824,False,-0.0086052226471792
3637685,FIRST FOUNDATION BANK,2,2021-08-05,2021-08-05,0.0185576349163765,0.0011039436145016,1.0715569093544577,200,False,-0.2143,-0.024,14,2021-06-30,False,41,0.6862813895730054,15.884543492548424,0.0121225241920622,0.0026928036249625,0.0923086969410633,0.9906965158898688,False,-0.0173971685792301,False,0.0035112101082296
866000,GLENS FALLS NATIONAL BANK AND TRUST COMPANY,2,2021-08-05,2021-08-05,0.013538819811685,0.0007083423023684,0.7964821408406499,200,False,-0.2143,-0.024,14,2021-06-30,False,41,0.2814893668317851,14.930603950700783,0.0132308016156844,0.0019844568147569,0.0919578746910097,0.9735383266542113,False,-0.0146716748439502,False,-0.0219885339084974
766164,"TBK BANK, SSB",2,2021-08-05,2021-08-05,0.0403122571989398,0.0037237505937981,1.1881522055007354,200,False,-0.2143,-0.024,14,2021-06-30,False,41,0.3105624793041708,15.606840935145502,0.0223115716642439,0.0123406636963451,0.1445676862040482,0.9282785798823948,False,-0.0363793567989745,False,-0.0521960723942373
403179,FIRST FED BANK,2,2021-08-05,2021-08-05,-0.0027651671215964,0.0015945307695488,0.8975585125536705,200,False,-0.2143,-0.024,14,2021-06-30,False,51,0.2858761060023782,14.394550189981976,0.0081465025410183,0.001447224977773,0.1071061085318585,0.9242542737564116,False,-0.0167498272849897,False,-0.0144618606651352
917742,"ASSOCIATED BANK, NATIONAL ASSOCIATION",2,2021-08-05,2021-08-05,0.0403491059923132,0.0013388331236115,1.0686041758481293,200,False,-0.2143,-0.024,14,2021-06-30,False,41,0.5874099148625646,17.344890372873845,0.0111752078149804,0.0063507745514232,0.1176155830673313,0.907192224430392,False,-0.0002128891994825,False,0.0040417383286524
3650808,LIVE OAK BANKING COMPANY,2,2021-08-05,2021-08-05,0.0238602735642109,0.0033072337659914,1.5710777977535328,200,False,-0.2143,-0.024,14,2021-06-30,False,41,0.1610640491922239,15.912998406099623,0.0181654547974564,0.0135752350824957,0.0706607587505575,0.8646846323450639,False,-0.0247462205687162,False,-0.0165406023079826
139656,EQUITY BANK,2,2021-08-05,2021-08-05,0.0198781001676087,0.0024823931785571,0.9342924948283838,200,False,-0.2143,-0.024,14,2021-06-30,False,41,0.3322156188250361,15.266519284135288,0.0158897056462961,0.0201669901646224,0.1098706782111989,0.9768319673307178,False,-0.0178871622627896,False,-0.0266035158492072
422433,FIRST GUARANTY BANK,2,2021-08-05,2021-08-05,0.010253590900027,0.0006569906989879,0.7449700341327621,200,False,-0.2143,-0.024,14,2021-06-30,False,41,0.4602814366520312,14.825878346021875,0.0091742150599411,0.0136720337900356,0.0915703024563726,0.972695716369224,False,-0.0279736975134564,False,-0.0130070534494394
3532641,SMARTBANK,2,2021-08-05,2021-08-05,0.0072371301619185,0.0021262341785368,0.7025428689329709,200,False,-0.2143,-0.024,14,2021-06-30,False,41,0.3081922563400942,15.109094606693764,0.0113647646763562,0.0017107138408478,0.1086112078731043,0.9695638447535456,False,-0.0125732367854023,False,-0.0069871880539602
2941068,NICOLET NATIONAL BANK,2,2021-08-05,2021-08-05,0.0234200395634822,-3.8356173352299e-05,0.8241357750182497,200,False,-0.2143,-0.024,14,2021-06-30,False,41,0.2811130742536322,15.335814697264068,0.01394126660393,0.0024481152832037,0.1142155353663272,0.9853528723812326,False,-0.0172684102631888,False,-0.0101589706565715
773247,MIDLAND STATES BANK,2,2021-08-05,2021-08-05,-0.0054209490835152,0.0025422866554671,0.7812182575256033,200,False,-0.2143,-0.024,14,2021-06-30,False,41,0.299372151182012,15.705095676911366,0.012574390289427,0.011749252741255,0.1188231519311286,0.8990555560796273,False,-0.0237662866376212,False,-0.0227526364041967
40499,HARBORONE BANK,2,2021-08-05,2021-08-05,0.0039323387327539,0.0018269128227341,0.8042366434685966,200,False,-0.2143,-0.024,14,2021-06-30,False,41,0.3163489934445002,15.34605503539127,0.0150631117590179,0.0092041628744051,0.1338444544669932,0.9464996834271224,False,-0.0192199627253947,False,-0.0123964720199993
980661,FIRST HAWAIIAN BANK,2,2021-08-05,2021-08-05,0.0050882458550421,0.0019564707406452,1.0111983178721065,200,False,-0.2143,-0.024,14,2021-06-30,False,31,0.4690842625165948,17.003766007721786,0.012158083042826,0.0011634467569923,0.1120548829064906,0.9684828032849712,False,0.0061477846368594,False,0.0001840616889916
436159,FIRSTBANK,2,2021-08-05,2021-08-05,0.0652662847024811,0.0007583137110048,0.9612224888526524,200,False,-0.2143,-0.024,14,2021-06-30,False,41,0.526695237901656,16.29042890701159,0.0164302938445653,0.0081505066465448,0.1142192609768232,0.9723955648404756,False,-0.0209846227674282,False,-0.014065983209214
795968,BANK OF HAWAII,2,2021-08-05,2021-08-05,0.0154806044383342,0.001292159665486,0.9868180975828416,200,False,-0.2143,-0.024,14,2021-06-30,False,31,0.4847645821994738,16.93532169567795,0.0113384344201596,0.0021442040727055,0.0594151965477765,0.957393306361542,False,0.0071351648481746,False,0.0058707162537273
321273,AFFINITY BANK,2,2021-08-05,2021-08-05,-0.0096605207346654,0.0030564424098046,0.3225811635105835,200,False,-0.2143,-0.024,14,2021-06-30,False,51,0.2049850388128182,13.5756060737078,0.0116435300234014,0.0078084595884662,0.1269119349996123,0.911324125259696,False,-0.0176297373009046,False,-0.0167765926497299
214414,"FARMERS & MERCHANTS STATE BANK, THE",2,2021-08-05,2021-08-05,0.0327223882229071,-0.0010283801552988,1.062193825598622,200,False,-0.2143,-0.024,14,2021-06-30,False,41,0.1873244045998379,14.57758707465951,0.0086861518601815,0.0047945261527047,0.1055037030019307,0.9677067768029318,False,-0.0165106488576748,False,-0.0137132409585269
129732,BYLINE BANK,2,2021-08-05,2021-08-05,0.0431758550142327,0.0020054044131204,0.9868222559949348,200,False,-0.2143,-0.024,14,2021-06-30,False,41,0.3218858115716764,15.6920764472724,0.0163419658559634,0.0119250115085027,0.1308678651081191,0.908320950049636,False,-0.0206185594181874,False,-0.0162382297812275
3835454,ROYAL BUSINESS BANK,2,2021-08-05,2021-08-05,0.0192148777236848,0.0023138128279689,0.9158258624075049,200,False,-0.2143,-0.024,14,2021-06-30,False,41,0.5202467082300344,15.172715134336718,0.0150999262093672,0.0062748143762639,0.1381802308537501,0.9433575311696344,False,-0.0328617197550671,False,-0.0379092588116365
3595271,"BANK OF PRINCETON, THE",2,2021-08-05,2021-08-05,0.0096954218762879,0.0009776914991476,0.9220656819117706,200,False,-0.2143,-0.024,14,2021-06-30,False,41,0.3190667711724287,14.307872369820675,0.0126832321217277,0.0023437735399661,0.1300831939840212,0.9824293192687326,False,-0.0235065068072767,False,-0.0405136883519649
736206,CAMBRIDGE TRUST COMPANY,2,2021-08-05,2021-08-05,0.0132124389883935,0.0015933066786751,0.8530867816707592,200,False,-0.2143,-0.024,14,2021-06-30,False,51,0.4779193591823685,15.27481929347778,0.0127767149494397,0.0016648080778535,0.0964017063507556,0.9693341518848588,False,-0.0005387905119894,False,0.0035568111673182
1007819,"FIDELITY DEPOSIT AND DISCOUNT BANK, THE",2,2021-08-05,2021-08-05,0.0067080505019494,-0.0002751947974385,1.1800888291532232,200,False,-0.2143,-0.024,14,2021-06-30,False,51,0.4010553609503936,14.48028295505572,0.0132949392196077,0.0028167598976588,0.0845514102532447,0.9879669108309602,False,-0.0128377640774666,False,-0.0219647953902307
963945,MERCHANTS BANK OF INDIANA,2,2021-08-05,2021-08-05,0.0029159729379082,0.0025787686931635,0.997891096167628,200,False,-0.2143,-0.024,14,2021-06-30,False,41,0.7295767730943791,16.079678886551623,0.0235273016500473,0.0002756373305286,0.1049106952652975,0.91202651636085,False,-0.0215677708144528,False,-0.0271061366199602
2705895,METROPOLITAN COMMERCIAL BANK,2,2021-08-05,2021-08-05,0.0130353941329124,0.0025585598060675,1.1238293949919067,200,False,-0.2143,-0.024,14,2021-06-30,False,51,0.7997281661014457,15.570863271145484,0.0091947299864765,0.0015921895433364,0.0704277668538937,0.9863669385196696,False,-0.0105273360784501,False,0.0033972790141251
3579589,ALLEGIANCE BANK,2,2021-08-05,2021-08-05,-0.0116909621467868,0.0022212688189906,0.8145559478171277,200,False,-0.2143,-0.024,14,2021-06-30,False,41,0.5307617266203918,15.687438726928532,0.0132066436552071,0.0082145508046529,0.1268529396065326,0.9618357163658388,False,-0.0042399287363297,False,0.0084652460862542
3271799,MERIDIAN BANK,2,2021-08-05,2021-08-05,0.008088892964838,0.0028195860921508,0.4434108227169797,200,False,-0.2143,-0.024,14,2021-06-30,False,51,0.5535485038541802,14.351406674134578,0.0228264946497294,0.005467196486654,0.1114560214022524,0.9315543005183394,False,-0.0275954517703872,False,-0.0191142633229745
979375,"STERLING BANK AND TRUST, FSB",2,2021-08-05,2021-08-05,0.0395206031928494,0.0011092554712087,1.0099515694230852,200,False,-0.2143,-0.024,14,2021-06-30,False,41,0.193873476911328,15.040751973330464,0.00603056457174,0.0377441000774015,0.1098981846632058,0.8710169573173427,False,-0.012992095091303,False,-0.0189081896242658
497570,LUTHER BURBANK SAVINGS,2,2021-08-05,2021-08-05,0.0047342354084081,0.0004042034999054,0.9314420420835984,200,False,-0.2143,-0.024,14,2021-06-30,False,41,0.4212737370792137,15.79720130646444,0.0116612007803171,0.0001097190602337,0.106109594225995,0.8403242534433155,False,-0.0206103322269363,False,-0.011896844667198
2757205,"MVB BANK, INC.",2,2021-08-05,2021-08-05,0.0246643842247484,0.0046379112011484,0.7395423839150046,200,False,-0.2143,-0.024,14,2021-06-30,False,41,0.5735153576795894,14.82411534939004,0.0160501981746847,0.0122217763502263,0.102995397503732,0.9767521599743594,False,-0.0182877610934261,False,-0.0080488330456518
3378773,BRIDGEWATER BANK,2,2021-08-05,2021-08-05,-0.0100512510234814,0.0018570707287798,0.7574119179618879,200,False,-0.2143,-0.024,14,2021-06-30,False,41,0.3956954907601959,14.965744870315872,0.014482105191848,0.000294648775562,0.1063700939526099,0.9734618481521063,False,-0.0190759016985453,False,-0.0141154525588042
3357219,OPEN BANK,2,2021-08-05,2021-08-05,-0.041197996137656,0.0021548097450297,0.6852037139432289,200,False,-0.2143,-0.024,14,2021-06-30,False,51,0.4686697202689638,14.286391926883812,0.0145572169438711,0.0005759886537083,0.0931307195868627,0.9893325253999786,False,-0.0164107384096482,False,-0.0202277083294347
3281510,UNITED BUSINESS BANK,2,2021-08-05,2021-08-05,-0.022289409072978,0.0013008166135201,0.9012631021873926,200,False,-0.2143,-0.024,14,2021-06-30,False,51,0.4685369687988144,14.655107269049196,0.0097476368350973,0.0054507748963096,0.1240670751431805,0.9848118791182568,False,-0.0261948218685169,False,-0.0213806827921396
667757,ORIGIN BANK,2,2021-08-05,2021-08-05,0.0144274604368537,0.0020250687849165,0.9716256542261744,200,False,-0.2143,-0.024,14,2021-06-30,False,41,0.5372818185512911,15.794163754555084,0.014991300284322,0.0154917138439736,0.0968072008898112,0.9302999071300176,False,-0.0176354809055602,False,-0.0042836610348775
2562164,COASTAL COMMUNITY BANK,2,2021-08-05,2021-08-05,0.0199393712187321,0.002931776552502,1.1634141001670155,200,False,-0.2143,-0.024,14,2021-06-30,False,41,0.5295687257524491,14.511682658836206,0.0135170500967319,0.000390859202623,0.0805145810766283,0.9793043476375164,False,-0.0224857956758294,False,-0.030389411780631
3158546,FIRST WESTERN TRUST BANK,2,2021-08-05,2021-08-05,-0.0359941209787751,0.0028764339278033,0.7523938278929005,200,False,-0.2143,-0.024,14,2021-06-30,False,51,0.4336630036630036,14.510149625107802,0.0130335409234013,0.0019293753423234,0.085664602748097,0.9242104814838475,False,-0.0185709159554571,True,-0.0071984362115709
661308,AMALGAMATED BANK,2,2021-08-05,2021-08-05,0.0160974472896293,0.0005746710368098,0.8369361660003974,200,False,-0.2143,-0.024,14,2021-06-30,False,41,0.6198113341568452,15.696785114504076,0.0068931643345799,0.0162964446003729,0.0832676634669148,0.9829683746834552,False,-0.0046339871545251,False,0.0160749086018026
83638,"AMERANT BANK, NATIONAL ASSOCIATION",2,2021-08-05,2021-08-05,0.0691097263943177,0.0009971143629801,1.6097291812962355,200,False,-0.2143,-0.024,14,2021-06-30,False,31,0.3386124814152261,15.833226684677149,0.0092456876149428,0.0215954289773395,0.1156143067901517,0.8598010190314916,False,-0.0183678101811775,False,-0.0028351996177821
18854,BANK7,2,2021-08-05,2021-08-05,0.0464514959466856,0.0019706162872389,0.9922084387730596,200,False,-0.2143,-0.024,14,2021-06-30,False,41,0.283609872137972,13.93955837328924,0.0198026623795348,0.0147065283657281,0.1024309450829012,0.9929033343798068,False,-0.0205095416077293,False,-0.0312840545434896
2808602,"CAPITAL BANK, NATIONAL ASSOCIATION",2,2021-08-05,2021-08-05,0.0114358039208642,0.0025458335018704,0.8626176681653375,200,False,-0.2143,-0.024,14,2021-06-30,False,41,0.4840817608133869,14.567032773092055,0.0172160973481588,0.0050176949231566,0.071735311110849,0.9773800511145098,False,-0.0246130620058959,False,-0.0362754382775354
3614976,FVCBANK,2,2021-08-05,2021-08-05,0.0023538232544267,0.0019136008161685,0.7695014400084335,200,False,-0.2143,-0.024,14,2021-06-30,False,51,0.5037500896831472,14.494075938958568,0.0125456102540374,0.0027599950619896,0.118723643462767,0.9709016152784222,False,-0.0173853761208054,False,-0.0120945788755664
594947,"BANK FIRST, NATIONAL ASSOCIATION",2,2021-08-05,2021-08-05,0.0299503031624264,-2.604144967873992e-05,0.5536007107117907,200,False,-0.2143,-0.024,14,2021-06-30,False,41,0.302936515746223,14.851873968926247,0.0169212120696132,0.0055460787230824,0.1162075768008408,0.9830466363004362,False,-0.0178475088290392,False,-0.0200720636949577
3476192,CARTER BANK & TRUST,2,2021-08-05,2021-08-05,0.0700297851880873,0.0022347481224815,1.0573340175274573,200,False,-0.2143,-0.024,14,2021-06-30,False,41,0.1360891004847513,15.231488228137522,0.0077854383665334,0.0032700322799486,0.0966435489949916,0.983326133468304,False,-0.0140827677356284,False,-0.0235622245033708
3248849,MAINSTREET BANK,2,2021-08-05,2021-08-05,-0.0244221433872751,0.0021087598972175,0.6260857298348286,200,False,-0.2143,-0.024,14,2021-06-30,False,41,0.4709755683105505,14.350819016221187,0.0154709524436833,0.0,0.1181902545411964,0.9846511773052282,False,-0.0276418258549044,False,-0.0391955855938327
289515,FARMERS AND MERCHANTS TRUST COMPANY OF CHAMBERSBURG,2,2021-08-05,2021-08-05,0.0239668850234017,0.0009393908476566,0.4354106679308016,200,False,-0.2143,-0.024,14,2021-06-30,False,51,0.2073189133810115,14.332249264944664,0.0132080682305518,0.0087818493846135,0.0894306227487264,0.9897459479004544,False,-0.0057933264054638,False,-0.0077979796831682
2743244,RED RIVER BANK,2,2021-08-05,2021-08-05,0.0150001890210758,0.0004445625543336,0.5381906352508985,200,False,-0.2143,-0.024,14,2021-06-30,False,41,0.3630926957592291,14.872503311939274,0.0115057003778011,0.0012569147362866,0.0946132750275914,0.9938770301312448,False,0.0093723696773624,False,-0.0019570509126027
575254,CITY BANK,2,2021-08-05,2021-08-05,-0.0089783511907954,0.0014305342880935,0.9313582872734212,200,False,-0.2143,-0.024,14,2021-06-30,False,41,0.4109807601196863,15.127176195978585,0.0169477463343993,0.0052601303767179,0.1149107088982941,0.9873344486501308,False,-0.0137513269515693,False,-0.0263853853089051
419675,FIRST BANK RICHMOND,2,2021-08-05,2021-08-05,0.0324225590346842,0.0005472374183075,0.7617808844264299,200,False,-0.2143,-0.024,14,2021-06-30,False,51,0.2672483145291046,13.986055542340605,0.0109211932027545,0.0097080442019975,0.1361481207908252,0.7910854809143317,False,-0.0161523227049218,False,-0.0201327602174933
3594005,CROSSFIRST BANK,2,2021-08-05,2021-08-05,-0.0363122776721091,0.0015744430234013,0.9307338283694674,200,False,-0.2143,-0.024,14,2021-06-30,False,41,0.5327081886028011,15.484985437226491,0.0108430759981534,0.0133147110957577,0.1143774064725837,0.9330848772869008,False,-0.0162377752323538,False,-0.0086419462971801
933256,"ALERUS FINANCIAL, NATIONAL ASSOCIATION",2,2021-08-05,2021-08-05,0.0361218018824744,0.0011062686569642,1.2469628310669485,200,False,-0.2143,-0.024,14,2021-06-30,False,41,0.5921516495678952,14.964667977882344,0.0183271732540905,0.0036589828027808,0.1043500416569879,0.9871954138571458,False,-0.0046525286417989,False,0.0052765551333734
426534,HEARTLAND BANK AND TRUST COMPANY,2,2021-08-05,2021-08-05,0.0105861102341835,0.0015641731280941,0.668353196502032,200,False,-0.2143,-0.024,14,2021-06-30,False,41,0.2068467527268741,15.18953950549375,0.0156543341605846,0.0034442812327681,0.1060584049859816,0.9788150420590592,False,-0.0026586241954371,False,-0.0109718862904319
3437456,METRO CITY BANK,2,2021-08-05,2021-08-05,0.0803617763528452,0.0008395052495611,0.9032157761952,200,False,-0.2143,-0.024,14,2021-06-30,False,41,0.3301480047350457,14.739909925812226,0.0218096346783031,0.0031609381920368,0.1000454698030514,0.8931057347575438,False,-0.0279866350216795,False,-0.0321839397211946
324340,CHOICEONE BANK,2,2021-08-05,2021-08-05,-0.021793955968219,-0.0013967273826378,0.8109901926558758,200,False,-0.2143,-0.024,14,2021-06-30,False,41,0.2924150593755578,14.566168812394531,0.0105343953957573,0.0018889973276879,0.1084581055271115,0.9966213729795614,False,0.0122302670331337,False,0.0213263637386056
128904,EASTERN BANK,2,2021-08-05,2021-08-05,0.0446837841505679,0.0026485897376913,0.5799250471783041,171,False,-0.2143,-0.024,14,2021-06-30,False,41,0.4332669827316235,16.65080526389508,0.0100565762393882,0.0043392315794246,0.1555177976240092,0.9755268085345384,False,0.0251047172131528,False,0.0080592725149384
395238,SYNOVUS BANK,2,2021-08-05,2021-08-05,0.0381582691741585,0.0023176778409677,1.3517161828182775,200,False,-0.2143,-0.024,14,2021-06-30,False,41,0.4965335417099191,17.820523453405155,0.0139260568475316,0.0042435499031547,0.0969627754738928,0.9605766991277576,False,-0.0182898230034854,False,-0.0151256607115287
933966,CITIZENS BUSINESS BANK,2,2021-08-05,2021-08-05,0.0404611176246812,4.8384264523481966e-05,0.931999600557782,200,False,-0.2143,-0.024,14,2021-06-30,False,41,0.6508097603584757,16.558570116898274,0.0151308952797207,0.0010495198425038,0.1298143267594888,0.9410830777206548,False,-0.0114576352659936,False,0.0035792853852453
60143,COMERICA BANK,2,2021-08-05,2021-08-05,0.0616835294754267,0.0019506305904595,1.203729333719011,200,False,-0.2143,-0.024,14,2021-06-30,False,31,0.6284099311203643,18.296601679839164,0.0152834225809738,0.006728242694482,0.0974629518515583,0.9669978174155188,False,-0.007938919964386,False,0.0021572639562136
601050,COMMERCE BANK,2,2021-08-05,2021-08-05,0.0270108324579851,0.0005818116275013,0.7998949959215268,200,False,-0.2143,-0.024,14,2021-06-30,False,41,0.4150959353846915,17.3333922682215,0.0164771751285166,0.001500514556983,0.0910158262974343,0.9051816595102276,False,-0.0054987344605712,False,-0.0029589553183859
682563,FROST BANK,2,2021-08-05,2021-08-05,0.0402604956922074,0.001607390432837,0.870248337117467,200,False,-0.2143,-0.024,14,2021-06-30,False,41,0.539526435958858,17.659987708757143,0.0102105858438746,0.0052874386175628,0.0895132504874423,0.9212786735061288,False,0.0467918441200626,False,0.0340513330383314
723112,"FIFTH THIRD BANK, NATIONAL ASSOCIATION",2,2021-08-05,2021-08-05,0.0310216052649084,0.001853676966222,1.214024585951686,200,False,-0.2143,-0.024,14,2021-06-30,False,31,0.6178463049299384,19.133528953510304,0.0142058942017516,0.0093457766827644,0.1147707628630408,0.9356770645817738,False,-0.0161464794397291,False,0.0010314327573429
233031,REGIONS BANK,2,2021-08-05,2021-08-05,0.0366317497304804,0.0015357545521125,1.3083957721166926,200,False,-0.2143,-0.024,14,2021-06-30,False,31,0.3993838366338498,18.857224534297792,0.019181180728342,0.0110614538245885,0.1197143503409054,0.9746422829286916,False,-0.0210332882656712,False,-0.0112862146352079
342634,TRUSTMARK NATIONAL BANK,2,2021-08-05,2021-08-05,0.0396907735480996,0.0004928876424422,1.0048274106405195,200,False,-0.2143,-0.024,14,2021-06-30,False,41,0.4301460010105963,16.654356187351585,0.0120418677588039,0.0125252555599786,0.1076946627165072,0.9671446539462252,False,-0.0174494348928205,False,0.0001680113718093
501105,MANUFACTURERS AND TRADERS TRUST COMPANY,2,2021-08-05,2021-08-05,0.0238870177383413,0.0008899518032581,1.1073560426119538,200,False,-0.2143,-0.024,14,2021-06-30,False,31,0.5206826478247383,18.827443762743272,0.0120357285574169,0.0341782711161113,0.1086658964714047,0.9689835556197388,False,-0.0179179133996263,False,0.0054370534718825
165628,FIRST FINANCIAL BANK,2,2021-08-05,2021-08-05,0.0154566668750365,0.0018672464809556,1.189774532721358,200,False,-0.2143,-0.024,14,2021-06-30,False,41,0.3860683452233139,16.585339976825516,0.0136494861591114,0.0090668030311048,0.1479472937679776,0.930024065892794,False,-0.0162486443400032,False,-0.0080278584183262
991340,1ST SOURCE BANK,2,2021-08-05,2021-08-05,0.0321779376945753,0.0006978583010519,0.9593305984213196,200,False,-0.2143,-0.024,14,2021-06-30,False,41,0.375189196574236,15.859434631008613,0.015659162783565,0.0103852847746733,0.114698944299764,0.9344533674724192,False,-0.0110883852153092,False,-0.0164207658248645
485559,FIRST HORIZON BANK,2,2021-08-05,2021-08-05,0.0221798160150183,0.0017114661413156,1.383536825895914,200,False,-0.2143,-0.024,14,2021-06-30,False,41,0.4796258636799982,18.2879958044139,0.0134113402666468,0.006425263179798,0.0985814229815172,0.941545042480329,False,-0.0232749450417866,False,-0.0185634787728411
451965,"WELLS FARGO BANK, NATIONAL ASSOCIATION",2,2021-08-05,2021-08-05,0.07173642437067,0.0018206832633243,1.0940816713845452,200,False,-0.2143,-0.024,14,2021-06-30,False,31,0.515188542463286,21.298033679096815,0.0103370371662807,0.0149206152112191,0.0971110778412781,0.9317076728581152,False,0.0009953449257133,False,0.011787045213705
12311,"HUNTINGTON NATIONAL BANK, THE",2,2021-08-05,2021-08-05,0.0430960075914325,0.000948645544727,1.097606985577154,200,False,-0.2143,-0.024,14,2021-06-30,False,31,0.349618339940014,18.97953073588372,0.0072500527932705,0.0099708820716482,0.108260965506984,0.948641691292162,False,-0.0196137334610456,False,-0.0086016140460914
852218,"JPMORGAN CHASE BANK, NATIONAL ASSOCIATION",2,2021-08-05,2021-08-05,0.0416928140134689,0.00114078506757,0.8720775035666876,200,False,-0.2143,-0.024,14,2021-06-30,False,31,0.4732706993606765,21.88331810121421,0.0127989718190652,0.0101713419083674,0.0903200526629259,0.8280772621104554,False,0.0216376799561287,False,0.0164136327788163
541101,"BANK OF NEW YORK MELLON, THE",2,2021-08-05,2021-08-05,0.0423720584096825,0.0007847620007384,0.7840523480579618,200,False,-0.2143,-0.024,14,2021-06-30,False,31,0.5758626849454206,19.76755317167554,0.0062100494619517,0.0021676545300592,0.0753553614987335,0.952525726949806,False,0.0571386032941642,True,0.0434632170387002
210434,"NORTHERN TRUST COMPANY, THE",2,2021-08-05,2021-08-05,0.0301405255863668,0.0005552258114495,0.9864292466375334,200,False,-0.2143,-0.024,14,2021-06-30,False,31,0.2491084902267126,18.962248818685843,0.0088047138889525,0.0031281617052205,0.0643447680624621,0.9204686326384532,False,0.055495193514558,True,0.0346222704766125
1394676,AMERICAN EXPRESS NATIONAL BANK,2,2021-08-05,2021-08-05,-0.0207684861752489,0.0011672878790646,1.1223108148679846,200,False,-0.2143,-0.024,14,2021-06-30,False,31,0.1702664072178425,18.65627246234365,0.0593199047710744,0.0028631642595634,0.0996927320287749,0.8405941984392346,False,-0.0481072437163041,True,-0.0773555259626459
480228,"BANK OF AMERICA, NATIONAL ASSOCIATION",2,2021-08-05,2021-08-05,0.0728819684045389,0.0013652373621129,0.8977789337780655,200,False,-0.2143,-0.024,14,2021-06-30,False,31,0.4686058712876472,21.577806263660307,0.0105688905302911,0.0072432261614824,0.0958586457694228,0.9346229972922327,False,0.0192779335923647,False,0.0203466162755536
817824,"PNC BANK, NATIONAL ASSOCIATION",2,2021-08-05,2021-08-05,0.0178816967015891,0.0016673954590498,0.9180208072000596,200,False,-0.2143,-0.024,14,2021-06-30,False,31,0.4495003088798509,19.93354961554898,0.0142370127443863,0.0127343877437833,0.1021768611415194,0.9213082765437752,False,0.0086365182701514,False,0.0091081113083805
280110,KEYBANK NATIONAL ASSOCIATION,2,2021-08-05,2021-08-05,0.0204947538526171,0.0013942287268019,1.2314885740283823,200,False,-0.2143,-0.024,14,2021-06-30,False,31,0.5009656070808979,19.00253700315334,0.0149960695934068,0.007914259445711,0.0980099017252489,0.9227735349147316,False,-0.0019787040505335,False,0.0016467550483433
504713,U.S. BANK NATIONAL ASSOCIATION,2,2021-08-05,2021-08-05,0.0358720328181081,0.0012021906522647,0.9186065283280296,200,False,-0.2143,-0.024,14,2021-06-30,False,31,0.4719103020935136,20.12151697847898,0.015731166970414,0.0101952570938492,0.0947469361749824,0.8944997705104678,False,0.0027980295778043,False,0.0131967365792054
34537,SEACOAST NATIONAL BANK,2,2021-08-05,2021-08-05,0.0583568830182872,0.0016109554198274,1.2003250652556905,200,False,-0.2143,-0.024,14,2021-06-30,False,41,0.3849982958003186,16.04740587625942,0.0141718135179692,0.006069518062747,0.1252123287458053,0.96144950310021,False,-0.0111252915042104,False,-0.0010058837248918
476810,"CITIBANK, N.A.",2,2021-08-05,2021-08-05,0.0614942493799512,0.0006604914121236,0.9282213874736528,200,False,-0.2143,-0.024,14,2021-06-30,False,31,0.3602233036749319,21.2411502884641,0.0137255708015559,0.0087263660918346,0.0979527225043238,0.8778047151129023,False,-0.0050324835890505,False,0.0116646538052422
852320,TRUIST BANK,2,2021-08-05,2021-08-05,0.0507561583068034,0.0006723663977595,1.117577491540823,200,False,-0.2143,-0.024,14,2021-06-30,False,31,0.460505368449365,20.050497588175546,0.0106134894786142,0.0110295922733234,0.1259901155020439,0.9253075098317944,False,-0.0183357470944674,False,0.0032705543300937
35301,STATE STREET BANK AND TRUST COMPANY,2,2021-08-05,2021-08-05,0.0303901748423477,-0.0002277304002033,1.175679416187008,200,False,-0.2143,-0.024,14,2021-06-30,False,31,0.5984459726562792,19.59303284177242,0.0079886548715312,0.0,0.083280178846785,0.905695428660213,False,0.0566793351014206,True,0.0520928789157411
17147,FIRST MERCHANTS BANK,2,2021-08-05,2021-08-05,0.038231309247101,0.0015878008467331,1.15581808867824,200,False,-0.2143,-0.024,14,2021-06-30,False,41,0.468128692270774,16.51714388154124,0.0146792265594833,0.0063172933594403,0.126422440067485,0.944673931677236,False,-0.0092493134954156,False,-0.0016787549661584
572374,GREAT SOUTHERN BANK,2,2021-08-05,2021-08-05,0.0131678470300112,0.0008618473305199,0.8727130479546027,200,False,-0.2143,-0.024,14,2021-06-30,False,41,0.5861326291267434,15.534838034415616,0.0156282981536252,0.0018198779042169,0.1241623473733213,0.959900986148986,False,-0.0163287107142866,False,-0.016151722612214
489623,"PARK NATIONAL BANK, THE",2,2021-08-05,2021-08-05,0.0631699906501107,0.0006349220850937,0.9316965131831454,200,False,-0.2143,-0.024,14,2021-06-30,False,41,0.2442445286927263,16.109507377084253,0.0173519855040377,0.0137989723773062,0.0986139976004805,0.9490016424263868,False,-0.0168652279662799,False,-0.0209391885593584
595869,CATHAY BANK,2,2021-08-05,2021-08-05,0.0273001708826078,0.0014974892288582,1.13402326960643,200,False,-0.2143,-0.024,14,2021-06-30,False,31,0.4220969136548558,16.777208115804232,0.0160879352952462,0.0044101141198546,0.1307663604931394,0.985763686915378,False,-0.0175115904929237,False,-0.0235458270594542
1718188,NORTHRIM BANK,2,2021-08-05,2021-08-05,0.0600847242271002,0.001341271178255,1.069674540401538,200,False,-0.2143,-0.024,14,2021-06-30,False,51,0.3536963747888048,14.706715249865654,0.0176041245824044,0.0081579443773123,0.0827603037654861,0.9739702811352732,False,0.0148891585658208,False,0.0113720258742129
463735,HANCOCK WHITNEY BANK,2,2021-08-05,2021-08-05,0.0338756747715395,0.0027822793076144,1.5965035131746488,200,False,-0.2143,-0.024,14,2021-06-30,False,41,0.4669016752339328,17.372993453359044,0.0117750639141225,0.0043541195505175,0.102951124538162,0.9330925572298,False,-0.0157795073807248,False,-0.0155692598983987
339858,"BOKF, NATIONAL ASSOCIATION",2,2021-08-05,2021-08-05,0.0226778110848011,0.0012244904189485,1.0263996303067,200,False,-0.2143,-0.024,14,2021-06-30,False,41,0.6303082883599362,17.66373173083317,0.013524369080962,0.0124882642097765,0.1099216161657504,0.901862623711522,False,-0.0063143454787441,False,0.0013103411290852
693345,"FIRST FINANCIAL BANK, NATIONAL ASSOCIATION",2,2021-08-05,2021-08-05,0.0112362901454339,0.0004304580908853,0.7083193402698733,200,False,-0.2143,-0.024,14,2021-06-30,False,51,0.3378963287776872,15.346157828563166,0.0113118612679437,0.0061122703715478,0.1191233729488676,0.9582140862038216,False,-0.0124169311769676,False,-0.0191186015823432
702117,"NBT BANK, NATIONAL ASSOCIATION",2,2021-08-05,2021-08-05,0.0279498027376122,0.0001154637966933,0.9280651138152708,200,False,-0.2143,-0.024,14,2021-06-30,False,41,0.313086011849418,16.255903859951776,0.0135790256356014,0.0057354464956987,0.1182897505862311,0.970323453536046,False,-0.0179239399073129,False,-0.0207440969472271
677176,TRUSTCO BANK,2,2021-08-05,2021-08-05,0.0031903189989636,0.0002058928946424,0.845505083136779,200,False,-0.2143,-0.024,14,2021-06-30,False,41,0.1022274403010171,15.627371466049038,0.0099094567979602,0.0047825361213565,0.091741046670856,0.940708491735738,False,-0.0164898487972195,False,-0.0190407467546969
749242,RENASANT BANK,2,2021-08-05,2021-08-05,0.0268425982294248,0.0015965730692493,0.8417086390704336,200,False,-0.2143,-0.024,14,2021-06-30,False,41,0.4684485968469769,16.588453092605064,0.013179586073978,0.0053345846148794,0.1482299201370115,0.9717901461321028,False,-0.0155650417444293,False,-0.0026753710834391
936426,S & T BANK,2,2021-08-05,2021-08-05,0.0183367649819363,0.001449109930433,1.0639395041976405,200,False,-0.2143,-0.024,14,2021-06-30,False,41,0.3167282104860903,16.06547716310017,0.0131437222283531,0.016054029373347,0.126457575026464,0.9687201325633052,False,-0.0221855271434924,False,-0.0236860984177549
42420,FIRST COMMONWEALTH BANK,2,2021-08-05,2021-08-05,0.0177784078263284,0.0019413623135199,1.0172418682100404,200,False,-0.2143,-0.024,14,2021-06-30,False,41,0.2437213095400906,16.053805205714045,0.0154442748391172,0.0069678427172559,0.1200290999801009,0.9587758947348776,False,-0.01801497024699,False,-0.0268659372053303
143662,UMPQUA BANK,2,2021-08-05,2021-08-05,0.0386652647984497,0.0008203967869309,1.2196894970737997,200,False,-0.2143,-0.024,14,2021-06-30,False,41,0.3815456411245794,17.226337592005045,0.0149822954785668,0.0022201951012615,0.0989367052835587,0.9639694690274564,False,-0.0177515037841208,False,-0.0202754042232133
61122,FIRST UNITED BANK & TRUST,2,2021-08-05,2021-08-05,-0.0029212379763645,0.0020224823872253,0.702845141421013,200,False,-0.2143,-0.024,14,2021-06-30,False,41,0.3091259248090413,14.371403997979318,0.0126389591499388,0.006590593188267,0.0826975425265758,0.9123187114483388,False,-0.0132566422493648,False,-0.0184389132514813
936855,"UMB BANK, NATIONAL ASSOCIATION",2,2021-08-05,2021-08-05,-0.010880184154148,0.001745157517364,1.0137977171779495,200,False,-0.2143,-0.024,14,2021-06-30,False,31,0.771523784276656,17.40942851647648,0.0091959279661014,0.0035164214647842,0.0807320301081599,0.9053918254485462,False,-0.0050632364366289,False,0.0016994790342028
577128,PEOPLES BANK,2,2021-08-05,2021-08-05,0.0436766612155847,0.0009392051298388,0.9462142796212172,200,False,-0.2143,-0.024,14,2021-06-30,False,41,0.3892997393734151,15.436961227443213,0.010915681802283,0.0079467843968058,0.1116350678776846,0.9465299226671976,False,-0.0194090168351926,False,-0.0186474197793858
317342,STOCK YARDS BANK & TRUST COMPANY,2,2021-08-05,2021-08-05,0.0582154981493626,0.0001350684344323,0.7826063207642391,200,False,-0.2143,-0.024,14,2021-06-30,False,41,0.297959189878652,15.619592295252248,0.0096941405319479,0.0032925500002018,0.1043869253724365,0.9672665351053912,False,-0.0165353018399241,False,-0.0142483483717924
584724,UNIFIED BANK,2,2021-08-05,2021-08-05,0.1050888813990309,0.0021518585914216,-0.3386064045711333,200,False,-0.2143,-0.024,14,2021-06-30,False,51,0.1494340711781355,13.505130149696283,0.0154643956091918,0.0064425825271929,0.1192796194051022,0.9443687317644288,False,-0.0113754410039844,False,-0.0157388867743249
1386251,BANCFIRST,2,2021-08-05,2021-08-05,0.0421823355176845,0.0010749429033014,0.9848401883494694,200,False,-0.2143,-0.024,14,2021-06-30,False,41,0.295721317428234,16.113945049115546,0.016968483458485,0.0060819548215431,0.0975785704387573,0.993466666132552,False,0.0132440846463141,False,-0.0010210759786549
100562,TRI COUNTIES BANK,2,2021-08-05,2021-08-05,0.0105968842096703,0.0016049661801692,0.9715445856767718,200,False,-0.2143,-0.024,14,2021-06-30,False,41,0.3020569226767435,15.915024788509596,0.0154786623808961,0.0066058432716568,0.1239899174291649,0.97855814118064,False,-0.0104064797452014,False,-0.0081463231299411
37640,GERMAN AMERICAN BANK,2,2021-08-05,2021-08-05,0.0260402404236732,0.0008589222548271,0.7301279780003306,200,False,-0.2143,-0.024,14,2021-06-30,False,41,0.4069135475469178,15.490559790880893,0.0167025718769116,0.0056299096967147,0.1133789893273307,0.9570747832413444,False,-0.0014414126931096,False,-0.0067365011630953
981275,PREMIER BANK,2,2021-08-05,2021-08-05,0.0900549131186215,0.001133789495723,1.263651661647354,200,False,-0.2143,-0.024,14,2021-06-30,False,41,0.2411652317430766,15.835102435283064,0.0185387370742493,0.0074454562992317,0.1366468447160803,0.9749318316073536,False,-0.0186401943296893,False,-0.0209313244201479
435077,"PATHWARD, NATIONAL ASSOCIATION",2,2021-08-05,2021-08-05,-0.0100763437228292,0.0038953764964542,1.1372754507238605,200,False,-0.2143,-0.024,14,2021-06-30,False,41,0.021705760809091,15.769244166652287,0.0290543742228006,0.0116909224410362,0.1367488124344523,0.967664351624124,False,-0.0374390185993839,False,-0.0425033270272743
2142155,QUAD CITY BANK AND TRUST COMPANY,2,2021-08-05,2021-08-05,0.0081278593109803,0.0014017748579683,1.0054827856189124,200,False,-0.2143,-0.024,14,2021-06-30,False,41,0.760845914509486,14.541056194450595,0.0153379370702148,0.0025581850830427,0.1022674356127091,0.9763753458989274,False,-0.016200078707045,False,-0.0066736054253526
921178,RIVERVIEW BANK,2,2021-08-05,2021-08-05,0.0430992277993328,0.0018227723553808,0.7309394131910172,200,False,-0.2143,-0.024,14,2021-06-30,False,41,0.2649794618145657,14.295627871056984,0.0117245697485064,0.0004305891426329,0.1074403686526458,0.9871853978426488,False,0.0069605353144279,False,0.0026833739988246
693224,ATLANTIC UNION BANK,2,2021-08-05,2021-08-05,0.0519730340150755,0.0012119194279628,1.236760885807734,200,False,-0.2143,-0.024,14,2021-06-30,False,41,0.3997388206451137,16.808933416871913,0.0148528618390472,0.0032879713313021,0.147986167090937,0.9829060919998148,False,-0.0190622552134037,False,-0.0138660327559413
470050,"FIRST FINANCIAL BANK, NATIONAL ASSOCIATION",2,2021-08-05,2021-08-05,0.0068903107829022,0.0013310070722773,1.0045547180462555,200,False,-0.2143,-0.024,14,2021-06-30,False,41,0.4382046081362,16.324456680263825,0.0177338553326973,0.0055502716530473,0.1300291271479776,0.9252357589617396,False,-0.0127317215769752,False,-0.0205081710026149
936136,OLD SECOND NATIONAL BANK,2,2021-08-05,2021-08-05,0.0133906766356536,0.0011780425431798,0.9548460946900312,200,False,-0.2143,-0.024,14,2021-06-30,False,41,0.2638740571265406,14.996064365806411,0.0145637046143376,0.0119988629349784,0.1151445391328542,0.9626744818040528,False,-0.0102529154140186,False,-0.0137274033387048
694904,"FLAGSTAR BANK, NATIONAL ASSOCIATION",2,2021-08-05,2021-08-05,0.0508738559666032,0.0004820371453708,0.7970681392394652,200,False,-0.2143,-0.024,14,2021-06-30,False,41,0.4171688640213535,17.866337568831597,0.0109615563214483,0.0007227035796569,0.1289881990486717,0.6860164014451818,False,0.0019322331588067,False,0.0039885188949872
229801,VALLEY NATIONAL BANK,2,2021-08-05,2021-08-05,0.0076594388912979,0.0019738266991713,1.1022376438587254,200,False,-0.2143,-0.024,14,2021-06-30,False,41,0.5214944259455278,17.536232152120725,0.011726591695813,0.0069206857466617,0.1299178448411412,0.9277975793155824,False,-0.0224982521293608,False,-0.0103947298661955
481177,LANDMARK NATIONAL BANK,2,2021-08-05,2021-08-05,-0.0232974666650771,0.000671805333663,0.7439767125629873,200,False,-0.2143,-0.024,14,2021-06-30,False,41,0.2952271631707358,14.036061952541232,0.0165997734936202,0.0191651616938907,0.1203459515995007,0.9873778290011772,False,-0.0053705372663357,False,-0.006494138539343
272272,SOUTHERN BANK,2,2021-08-05,2021-08-05,-0.0189022390709177,0.0024464366257789,0.8034221177140446,200,False,-0.2143,-0.024,14,2021-06-30,False,51,0.1588830012362784,14.804134974589068,0.019052403038472,0.0026277543513086,0.1054869983088592,0.9700353780207028,False,-0.0153940507113896,False,-0.0360019485125489
764030,AMERIS BANK,2,2021-08-05,2021-08-05,0.0168513445664025,0.0026518801611233,1.174594312964954,200,False,-0.2143,-0.024,14,2021-06-30,False,41,0.4145175384356131,16.897030038684345,0.0207365361770368,0.0040518704452023,0.1400475203874319,0.9816634733475474,False,-0.023457124015108,False,-0.018971813129853
2236821,"PATRIOT BANK, NATIONAL ASSOCIATION",2,2021-08-05,2021-08-05,0.0430335256178355,0.0017565054363518,0.6244899836494956,200,False,-0.2143,-0.024,14,2021-06-30,False,51,0.3910789682705572,13.77760825532578,0.0054133382910593,0.0373152277842775,0.0984164012102113,0.8818283718352954,False,-0.0249252383667196,False,-0.0065660369198314
268677,CARVER FEDERAL SAVINGS BANK,2,2021-08-05,2021-08-05,0.2088725997723148,0.0032060507298886,0.8482184440381889,200,False,-0.2143,-0.024,14,2021-06-30,False,41,0.2142338529835807,13.435008269839614,-0.0087137427251367,0.0162778934779893,0.0945081182938854,0.9346377560912558,False,-0.0172337850810435,False,-0.0004582383491034
112837,"CAPITAL ONE, NATIONAL ASSOCIATION",2,2021-08-05,2021-08-05,0.0700741101185377,0.0028270267353495,1.1597957869717548,200,False,-0.2143,-0.024,14,2021-06-30,False,31,0.3201462696325174,19.726434500135113,0.0152668098274838,0.0072890896201017,0.1152868354623775,0.9400939632441652,False,-0.0323533217727303,True,-0.038154888354481
1002878,NORTHWEST BANK,2,2021-08-05,2021-08-05,0.009035130179065,0.0009298121144366,0.8070992783958119,200,False,-0.2143,-0.024,14,2021-06-30,False,41,0.2097909144709862,16.4828202890008,0.0129331122587644,0.0200787238177172,0.1123012609944161,0.9711031152924804,False,-0.0184023696378016,False,-0.0132439230463765
697763,WESTAMERICA BANK,2,2021-08-05,2021-08-05,0.0219864392697367,-0.0007576945875251,0.734163258984156,200,False,-0.2143,-0.024,14,2021-06-30,False,41,0.3583577877602508,15.776351260927944,0.0118106235656829,0.0036682919970472,0.102152506481783,0.952845642132878,False,0.0100093683837332,False,0.033136373748524
749635,AUBURNBANK,2,2021-08-05,2021-08-05,-0.0124307814806253,-0.001201873891736,0.6066757121427073,200,False,-0.2143,-0.024,14,2021-06-30,False,51,0.3932972609123388,13.850630567019175,0.0077972935397163,0.0013701290059364,0.0990032285970278,0.9933797827265692,False,0.0033150997456149,False,-0.0033009133191314
959304,FLUSHING BANK,2,2021-08-05,2021-08-05,0.0238523848630294,0.0022395269409587,0.8667041882407285,200,False,-0.2143,-0.024,14,2021-06-30,False,41,0.3923840643853074,15.914788794987418,0.0112493716513089,0.0029910076284387,0.0956289724443211,0.8633753297292287,False,-0.021327681267691,False,-0.0145366293770362
352772,BANNER BANK,2,2021-08-05,2021-08-05,0.0482202186596992,0.0010892570762778,1.25600158639045,200,False,-0.2143,-0.024,14,2021-06-30,False,41,0.3187246824062362,16.59911303057472,0.0130722299553309,0.0031629906141546,0.1101061778699074,0.9545665683869496,False,-0.0086181809217554,False,-0.0087680812898825
498317,"OHIO VALLEY BANK COMPANY, THE",2,2021-08-05,2021-08-05,0.0068448666518061,-0.0001698713762493,0.7599945974881267,200,False,-0.2143,-0.024,14,2021-06-30,False,41,0.3169580287809732,14.01458352318951,0.009104534976247,0.0076611414527254,0.1099173872033343,0.9649962896195894,False,-0.0162120185493118,False,-0.019627042356901
506922,SANDY SPRING BANK,2,2021-08-05,2021-08-05,0.0355094935660691,0.0020672949780132,1.1286270927080793,200,False,-0.2143,-0.024,14,2021-06-30,False,41,0.4399838891624035,16.373695395253726,0.0211587999651186,0.0090597846412052,0.1281360848266443,0.9730230162698476,False,-0.022098088772084,False,-0.0208093804480615
3317932,CONNECTONE BANK,2,2021-08-05,2021-08-05,0.0864744632848827,0.0017592106922026,1.1104288026770983,200,False,-0.2143,-0.024,14,2021-06-30,False,41,0.5524550365664253,15.857996579004016,0.0178259949217562,0.0118282280669834,0.1367121795876184,0.935258990930378,False,-0.014934968098158,False,-0.0061087658151687
276579,"ZIONS BANCORPORATION, NATIONAL ASSOCIATION",2,2021-08-05,2021-08-05,0.0458291761858496,0.0014255843016745,1.259305262832182,200,False,-0.2143,-0.024,14,2021-06-30,False,41,0.5272411970097161,18.28381128331569,0.0154939192444361,0.0060749726767589,0.0921069695964859,0.9612244528335288,False,-0.0139818542631828,False,0.0038995069733252
1412712,"COMMUNITY WEST BANK, NATIONAL ASSOCIATION",2,2021-08-05,2021-08-05,0.0178326291064683,0.0021263679290424,0.3451448225019915,200,False,-0.2143,-0.024,14,2021-06-30,False,51,0.3777619049270176,13.876504052915118,0.0124565807250407,0.002133735750373,0.0890476172555631,0.8935857077348272,False,-0.0263008405057456,False,-0.0234271038061045
1929247,"SOUTHSTATE BANK, N.A.",2,2021-08-05,2021-08-05,0.0104153509831799,0.001023859980323,1.166336798179756,200,False,-0.2143,-0.024,14,2021-06-30,False,41,0.344714930866738,17.51093561778357,0.0132322528034209,0.0035372399266003,0.1232588747252635,0.942691505228761,False,-0.0178741044247954,False,-0.009323603043626
1890525,UNITY BANK,2,2021-08-05,2021-08-05,0.0289917073105562,0.002201642734174,0.6891639147679526,200,False,-0.2143,-0.024,14,2021-06-30,False,51,0.3372217573746243,14.491530399451118,0.0164127124769269,0.0061916795270206,0.0972463895643876,0.898953543601223,False,-0.0245520414788516,False,-0.0208676245435652
876634,CAPITAL CITY BANK,2,2021-08-05,2021-08-05,-0.03785385589729,0.0005821834658827,0.9591602477433864,200,False,-0.2143,-0.024,14,2021-06-30,False,41,0.3419252729813182,15.201952658170208,0.0092451340314468,0.0024470167979351,0.0926225650160188,0.9581862048029144,False,0.0047691869752582,False,0.0089786878002194
2239288,"WINTRUST BANK, NATIONAL ASSOCIATION",2,2021-08-05,2021-08-05,0.0334879271880629,0.0018260731213326,1.070959549880367,200,False,-0.2143,-0.024,14,2021-06-30,False,41,0.5436601249270766,15.972698827418013,0.0135171533578179,0.002346079242333,0.0947756225402001,0.968829297920122,False,-0.0162611795397977,False,-0.0221513265062217
556815,"PEOPLES BANK, A CODORUS VALLEY COMPANY",2,2021-08-05,2021-08-05,0.0151792021981319,0.0017045732154345,0.5664466613611341,200,False,-0.2143,-0.024,14,2021-06-30,False,41,0.2405249835028262,14.618752181446158,0.0072439264822527,0.0258232242416728,0.1023456545174664,0.982170913552331,False,-0.0186136608102238,False,-0.022322255958766
729310,PATHFINDER BANK,2,2021-08-05,2021-08-05,-0.0147547026873951,0.0027144135559836,0.0522587378500916,200,False,-0.2143,-0.024,14,2021-06-30,False,51,0.2552980356987657,14.041799557166431,0.0098952260797583,0.0191553627590237,0.0908306471292839,0.9186607530631852,False,-0.0145740731177756,False,-0.0023522987072022
431172,PACIFIC PREMIER BANK,2,2021-08-05,2021-08-05,0.0350707890870065,0.0021943934065608,1.2601926998813884,200,False,-0.2143,-0.024,14,2021-06-30,False,41,0.5419856245430419,16.837575659195732,0.0170490860563917,0.0025282207206462,0.1509824457919127,0.9806094394155688,False,-0.0118134031195093,False,-0.0055643399086109
107244,BANK OZK,2,2021-08-05,2021-08-05,0.0354791196919764,0.0022056402314631,0.7858667916558928,200,False,-0.2143,-0.024,14,2021-06-30,False,41,0.3793186163158081,17.096644981921838,0.0224723518486737,0.0030716951433558,0.1691981692207206,0.9369096940452633,False,-0.0344947924036653,False,-0.0396220930297663
874845,LAKE CITY BANK,2,2021-08-05,2021-08-05,0.0642065530590324,0.0006995683639825,0.7169330567723744,200,False,-0.2143,-0.024,14,2021-06-30,False,41,0.5356881121302289,15.643530915665018,0.0160477488114713,0.0024599182610921,0.1061891571210941,0.9702365142325564,False,-0.0144595414005938,False,-0.0177543177818393
522605,BAR HARBOR BANK AND TRUST COMPANY,2,2021-08-05,2021-08-05,0.0033160127262998,6.090855507551173e-05,1.2471133388683822,200,False,-0.2143,-0.024,14,2021-06-30,False,41,0.193376169945973,15.10672746219776,0.011689729215525,0.0055684520955402,0.1292474176635388,0.8934047128138902,False,-0.0157274800260288,False,-0.0116096774991141
593007,CAMDEN NATIONAL BANK,2,2021-08-05,2021-08-05,0.0385610381249635,0.0010598005307411,0.9361551372915232,200,False,-0.2143,-0.024,14,2021-06-30,False,41,0.2280175444996128,15.450858877760965,0.0153323413713436,0.0017818540491285,0.1088868296095781,0.9472645280939176,False,-0.0136864885143256,False,-0.0141826131463913
786612,MID PENN BANK,2,2021-08-05,2021-08-05,0.0210169499185015,0.0011032247558542,0.7278497978304935,200,False,-0.2143,-0.024,14,2021-06-30,False,41,0.3913731262089615,15.057077657388552,0.0125436538744357,0.0032678480349448,0.0964882449835063,0.906455023274079,False,-0.023900306148765,False,-0.0247657829200462
881478,HERITAGE BANK,2,2021-08-05,2021-08-05,0.0331638446760345,0.0002296056757964,0.9485137990796813,200,False,-0.2143,-0.024,14,2021-06-30,False,41,0.431191567200637,15.775560833978822,0.0170523082435781,0.0084619296296744,0.1216958388570533,0.975592405129062,False,-0.0014860248589772,False,0.0056831326935307
671464,BANK OF HOPE,2,2021-08-05,2021-08-05,0.0236048211987037,0.001770008618335,1.171104041474272,200,False,-0.2143,-0.024,14,2021-06-30,False,41,0.5701576692194632,16.675652692557637,0.0117868697845952,0.0103424360461432,0.1364469063203071,0.9778095084449748,False,-0.0201186931337842,False,-0.0121094505116801
606046,CADENCE BANK,2,2021-08-05,2021-08-05,0.077291171337112,0.0003966105078628,1.157710571969225,200,False,-0.2143,-0.024,14,2021-06-30,False,41,0.3619194637101223,17.133931039118725,0.0113767414964028,0.004998372711847,0.1111492160810698,0.9200347364564668,False,-0.0192973281889898,False,-0.0052697501118349
782306,BROOKLINE BANK,2,2021-08-05,2021-08-05,0.0162426680032961,0.0015874549431488,0.9239512116123162,200,False,-0.2143,-0.024,14,2021-06-30,False,41,0.4336360116675851,15.49932302130254,0.0147306440284356,0.0065839470098662,0.1117213706294277,0.897792034552916,False,-0.0219106774770163,False,-0.017530312898505
1001152,INTERNATIONAL BANK OF COMMERCE,2,2021-08-05,2021-08-05,0.0724866679399253,0.0007923841441147,1.2049457717191334,200,False,-0.2143,-0.024,14,2021-06-30,False,41,0.3696106276661269,16.196017711648675,0.013619312690465,0.0022944259451917,0.1473836637070431,0.9117365421482438,False,-0.0161250543999092,False,-0.0230882275212746
59316,WAYNE BANK,2,2021-08-05,2021-08-05,8.942549637555239e-05,-0.0002468255231935,0.7086468075352673,200,False,-0.2143,-0.024,14,2021-06-30,False,51,0.3002555961226104,14.521797038611576,0.0113745600685335,0.0084801307098116,0.0991062211194738,0.9253765026418452,False,-0.0168216655280655,False,-0.0282524499556764
491934,COLONY BANK,2,2021-08-05,2021-08-05,-0.012208611394686,0.0021926953158072,0.5874691697156692,200,False,-0.2143,-0.024,14,2021-06-30,False,51,0.303099387792787,14.376010526325524,0.0105814970528926,0.0087363601157254,0.1001131570473661,0.9826334939522076,False,-0.012140360619186,False,-0.0016234677211804
361167,SOUTHSIDE BANK,2,2021-08-05,2021-08-05,0.0293058630924764,0.0011722589991025,0.8009104807314064,200,False,-0.2143,-0.024,14,2021-06-30,False,41,0.3760242644342165,15.786317479952489,0.0170089312774464,0.0014140476331575,0.1486320911479398,0.8571941329782324,False,-0.0151619802943948,False,-0.0199236568396881
316840,REPUBLIC BANK & TRUST COMPANY,2,2021-08-05,2021-08-05,-0.0086570518092313,0.0012059321877813,0.9396215666737454,200,False,-0.2143,-0.024,14,2021-06-30,False,41,0.3386748221779008,15.636123240758897,0.0161220511360683,0.0048458242444311,0.1292010011592319,0.9489361892035728,False,-0.0232605946407203,False,-0.0313312003272455
2209553,HERITAGE BANK OF COMMERCE,2,2021-08-05,2021-08-05,0.0320709224623624,0.0015832878941716,1.1128418106901214,200,False,-0.2143,-0.024,14,2021-06-30,False,41,0.6323981329442144,15.439053919156592,0.0088108385145651,0.002184409396495,0.1186116737299959,0.9765499567741138,False,0.0119731658589815,False,0.0106509226185249
821906,SALISBURY BANK AND TRUST COMPANY,2,2021-08-05,2021-08-05,0.0497652896415826,0.0010456498476876,0.5830358984952271,200,False,-0.2143,-0.024,14,2021-06-30,False,51,0.313808321412227,14.177835709374593,0.0132278483655908,0.0052875841250043,0.1038292825193886,0.9707851973362288,False,-0.0141076648511813,False,-0.0140953952543984
416245,BUSEY BANK,2,2021-08-05,2021-08-05,0.0170986562635175,0.0009733562584947,1.000442367806403,200,False,-0.2143,-0.024,14,2021-06-30,False,41,0.3845111384762726,16.208451304615682,0.0145230495992238,0.0035230940757786,0.1346212439936102,0.96388337563291,False,8.197239884405274e-05,False,-0.0021780171512724
399517,CNB BANK,2,2021-08-05,2021-08-05,0.0629446945404817,0.0008926843219995,1.0405050218914884,200,False,-0.2143,-0.024,14,2021-06-30,False,41,0.3325337914069459,15.450210676836926,0.0112224839701087,0.0093748569062137,0.0906082778202468,0.9880205991998556,False,-0.0189990846826227,False,-0.0231166179595208
664756,PROSPERITY BANK,2,2021-08-05,2021-08-05,0.0314263117774129,0.0006494557607269,0.8696424103755506,200,False,-0.2143,-0.024,14,2021-06-30,False,41,0.4299108045063591,17.4017488788793,0.014965026762817,0.001725034847418,0.1740916284325868,0.9792254330614693,False,0.0021494546583666,False,0.0019362759216056
767974,CFBANK NATIONAL ASSOCIATION,2,2021-08-05,2021-08-05,-0.0060259313761423,0.0026226065655577,0.2326422402893335,200,False,-0.2143,-0.024,14,2021-06-30,False,51,0.2458776944369729,14.221731380448384,0.0139521188648048,0.0002514997692662,0.0972284952575852,0.8669159322629229,False,-0.0202953631945948,False,-0.0184817794181348
716374,FIRST HARRISON BANK,2,2021-08-05,2021-08-05,-0.0058757331602718,-0.0024142776536609,0.9775567891415052,200,False,-0.2143,-0.024,14,2021-06-30,False,51,0.2657006982691915,13.886908933904104,0.0095548547544759,0.0035692788365721,0.0974889409679062,0.9960658274865868,False,0.0070742222925307,False,0.0123611944077624
197478,EAST WEST BANK,2,2021-08-05,2021-08-05,0.0314373508082136,0.0021970497846029,1.1952545903212797,200,False,-0.2143,-0.024,14,2021-06-30,False,31,0.6468846579250772,17.90716590749308,0.0144741718358824,0.0048168034183596,0.0892311057241995,0.9721770392380272,False,-0.01286575047623,False,-0.0139063912017444
958727,AMERICAN NATIONAL BANK AND TRUST COMPANY,2,2021-08-05,2021-08-05,0.0209025759563484,0.00109969222915,1.025460006848337,200,False,-0.2143,-0.024,14,2021-06-30,False,41,0.4172987840707135,14.975248676156582,0.0145426700590574,0.0011316382616127,0.1136791657076703,0.9814071077109876,False,-0.0104652809653532,False,-0.0051935105132805
968070,CAPITOL FEDERAL SAVINGS BANK,2,2021-08-05,2021-08-05,0.0341324884525848,0.0008719617675908,0.6345833820842257,200,False,-0.2143,-0.024,14,2021-06-30,False,41,0.1486650258642685,16.08474370684142,0.0080037378071772,0.0020284257392373,0.1150049819163209,0.793941110944308,False,-0.0177135245805628,False,-0.0070058531830319
202907,"COMMUNITY BANK, NATIONAL ASSOCIATION",2,2021-08-05,2021-08-05,0.0303909506353529,0.0004867307459361,0.8315447711242399,200,False,-0.2143,-0.024,14,2021-06-30,False,41,0.4137674335271879,16.495687483526375,0.0112390775938645,0.0096880751164637,0.1148591612343407,0.9736863346954762,False,0.0082339654928668,False,0.007491222392422
601416,FIVE STAR BANK,2,2021-08-05,2021-08-05,0.0585393456064602,0.0020479406083344,1.0257463099159885,200,False,-0.2143,-0.024,14,2021-06-30,False,41,0.3068197934192121,15.47522229530346,0.0161816883313252,0.001824758800439,0.0953821896821766,0.9858541154406948,False,-0.0130083048243531,False,-0.0247835618124001
662369,BANK OF THE SIERRA,2,2021-08-05,2021-08-05,0.005377152237836,0.0009397251278533,1.108327228219029,200,False,-0.2143,-0.024,14,2021-06-30,False,41,0.2941970324930412,15.001094722841868,0.0144887945296061,0.0034162229017716,0.1176386467265457,0.9643349145696066,False,-0.0014938907324026,False,0.0063714246354098
439404,FIRST NATIONAL BANK,2,2021-08-05,2021-08-05,0.039708116404814,0.000988630713925,0.8998585082971802,200,False,-0.2143,-0.024,14,2021-06-30,False,41,0.1962916711884596,14.697765384310086,0.015068231235479,0.0044576261269111,0.0848261545758009,0.8875558306988464,False,-0.012853950463783,False,-0.0214266815987469
2608754,MERCANTILE BANK,2,2021-08-05,2021-08-05,0.0187225985904834,0.0009301361709734,1.016597519556793,200,False,-0.2143,-0.024,14,2021-06-30,False,41,0.4469049537387379,15.370997120192566,0.0147448247358092,0.0008380735661342,0.1006412601366448,0.8628554475951119,False,-0.0213916887997085,False,-0.0243758251356513
29636,"CITIZENS BANK OF PHILADELPHIA, THE",2,2021-08-05,2021-08-05,0.0043236704803471,-0.0010664048206518,0.525239947629098,200,False,-0.2143,-0.024,14,2021-06-30,False,51,0.359095836476237,14.10664541269688,0.0060286484123039,0.0068938650751842,0.0945980589635597,0.9313385252167368,False,-0.0077057562247196,False,-0.0078398205359504
2652092,EAGLEBANK,2,2021-08-05,2021-08-05,0.0332536267543705,0.0023812321493048,0.9818164081920544,200,False,-0.2143,-0.024,14,2021-06-30,False,41,0.407836374922354,16.20742150580983,0.0178805013805552,0.0067635776987158,0.1297343266904564,0.95788859083508,False,-0.012250394119973,False,-0.0046747916396503
1436204,BANK OF MARIN,2,2021-08-05,2021-08-05,0.0340413993735229,-0.0008742597062289,0.9859150373525708,200,False,-0.2143,-0.024,14,2021-06-30,False,41,0.4503314534665074,14.938277428331228,0.0129331354165785,0.0045886516005106,0.1118611441731585,0.9848887622098524,False,0.0090072586962107,False,0.0184998197182493
2634351,MACATAWA BANK,2,2021-08-05,2021-08-05,0.0170616068607565,0.0002645650399609,0.8735422106764331,200,False,-0.2143,-0.024,14,2021-06-30,False,51,0.4563050130019838,14.893984422962912,0.0109918103904204,0.000348328625936,0.0817916807388912,0.9659122141447994,False,0.0242106096454786,False,0.0348317759561162
754929,"NATIONAL BANK OF BLACKSBURG, THE",2,2021-08-05,2021-08-05,0.0542085911830498,0.0014393702030855,0.5341626330405139,200,False,-0.2143,-0.024,14,2021-06-30,False,41,0.3759620500393024,14.321317408731527,0.0113246936815083,0.0047801384626081,0.1098929460665986,0.9868368014037132,False,0.0031870364014207,False,-0.0097890894922004
687009,LAKELAND BANK,2,2021-08-05,2021-08-05,-0.0046204740167279,0.0016378010059106,1.0249186459098492,200,False,-0.2143,-0.024,14,2021-06-30,False,41,0.4240215323874495,15.87626418832116,0.0125890789281809,0.0037756809749087,0.1099693895160206,0.9653015890005436,False,-0.0193635880804353,False,-0.0113337315963972
2634191,GLACIER BANK,2,2021-08-05,2021-08-05,0.013073629341245,0.0013014583937728,1.1217007816092253,200,False,-0.2143,-0.024,14,2021-06-30,False,41,0.3008279329446849,16.834740681883922,0.0159736098547328,0.0046107876022651,0.1162968152899838,0.933358015161031,False,-0.0059205939404313,False,0.0038236957035506
186221,"OLD POINT NATIONAL BANK OF PHOEBUS, THE",2,2021-08-05,2021-08-05,-0.0384738542470172,0.0025256092409569,0.123588367266266,200,False,-0.2143,-0.024,14,2021-06-30,False,41,0.2724790598957025,14.05258226067711,0.0074349207751756,0.0028696088541086,0.0888900635250234,0.9828221751362284,False,-0.0137825305117136,False,-0.0105365029205011
474919,"FULTON BANK, NATIONAL ASSOCIATION",2,2021-08-05,2021-08-05,0.0255138165655893,0.0015625743411156,1.0238036362864404,200,False,-0.2143,-0.024,14,2021-06-30,False,41,0.361936168517995,17.070633023968494,0.0128094241711414,0.0082449056078176,0.1184628706425068,0.958857283710588,False,-0.0187881229994057,False,-0.0116237099122019
473501,BERKSHIRE BANK,2,2021-08-05,2021-08-05,-0.0557318722592986,0.0047579375734879,1.112410576224668,200,False,-0.2143,-0.024,14,2021-06-30,False,41,0.3446900967025426,16.322396956862,0.00591863631854,0.0071879371423865,0.0921264984803953,0.959963601069663,False,-0.006071137505635,False,-0.0052978606373965
508346,HAWTHORN BANK,2,2021-08-05,2021-08-05,-0.0118901163269135,0.0003335308616841,1.000965218329831,200,False,-0.2143,-0.024,14,2021-06-30,False,41,0.2310110974997722,14.34663104080168,0.0137426455327582,0.0260633255192725,0.1088193636427241,0.9123082718622362,False,-0.0179785636070978,False,-0.0224477178060989
236706,PEAPACK-GLADSTONE BANK,2,2021-08-05,2021-08-05,0.0124116568739686,0.0021651256205968,1.0943885765659485,200,False,-0.2143,-0.024,14,2021-06-30,False,41,0.5715619197607033,15.572042596927975,0.0109003049730548,0.0025283672332332,0.1074394262052391,0.9565170969308678,False,-0.0165559182455959,False,-0.0163614481640267
657365,HANMI BANK,2,2021-08-05,2021-08-05,0.0172667149644407,0.0029801260008941,0.8330923853039343,200,False,-0.2143,-0.024,14,2021-06-30,False,41,0.4166730839317951,15.699105693009242,0.0134940767279479,0.0107116336863035,0.107667686162368,0.9602778411052304,False,-0.0176250759068114,False,-0.018884309570469
636771,INDEPENDENT BANK,2,2021-08-05,2021-08-05,0.0087165997016434,0.0008937647111357,1.077909608227784,200,False,-0.2143,-0.024,14,2021-06-30,False,41,0.1869185354685251,15.310550573688529,0.0157416221270698,0.0019279466030067,0.0943963637301365,0.9728150156751688,False,-0.0050151155965604,False,-0.0082808602508762
2353595,FIRST COMMUNITY BANK,2,2021-08-05,2021-08-05,0.0552098439869516,0.0015574184807643,0.9018989598641936,200,False,-0.2143,-0.024,14,2021-06-30,False,51,0.1539278052420483,14.95471793541148,0.0180981861164661,0.0113342845508561,0.130724058674432,0.9868841340402398,False,-0.0151104451513525,False,-0.0217290485170049
780218,"UNION BANK COMPANY, THE",2,2021-08-05,2021-08-05,-0.1128722045085907,0.0021285443256968,0.606617744308027,200,False,-0.2143,-0.024,14,2021-06-30,False,51,0.1844144156038481,13.863759623385226,0.013889418275791,0.0012079312863752,0.1256508282575717,0.9905554889545212,False,-0.0012814562830589,False,-0.0055661017586011
542528,CIVISTA BANK,2,2021-08-05,2021-08-05,0.0196737148711365,0.0017120712882773,1.167159153271549,200,False,-0.2143,-0.024,14,2021-06-30,False,41,0.3179504573920185,14.88722053612348,0.0137914078666086,0.0021166800110967,0.1201769365446626,0.946266245697656,False,-0.0170280420963275,False,-0.010426509256074
933023,"SHORE UNITED BANK, NATIONAL ASSOCIATION",2,2021-08-05,2021-08-05,0.0030453178431933,0.0017049864379943,1.000778707439562,200,False,-0.2143,-0.024,14,2021-06-30,False,51,0.1827484243911284,14.566600650120874,0.0086641447754905,0.0031913253542276,0.0989567826116908,0.990522567945249,False,-0.0148514407767525,False,-0.0091831107214406
1162017,UNITED SECURITY BANK,2,2021-08-05,2021-08-05,0.0193886441280939,0.0008381781437532,0.6749521849515414,200,False,-0.2143,-0.024,14,2021-06-30,False,51,0.5444599721233451,14.022329586358616,0.0077868852459016,0.0135645312802461,0.1034852328909706,0.9917369464615808,False,-0.0127012428542406,False,-0.0117799094349245
628123,"BANK OF GLEN BURNIE, THE",2,2021-08-05,2021-08-05,-0.0269420420429559,0.0019021034962552,0.1149393966642879,200,False,-0.2143,-0.024,14,2021-06-30,False,41,0.0690219718859608,12.977896986443548,0.0054951911300497,0.0175585747069668,0.081623692639032,0.928302551456897,False,0.006400903483846,False,0.0161945903378815
333203,UNION BANK,2,2021-08-05,2021-08-05,0.0644804228222543,0.0026877406014534,0.3897958138080892,200,False,-0.2143,-0.024,14,2021-06-30,False,41,0.2046050822159524,13.878731336259984,0.0114657239251939,0.0075704461429419,0.0766862987696923,0.9870126305065928,False,-0.0066791957447105,False,-0.0030754724709081
2925666,PINNACLE BANK,2,2021-08-05,2021-08-05,0.0382056049820105,0.0029872251091918,1.0450211712795925,200,False,-0.2143,-0.024,14,2021-06-30,False,41,0.4842910918251297,17.377036752568838,0.0144190414921198,0.0023896091101655,0.146891078216302,0.9482731040204992,False,-0.0190322118977702,False,-0.0081694133228202
139740,WEST BANK,2,2021-08-05,2021-08-05,0.0327945153844687,0.0014635932438374,0.8798496965033877,200,False,-0.2143,-0.024,14,2021-06-30,False,41,0.467945194244823,14.9994338065097,0.0157145318864937,0.0063155789042518,0.0831053325403935,0.9443122155874122,False,-0.015774018229613,False,-0.016394526690766
494261,PACIFIC WESTERN BANK,2,2021-08-05,2021-08-05,0.041851131323885,0.0005726132481805,1.29800941501222,200,False,-0.2143,-0.024,14,2021-06-30,False,41,0.5820462978814631,17.365717196389205,0.0183995571345992,0.0029104042427481,0.1179380705257866,0.9695425333875456,False,-0.0199655718948071,False,-0.0051787949036572
2760232,VILLAGE BANK,2,2021-08-05,2021-08-05,-0.0218141172839985,0.0026233003314324,0.1431707415800754,200,False,-0.2143,-0.024,14,2021-06-30,False,51,0.2851993741569328,13.483795786637351,0.0208083690496759,0.0071157211313327,0.09606349241736,0.9861718263485976,False,-0.0099964926062443,False,-0.0115328213065791
2328137,FIRST COMMUNITY BANK,2,2021-08-05,2021-08-05,0.0005562139066484,0.0018020887134774,0.6276186486280049,200,False,-0.2143,-0.024,14,2021-06-30,False,41,0.2597229242895723,14.23095503940816,0.0096380039127576,0.0091600410909327,0.0980776795921438,0.946830185033942,False,-0.0087629933296706,False,0.000302208434484
204004,PROVIDENT BANK,2,2021-08-05,2021-08-05,0.0110901641074105,0.0020376429045633,0.97659836385681,200,False,-0.2143,-0.024,14,2021-06-30,False,41,0.4946810584904559,16.396584974269427,0.0142259765769141,0.0083921540592354,0.1226775512675677,0.9181745669173472,False,-0.0192600814394927,False,-0.0115192781932988
3465226,HTLF BANK,2,2021-08-05,2021-08-05,0.0360609996388215,0.0008689828232625,1.1230748705435372,200,False,-0.2143,-0.024,14,2021-06-30,False,41,0.4232128328236526,14.77556627750292,0.0123254010005199,0.003843011653003,0.1465735676200934,0.975425019571425,False,0.0049562238917984,False,0.0076507172583605
2953418,OPTIMUMBANK,2,2021-08-05,2021-08-05,0.0352374360820947,0.0033121306071819,0.6389348118616154,200,False,-0.2143,-0.024,14,2021-06-30,False,41,0.5795744193372856,12.591178571494238,0.0082597957503554,0.0,0.1026146948161957,0.926566587057887,False,-0.0185191832208396,False,-0.016070309506327
2618780,TEXAS CAPITAL BANK,2,2021-08-05,2021-08-05,0.0253218642214102,0.002695011501649,1.004832272440146,200,False,-0.2143,-0.024,14,2021-06-30,False,41,0.8015228136041385,17.37704322671154,0.0086878170544949,0.004042152362583,0.0862272941476324,0.9099714690165652,False,0.0047207506463947,False,0.0051358936514617
354310,UNIVEST BANK AND TRUST CO.,2,2021-08-05,2021-08-05,0.0155964686379712,0.0016456459848191,1.0640020071578224,200,False,-0.2143,-0.024,14,2021-06-30,False,41,0.4177648080422875,15.661907506886989,0.018312922344612,0.0071369943983109,0.1171215598176156,0.9670135571668668,False,-0.0170681702604492,False,-0.0194272369833061
703767,CENTRAL VALLEY COMMUNITY BANK,2,2021-08-05,2021-08-05,0.0332344973406803,0.002088029849858,0.737940217202502,200,False,-0.2143,-0.024,14,2021-06-30,False,41,0.4558695133533642,14.639562309070577,0.0135078110538233,0.0019019669235334,0.1111619945975774,0.9784380397769332,False,0.0067390097771998,False,0.0067237302865851
2942690,SIGNATURE BANK,2,2021-08-05,2021-08-05,0.0741647328280843,0.0036217595626503,1.2049810678344544,200,False,-0.2143,-0.024,14,2021-06-30,False,41,0.869824818769091,18.39238143931062,0.0083330335519784,0.0025142455570564,0.0704102717611508,0.9469521626434556,True,-0.0061966218590513,False,0.0125920275589539
2849801,SOUTHERN FIRST BANK,2,2021-08-05,2021-08-05,0.005973518402313,0.0025507785153476,0.909115476301658,200,False,-0.2143,-0.024,14,2021-06-30,False,41,0.4996690271200294,14.790298851064575,0.0161585690215746,0.002954296805762,0.1040920453662294,0.9809647454266835,False,-0.0176819572642997,False,-0.0085758726134658
2858960,"BANCORP BANK NATIONAL ASSOCIATION, THE",2,2021-08-05,2021-08-05,0.065699777220631,0.0032168881575387,1.3929685943465224,200,False,-0.2143,-0.024,14,2021-06-30,False,41,0.1771751425345561,15.696905347518545,0.0191855365788099,0.0067124774454648,0.0967739871015559,0.9740711098904472,False,-0.0091461265900908,False,-0.027675160093887
895710,CITIZENS & NORTHERN BANK,2,2021-08-05,2021-08-05,-0.0052738803905256,0.0015082556492255,0.7939895261342874,200,False,-0.2143,-0.024,14,2021-06-30,False,51,0.2580632955340922,14.658114705811336,0.0141542804512731,0.0155313448562263,0.127829015327632,0.9655138195519606,False,-0.0208720579212028,False,-0.0196418706389245
2372774,"SUMMIT COMMUNITY BANK, INC.",2,2021-08-05,2021-08-05,0.0073390897448749,0.0011749965047358,0.9277185708346612,200,False,-0.2143,-0.024,14,2021-06-30,False,41,0.2256305656835216,15.000691597899923,0.0137230728409285,0.0094001652441875,0.1104286733109588,0.9397571026612728,False,-0.0204231039558303,False,-0.0274853251209306
1356768,ENTERPRISE BANK AND TRUST COMPANY,2,2021-08-05,2021-08-05,0.0686001813035251,0.0010943981222942,1.024018366128334,200,False,-0.2143,-0.024,14,2021-06-30,False,41,0.3599690090851702,15.303458798646233,0.0106964745491249,0.0108479363679765,0.0901357068347545,0.984152667738925,False,-0.0139326283966424,False,-0.0223212012934356
1190476,ENTERPRISE BANK & TRUST,2,2021-08-05,2021-08-05,0.027107380750109,0.001221255837676,1.1048866352015303,200,False,-0.2143,-0.024,14,2021-06-30,False,41,0.4728427956548473,16.148776444890938,0.0142251955401911,0.0059649918487616,0.1172445923086538,0.9615921279072258,False,-0.0166686178804146,False,-0.0187605060026633
633378,KEARNY BANK,2,2021-08-05,2021-08-05,0.0267312976936812,0.0015944303707269,0.6957014490670133,200,False,-0.2143,-0.024,14,2021-06-30,False,41,0.1924457726021404,15.798537697911089,0.0097754883511379,0.0163863738797498,0.1282921348036209,0.8786036976030908,False,-0.0202467796242904,False,0.0001234972998595
1918344,PREFERRED BANK,2,2021-08-05,2021-08-05,0.0053187702702025,0.001904920895482,0.94757939347618,200,False,-0.2143,-0.024,14,2021-06-30,False,41,0.5928129399673074,15.5341859409449,0.0153031950449119,0.0051010080657841,0.1002250976128249,0.9562559396688074,False,-0.0217295683423094,False,-0.0221508808136698
3138146,WESTERN ALLIANCE BANK,2,2021-08-05,2021-08-05,0.0456607756731278,0.0037739995706722,1.2400582939407314,200,False,-0.2143,-0.024,14,2021-06-30,False,41,0.7478745444287486,17.708736316931514,0.0142057346447188,0.0140062608243901,0.0916384621172393,0.9492515713116636,False,-0.0194486192675623,False,-0.0082739910871124
537449,FIRST BUSINESS BANK,2,2021-08-05,2021-08-05,0.0370763421184083,0.0022504968987072,0.7859565196646096,200,False,-0.2143,-0.024,14,2021-06-30,False,41,0.5360265612157064,14.866620602737466,0.0141826221457097,0.0053134972692848,0.0871087885487577,0.8282798965547081,False,-0.0208753934446622,False,-0.0168697480094645
310978,WATERSTONE BANK,2,2021-08-05,2021-08-05,0.0177912813488187,0.0008865590782547,0.5587504427666568,200,False,-0.2143,-0.024,14,2021-06-30,False,41,0.1317851547987023,14.60258332385623,0.0357594781142635,0.002640930539643,0.1762966577391627,0.7213617073008997,False,-0.0216454610665894,False,-0.0243812694350814
220527,PEOPLES BANK,2,2021-08-05,2021-08-05,0.0214671590119391,0.0009677845100005,1.0218717014888008,200,False,-0.2143,-0.024,14,2021-06-30,False,41,0.3123374306191502,14.284681340489442,0.0113644609137106,0.0037791110698419,0.097857716549027,0.9676416872251644,False,-0.0013568356008304,False,-0.0011250430244896
2954059,BCB COMMUNITY BANK,2,2021-08-05,2021-08-05,0.0042418785048775,0.0016531537428286,1.0702108807677884,200,False,-0.2143,-0.024,14,2021-06-30,False,41,0.3483291418313533,14.878115976880764,0.011061884978097,0.0105206347992189,0.1018258744856855,0.9412863901459934,False,-0.021079043922725,False,-0.0202595160182626
2385514,"FIRST BANK, THE",2,2021-08-05,2021-08-05,0.0301535821413944,0.0016724972537286,1.2042901393203116,200,False,-0.2143,-0.024,14,2021-06-30,False,41,0.3904558260302895,15.520409729698708,0.0132365455328476,0.0109966963899548,0.1363146768188297,0.993515242201252,False,-0.008057377130006,False,-0.0077014180970995
456045,CENTENNIAL BANK,2,2021-08-05,2021-08-05,0.0304371387163962,0.0011116568812288,1.1365348862462958,200,False,-0.2143,-0.024,14,2021-06-30,False,41,0.4673261487775765,16.682950945815904,0.0200614690870792,0.0057784085477501,0.1605645701677337,0.9553573502411512,False,-0.0198930677655662,False,-0.0109563255029057
561574,SUMMIT STATE BANK,2,2021-08-05,2021-08-05,-0.0416337870587842,0.0013558671408666,0.4571661579590694,200,False,-0.2143,-0.024,14,2021-06-30,False,51,0.3944051531965972,13.71197393356067,0.0160041169287622,0.0006061706605561,0.0875923175802396,0.9286308173669507,False,-0.0195710692615911,False,-0.018717515474195
522847,"LIMESTONE BANK, INC",2,2021-08-05,2021-08-05,-0.0073133027488061,0.0020173195388445,0.406074454428843,200,False,-0.2143,-0.024,14,2021-06-30,False,51,0.1731587756112626,14.10180842284263,0.0125799011482633,0.001614903554371,0.1198154847693071,0.975295147599398,False,-0.018319304500482,False,-0.0286994288367177
663245,SIMMONS BANK,2,2021-08-05,2021-08-05,0.0343717547762469,0.0018772216027565,1.1125696891252574,200,False,-0.2143,-0.024,14,2021-06-30,False,41,0.4320865389021202,16.967384584985048,0.0133816153901494,0.0071044966954332,0.1342113662207582,0.9153653211506098,False,-0.0128627151169667,False,-0.0057483728048818
30810,DISCOVER BANK,2,2021-08-05,2021-08-05,0.0349967320344086,0.0023413296938367,1.450299909081254,200,False,-0.2143,-0.024,14,2021-06-30,False,31,0.099853004645468,18.50627346178746,0.0506808679013165,0.0082104612950142,0.1075337397312424,0.7953301237077851,False,-0.0488497303672009,True,-0.085386061965178
768074,FIRST FINANCIAL NORTHWEST BANK,2,2021-08-05,2021-08-05,-0.0270015507290551,0.002126921866905,0.2325747053567179,200,False,-0.2143,-0.024,14,2021-06-30,False,51,0.3498071639669622,14.173711437071526,0.009765487124612,0.0,0.101989651603037,0.8980402870105095,False,-0.0181562009658657,False,-0.0098608459192504
2797724,TOWNEBANK,2,2021-08-05,2021-08-05,0.037638580253895,0.0018628197249822,1.0232887132286497,200,False,-0.2143,-0.024,14,2021-06-30,False,41,0.4714279215514173,16.57576319006408,0.0157933817962538,0.0012790106258503,0.1173034899440547,0.9386690621537466,False,-0.0100030926294934,False,-0.0024450599699759
28013,NORTHFIELD BANK,2,2021-08-05,2021-08-05,0.0034634980048904,0.0018864166002099,0.7959997464828302,200,False,-0.2143,-0.024,14,2021-06-30,False,41,0.3429925303175958,15.506722908530032,0.0142372312849759,0.0032098830762169,0.1245411261035872,0.881424493387619,False,-0.0193668149128005,False,-0.0207106394826041
836843,MIDWESTONE BANK,2,2021-08-05,2021-08-05,0.0287959251946629,0.0010019152601422,1.1787507737953604,200,False,-0.2143,-0.024,14,2021-06-30,False,41,0.3375740447443963,15.563399815185152,0.0147588084498148,0.0124176296831374,0.1060225140092179,0.9379301773907704,False,-0.0030520663856148,False,0.0041162610346105
676478,MALVERN BANK NA,2,2021-08-05,2021-08-05,-0.0002659905086244,0.0016438792456369,0.3784713074992376,200,False,-0.2143,-0.024,14,2021-06-30,False,51,0.5541850613835151,13.98435081570089,0.0077014623318419,0.0249481537484183,0.1378399585786671,0.899188626268445,False,-0.0217230514974909,False,-0.0088053985840742
23504,DIME COMMUNITY BANK,2,2021-08-05,2021-08-05,-0.0072225000512233,0.0016046762560382,1.1653184257101434,200,False,-0.2143,-0.024,14,2021-06-30,False,41,0.5365015840834966,16.35620221593933,0.0055207714988536,0.0055865904285792,0.1038024835826993,0.9799598689077956,False,-0.0182802333670992,False,-0.01063833128804
785473,FIRST SAVINGS BANK,2,2021-08-05,2021-08-05,0.054682080009249,0.0022488913114148,0.4272872355333675,200,False,-0.2143,-0.024,14,2021-06-30,False,41,0.3103127195444419,14.37727831446778,0.0171539027352503,0.0114363020291353,0.1078476653152922,0.7241507576871209,False,-0.0191524642145407,False,-0.0003234198411315
929978,"HOME BANK, NATIONAL ASSOCIATION",2,2021-08-05,2021-08-05,0.0481865561593418,0.0011570394744753,1.0231147327738035,200,False,-0.2143,-0.024,14,2021-06-30,False,41,0.3026099620169308,14.830426695476492,0.0169654804481989,0.0072706842017646,0.1197318577001752,0.9776442949041,False,-0.0180096215997164,False,-0.0150070335005314
1864197,OAK VALLEY COMMUNITY BANK,2,2021-08-05,2021-08-05,0.0121854753730872,0.0004991682108067,1.1598698323871253,200,False,-0.2143,-0.024,14,2021-06-30,False,41,0.4475747439169634,14.383322947506194,0.0097755444759502,0.0003855698872048,0.0773247381692277,0.9917946941315292,False,0.0138238464255736,False,0.0171876653761752
342410,ORRSTOWN BANK,2,2021-08-05,2021-08-05,0.0195897108233239,0.001772193229722,1.1374165883742855,200,False,-0.2143,-0.024,14,2021-06-30,False,41,0.297471910671655,14.884448554388792,0.0141984730203259,0.0051974046250911,0.0962309664061038,0.954085682056418,False,-0.0192904909247105,False,-0.0218270102529899
119528,"FARMERS NATIONAL BANK OF EMLENTON, THE",2,2021-08-05,2021-08-05,-0.0571724994177722,0.0021357030443038,-0.3144228303291974,200,False,-0.2143,-0.024,14,2021-06-30,False,51,0.3007816530936222,13.912303274631178,0.0080226427699994,0.0043039822717216,0.0815353947597745,0.9481790059398504,False,,,
685676,OPPORTUNITY BANK OF MONTANA,2,2021-08-05,2021-08-05,0.0089405178943717,0.001073292390468,0.5634189787833883,200,False,-0.2143,-0.024,14,2021-06-30,False,51,0.1986692652321169,14.117884425512976,0.0129276672921592,0.0075121729003089,0.1287548953599489,0.9745396584646262,False,-0.015402551175442,False,-0.0079532664855848
613008,ROCKLAND TRUST COMPANY,3,2022-02-18,2022-02-18,0.0306814613747589,-0.0006602382003889,1.1503757960600074,200,False,1.0,0.0405,3,2021-12-31,False,41,0.3289380086610208,16.832059356411225,0.0060826042444982,0.0020437901507974,0.144471044911598,0.9805678659934935,False,-0.0158760513078972,False,-0.0166832689695602
433608,TOMPKINS COMMUNITY BANK,3,2022-02-18,2022-02-18,0.0103390393396862,-0.0003305867868684,1.1048239470440335,200,False,1.0,0.0405,3,2021-12-31,False,41,0.4421245931068176,14.713186301020398,0.0155503927840374,0.0072141956484305,0.0695409294537292,0.9256771295064,False,-0.0148771822868522,False,-0.0175491947527171
379920,FIRST NATIONAL BANK OF PENNSYLVANIA,3,2022-02-18,2022-02-18,-0.0004023641493993,-0.0004505927386802,1.35882541558789,200,False,1.0,0.0405,3,2021-12-31,False,41,0.4184416243667491,17.491008832086965,0.0105374645050746,0.0036509862251006,0.1308755037394803,0.93666056529079,False,-0.0139327318777742,False,-0.0099135656336968
491224,FIRST-CITIZENS BANK & TRUST COMPANY,3,2022-02-18,2022-02-18,0.032711987841424,-0.0003218080809022,1.2911706786208,200,False,1.0,0.0405,3,2021-12-31,False,41,0.3887923165753141,17.87966625416299,0.0092972456794156,0.0039131611681027,0.0856701356485469,0.9692415058386328,False,-0.0173391233094819,False,-0.0070457123459857
246022,"BANK OF SOUTH CAROLINA, THE",3,2022-02-18,2022-02-18,-0.0065801918259647,-0.0002159116903858,0.2005820404329451,200,False,1.0,0.0405,3,2021-12-31,False,41,0.4391821276344801,13.428316021801658,0.0103113737353801,0.0026308559978022,0.078542297841254,0.975752519052734,False,0.0138078723296275,False,0.0211969779343315
437914,"WILMINGTON SAVINGS FUND SOCIETY, FSB",3,2022-02-18,2022-02-18,-0.0226156079936759,-0.0002368503452784,1.0882814238491447,200,False,1.0,0.0405,3,2021-12-31,False,41,0.4385345964569767,16.571845335130327,0.0174137543427506,0.00332527516652,0.1276405172163529,0.972296720738562,False,-0.0135358011532707,True,-0.0097746266517213
761806,"WEBSTER BANK, NATIONAL ASSOCIATION",3,2022-02-18,2022-02-18,0.0084673334318447,-0.0004499443358748,1.4931316329011044,200,False,1.0,0.0405,3,2021-12-31,False,31,0.3459342563851471,17.36779773973727,0.0125494679697233,0.0050467258589945,0.101009304636831,0.9616495356872522,False,-0.0215936457984246,False,-0.0058287569871804
837000,"FIRST NATIONAL BANK OF LONG ISLAND, THE",3,2022-02-18,2022-02-18,-0.020183689230386,0.0002238029462468,0.7683010279606615,200,False,1.0,0.0405,3,2021-12-31,False,41,0.5228019759038179,15.218462901280308,0.011113569811098,0.0003977409601692,0.1016561803112222,0.9074685086384164,False,-0.0209473840040695,False,-0.0106820358617879
510871,FIRSTBANK PUERTO RICO,3,2022-02-18,2022-02-18,-0.0195473931470918,0.0007219532949932,1.3340131351928264,200,False,1.0,0.0405,3,2021-12-31,False,31,0.4810277312385186,16.849409190959044,0.0135974539708455,0.0203830940553882,0.1081567157236512,0.9617114044558916,False,-0.0182056510092615,False,-0.0264761108037157
245276,ORIENTAL BANK,3,2022-02-18,2022-02-18,0.0223420097013498,0.0006479574176679,1.4827531003059011,200,False,1.0,0.0405,3,2021-12-31,False,41,0.3223297163634205,16.098478690425,0.0146942475133447,0.0308079197588126,0.1031178466657597,0.980641632730103,False,-0.0174995369123359,False,-0.0214603033573476
216922,FIRST BANK,3,2022-02-18,2022-02-18,0.01287080055331,-0.0001864419715242,1.1226176688870155,200,False,1.0,0.0405,3,2021-12-31,False,41,0.3570769407984108,16.168486913637565,0.009603278556028,0.0057935970204358,0.1216417502430629,0.9905370910437196,False,-0.0055768569438161,False,-0.0091360140557879
645625,"WESBANCO BANK, INC.",3,2022-02-18,2022-02-18,0.0230778102897179,-0.0002441484574701,1.1916010229185272,200,False,1.0,0.0405,3,2021-12-31,False,41,0.3000445384984881,16.641569073049503,0.014650091872634,0.0044958366874287,0.1561852553279551,0.9639891839836344,False,-0.0161982088105179,False,-0.008228581129112
365325,UNITED BANK,3,2022-02-18,2022-02-18,0.0176645044261141,-0.0006407042246598,1.2843746954915192,200,False,1.0,0.0405,3,2021-12-31,False,41,0.3611755160712249,17.192747261606584,0.0126667978389553,0.0041790658754201,0.1633501279612647,0.9636362746012214,False,-0.0197593159230139,False,-0.0140776244579743
816603,"WASHINGTON TRUST COMPANY, OF WESTERLY, THE",3,2022-02-18,2022-02-18,-0.0199998942640662,0.0002770682761098,0.9791766004333434,200,False,1.0,0.0405,3,2021-12-31,False,41,0.2582120051187971,15.581955296126385,0.0132951727669897,0.0032992710815678,0.0980778178802184,0.9454937881200344,False,-0.0137346408651125,False,-0.0079113347521507
130541,HORIZON BANK,3,2022-02-18,2022-02-18,-0.0223386198134975,0.0003870903167547,0.9757218129955992,200,False,1.0,0.0405,3,2021-12-31,False,41,0.4230847113950081,15.808586695787085,0.012535172726569,0.0046501565373108,0.1078077456857877,0.8945966004737153,False,0.0062539149106294,False,0.0157748389957609
701062,CENTRAL PACIFIC BANK,3,2022-02-18,2022-02-18,0.0060590817119586,8.707289984110528e-05,1.062819766297551,200,False,1.0,0.0405,3,2021-12-31,False,41,0.3808499097796027,15.817972238330883,0.0115401521856641,0.0014189509478608,0.0862733736648923,0.9839067281111438,False,-0.0108087492314031,False,-0.014432790203365
802866,SILICON VALLEY BANK,3,2022-02-18,2022-02-18,-0.0342765119729422,0.0004011042978643,1.9185574651103523,200,False,1.0,0.0405,3,2021-12-31,False,31,0.8474972705570153,19.15583801296937,0.0062038248929672,0.0012674462466993,0.0709316764230682,0.987847419318217,True,0.0358832043325153,False,0.0315062153011363
509811,"COMMUNITY TRUST BANK, INC.",3,2022-02-18,2022-02-18,-0.0153282277689422,-0.0002231909640863,0.8420658612993116,200,False,1.0,0.0405,3,2021-12-31,False,41,0.2510537678862629,15.499032042254411,0.0162255101881628,0.0048733014895447,0.1327137382152124,0.9323347942531396,False,-0.0195206761466614,False,-0.0348608925225716
208244,OLD NATIONAL BANK,3,2022-02-18,2022-02-18,0.0128760615166587,-0.0004831574067414,0.8751289950237384,200,False,1.0,0.0405,3,2021-12-31,False,31,0.3615800997038544,17.00821114068989,0.0119615133528391,0.0080796034230521,0.1253823328129146,0.8768942130746581,False,-0.0209391121420312,False,-0.003593043683661
4114567,FIRST REPUBLIC BANK,3,2022-02-18,2022-02-18,0.0158259001807421,0.0001632567911171,1.1718412700448386,200,False,1.0,0.0405,3,2021-12-31,False,31,0.735068867127675,19.014489290872792,0.0081624539257215,0.0010269791386924,0.08778985599143,0.9463141348453866,True,-0.0043878506876333,False,0.003577575785238
5210,ACNB BANK,3,2022-02-18,2022-02-18,0.0011472913063697,0.0003170448662685,0.5166907250428121,200,False,1.0,0.0405,3,2021-12-31,False,51,0.2720878512260935,14.835326362100108,0.0100090742399783,0.004228828657301,0.0962904535821608,0.9742291678057358,False,-0.0115874644665386,False,-0.0165860703831197
3938186,"BANKUNITED, NATIONAL ASSOCIATION",3,2022-02-18,2022-02-18,0.0378459525266339,-0.0007432230715839,1.4911640019778387,200,False,1.0,0.0405,3,2021-12-31,False,41,0.670576859592601,17.390256486974533,0.0127690889363547,0.0394221717073385,0.0971019280547509,0.9196586748085848,False,-0.0201652274367269,False,0.0105771378911857
680813,"FARMERS NATIONAL BANK OF CANFIELD, THE",3,2022-02-18,2022-02-18,0.0144410059368962,0.0005601630355671,0.7810695604049531,200,False,1.0,0.0405,3,2021-12-31,False,41,0.348372487799463,15.23249124077649,0.0121295199008497,0.0069341179583593,0.1099960529965223,0.9914016877906092,False,-0.0099194211626943,False,-0.0097386462864818
785923,LCNB NATIONAL BANK,3,2022-02-18,2022-02-18,-0.0546828230216268,0.0004873161273235,0.6462148847775743,200,False,1.0,0.0405,3,2021-12-31,False,51,0.2464994881790219,14.457321285310604,0.0111641660324287,0.001122352485861,0.1234005888675195,0.9783898450104384,False,-0.0176609426194181,False,-0.0188215942518553
2787770,BANK OF THE JAMES,3,2022-02-18,2022-02-18,-0.0184460787762506,0.0011553149250693,0.3272934256514699,200,False,1.0,0.0405,3,2021-12-31,False,41,0.2577129550685614,13.792759708930236,0.0083876723007326,0.0016307385673089,0.0792864698528704,0.9891333695554348,False,-0.0030290183498984,False,-0.0056170292577375
258771,HOMESTREET BANK,3,2022-02-18,2022-02-18,0.0218134350685421,0.0005883550691438,0.786771424952356,200,False,1.0,0.0405,3,2021-12-31,False,41,0.397093806267797,15.783835605636602,0.0166212299592829,0.0042520730819172,0.1089378818094295,0.9673051071317994,False,-0.0167110496780003,False,-0.0052553282359346
212577,HOMETRUST BANK,3,2022-02-18,2022-02-18,0.0005584892319739,0.0010038693892027,0.8247917240975434,200,False,1.0,0.0405,3,2021-12-31,False,41,0.2355246877312493,15.069020961346297,0.0064723034234116,0.0022264766311085,0.1112605232030793,0.9650324422711324,False,-0.0213705102815928,False,-0.0239529209178922
4210227,NBH BANK,3,2022-02-18,2022-02-18,-0.0208381373177038,0.0002423603131641,0.8978570348683749,200,False,1.0,0.0405,3,2021-12-31,False,41,0.2778317557208075,15.787908084362344,0.0140327709568136,0.0024184711702847,0.1038044688781365,0.9840501515581004,False,-0.0119147957329298,False,-0.0077307592546284
884303,CHEMUNG CANAL TRUST COMPANY,3,2022-02-18,2022-02-18,-0.0257703443308666,0.0007199677393716,0.2079134459076015,200,False,1.0,0.0405,3,2021-12-31,False,41,0.3888092287228623,14.696550000089792,0.0103770313088509,0.0053402869004935,0.0842680078411971,0.9769858744254614,False,-0.0085911947550186,False,-0.0048366081969081
2758613,FIRST INTERNET BANK OF INDIANA,3,2022-02-18,2022-02-18,-0.0266732121513856,0.0011751739658362,1.0607924216637203,200,False,1.0,0.0405,3,2021-12-31,False,51,0.3328633189513264,15.252229223509282,0.0127997805493824,0.0025209442775927,0.1017433630569433,0.8552384218682519,False,-0.020298052885544,False,-0.0152702481698545
122854,INDEPENDENT BANK DBA INDEPENDENT FINANCIAL,3,2022-02-18,2022-02-18,0.0307268272962597,-0.0005162981280775,1.1806979148679766,200,False,1.0,0.0405,3,2021-12-31,False,41,0.5437349420888985,16.745570120764082,0.0132170621567509,0.0044479564321091,0.1550353130957086,0.98358269306999,False,-0.0184669659146515,False,-0.0158229175258816
2354985,CUSTOMERS BANK,3,2022-02-18,2022-02-18,-0.0290992024965478,0.0033374974105188,1.8312519935772604,200,False,1.0,0.0405,3,2021-12-31,False,41,0.7343300366992401,16.788782015366458,0.0164545632544344,0.0035010915385769,0.074848672702628,0.937082420548322,False,-0.0190602511457525,False,-0.0094280908314003
3475083,TRISTATE CAPITAL BANK,3,2022-02-18,2022-02-18,0.0158419114586228,0.0008621434104325,1.4171624931757858,200,False,1.0,0.0405,3,2021-12-31,False,41,0.6506805283798889,16.37476380024342,0.0065169387879355,0.0004007126423026,0.0736842129693417,0.9637050580910322,False,-0.0185889579861068,False,0.0124416484874461
697978,COMMUNITY BANK OF THE CHESAPEAKE,3,2022-02-18,2022-02-18,0.0059264280546054,0.0003398637282394,0.5890923618147835,200,False,1.0,0.0405,3,2021-12-31,False,41,0.2491180088390932,14.659592252028638,0.0124135742727039,0.0050882247589976,0.101709876126528,0.9856318923265432,False,-0.010933342505794,False,-0.016683625523652
3401970,FIRST BANK,3,2022-02-18,2022-02-18,0.0071795922654595,0.0009754772802128,0.7076041715200083,200,False,1.0,0.0405,3,2021-12-31,False,41,0.4411894058550971,14.735912029160302,0.0141138621789126,0.0061553292603993,0.1062288222354477,0.942490568863343,False,-0.0192515173594626,False,-0.0189595438596672
3284070,ALLY BANK,3,2022-02-18,2022-02-18,0.0205397336949357,-0.0002085735132523,1.34074641065262,200,False,1.0,0.0405,3,2021-12-31,False,31,0.1549857647583439,18.967761148377527,0.0213864136095359,0.0113315141909445,0.0967885661381784,0.9338343167214416,False,-0.0294560301544673,False,-0.0387197045696588
3109043,BANKWELL BANK,3,2022-02-18,2022-02-18,0.0054737710865734,0.0009204232433835,0.6914088255859303,200,False,1.0,0.0405,3,2021-12-31,False,41,0.4896290335506869,14.712596044074369,0.012654718046684,0.0093236557440558,0.0924383625320853,0.9586439596629444,False,-0.0153850129592315,False,-0.005712033725532
762447,"FIRST MID BANK & TRUST, NATIONAL ASSOCIATION",3,2022-02-18,2022-02-18,-0.0070469421872893,-0.0004526035865526,0.9574803726002972,200,False,1.0,0.0405,3,2021-12-31,False,41,0.3345957030906331,15.599077896465742,0.0082550165953963,0.0045313216817923,0.1151570278041783,0.9497569478799098,False,-0.0168473340840939,False,-0.0128396486254592
1216022,SYNCHRONY BANK,3,2022-02-18,2022-02-18,-0.0169834551499784,0.0001684895258345,1.4010269223490248,200,False,1.0,0.0405,3,2021-12-31,False,41,0.1545629770699267,18.27060176349516,0.0466048522030117,0.0113645089457114,0.1356781000185908,0.8753007918050197,False,-0.047934451814912,True,-0.1002527597244508
3303298,"CITIZENS BANK, NATIONAL ASSOCIATION",3,2022-02-18,2022-02-18,-0.0224181777463628,0.0002279169484508,1.3673826950772814,200,False,1.0,0.0405,3,2021-12-31,False,31,0.4575959811418342,19.052322861784,0.012272390359322,0.0099478063437744,0.1209225867756633,0.9500610816924464,False,-0.0218017994438813,False,-0.0004142515464024
177920,"MIDDLEFIELD BANKING COMPANY, THE",3,2022-02-18,2022-02-18,-0.0047843475475135,0.0008059202881115,0.4926256531118295,200,False,1.0,0.0405,3,2021-12-31,False,41,0.347400024841209,14.10044134911025,0.0155963509743018,0.0049443292339189,0.1132521603104529,0.9901050139006448,False,-0.0186648885024873,False,-0.0198468963121079
371924,COMMUNITY BANK,3,2022-02-18,2022-02-18,-0.0311425816649198,0.0004189509798907,0.2337463198284015,200,False,1.0,0.0405,3,2021-12-31,False,51,0.3608747505330661,14.16870856435507,0.0079249065581727,0.0048618920920536,0.0886919408575223,0.95976798859213,False,-0.0121522991519625,False,-0.0120508153561997
3221468,VERITEX COMMUNITY BANK,3,2022-02-18,2022-02-18,0.0217078082523979,0.0005671212157256,1.3701160031646802,200,False,1.0,0.0405,3,2021-12-31,False,41,0.6116758223587859,16.09319816488281,0.0154529905837535,0.007997135080702,0.1532989361703218,0.8970432287669671,False,-0.0209814377105824,False,-0.0086052226471792
3637685,FIRST FOUNDATION BANK,3,2022-02-18,2022-02-18,0.0205804427291852,-5.7333989400894934e-05,1.262882262371658,200,False,1.0,0.0405,3,2021-12-31,False,41,0.6510019744659561,16.135120993795333,0.0105402129494241,0.0011241653295155,0.1053565127833458,0.9716854458571954,False,-0.0173971685792301,False,0.0035112101082296
866000,GLENS FALLS NATIONAL BANK AND TRUST COMPANY,3,2022-02-18,2022-02-18,0.0035652113132798,0.0001185101689082,0.8192793723525328,200,False,1.0,0.0405,3,2021-12-31,False,41,0.2718974198057366,14.969272429306589,0.0118125760229343,0.0036853971134792,0.0923120309290318,0.9746475016064912,False,-0.0146716748439502,False,-0.0219885339084974
766164,"TBK BANK, SSB",3,2022-02-18,2022-02-18,0.0549016090941892,0.0011406668953033,1.7350412911221742,200,False,1.0,0.0405,3,2021-12-31,False,41,0.3613194690999232,15.597715359720748,0.0205632056160708,0.0111402828318804,0.1578769448480509,0.9398602231386514,False,-0.0363793567989745,False,-0.0521960723942373
403179,FIRST FED BANK,3,2022-02-18,2022-02-18,-0.0257447618251488,0.0007445331363146,0.236502434021391,200,False,1.0,0.0405,3,2021-12-31,False,51,0.2968078583463774,14.466496827221468,0.0087638094930143,0.0010187137421702,0.1036073788313634,0.933699719159795,False,-0.0167498272849897,False,-0.0144618606651352
917742,"ASSOCIATED BANK, NATIONAL ASSOCIATION",3,2022-02-18,2022-02-18,-0.0112171479185011,1.2598692377766518e-05,1.1845207525537096,200,False,1.0,0.0405,3,2021-12-31,False,41,0.5583767331190419,17.37250323775589,0.010302984439127,0.0055884290296851,0.112770411695789,0.9164106665130324,False,-0.0002128891994825,False,0.0040417383286524
3650808,LIVE OAK BANKING COMPANY,3,2022-02-18,2022-02-18,0.0060923382248659,0.0009312483919936,1.7812090340293834,200,False,1.0,0.0405,3,2021-12-31,False,41,0.1658923800850243,15.91173436140157,0.0175209771724555,0.0122072421491459,0.081915915289136,0.9536653834469612,False,-0.0247462205687162,False,-0.0165406023079826
139656,EQUITY BANK,3,2022-02-18,2022-02-18,-0.0110409652917154,0.0006685379849794,0.9504808437180224,200,False,1.0,0.0405,3,2021-12-31,False,41,0.3410116336294362,15.452772175996952,0.0118576436976568,0.009372623495929,0.1117582091828319,0.9744914885859348,False,-0.0178871622627896,False,-0.0266035158492072
422433,FIRST GUARANTY BANK,3,2022-02-18,2022-02-18,0.0111459357254312,0.0011711466969915,0.3587528612954447,200,False,1.0,0.0405,3,2021-12-31,False,41,0.499598137325182,14.871334684359386,0.0102406010695313,0.0096510121753724,0.0888171662185062,0.9933498838511032,False,-0.0279736975134564,False,-0.0130070534494394
3532641,SMARTBANK,3,2022-02-18,2022-02-18,-0.0047880011875592,0.0007759818538972,0.8684124435743013,200,False,1.0,0.0405,3,2021-12-31,False,41,0.3222936058125552,15.342913345846563,0.0081457635993936,0.0019066140794463,0.100470713590688,0.9737998411936062,False,-0.0125732367854023,False,-0.0069871880539602
2941068,NICOLET NATIONAL BANK,3,2022-02-18,2022-02-18,0.0154687779678617,-0.0002042693318241,0.8286152834948584,200,False,1.0,0.0405,3,2021-12-31,False,41,0.3082105177104291,15.854950992062292,0.0074506521792585,0.0091464987205383,0.1291693136899163,0.9868465872420172,False,-0.0172684102631888,False,-0.0101589706565715
773247,MIDLAND STATES BANK,3,2022-02-18,2022-02-18,-0.0005506241240275,-0.0004336724781316,0.8240344915286497,200,False,1.0,0.0405,3,2021-12-31,False,41,0.4158000428398772,15.82160718244374,0.0117950155510138,0.0067662231752227,0.1087243326219404,0.9279376766442412,False,-0.0237662866376212,False,-0.0227526364041967
40499,HARBORONE BANK,3,2022-02-18,2022-02-18,0.0284887582551289,-4.520657991318155e-05,1.054142254390965,200,False,1.0,0.0405,3,2021-12-31,False,41,0.3262157318259002,15.313342268764249,0.0136686596681292,0.0098916755055257,0.1242614572241122,0.9542748016169396,False,-0.0192199627253947,False,-0.0123964720199993
980661,FIRST HAWAIIAN BANK,3,2022-02-18,2022-02-18,0.0206281298238418,-0.0003533321187254,1.2554891456138244,200,False,1.0,0.0405,3,2021-12-31,False,31,0.4726133160196781,17.03407045293188,0.0108688732596852,0.0011010961820205,0.1057505644883105,0.9768118499591976,False,0.0061477846368594,False,0.0001840616889916
436159,FIRSTBANK,3,2022-02-18,2022-02-18,0.013317761263932,-0.0006222646822738,1.2368327376946984,200,False,1.0,0.0405,3,2021-12-31,False,41,0.5446039439284492,16.347799317586244,0.015168247449129,0.0062846383550808,0.1132537997313839,0.9732212095018924,False,-0.0209846227674282,False,-0.014065983209214
795968,BANK OF HAWAII,3,2022-02-18,2022-02-18,0.0141504186725124,-0.0006734236806419,1.1000882085127628,200,False,1.0,0.0405,3,2021-12-31,False,31,0.4711618362796445,16.940276254678047,0.011194853533333,0.0019863546777741,0.0697210928638796,0.9621313968336302,False,0.0071351648481746,False,0.0058707162537273
321273,AFFINITY BANK,3,2022-02-18,2022-02-18,0.0113098988815911,0.0011769959005372,0.0968232974079692,200,False,1.0,0.0405,3,2021-12-31,False,51,0.2260012739931383,13.57953122939749,0.0097695990235465,0.0119367072143918,0.1306500277919516,0.9122747993766476,False,-0.0176297373009046,False,-0.0167765926497299
214414,"FARMERS & MERCHANTS STATE BANK, THE",3,2022-02-18,2022-02-18,0.0093307436360319,0.0012655763465116,0.4966094478536273,200,False,1.0,0.0405,3,2021-12-31,False,41,0.1899494427507075,14.774162067823903,0.0089150391250287,0.0043299861189523,0.1297603651899392,0.9680897230915096,False,-0.0165106488576748,False,-0.0137132409585269
129732,BYLINE BANK,3,2022-02-18,2022-02-18,0.015940237662254,0.0010522095677001,1.1338048479555811,200,False,1.0,0.0405,3,2021-12-31,False,41,0.3352525706160443,15.715442884507487,0.0147901963699632,0.0071686122269094,0.1313150274880853,0.8975673533540777,False,-0.0206185594181874,False,-0.0162382297812275
3835454,ROYAL BUSINESS BANK,3,2022-02-18,2022-02-18,-0.069912661856218,0.0007661649994877,1.1452200866512456,200,False,1.0,0.0405,3,2021-12-31,False,41,0.5888192953561011,15.255940295926534,0.0151826757071031,0.0061657679249051,0.1351182116797828,0.9488323886196228,False,-0.0328617197550671,False,-0.0379092588116365
3595271,"BANK OF PRINCETON, THE",3,2022-02-18,2022-02-18,-0.0082490708171009,0.0001375486727264,0.451336279728844,200,False,1.0,0.0405,3,2021-12-31,False,41,0.3365584616746326,14.33886654776508,0.013323600062097,0.0008800417027421,0.1283280855042597,0.9830324823856896,False,-0.0235065068072767,False,-0.0405136883519649
736206,CAMBRIDGE TRUST COMPANY,3,2022-02-18,2022-02-18,0.0169747353920501,0.0002231741508032,0.7937234336700314,200,False,1.0,0.0405,3,2021-12-31,False,51,0.5085642946892228,15.402952727982324,0.0110669685407859,0.0016219979786761,0.087342590461034,0.9725459844399992,False,-0.0005387905119894,False,0.0035568111673182
1007819,"FIDELITY DEPOSIT AND DISCOUNT BANK, THE",3,2022-02-18,2022-02-18,0.0200922240077338,-0.0010656456398364,1.1255214952336794,200,False,1.0,0.0405,3,2021-12-31,False,51,0.4083782563422073,14.699649929821344,0.0109488206865215,0.002055564389599,0.0874831674170762,0.982467163276466,False,-0.0128377640774666,False,-0.0219647953902307
963945,MERCHANTS BANK OF INDIANA,3,2022-02-18,2022-02-18,-0.031311382649464,0.0005041180471163,1.0535296429758243,200,False,1.0,0.0405,3,2021-12-31,False,41,0.5926186216205891,16.21287832802117,0.0205954067231273,6.589748770338023e-05,0.0997823488550643,0.8886401085077636,False,-0.0215677708144528,False,-0.0271061366199602
2705895,METROPOLITAN COMMERCIAL BANK,3,2022-02-18,2022-02-18,-0.0234401435505279,0.0030546865221593,1.456044087622006,200,False,1.0,0.0405,3,2021-12-31,False,51,0.8288355430902994,15.77767264029689,0.0088268039112861,0.0027570595545768,0.0799843366396835,0.9904996143227792,False,-0.0105273360784501,False,0.0033972790141251
3579589,ALLEGIANCE BANK,3,2022-02-18,2022-02-18,0.0215498626590722,-0.0004179066438622,0.9587506499113024,200,False,1.0,0.0405,3,2021-12-31,False,41,0.5591979410181341,15.77507365139336,0.0122397454647019,0.0057166402163163,0.1159806635245269,0.9727163213804244,False,-0.0042399287363297,False,0.0084652460862542
3271799,MERIDIAN BANK,3,2022-02-18,2022-02-18,-0.0376297286356046,0.0016909765431609,0.4762499841246139,200,False,1.0,0.0405,3,2021-12-31,False,51,0.5886674980038935,14.353942399306847,0.0220239325099018,0.0157346052957087,0.1175998851351588,0.9584867895374618,False,-0.0275954517703872,False,-0.0191142633229745
979375,"STERLING BANK AND TRUST, FSB",3,2022-02-18,2022-02-18,0.0379947761120779,0.0001065383171941,0.6486977212433167,200,False,1.0,0.0405,3,2021-12-31,False,41,0.1977965509982335,14.872364650122885,0.010072620038543,0.0387517555269078,0.1327245460595939,0.9194470981992582,False,-0.012992095091303,False,-0.0189081896242658
497570,LUTHER BURBANK SAVINGS,3,2022-02-18,2022-02-18,-0.0191842405364256,0.000877357196864,0.6344977550044179,200,False,1.0,0.0405,3,2021-12-31,False,41,0.4282343200610361,15.786393141083456,0.0129723974112889,0.0003641136682522,0.1118631886713795,0.876176095221884,False,-0.0206103322269363,False,-0.011896844667198
2757205,"MVB BANK, INC.",3,2022-02-18,2022-02-18,-0.004601920381709,0.0011529993317974,0.6845698819800473,200,False,1.0,0.0405,3,2021-12-31,False,41,0.7063855737721274,14.84122055760697,0.0173444600808511,0.0121860824306704,0.115273343312747,0.9752569737865252,False,-0.0182877610934261,False,-0.0080488330456518
3378773,BRIDGEWATER BANK,3,2022-02-18,2022-02-18,-0.0296505497249849,7.582878730566491e-05,0.860099580412961,200,False,1.0,0.0405,3,2021-12-31,False,41,0.423379629935591,15.060548335288804,0.014000309812713,0.0002569452624738,0.1116592659051109,0.980882685642016,False,-0.0190759016985453,False,-0.0141154525588042
3357219,OPEN BANK,3,2022-02-18,2022-02-18,-0.0163396178087693,0.0010124757019632,0.7224941495274537,200,False,1.0,0.0405,3,2021-12-31,False,51,0.5141005807365716,14.3616345973371,0.0169795453123805,0.0022815237899801,0.0942232709429451,0.982498511702082,False,-0.0164107384096482,False,-0.0202277083294347
3281510,UNITED BUSINESS BANK,3,2022-02-18,2022-02-18,0.0010868362136212,0.0002768355542117,0.293758216371677,200,False,1.0,0.0405,3,2021-12-31,False,51,0.4726275739815896,14.661333330944789,0.0100330744660486,0.0041194022349477,0.1283860982516801,0.9853104835215052,False,-0.0261948218685169,False,-0.0213806827921396
667757,ORIGIN BANK,3,2022-02-18,2022-02-18,0.0630034704377761,-0.0001343406848676,0.9961956414216326,200,False,1.0,0.0405,3,2021-12-31,False,41,0.5538469808820746,15.869458378752157,0.0136652241907166,0.0130935013693307,0.0942969712108335,0.9349461529062932,False,-0.0176354809055602,False,-0.0042836610348775
2562164,COASTAL COMMUNITY BANK,3,2022-02-18,2022-02-18,-0.0342108093854913,0.0027440306218674,1.163305958658525,200,False,1.0,0.0405,3,2021-12-31,False,41,0.3600220921001062,14.783519353998525,0.0102108218302372,0.0009915645246116,0.0766970145064168,0.9824776192962168,False,-0.0224857956758294,False,-0.030389411780631
3158546,FIRST WESTERN TRUST BANK,3,2022-02-18,2022-02-18,0.0153132626992645,0.0007147771993906,0.6796012137008,200,False,1.0,0.0405,3,2021-12-31,False,51,0.4768662310512463,14.74058103483313,0.0088317183746846,0.0021903357250734,0.0925506513362563,0.9716852316386796,False,-0.0185709159554571,True,-0.0071984362115709
661308,AMALGAMATED BANK,3,2022-02-18,2022-02-18,0.0043510018770258,-0.0001600251896631,1.0704477553738851,200,False,1.0,0.0405,3,2021-12-31,False,41,0.650581064656446,15.76714770498712,0.0075970809936757,0.0085074374883176,0.0859455208968376,0.988206055107718,False,-0.0046339871545251,False,0.0160749086018026
83638,"AMERANT BANK, NATIONAL ASSOCIATION",3,2022-02-18,2022-02-18,-0.0406070349837138,0.0026885796774652,1.0507484889337646,200,False,1.0,0.0405,3,2021-12-31,False,31,0.3936002168591368,15.846582684447414,0.0160402684035457,0.0089412918452314,0.1204646289667072,0.8437850957526944,False,-0.0183678101811775,False,-0.0028351996177821
18854,BANK7,3,2022-02-18,2022-02-18,0.0239294021049079,0.0018192609915193,0.4371717150120574,200,False,1.0,0.0405,3,2021-12-31,False,41,0.303244793189186,14.114823726209968,0.0171683969243816,0.0100887871586651,0.0939884293648605,0.9964652398891132,False,-0.0205095416077293,False,-0.0312840545434896
2808602,"CAPITAL BANK, NATIONAL ASSOCIATION",3,2022-02-18,2022-02-18,0.0119409027682835,0.0009447382952204,1.033470000705827,200,False,1.0,0.0405,3,2021-12-31,False,41,0.498497878900454,14.51569839483252,0.0193681543057527,0.0069529835508045,0.0835635815148071,0.9741584106385064,False,-0.0246130620058959,False,-0.0362754382775354
3614976,FVCBANK,3,2022-02-18,2022-02-18,-0.0027649657479976,0.0007844712452175,0.3718619903134915,200,False,1.0,0.0405,3,2021-12-31,False,51,0.5193718243725907,14.603065238308224,0.0114630700882387,0.0023333459675805,0.1014747397083277,0.954773536029878,False,-0.0173853761208054,False,-0.0120945788755664
594947,"BANK FIRST, NATIONAL ASSOCIATION",3,2022-02-18,2022-02-18,0.0097201041897248,-0.000204893384795,0.6378106491554405,200,False,1.0,0.0405,3,2021-12-31,False,41,0.3190947091418753,14.89308475646615,0.0160160950725861,0.0038769378540724,0.1139318716819657,0.97379426132358,False,-0.0178475088290392,False,-0.0200720636949577
3476192,CARTER BANK & TRUST,3,2022-02-18,2022-02-18,0.048622572067945,0.0002708741675788,1.2423922327428778,200,False,1.0,0.0405,3,2021-12-31,False,41,0.1477133980880317,15.234556434721831,0.0080765997084565,0.0026301781743925,0.0973077597730558,0.9926649396875088,False,-0.0140827677356284,False,-0.0235622245033708
3248849,MAINSTREET BANK,3,2022-02-18,2022-02-18,-0.0100477860144743,0.0004673069666399,0.401283573836306,200,False,1.0,0.0405,3,2021-12-31,False,41,0.4831839358794624,14.314470866464314,0.0143660504381278,0.0,0.1310612941770774,0.9868574131694184,False,-0.0276418258549044,False,-0.0391955855938327
289515,FARMERS AND MERCHANTS TRUST COMPANY OF CHAMBERSBURG,3,2022-02-18,2022-02-18,-0.0075461259270981,0.00029787582682,-0.0047127077672044,200,False,1.0,0.0405,3,2021-12-31,False,51,0.2246322083726039,14.38842213528118,0.0121708131675296,0.0073719174273365,0.0888428761778774,0.991498681512773,False,-0.0057933264054638,False,-0.0077979796831682
2743244,RED RIVER BANK,3,2022-02-18,2022-02-18,-0.0273947838604308,-0.0002163876772104,0.3956251737168538,200,False,1.0,0.0405,3,2021-12-31,False,41,0.4120917812290416,14.986295280172511,0.0103844848941951,0.0001889673850586,0.0881891951737342,0.9944897444147484,False,0.0093723696773624,False,-0.0019570509126027
575254,CITY BANK,3,2022-02-18,2022-02-18,-0.0285286198753905,0.0007220265240687,0.8303135196177713,200,False,1.0,0.0405,3,2021-12-31,False,41,0.4233060124236036,15.176355307542371,0.0163229205079849,0.0042154518305673,0.1100452726333675,0.9902943954614586,False,-0.0137513269515693,False,-0.0263853853089051
419675,FIRST BANK RICHMOND,3,2022-02-18,2022-02-18,0.0435342794555865,0.001073303449776,0.2587072076558443,200,False,1.0,0.0405,3,2021-12-31,False,51,0.2494403280230413,14.050164410863175,0.0105743824888036,0.0095007127604829,0.1236287744044742,0.8327982052906386,False,-0.0161523227049218,False,-0.0201327602174933
3594005,CROSSFIRST BANK,3,2022-02-18,2022-02-18,-0.0179552371160089,0.0002576956955743,0.969277004332635,200,False,1.0,0.0405,3,2021-12-31,False,41,0.537153802310612,15.540555273110012,0.0127437921939462,0.0074063492593063,0.1150994553137023,0.9463568192045292,False,-0.0162377752323538,False,-0.0086419462971801
933256,"ALERUS FINANCIAL, NATIONAL ASSOCIATION",3,2022-02-18,2022-02-18,-0.0158260241068766,-0.000709280464782,1.0355142644791389,200,False,1.0,0.0405,3,2021-12-31,False,41,0.6091804827226024,15.03652925209841,0.0167056956798716,0.001217505029066,0.1009331571620697,0.9848747479015304,False,-0.0046525286417989,False,0.0052765551333734
426534,HEARTLAND BANK AND TRUST COMPANY,3,2022-02-18,2022-02-18,0.0035112180358972,0.000442722125915,0.7220923982339541,200,False,1.0,0.0405,3,2021-12-31,False,41,0.2250698017648479,15.276700866418173,0.0142022153108449,0.0011223210125563,0.1070121973849756,0.9775071050086642,False,-0.0026586241954371,False,-0.0109718862904319
3437456,METRO CITY BANK,3,2022-02-18,2022-02-18,-0.0418066614185514,0.0026766181387449,0.8744485172171295,200,False,1.0,0.0405,3,2021-12-31,False,41,0.3148624165045567,14.95071832199062,0.0199053929854554,0.0036261174485934,0.0900993630736996,0.8146234063360536,False,-0.0279866350216795,False,-0.0321839397211946
324340,CHOICEONE BANK,3,2022-02-18,2022-02-18,-0.0146142533726863,0.0003893449221213,0.2359402590765896,200,False,1.0,0.0405,3,2021-12-31,False,41,0.3410207665532159,14.675758629784248,0.0094231743075718,0.0016167195749374,0.1000373559437621,0.9730318095750262,False,0.0122302670331337,False,0.0213263637386056
128904,EASTERN BANK,3,2022-02-18,2022-02-18,0.0354326752293582,-0.0001347666697847,1.0342430039448365,200,False,1.0,0.0405,3,2021-12-31,False,41,0.5268702432460507,16.972095403413064,0.006425478228486,0.0028542860185023,0.1383610194465479,0.977418691989858,False,0.0251047172131528,False,0.0080592725149384
395238,SYNOVUS BANK,3,2022-02-18,2022-02-18,0.0131075258140365,-0.0002671112039556,1.6037202411857197,200,False,1.0,0.0405,3,2021-12-31,False,41,0.5217051450944442,17.862489296162742,0.0134006692890255,0.0034399165306295,0.0940389036784474,0.9612389677718272,False,-0.0182898230034854,False,-0.0151256607115287
933966,CITIZENS BUSINESS BANK,3,2022-02-18,2022-02-18,0.0066084793648945,-0.0004304528503488,0.9002337147697135,200,False,1.0,0.0405,3,2021-12-31,False,41,0.6571046863462493,16.580767405076575,0.0136685370171941,0.0008740176018067,0.1283720155971884,0.9417422682802749,False,-0.0114576352659936,False,0.0035792853852453
2708122,VIRGINIA NATIONAL BANK,3,2022-02-18,2022-02-18,-0.0335170679302952,0.000370642467259,0.4380857536188878,192,False,1.0,0.0405,3,2021-12-31,False,51,0.276640612133163,14.49391002360394,0.0059013934494025,0.0012203039734793,0.0830234213772522,0.994549846301128,False,0.0103585773731935,False,1.188154526918228e-05
2867337,FIVE STAR BANK,3,2022-02-18,2022-02-18,-6.430630169606015e-05,0.0011243886407332,0.931229847826162,170,False,1.0,0.0405,3,2021-12-31,False,41,0.6091722284626052,14.754373411874548,0.0183647546881746,0.0003017793155213,0.1006839072188816,0.9964820213461726,False,-0.0164967451171672,False,-0.017477117044492
3146150,U.S. CENTURY BANK,3,2022-02-18,2022-02-18,-0.0456157653631336,0.0029583600808921,0.1000549939594076,115,False,1.0,0.0405,3,2021-12-31,False,31,0.4977979508587427,14.432823122732788,0.011368766717783,0.0009999319374059,0.1099804254616791,0.966292979209014,False,-0.0143684456229084,False,0.0028564772750261
176101,ORANGE BANK & TRUST COMPANY,3,2022-02-18,2022-02-18,-0.0016781980167395,0.0017029470736094,0.5333443539239419,106,False,1.0,0.0405,3,2021-12-31,False,41,0.4789414398166374,14.573224228020672,0.0100314381832133,0.0046018825672046,0.0805641529713465,0.9893541634591168,False,-0.0110751819159054,False,-0.0050539256639404
60143,COMERICA BANK,3,2022-02-18,2022-02-18,-0.0270419330042567,0.0009479172464986,1.3349275312403095,200,False,1.0,0.0405,3,2021-12-31,False,31,0.6752436507652483,18.36725886995629,0.012194350091774,0.0059037146740784,0.0861621553197324,0.9676670899226596,False,-0.007938919964386,False,0.0021572639562136
601050,COMMERCE BANK,3,2022-02-18,2022-02-18,0.0230593815385092,-0.0006870337952753,1.0125271337514008,200,False,1.0,0.0405,3,2021-12-31,False,41,0.4505735606368127,17.41325042574587,0.0139236613074884,0.0013752410771332,0.0820827289457103,0.8969656285969501,False,-0.0054987344605712,False,-0.0029589553183859
682563,FROST BANK,3,2022-02-18,2022-02-18,-0.0013114233747441,0.0001495046658289,1.2941592538350155,200,False,1.0,0.0405,3,2021-12-31,False,41,0.556096901462254,17.746427267939517,0.008872570621317,0.0056582734834632,0.0827346750673445,0.9248309155342894,False,0.0467918441200626,False,0.0340513330383314
723112,"FIFTH THIRD BANK, NATIONAL ASSOCIATION",3,2022-02-18,2022-02-18,-0.0085222010370631,0.0005547289189104,1.29933835072409,200,False,1.0,0.0405,3,2021-12-31,False,31,0.6224999508357728,19.161173164328776,0.0136958418318144,0.0084078048531854,0.1095113785363948,0.9441146336730024,False,-0.0161464794397291,False,0.0010314327573429
233031,REGIONS BANK,3,2022-02-18,2022-02-18,-0.0095180719102736,1.325060976755142e-05,1.4238637702608372,200,False,1.0,0.0405,3,2021-12-31,False,31,0.3965078049160697,18.90429754211752,0.0161659257797808,0.0073557573163313,0.1091292472548137,0.9767185953644814,False,-0.0210332882656712,False,-0.0112862146352079
342634,TRUSTMARK NATIONAL BANK,3,2022-02-18,2022-02-18,-0.0019138273519889,-0.0004342319362054,1.1206583402158048,200,False,1.0,0.0405,3,2021-12-31,False,41,0.4320268353314717,16.68302978566847,0.0087206399201878,0.0127616412097864,0.1051275202819888,0.9630914487673448,False,-0.0174494348928205,False,0.0001680113718093
501105,MANUFACTURERS AND TRADERS TRUST COMPANY,3,2022-02-18,2022-02-18,0.0129248005847663,-4.1092635360786915e-06,1.190375880225354,200,False,1.0,0.0405,3,2021-12-31,False,31,0.5407365886970902,18.856464682559515,0.0119035708701194,0.0325352052186556,0.1083611257405849,0.9699291062589072,False,-0.0179179133996263,False,0.0054370534718825
165628,FIRST FINANCIAL BANK,3,2022-02-18,2022-02-18,-0.0059574920746729,-0.0001512698049703,1.208969784372797,200,False,1.0,0.0405,3,2021-12-31,False,41,0.4102949206921165,16.60324641839046,0.0139760661636809,0.0052082142733339,0.1505617482277827,0.9368736325375632,False,-0.0162486443400032,False,-0.0080278584183262
991340,1ST SOURCE BANK,3,2022-02-18,2022-02-18,-0.0083876299919211,-5.326982702598718e-05,1.0317281357182204,200,False,1.0,0.0405,3,2021-12-31,False,41,0.4004693117878282,15.906881164580408,0.0151527840154229,0.0075171219394055,0.1120591096545901,0.9360953107560944,False,-0.0110883852153092,False,-0.0164207658248645
485559,FIRST HORIZON BANK,3,2022-02-18,2022-02-18,0.3053343834346885,-0.0004445619671569,1.4149504743687265,200,False,1.0,0.0405,3,2021-12-31,False,41,0.511588449866618,18.301431344960573,0.0125369314746493,0.006095743952058,0.0977486800411917,0.9447083642506068,False,-0.0232749450417866,False,-0.0185634787728411
451965,"WELLS FARGO BANK, NATIONAL ASSOCIATION",3,2022-02-18,2022-02-18,-0.0648857911328992,0.0009111717996466,1.2106736867860193,200,False,1.0,0.0405,3,2021-12-31,False,31,0.5188080299894722,21.299600510734415,0.0098774714751975,0.0147664551323849,0.0961531977449896,0.9478805144612966,False,0.0009953449257133,False,0.011787045213705
12311,"HUNTINGTON NATIONAL BANK, THE",3,2022-02-18,2022-02-18,-0.0099064576814278,-0.0003298081544168,1.3429917755714558,200,False,1.0,0.0405,3,2021-12-31,False,31,0.3740190358258096,18.971194444717064,0.0086002969004378,0.0081659544221976,0.1089423550743738,0.949809872258734,False,-0.0196137334610456,False,-0.0086016140460914
852218,"JPMORGAN CHASE BANK, NATIONAL ASSOCIATION",3,2022-02-18,2022-02-18,-0.0676053693118414,-2.420518717903836e-05,0.9122724163527228,200,False,1.0,0.0405,3,2021-12-31,False,31,0.4780308405412391,21.919301827931555,0.0115074711625282,0.0091603953899434,0.0915783635955684,0.84871341390953,False,0.0216376799561287,False,0.0164136327788163
541101,"BANK OF NEW YORK MELLON, THE",3,2022-02-18,2022-02-18,-0.1437060296116311,0.001023077907598,0.9428504113850908,200,False,1.0,0.0405,3,2021-12-31,False,31,0.5787718240478237,19.691073111646126,0.0062965822162958,0.0016431471099942,0.0797192785458628,0.9511480140439929,False,0.0571386032941642,True,0.0434632170387002
210434,"NORTHERN TRUST COMPANY, THE",3,2022-02-18,2022-02-18,-0.0800105306158117,0.0005853505826442,1.106013684789954,200,False,1.0,0.0405,3,2021-12-31,False,31,0.2982197051704546,19.029051223319225,0.0084598538303524,0.003720599600223,0.0605135206918523,0.9368862674485764,False,0.055495193514558,True,0.0346222704766125
1394676,AMERICAN EXPRESS NATIONAL BANK,3,2022-02-18,2022-02-18,0.0048674010091598,0.0004036655947814,1.260690287186054,200,False,1.0,0.0405,3,2021-12-31,False,31,0.2004100546298319,18.654409189098494,0.0559684098819839,0.0029502753153608,0.0976136581310972,0.8019398520290496,False,-0.0481072437163041,True,-0.0773555259626459
480228,"BANK OF AMERICA, NATIONAL ASSOCIATION",3,2022-02-18,2022-02-18,-0.0568581899693143,0.0006453588343034,1.0298639374849945,200,False,1.0,0.0405,3,2021-12-31,False,31,0.4782323723860123,21.64733622863939,0.0104424445083894,0.0061614929653652,0.0938379257995058,0.9392400151022864,False,0.0192779335923647,False,0.0203466162755536
817824,"PNC BANK, NATIONAL ASSOCIATION",3,2022-02-18,2022-02-18,-0.0250780598513613,0.0005369629574682,1.0801999833817295,200,False,1.0,0.0405,3,2021-12-31,False,31,0.4665714506977655,20.128882005315365,0.0091770589214516,0.0135427889683214,0.0952803955820271,0.9290386341473618,False,0.0086365182701514,False,0.0091081113083805
280110,KEYBANK NATIONAL ASSOCIATION,3,2022-02-18,2022-02-18,-0.0270223623232854,0.000582112950932,1.2523768605750294,200,False,1.0,0.0405,3,2021-12-31,False,31,0.5335964333460117,19.030325156059828,0.0141137696964895,0.0053019544695874,0.0925077346870741,0.92882497034376,False,-0.0019787040505335,False,0.0016467550483433
504713,U.S. BANK NATIONAL ASSOCIATION,3,2022-02-18,2022-02-18,-0.0126640254621835,-4.9830483800995646e-05,1.0072913049228565,200,False,1.0,0.0405,3,2021-12-31,False,31,0.474888170494906,20.15083889246553,0.0143517857385065,0.0086341988151104,0.0912258300031528,0.908616855947428,False,0.0027980295778043,False,0.0131967365792054
34537,SEACOAST NATIONAL BANK,3,2022-02-18,2022-02-18,-0.0020875450928011,-0.0005819644261874,1.235299625054107,200,False,1.0,0.0405,3,2021-12-31,False,41,0.3789230895280201,16.085769340696782,0.0130362761216644,0.0051569461558348,0.1326663365663744,0.9607392294154136,False,-0.0111252915042104,False,-0.0010058837248918
476810,"CITIBANK, N.A.",3,2022-02-18,2022-02-18,-0.0923393535315588,-0.0010970949832901,0.9399686558797476,200,False,1.0,0.0405,3,2021-12-31,False,31,0.3813188990534292,21.23562648196422,0.0110003013370859,0.0075495151310197,0.0993304086262683,0.8882917808702295,False,-0.0050324835890505,False,0.0116646538052422
852320,TRUIST BANK,3,2022-02-18,2022-02-18,-0.0078354980378459,-0.0002159303880506,1.2715409523850048,200,False,1.0,0.0405,3,2021-12-31,False,31,0.4700324428104956,20.085579852989937,0.0105370907866206,0.0100838888601794,0.1229409249329251,0.923630856585652,False,-0.0183357470944674,False,0.0032705543300937
35301,STATE STREET BANK AND TRUST COMPANY,3,2022-02-18,2022-02-18,-0.1311314106287298,0.0003468434076367,1.2890361432318114,200,False,1.0,0.0405,3,2021-12-31,False,31,0.5715381223519488,19.555506021975766,0.0085416780523559,0.0,0.0894384738782819,0.9207850530641642,False,0.0566793351014206,True,0.0520928789157411
17147,FIRST MERCHANTS BANK,3,2022-02-18,2022-02-18,0.0303342865454972,-0.0008891325067735,1.1948185755537528,200,False,1.0,0.0405,3,2021-12-31,False,41,0.4816342581505589,16.551959989588152,0.0139515730041838,0.0047578916698584,0.1228862963842563,0.9498630362872942,False,-0.0092493134954156,False,-0.0016787549661584
572374,GREAT SOUTHERN BANK,3,2022-02-18,2022-02-18,0.017816201824282,-3.205923749546928e-05,0.900875329039977,200,False,1.0,0.0405,3,2021-12-31,False,41,0.7071776585657273,15.51204592701638,0.015125897912288,0.0013301483030736,0.123252273366801,0.9631848002882104,False,-0.0163287107142866,False,-0.016151722612214
489623,"PARK NATIONAL BANK, THE",3,2022-02-18,2022-02-18,0.040465244925261,-0.0001522317295178,1.2150634494256884,200,False,1.0,0.0405,3,2021-12-31,False,41,0.2320371378277263,16.070511679046437,0.0167232214096163,0.0107971025253756,0.1058418273816964,0.956797211376402,False,-0.0168652279662799,False,-0.0209391885593584
595869,CATHAY BANK,3,2022-02-18,2022-02-18,0.0050673460448496,-0.0003294952868057,1.3464666779591163,200,False,1.0,0.0405,3,2021-12-31,False,31,0.4914466818601511,16.853948379038307,0.0144866878417846,0.004113429717441,0.121252199832594,0.9856873066877276,False,-0.0175115904929237,False,-0.0235458270594542
1718188,NORTHRIM BANK,3,2022-02-18,2022-02-18,0.0527141541987936,-0.0001039705306683,0.98492623460512,200,False,1.0,0.0405,3,2021-12-31,False,51,0.3931481158480028,14.812520814573462,0.0142397129033007,0.0077951292820518,0.0747684552280357,0.978586115750467,False,0.0148891585658208,False,0.0113720258742129
463735,HANCOCK WHITNEY BANK,3,2022-02-18,2022-02-18,0.0266590732059164,0.0003517814446659,1.64484163184701,200,False,1.0,0.0405,3,2021-12-31,False,41,0.4780634795310172,17.413363056159746,0.0130985929685558,0.0028758610965873,0.1014806683643063,0.9318391251355608,False,-0.0157795073807248,False,-0.0155692598983987
339858,"BOKF, NATIONAL ASSOCIATION",3,2022-02-18,2022-02-18,0.0136130217030818,0.0003317735693783,1.1666874554284812,200,False,1.0,0.0405,3,2021-12-31,False,41,0.6723400842268831,17.72939978092471,0.0121049883659319,0.0124496262692911,0.0988434643623097,0.9205837440371608,False,-0.0063143454787441,False,0.0013103411290852
693345,"FIRST FINANCIAL BANK, NATIONAL ASSOCIATION",3,2022-02-18,2022-02-18,0.0135789401010466,-0.0001966775626525,0.7262304656992744,200,False,1.0,0.0405,3,2021-12-31,False,41,0.3345457294788371,15.434021783120178,0.0090530847537038,0.0034578516324,0.1062489830193716,0.9620256055789952,False,-0.0124169311769676,False,-0.0191186015823432
702117,"NBT BANK, NATIONAL ASSOCIATION",3,2022-02-18,2022-02-18,0.0003043985127832,-0.0002803812732414,0.909441569079936,200,False,1.0,0.0405,3,2021-12-31,False,41,0.339880910059574,16.29372570281979,0.0125783034688845,0.004366147244092,0.1104141201697655,0.9748890896757466,False,-0.0179239399073129,False,-0.0207440969472271
677176,TRUSTCO BANK,3,2022-02-18,2022-02-18,0.0123374230269269,-0.0004870006189189,0.7521383744879664,200,False,1.0,0.0405,3,2021-12-31,False,41,0.1123627433803524,15.639458863007189,0.0104433712189985,0.0042218807870631,0.0941363964640045,0.9385643633150306,False,-0.0164898487972195,False,-0.0190407467546969
749242,RENASANT BANK,3,2022-02-18,2022-02-18,0.0146324004514975,-0.0009291642162793,1.121834282468915,200,False,1.0,0.0405,3,2021-12-31,False,41,0.4674667493452366,16.63648870932802,0.0112925601322768,0.0048503753945196,0.1475541778077871,0.9841388461841524,False,-0.0155650417444293,False,-0.0026753710834391
936426,S & T BANK,3,2022-02-18,2022-02-18,0.0169537451440114,-0.0004151822879349,1.1852551237011846,200,False,1.0,0.0405,3,2021-12-31,False,41,0.3159036393447823,16.06452101945689,0.0120652830787461,0.0094680977480292,0.1276378003264702,0.9684028263217906,False,-0.0221855271434924,False,-0.0236860984177549
42420,FIRST COMMONWEALTH BANK,3,2022-02-18,2022-02-18,-0.0147627394607908,0.0002510391469982,1.1348916770540405,200,False,1.0,0.0405,3,2021-12-31,False,41,0.2452452848323685,16.069086167740224,0.015169736647398,0.0072422600587593,0.1202176581313399,0.95384313460527,False,-0.01801497024699,False,-0.0268659372053303
143662,UMPQUA BANK,3,2022-02-18,2022-02-18,0.0303562285228055,-0.0020149621228618,1.2857513883067884,200,False,1.0,0.0405,3,2021-12-31,False,41,0.3850815724350542,17.23788573206057,0.0139869941719742,0.00225064867568,0.0933297052105649,0.9672990959348564,False,-0.0177515037841208,False,-0.0202754042232133
61122,FIRST UNITED BANK & TRUST,3,2022-02-18,2022-02-18,0.0457458494002439,0.0002180907532195,0.5142571014367658,200,False,1.0,0.0405,3,2021-12-31,False,41,0.333389751819836,14.349981416743894,0.0140453372164226,0.0023939224532071,0.0904781297885493,0.9478197842978082,False,-0.0132566422493648,False,-0.0184389132514813
936855,"UMB BANK, NATIONAL ASSOCIATION",3,2022-02-18,2022-02-18,0.0067213484852116,8.997563193808508e-05,1.2614099737588425,200,False,1.0,0.0405,3,2021-12-31,False,31,0.8134910431082668,17.562476946098734,0.0080930763699102,0.0055283214885523,0.0700652724900297,0.9083682034053118,False,-0.0050632364366289,False,0.0016994790342028
577128,PEOPLES BANK,3,2022-02-18,2022-02-18,-0.0126797542555757,-0.000493130696005,0.993303383432783,200,False,1.0,0.0405,3,2021-12-31,False,41,0.2816411597742219,15.768861526759888,0.0072847362838684,0.0083881204559424,0.1182453050644614,0.945601435486182,False,-0.0194090168351926,False,-0.0186474197793858
317342,STOCK YARDS BANK & TRUST COMPANY,3,2022-02-18,2022-02-18,-0.0297757243447003,0.0008439598303262,0.8178136945436344,200,False,1.0,0.0405,3,2021-12-31,False,41,0.3161638712932716,15.70850715335219,0.0118180802182902,0.0017206912827563,0.0988873113976702,0.9679674621717492,False,-0.0165353018399241,False,-0.0142483483717924
584724,UNIFIED BANK,3,2022-02-18,2022-02-18,-0.0147245906223224,0.0011492737807409,0.1695861107714163,200,False,1.0,0.0405,3,2021-12-31,False,51,0.1531359004172081,13.496838553025745,0.0177399967542916,0.0092627436999478,0.1182125498890132,0.9577671720007488,False,-0.0113754410039844,False,-0.0157388867743249
1386251,BANCFIRST,3,2022-02-18,2022-02-18,0.0149480578573209,-0.0003378532402656,0.9562070444378588,200,False,1.0,0.0405,3,2021-12-31,False,41,0.1524623504847791,15.927641312567385,0.0190348585472611,0.0047253681322386,0.1229782593047163,0.9936494707018606,False,0.0132440846463141,False,-0.0010210759786549
100562,TRI COUNTIES BANK,3,2022-02-18,2022-02-18,-0.0015842621614797,-0.0009416780677374,1.137960171587064,200,False,1.0,0.0405,3,2021-12-31,False,41,0.3208986736359975,15.96828562020188,0.0139231000213156,0.0061685863469977,0.1216880800444665,0.9750000562084776,False,-0.0104064797452014,False,-0.0081463231299411
37640,GERMAN AMERICAN BANK,3,2022-02-18,2022-02-18,0.0341149903745943,-0.0011571446524544,1.0073301822057272,200,False,1.0,0.0405,3,2021-12-31,False,41,0.4345882207319605,15.537573157957103,0.0154830390458713,0.0048951041992484,0.1101594890261164,0.9702018234396336,False,-0.0014414126931096,False,-0.0067365011630953
981275,PREMIER BANK,3,2022-02-18,2022-02-18,0.0359975642855345,-0.0006280026431764,1.0871915539988222,200,False,1.0,0.0405,3,2021-12-31,False,41,0.2499866933168862,15.82022208791003,0.0164777466233617,0.0087968098876626,0.1393301034273928,0.990896573354209,False,-0.0186401943296893,False,-0.0209313244201479
435077,"PATHWARD, NATIONAL ASSOCIATION",3,2022-02-18,2022-02-18,-0.0321650083885814,0.0005639450692978,1.3829195037848006,200,False,1.0,0.0405,3,2021-12-31,False,41,0.0269514153788992,15.844882004212018,0.0238196617771248,0.0116050639986134,0.1194390760151193,0.9745725700959968,False,-0.0374390185993839,False,-0.0425033270272743
2142155,QUAD CITY BANK AND TRUST COMPANY,3,2022-02-18,2022-02-18,-0.022765721475453,0.0003624126915967,1.0807468040428545,200,False,1.0,0.0405,3,2021-12-31,False,41,0.7647403307388577,14.578494853537295,0.0161405010661328,0.0014779722148495,0.106875333093669,0.965469823096862,False,-0.016200078707045,False,-0.0066736054253526
921178,RIVERVIEW BANK,3,2022-02-18,2022-02-18,0.0171346923197484,0.0003028189898783,0.8135497119345297,200,False,1.0,0.0405,3,2021-12-31,False,41,0.2942634723116679,14.335635013275128,0.0129095959725056,0.001912238639068,0.1067257467289091,0.9879939380668504,False,0.0069605353144279,False,0.0026833739988246
693224,ATLANTIC UNION BANK,3,2022-02-18,2022-02-18,0.0076256876079941,-0.0003188030689815,1.2234155062897818,200,False,1.0,0.0405,3,2021-12-31,False,41,0.4005155790146253,16.811258281398914,0.0140800324634984,0.0030438756170884,0.1478666154607911,0.9809516332607344,False,-0.0190622552134037,False,-0.0138660327559413
470050,"FIRST FINANCIAL BANK, NATIONAL ASSOCIATION",3,2022-02-18,2022-02-18,0.0234456738161866,-9.481099125080965e-05,1.2416927010107084,200,False,1.0,0.0405,3,2021-12-31,False,41,0.4567382467496564,16.385222402911452,0.0167828045499714,0.0058325541729887,0.1217695371174225,0.9349342226329792,False,-0.0127317215769752,False,-0.0205081710026149
936136,OLD SECOND NATIONAL BANK,3,2022-02-18,2022-02-18,-0.0016305234410746,-0.0005006558212519,0.7865793492412407,200,False,1.0,0.0405,3,2021-12-31,False,41,0.2327935078905105,15.642381829552452,0.0047771205421976,0.0130274594834366,0.1006605129076551,0.9825503093918678,False,-0.0102529154140186,False,-0.0137274033387048
694904,"FLAGSTAR BANK, NATIONAL ASSOCIATION",3,2022-02-18,2022-02-18,-0.0015814564477464,-0.0001376829427179,1.0584958084941434,200,False,1.0,0.0405,3,2021-12-31,False,41,0.3444894609545808,17.90119583657295,0.0106098436778729,0.0007118728675515,0.1265061399547424,0.6774434333303931,False,0.0019322331588067,False,0.0039885188949872
229801,VALLEY NATIONAL BANK,3,2022-02-18,2022-02-18,-0.0056446058237615,-0.0002068589711706,1.2881263152453373,200,False,1.0,0.0405,3,2021-12-31,False,41,0.532385198256676,17.586541655920215,0.0113148433072268,0.0070855793950591,0.132596874271226,0.948081894340804,False,-0.0224982521293608,False,-0.0103947298661955
481177,LANDMARK NATIONAL BANK,3,2022-02-18,2022-02-18,-0.0275849210234817,0.0005548967380664,0.0677595040932671,200,False,1.0,0.0405,3,2021-12-31,False,41,0.3280916772750552,14.097661612498465,0.013724953411781,0.0078433960255127,0.1154859918595995,0.9838973028877596,False,-0.0053705372663357,False,-0.006494138539343
272272,SOUTHERN BANK,3,2022-02-18,2022-02-18,-0.0028590239990262,0.0015744312384116,0.5827380115136175,200,False,1.0,0.0405,3,2021-12-31,False,51,0.1792767643175037,14.882276078993035,0.0175487316605671,0.0012391713653134,0.1029207165261797,0.9804340896266458,False,-0.0153940507113896,False,-0.0360019485125489
764030,AMERIS BANK,3,2022-02-18,2022-02-18,-0.0020334787494045,-0.0006905898078881,1.3070738167846647,200,False,1.0,0.0405,3,2021-12-31,False,41,0.4668624803975699,16.983286501318396,0.0170677301409571,0.0057163073614227,0.1296552153238232,0.962836003272988,False,-0.023457124015108,False,-0.018971813129853
2236821,"PATRIOT BANK, NATIONAL ASSOCIATION",3,2022-02-18,2022-02-18,0.0022956219400128,0.0019797644889669,0.7534977322089554,200,False,1.0,0.0405,3,2021-12-31,False,51,0.3801051489387795,13.762368186666166,0.0069317528697752,0.0311021697591086,0.1016794182937953,0.8806637020619186,False,-0.0249252383667196,False,-0.0065660369198314
268677,CARVER FEDERAL SAVINGS BANK,3,2022-02-18,2022-02-18,-0.176011131867272,0.0018195883988059,1.528181801598106,200,False,1.0,0.0405,3,2021-12-31,False,41,0.2861109267494082,13.491518518690594,-0.000410642981185,0.024770428142245,0.0988778523786874,0.9709578330075398,False,-0.0172337850810435,False,-0.0004582383491034
112837,"CAPITAL ONE, NATIONAL ASSOCIATION",3,2022-02-18,2022-02-18,-0.0092770823064269,0.0002488833115127,1.274354987820744,200,False,1.0,0.0405,3,2021-12-31,False,31,0.342327605359243,19.759096510796713,0.0130918792709371,0.007384472515108,0.1061029682564431,0.9296784805525994,False,-0.0323533217727303,True,-0.038154888354481
1002878,NORTHWEST BANK,3,2022-02-18,2022-02-18,0.0043824235999199,-0.0002335622541168,0.6913495106684897,200,False,1.0,0.0405,3,2021-12-31,False,41,0.2235424205102137,16.496954942467934,0.0110873654464635,0.0158503047402294,0.1161641565981511,0.9728502220193392,False,-0.0184023696378016,False,-0.0132439230463765
697763,WESTAMERICA BANK,3,2022-02-18,2022-02-18,0.0005533491545855,-0.0006068386381237,0.8371645571607637,200,False,1.0,0.0405,3,2021-12-31,False,41,0.3824435765546305,15.81985604334214,0.0113719616748425,0.0009652419283867,0.0971016279635397,0.9574958798594936,False,0.0100093683837332,False,0.033136373748524
749635,AUBURNBANK,3,2022-02-18,2022-02-18,-0.0193804979023699,-0.0006638375662318,0.2310120505573089,200,False,1.0,0.0405,3,2021-12-31,False,51,0.4230812439565554,13.914924125527712,0.0069215398864487,0.0009657611568252,0.0913978251245107,0.9933995767119848,False,0.0033150997456149,False,-0.0033009133191314
959304,FLUSHING BANK,3,2022-02-18,2022-02-18,0.0222399202067455,0.0001107996969251,1.0061181607741492,200,False,1.0,0.0405,3,2021-12-31,False,41,0.3917018277514623,15.900847313672902,0.0121665636714719,0.0022949320626895,0.1048632330268247,0.8885402589181411,False,-0.021327681267691,False,-0.0145366293770362
352772,BANNER BANK,3,2022-02-18,2022-02-18,-0.0055495712102011,0.0001428059479084,1.237078474014943,200,False,1.0,0.0405,3,2021-12-31,False,41,0.3277263776042881,16.636802297719186,0.0126498523442757,0.0024872430224642,0.107257144313052,0.9624245829419436,False,-0.0086181809217554,False,-0.0087680812898825
498317,"OHIO VALLEY BANK COMPANY, THE",3,2022-02-18,2022-02-18,-0.0387400002012494,0.0007285606945709,0.515230156181441,200,False,1.0,0.0405,3,2021-12-31,False,41,0.3246500996498181,14.0254302583,0.0086439538935082,0.0055043007684559,0.1088629102797631,0.9694747873168816,False,-0.0162120185493118,False,-0.019627042356901
506922,SANDY SPRING BANK,3,2022-02-18,2022-02-18,0.0065927247177599,0.0002027614315442,1.191281288135296,200,False,1.0,0.0405,3,2021-12-31,False,41,0.4526358737009048,16.348144187894192,0.0191844333633573,0.0046612697085624,0.1287425185381513,0.9742483685520726,False,-0.022098088772084,False,-0.0208093804480615
3317932,CONNECTONE BANK,3,2022-02-18,2022-02-18,-0.0056912611711705,0.0009603189322918,0.9991417383067944,200,False,1.0,0.0405,3,2021-12-31,False,41,0.5768877653035961,15.910899141951136,0.0169115243598558,0.0110166071351168,0.1367418911918277,0.921551688387718,False,-0.014934968098158,False,-0.0061087658151687
276579,"ZIONS BANCORPORATION, NATIONAL ASSOCIATION",3,2022-02-18,2022-02-18,-0.0112598975170765,0.0003104111293875,1.3929344181965415,200,False,1.0,0.0405,3,2021-12-31,False,41,0.5777474703390615,18.35025472814737,0.0121118992386121,0.0054658187392728,0.0800673229858788,0.9656151891949256,False,-0.0139818542631828,False,0.0038995069733252
1412712,"COMMUNITY WEST BANK, NATIONAL ASSOCIATION",3,2022-02-18,2022-02-18,-0.0204250093383609,0.000420331924032,0.1952924940428099,200,False,1.0,0.0405,3,2021-12-31,False,51,0.4370328294781575,13.961276181257093,0.011470925081574,0.0006333491390375,0.0869909458262203,0.9000144847545591,False,-0.0263008405057456,False,-0.0234271038061045
1929247,"SOUTHSTATE BANK, N.A.",3,2022-02-18,2022-02-18,0.0277411407481613,-0.0001949794206825,1.1758680759489306,200,False,1.0,0.0405,3,2021-12-31,False,41,0.3749855189351999,17.548939028615376,0.0121059008567425,0.0033284149856576,0.1203274362409348,0.9551733309304988,False,-0.0178741044247954,False,-0.009323603043626
1890525,UNITY BANK,3,2022-02-18,2022-02-18,-0.0154032305176698,0.0010413654428765,0.6470688175981193,200,False,1.0,0.0405,3,2021-12-31,False,51,0.3653467933896504,14.519787077044915,0.0170536441415894,0.0058621067392439,0.10107185434213,0.9682575742157354,False,-0.0245520414788516,False,-0.0208676245435652
876634,CAPITAL CITY BANK,3,2022-02-18,2022-02-18,0.0253958256238795,-0.0001736205364649,0.913619054966436,200,False,1.0,0.0405,3,2021-12-31,False,41,0.3808944211810056,15.26321958167736,0.0085257322506752,0.0021799428124135,0.0972111688667709,0.9771625973173677,False,0.0047691869752582,False,0.0089786878002194
2239288,"WINTRUST BANK, NATIONAL ASSOCIATION",3,2022-02-18,2022-02-18,-0.0224737207327997,0.0005075803247134,1.2408046053601072,200,False,1.0,0.0405,3,2021-12-31,False,41,0.6030466659745095,16.075860366547555,0.0128708857780603,0.0013133490756684,0.0936624870833203,0.9733099370297836,False,-0.0162611795397977,False,-0.0221513265062217
556815,"PEOPLES BANK, A CODORUS VALLEY COMPANY",3,2022-02-18,2022-02-18,0.0087587835133941,0.0008501430876388,0.3461289691928893,200,False,1.0,0.0405,3,2021-12-31,False,41,0.3058555907734825,14.69714524670909,0.0069470326033482,0.0220502254774568,0.0962898638587006,0.9842264123622624,False,-0.0186136608102238,False,-0.022322255958766
729310,PATHFINDER BANK,3,2022-02-18,2022-02-18,-0.0136320849038443,0.0007967626244736,0.1017925101147794,200,False,1.0,0.0405,3,2021-12-31,False,51,0.2832537128203978,14.06363077908176,0.0111094292041129,0.0099607312704737,0.0951105403030865,0.9229781959731682,False,-0.0145740731177756,False,-0.0023522987072022
431172,PACIFIC PREMIER BANK,3,2022-02-18,2022-02-18,0.008446017875373,-0.0007003171195532,1.3301817594258876,200,False,1.0,0.0405,3,2021-12-31,False,41,0.5534742674681458,16.864256777235912,0.0171011869900957,0.0021856225550824,0.1514730957589179,0.9591092519663038,False,-0.0118134031195093,False,-0.0055643399086109
107244,BANK OZK,3,2022-02-18,2022-02-18,-0.0121130713026934,0.0003182967708464,1.2378370986019105,200,False,1.0,0.0405,3,2021-12-31,False,41,0.4504797682077817,17.093802934048913,0.021824033760478,0.002417818742413,0.1822904114256723,0.93167990329661,False,-0.0344947924036653,False,-0.0396220930297663
874845,LAKE CITY BANK,3,2022-02-18,2022-02-18,0.0039242151877395,0.0003333831681299,0.8081927718103966,200,False,1.0,0.0405,3,2021-12-31,False,41,0.562441501324648,15.693704112581225,0.0152922560988566,0.0035131332748664,0.1049405221321688,0.9796997524039296,False,-0.0144595414005938,False,-0.0177543177818393
522605,BAR HARBOR BANK AND TRUST COMPANY,3,2022-02-18,2022-02-18,-0.0187526600708162,-0.0002279003563826,1.1014965930927034,200,False,1.0,0.0405,3,2021-12-31,False,41,0.1999843337706549,15.125622065081872,0.0121151884469459,0.0040694670558789,0.1294759842410282,0.9456021728882972,False,-0.0157274800260288,False,-0.0116096774991141
593007,CAMDEN NATIONAL BANK,3,2022-02-18,2022-02-18,0.0091266434263541,-0.000192343098958,1.002963045494044,200,False,1.0,0.0405,3,2021-12-31,False,41,0.2456866214624825,15.516841363378038,0.0130570891205762,0.0012588409063072,0.1018100476224618,0.943133641751124,False,-0.0136864885143256,False,-0.0141826131463913
786612,MID PENN BANK,3,2022-02-18,2022-02-18,-0.0245129690711716,0.0010076313813781,0.5474840806662499,200,False,1.0,0.0405,3,2021-12-31,False,41,0.3626813310296111,15.360431282366584,0.0090389538356515,0.0032289122599818,0.1117341496714736,0.9720277100317376,False,-0.023900306148765,False,-0.0247657829200462
881478,HERITAGE BANK,3,2022-02-18,2022-02-18,0.0402215280240731,-0.00093154406444,0.9966066634767652,200,False,1.0,0.0405,3,2021-12-31,False,41,0.4544322480701578,15.8210100368036,0.0138708908068099,0.006299746040096,0.1170773818528725,0.9752834704940988,False,-0.0014860248589772,False,0.0056831326935307
671464,BANK OF HOPE,3,2022-02-18,2022-02-18,0.0092530393524225,-0.0003285888679375,1.1594267007930947,200,False,1.0,0.0405,3,2021-12-31,False,41,0.5550734640833923,16.699405385760656,0.012023456770242,0.0054296989309263,0.1332546251935831,0.9716931383846428,False,-0.0201186931337842,False,-0.0121094505116801
606046,CADENCE BANK,3,2022-02-18,2022-02-18,0.0046041191553853,-0.0006744683602876,1.2432086372165856,200,False,1.0,0.0405,3,2021-12-31,False,41,0.4517405872861681,17.67971968250334,0.0040944027511687,0.0053969138457641,0.1101001855427692,0.938584628592494,False,-0.0192973281889898,False,-0.0052697501118349
782306,BROOKLINE BANK,3,2022-02-18,2022-02-18,0.000535950667292,0.0001433181273119,0.9499275234921276,200,False,1.0,0.0405,3,2021-12-31,False,41,0.4632226000639867,15.535374554373815,0.014804337357079,0.0056303488776144,0.107755890331423,0.8996598813548946,False,-0.0219106774770163,False,-0.017530312898505
1001152,INTERNATIONAL BANK OF COMMERCE,3,2022-02-18,2022-02-18,0.0253532051257686,-0.0008455597761718,1.1217883791567178,200,False,1.0,0.0405,3,2021-12-31,False,41,0.4393098600762286,16.04464414020973,0.0166746808910899,0.0015504940525366,0.1627881623089231,0.8804065705858496,False,-0.0161250543999092,False,-0.0230882275212746
59316,WAYNE BANK,3,2022-02-18,2022-02-18,-0.0035455859624554,-6.279347442795858e-05,0.4456279023397538,200,False,1.0,0.0405,3,2021-12-31,False,51,0.3209871558046845,14.54279487911332,0.0122597613958857,0.0049390277649663,0.0988410947240647,0.942837869576268,False,-0.0168216655280655,False,-0.0282524499556764
491934,COLONY BANK,3,2022-02-18,2022-02-18,-0.0086259236033355,0.0005548373225033,0.2807739528795382,200,False,1.0,0.0405,3,2021-12-31,False,51,0.3501916651172005,14.804055716666443,0.0070758174867023,0.003958936929513,0.0905299030038082,0.9748375537378904,False,-0.012140360619186,False,-0.0016234677211804
361167,SOUTHSIDE BANK,3,2022-02-18,2022-02-18,-0.0052430365633184,0.0002328004291102,0.953849682969294,200,False,1.0,0.0405,3,2021-12-31,False,41,0.3819174711414081,15.797162435958631,0.0171292691362047,0.0006953954183971,0.1442116901320892,0.9247852380493716,False,-0.0151619802943948,False,-0.0199236568396881
316840,REPUBLIC BANK & TRUST COMPANY,3,2022-02-18,2022-02-18,-0.0257972586109039,0.0004218958942603,0.8601834070702881,200,False,1.0,0.0405,3,2021-12-31,False,41,0.3564782429722328,15.621860237204611,0.0142581128063988,0.0045180371951061,0.1343737532199672,0.9214643542208284,False,-0.0232605946407203,False,-0.0313312003272455
2209553,HERITAGE BANK OF COMMERCE,3,2022-02-18,2022-02-18,-0.0166006324918185,-0.0002618238917279,1.1933542923967295,200,False,1.0,0.0405,3,2021-12-31,False,41,0.6621889267799969,15.519662836377252,0.009483284953001,0.001209828937697,0.1120863990988086,0.979158983210316,False,0.0119731658589815,False,0.0106509226185249
821906,SALISBURY BANK AND TRUST COMPANY,3,2022-02-18,2022-02-18,0.0262596373539927,0.0008061584321393,0.6691300761196002,200,False,1.0,0.0405,3,2021-12-31,False,51,0.335607270939703,14.239992363691751,0.011545671828456,0.0038701177757493,0.1009237322393148,0.9767909343429568,False,-0.0141076648511813,False,-0.0140953952543984
416245,BUSEY BANK,3,2022-02-18,2022-02-18,0.0049002836617052,0.0001287855678129,1.153802848538308,200,False,1.0,0.0405,3,2021-12-31,False,41,0.4006744648009879,16.367115894052173,0.0107533864268519,0.0023363786297607,0.1220194142666483,0.9630695051007534,False,8.197239884405274e-05,False,-0.0021780171512724
399517,CNB BANK,3,2022-02-18,2022-02-18,-0.0099173219552158,0.0001295323002464,0.9126156406031378,200,False,1.0,0.0405,3,2021-12-31,False,41,0.3451834816631728,15.48464070473549,0.011180867100803,0.0052646902641691,0.089476705726127,0.9869393782894544,False,-0.0189990846826227,False,-0.0231166179595208
664756,PROSPERITY BANK,3,2022-02-18,2022-02-18,0.0050130862648292,-0.0005114169528759,0.96887401669512,200,False,1.0,0.0405,3,2021-12-31,False,41,0.4479078905588141,17.44871819858256,0.0140604292754819,0.0014587338817318,0.1693938359115271,0.980515184388854,False,0.0021494546583666,False,0.0019362759216056
767974,CFBANK NATIONAL ASSOCIATION,3,2022-02-18,2022-02-18,-0.0143372957379611,0.0003554928494844,0.1800035327254104,200,False,1.0,0.0405,3,2021-12-31,False,51,0.2543068206727392,14.21262422298338,0.0132965832507016,0.0007927515316325,0.1044621098805062,0.9383388320252828,False,-0.0202953631945948,False,-0.0184817794181348
716374,FIRST HARRISON BANK,3,2022-02-18,2022-02-18,-0.0201861729469177,-0.0012310579905781,0.5544806778556288,200,False,1.0,0.0405,3,2021-12-31,False,51,0.2788793726336477,13.95624420199747,0.0093700211446611,0.0026963111778975,0.0934760815137979,0.9948045401093144,False,0.0070742222925307,False,0.0123611944077624
197478,EAST WEST BANK,3,2022-02-18,2022-02-18,-0.0228688689884329,-0.0002609317444049,1.5529662382525278,200,False,1.0,0.0405,3,2021-12-31,False,31,0.6360184567367398,17.923916313287393,0.0144643769491387,0.0021815647860545,0.0924734449088113,0.9733779193814944,False,-0.01286575047623,False,-0.0139063912017444
958727,AMERICAN NATIONAL BANK AND TRUST COMPANY,3,2022-02-18,2022-02-18,0.0235151994149575,0.0003058015423512,0.9332957350955016,200,False,1.0,0.0405,3,2021-12-31,False,41,0.4278507475155021,15.01766871681658,0.0137096556056129,0.0011365368464018,0.1118084086448731,0.980235991893806,False,-0.0104652809653532,False,-0.0051935105132805
968070,CAPITOL FEDERAL SAVINGS BANK,3,2022-02-18,2022-02-18,0.0058247208005267,-0.000816640624254,0.7535578611229472,200,False,1.0,0.0405,3,2021-12-31,False,41,0.1550103290232268,16.079829865716214,0.0082645761561736,0.0015973403706627,0.1150645571631192,0.7954661690965166,False,-0.0177135245805628,False,-0.0070058531830319
202907,"COMMUNITY BANK, NATIONAL ASSOCIATION",3,2022-02-18,2022-02-18,0.0154349264448529,-0.0004530269792229,0.8693105584258083,200,False,1.0,0.0405,3,2021-12-31,False,41,0.4462081689685828,16.544919560516245,0.0100725484519925,0.0061667771896778,0.1092550764730588,0.965366772927746,False,0.0082339654928668,False,0.007491222392422
601416,FIVE STAR BANK,3,2022-02-18,2022-02-18,0.02051592516634,0.0002244730964394,0.9979166353144824,200,False,1.0,0.0405,3,2021-12-31,False,41,0.3144118556394186,15.516960307555232,0.0149078173600377,0.0033009219301846,0.0951148408878764,0.9787099232332356,False,-0.0130083048243531,False,-0.0247835618124001
662369,BANK OF THE SIERRA,3,2022-02-18,2022-02-18,0.0205604194785936,-0.0001311057290056,0.9888450621514718,200,False,1.0,0.0405,3,2021-12-31,False,41,0.3023944262710518,15.030891145395165,0.0134898298333391,0.0022888924326197,0.1269595800422176,0.9518237160028986,False,-0.0014938907324026,False,0.0063714246354098
439404,FIRST NATIONAL BANK,3,2022-02-18,2022-02-18,-0.0320708526563932,0.0004765251192459,0.9373428153064938,200,False,1.0,0.0405,3,2021-12-31,False,41,0.2315533784095433,14.730277729810048,0.0148818561377841,0.0034176876558629,0.0867684963588567,0.932047378425103,False,-0.012853950463783,False,-0.0214266815987469
2608754,MERCANTILE BANK,3,2022-02-18,2022-02-18,-0.0066449784512511,0.0002219690829535,1.0944399280883328,200,False,1.0,0.0405,3,2021-12-31,False,41,0.4934178705351848,15.471505667160224,0.0124231380851384,0.0007113261101644,0.1041736902691527,0.8732395146569129,False,-0.0213916887997085,False,-0.0243758251356513
29636,"CITIZENS BANK OF PHILADELPHIA, THE",3,2022-02-18,2022-02-18,0.0065036444497055,-0.0001886080057545,0.3504421788738269,200,False,1.0,0.0405,3,2021-12-31,False,51,0.3469885887052185,14.123712647385542,0.0059508764298562,0.0069599036105811,0.0904791855256815,0.8985996529427162,False,-0.0077057562247196,False,-0.0078398205359504
2652092,EAGLEBANK,3,2022-02-18,2022-02-18,0.0079139018580356,8.457862791756393e-05,1.074214617416862,200,False,1.0,0.0405,3,2021-12-31,False,41,0.4436408531501919,16.28353474761472,0.015868483651014,0.0041063904928793,0.1138039128541124,0.958670091196468,False,-0.012250394119973,False,-0.0046747916396503
1436204,BANK OF MARIN,3,2022-02-18,2022-02-18,-0.0153883003119386,-0.0004338560030337,0.776716541313198,200,False,1.0,0.0405,3,2021-12-31,False,41,0.4829182233400624,15.277367992778252,0.0086646507331422,0.0038148733510813,0.1029658330561328,0.9859216584741124,False,0.0090072586962107,False,0.0184998197182493
2634351,MACATAWA BANK,3,2022-02-18,2022-02-18,-0.0048511285011451,-0.000610700276728,0.669521544404396,200,False,1.0,0.0405,3,2021-12-31,False,51,0.4371712320025988,14.890001587455227,0.0102168275794245,8.375360230547551e-05,0.0839821861142659,0.963926249552666,False,0.0242106096454786,False,0.0348317759561162
754929,"NATIONAL BANK OF BLACKSBURG, THE",3,2022-02-18,2022-02-18,0.0222622180326579,1.8539238174668525e-05,0.5815477815805292,200,False,1.0,0.0405,3,2021-12-31,False,41,0.3737137155588325,14.345599840279467,0.0121871549611437,0.0036859514618784,0.1098438923561166,0.9900069423782604,False,0.0031870364014207,False,-0.0097890894922004
687009,LAKELAND BANK,3,2022-02-18,2022-02-18,-0.0148482347355208,0.0002732716165193,0.993033732272416,200,False,1.0,0.0405,3,2021-12-31,False,41,0.4148229701688324,15.919075891950309,0.0122605086282601,0.00284070617192,0.1163183405392603,0.9674764214480696,False,-0.0193635880804353,False,-0.0113337315963972
2634191,GLACIER BANK,3,2022-02-18,2022-02-18,0.0580384185396914,-0.0007212188194561,1.3765536895886252,200,False,1.0,0.0405,3,2021-12-31,False,41,0.321016972250064,17.07051713466086,0.0115099720155857,0.0050154793346509,0.1230029878720058,0.9439097354191136,False,-0.0059205939404313,False,0.0038236957035506
186221,"OLD POINT NATIONAL BANK OF PHOEBUS, THE",3,2022-02-18,2022-02-18,0.0139720634508708,3.69546165356872e-05,0.2146884588508376,200,False,1.0,0.0405,3,2021-12-31,False,41,0.3088850265883479,14.10073987486896,0.0065695938625648,0.0017748900878942,0.0931742536278247,0.992695700910094,False,-0.0137825305117136,False,-0.0105365029205011
474919,"FULTON BANK, NATIONAL ASSOCIATION",3,2022-02-18,2022-02-18,-0.0043265839893122,-0.0001361959392228,1.095213007527737,200,False,1.0,0.0405,3,2021-12-31,False,41,0.3700754413103298,17.05996800501474,0.0123518239835937,0.0082875607725137,0.1119890208088486,0.9639361996030182,False,-0.0187881229994057,False,-0.0116237099122019
473501,BERKSHIRE BANK,3,2022-02-18,2022-02-18,0.0126754264915886,0.0009620778324648,1.1113953784081798,200,False,1.0,0.0405,3,2021-12-31,False,41,0.4480503199256664,16.262086032176438,0.0082039323804435,0.0056493329802866,0.1008244196548018,0.9805353948485488,False,-0.006071137505635,False,-0.0052978606373965
508346,HAWTHORN BANK,3,2022-02-18,2022-02-18,0.0135178654778786,0.0011568972227845,0.3951321544973045,200,False,1.0,0.0405,3,2021-12-31,False,41,0.3241523903090436,14.416532032895493,0.013816481640982,0.0195287883457453,0.1061436495226649,0.9314735180881476,False,-0.0179785636070978,False,-0.0224477178060989
236706,PEAPACK-GLADSTONE BANK,3,2022-02-18,2022-02-18,0.0214743730174212,0.0003544453432384,0.9882171960435256,200,False,1.0,0.0405,3,2021-12-31,False,41,0.599911676946153,15.62010069434018,0.0103491907830219,0.0042472746671423,0.1071032730671265,0.9756129967209296,False,-0.0165559182455959,False,-0.0163614481640267
657365,HANMI BANK,3,2022-02-18,2022-02-18,-0.0211824140062077,0.0007015488451013,1.2496633299772273,200,False,1.0,0.0405,3,2021-12-31,False,41,0.4476504328152314,15.740628467361438,0.0156838789974907,0.0025866994470155,0.110148736347092,0.9639988775209472,False,-0.0176250759068114,False,-0.018884309570469
636771,INDEPENDENT BANK,3,2022-02-18,2022-02-18,0.00588980365508,-3.402954754860576e-05,0.9826524241759428,200,False,1.0,0.0405,3,2021-12-31,False,41,0.2132098233334442,15.363596759316591,0.0137398239475406,0.0018495805671624,0.090709504935925,0.9772583762404394,False,-0.0050151155965604,False,-0.0082808602508762
2353595,FIRST COMMUNITY BANK,3,2022-02-18,2022-02-18,-0.000620687314813,0.0004449100705833,1.032261410038567,200,False,1.0,0.0405,3,2021-12-31,False,51,0.1640607645992868,14.973626212625405,0.0162990494759931,0.0096302590080209,0.1273188338429763,0.9850879270296709,False,-0.0151104451513525,False,-0.0217290485170049
780218,"UNION BANK COMPANY, THE",3,2022-02-18,2022-02-18,0.0564292146361467,0.0006391656830791,0.6037976967390493,200,False,1.0,0.0405,3,2021-12-31,False,51,0.213303399326163,13.888563974269385,0.0135342651154316,0.0005463023573431,0.1259077067228859,0.9914232967294738,False,-0.0012814562830589,False,-0.0055661017586011
542528,CIVISTA BANK,3,2022-02-18,2022-02-18,0.0136629633325073,0.0002590439694188,0.928081077713009,200,False,1.0,0.0405,3,2021-12-31,False,41,0.333521368833461,14.916133823262792,0.0136461968723626,0.0019366442799988,0.1357600483559927,0.9477901521167356,False,-0.0170280420963275,False,-0.010426509256074
933023,"SHORE UNITED BANK, NATIONAL ASSOCIATION",3,2022-02-18,2022-02-18,0.0298320986967854,0.0007223644010434,0.627803937165084,200,False,1.0,0.0405,3,2021-12-31,False,51,0.2504205743491581,15.0562434544433,0.0055009228930985,0.0011646214702047,0.1085477280173457,0.9862824800917876,False,-0.0148514407767525,False,-0.0091831107214406
1162017,UNITED SECURITY BANK,3,2022-02-18,2022-02-18,0.0068800348878533,-0.0002687617395694,0.6035276926053118,200,False,1.0,0.0405,3,2021-12-31,False,51,0.57055075197908,14.100833098909703,0.0082341558467919,0.0136437748197715,0.0970101286206266,0.9920409541197636,False,-0.0127012428542406,False,-0.0117799094349245
628123,"BANK OF GLEN BURNIE, THE",3,2022-02-18,2022-02-18,0.0820064615808914,0.001041799863561,0.2371732184051648,200,False,1.0,0.0405,3,2021-12-31,False,41,0.0369013893453955,12.99920768483949,0.0061461827839018,0.0016683143845773,0.080563177646625,0.9431589203073448,False,0.006400903483846,False,0.0161945903378815
333203,UNION BANK,3,2022-02-18,2022-02-18,-0.0009109373343231,0.0005240507358639,0.083281815515768,200,False,1.0,0.0405,3,2021-12-31,False,41,0.1955261664424223,14.00161412061618,0.0114399853222829,0.0059232793110632,0.0828668370765109,0.9936916712680928,False,-0.0066791957447105,False,-0.0030754724709081
2925666,PINNACLE BANK,3,2022-02-18,2022-02-18,0.0310946161357166,-8.87590247982194e-05,1.4645483653303395,200,False,1.0,0.0405,3,2021-12-31,False,41,0.5077971451201945,17.460311000481646,0.0137097887103412,0.001413082418918,0.1392288528630624,0.956142577273702,False,-0.0190322118977702,False,-0.0081694133228202
139740,WEST BANK,3,2022-02-18,2022-02-18,-0.0220440911193086,0.0007965376906034,1.1011459923315114,200,False,1.0,0.0405,3,2021-12-31,False,41,0.4347116670490865,15.068069791421356,0.0145401048842235,0.0036423140172916,0.0903469763983348,0.9488253254572456,False,-0.015774018229613,False,-0.016394526690766
494261,PACIFIC WESTERN BANK,3,2022-02-18,2022-02-18,0.019470468351078,-0.000239409197113,1.207969340725822,200,False,1.0,0.0405,3,2021-12-31,False,41,0.5949114212760606,17.513326413236765,0.0144379980325606,0.002665342139492,0.103824053574293,0.9724567712568536,False,-0.0199655718948071,False,-0.0051787949036572
2760232,VILLAGE BANK,3,2022-02-18,2022-02-18,0.0113463610686894,0.0025645650920317,-0.2231116484379696,200,False,1.0,0.0405,3,2021-12-31,False,51,0.3290265497360649,13.52271543612567,0.0174074446343016,0.0062453207122675,0.0983415418635038,0.9894455220386597,False,-0.0099964926062443,False,-0.0115328213065791
2328137,FIRST COMMUNITY BANK,3,2022-02-18,2022-02-18,-0.0285380795970639,0.0003694835787552,0.2907886058375158,200,False,1.0,0.0405,3,2021-12-31,False,41,0.27739713232714,14.27543733585346,0.0103575978655999,0.0002882334162435,0.0956584707422797,0.9529753099433904,False,-0.0087629933296706,False,0.000302208434484
204004,PROVIDENT BANK,3,2022-02-18,2022-02-18,0.0073657920743589,0.0002521355469409,1.002225121534125,200,False,1.0,0.0405,3,2021-12-31,False,41,0.4785432964422322,16.438396475149656,0.0122836173210241,0.0050123027161157,0.1184394291833258,0.9289525599669493,False,-0.0192600814394927,False,-0.0115192781932988
3465226,HTLF BANK,3,2022-02-18,2022-02-18,-0.0096128227871734,-0.0003833615553534,1.1748379665501578,200,False,1.0,0.0405,3,2021-12-31,False,41,0.4613848780472906,14.807537507109885,0.0117777501719697,0.0057098101913849,0.1401433977516923,0.9884171399418054,False,0.0049562238917984,False,0.0076507172583605
2953418,OPTIMUMBANK,3,2022-02-18,2022-02-18,-0.0780285176423321,0.0002551351538288,0.9807401901585084,200,False,1.0,0.0405,3,2021-12-31,False,41,0.6092124611484699,12.765799855829323,0.015461134330746,0.0,0.1038827102122906,0.9344132161848532,False,-0.0185191832208396,False,-0.016070309506327
2618780,TEXAS CAPITAL BANK,3,2022-02-18,2022-02-18,0.0185319363839289,-0.001912142937816,1.3096703712852,200,False,1.0,0.0405,3,2021-12-31,False,41,0.8046122706275316,17.363004168138335,0.0077445624511841,0.003504480830812,0.0904907137616756,0.9038852385441576,False,0.0047207506463947,False,0.0051358936514617
354310,UNIVEST BANK AND TRUST CO.,3,2022-02-18,2022-02-18,-0.0127673678260413,3.7998807433685984e-05,1.135038742549484,200,False,1.0,0.0405,3,2021-12-31,False,41,0.4834790531902933,15.775700689578496,0.0140461254609947,0.0063222845902096,0.1072830097749834,0.970947144573305,False,-0.0170681702604492,False,-0.0194272369833061
703767,CENTRAL VALLEY COMMUNITY BANK,3,2022-02-18,2022-02-18,0.0095966743439551,0.0006336453459894,0.7403214208264794,200,False,1.0,0.0405,3,2021-12-31,False,41,0.4775911949421876,14.711593276384384,0.0119082264518138,0.0009103935960643,0.1074107740163519,0.9817201321363508,False,0.0067390097771998,False,0.0067237302865851
2942690,SIGNATURE BANK,3,2022-02-18,2022-02-18,0.0126740397337007,0.0013904186962144,1.5564110543274352,200,False,1.0,0.0405,3,2021-12-31,False,41,0.8922653917167633,18.58996288081662,0.0077541279833454,0.0035783534672868,0.0661960381129783,0.9597577081842796,True,-0.0061966218590513,False,0.0125920275589539
2849801,SOUTHERN FIRST BANK,3,2022-02-18,2022-02-18,0.0306979532202676,0.0009194284219969,1.1482410822739284,200,False,1.0,0.0405,3,2021-12-31,False,41,0.5193261752037432,14.889126012771412,0.0164477113159228,0.0019429319658245,0.1030359826366851,0.983698754258968,False,-0.0176819572642997,False,-0.0085758726134658
2858960,"BANCORP BANK NATIONAL ASSOCIATION, THE",3,2022-02-18,2022-02-18,0.014542207973612,5.961992526001078e-06,1.7895811635387049,200,False,1.0,0.0405,3,2021-12-31,False,41,0.2013315807861186,15.739424847776167,0.0178704997729167,0.0046963917325133,0.100215692545391,0.9811463577962504,False,-0.0091461265900908,False,-0.027675160093887
895710,CITIZENS & NORTHERN BANK,3,2022-02-18,2022-02-18,-0.0267875387824551,0.0003583792514072,0.7794018840995555,200,False,1.0,0.0405,3,2021-12-31,False,51,0.2665976559848135,14.653283052902006,0.0138130929516232,0.0135471196249354,0.1292814638893083,0.973514919380486,False,-0.0208720579212028,False,-0.0196418706389245
2372774,"SUMMIT COMMUNITY BANK, INC.",3,2022-02-18,2022-02-18,0.0186518182034495,9.935925334568228e-05,0.9458408538926636,200,False,1.0,0.0405,3,2021-12-31,False,41,0.2290901885251001,15.084047883089788,0.0137814541821912,0.0045973032485654,0.1179973383192037,0.9429802897938868,False,-0.0204231039558303,False,-0.0274853251209306
1356768,ENTERPRISE BANK AND TRUST COMPANY,3,2022-02-18,2022-02-18,-0.0083361137986293,0.0014372918067694,0.6356245286468979,200,False,1.0,0.0405,3,2021-12-31,False,41,0.3688766567392058,15.307924421638551,0.0101926359863114,0.0090807495778386,0.0910504676561703,0.9850048592042778,False,-0.0139326283966424,False,-0.0223212012934356
1190476,ENTERPRISE BANK & TRUST,3,2022-02-18,2022-02-18,0.0074567080712987,-0.000464242897266,1.0313723598227476,200,False,1.0,0.0405,3,2021-12-31,False,41,0.5211040645719227,16.418124833157968,0.0104944209867084,0.003506858520322,0.1162158746489179,0.9595616478774128,False,-0.0166686178804146,False,-0.0187605060026633
633378,KEARNY BANK,3,2022-02-18,2022-02-18,0.006877847196323,7.396137374826012e-05,0.932189698779436,200,False,1.0,0.0405,3,2021-12-31,False,41,0.2219518716864285,15.787347679425553,0.0103154821181141,0.0149077703379222,0.1170097643857858,0.8820033168959908,False,-0.0202467796242904,False,0.0001234972998595
1918344,PREFERRED BANK,3,2022-02-18,2022-02-18,0.0003940258754967,0.0003992034911845,1.0070194379600346,200,False,1.0,0.0405,3,2021-12-31,False,41,0.6338543584485739,15.61510773198213,0.0157494091077688,0.0033397346415913,0.0970229085771936,0.9573924918500948,False,-0.0217295683423094,False,-0.0221508808136698
3138146,WESTERN ALLIANCE BANK,3,2022-02-18,2022-02-18,-0.0098151136341503,0.0002732088678698,1.5548580615509264,200,False,1.0,0.0405,3,2021-12-31,False,41,0.7555226950998715,17.84081389038732,0.014528595418507,0.0132213236646746,0.0939037909190323,0.9461712380476892,False,-0.0194486192675623,False,-0.0082739910871124
537449,FIRST BUSINESS BANK,3,2022-02-18,2022-02-18,-0.0110155979411933,0.0005021520975221,0.5497223051252754,200,False,1.0,0.0405,3,2021-12-31,False,41,0.522341256670156,14.790239617572356,0.015132153080478,0.0028346243253389,0.0999785319393053,0.820952428063171,False,-0.0208753934446622,False,-0.0168697480094645
310978,WATERSTONE BANK,3,2022-02-18,2022-02-18,0.0059242353735987,0.0003739116447728,0.5394466765214204,200,False,1.0,0.0405,3,2021-12-31,False,41,0.1955544043713543,14.608291738947168,0.0320710303942054,0.0036706720938701,0.171188662943708,0.725228609840298,False,-0.0216454610665894,False,-0.0243812694350814
220527,PEOPLES BANK,3,2022-02-18,2022-02-18,-0.0061886238608484,0.0007001353298936,0.1807732766070274,200,False,1.0,0.0405,3,2021-12-31,False,41,0.3030759190530499,14.300171861709584,0.0097485564708599,0.0036353159123292,0.0959063823235045,0.9634854749170418,False,-0.0013568356008304,False,-0.0011250430244896
2954059,BCB COMMUNITY BANK,3,2022-02-18,2022-02-18,-0.0137321278017277,0.0002925598357997,0.6785580809706889,200,False,1.0,0.0405,3,2021-12-31,False,41,0.3625745037598352,14.902797287252469,0.0121521872150198,0.0079939804004501,0.1035545299312423,0.9646824993888796,False,-0.021079043922725,False,-0.0202595160182626
2385514,"FIRST BANK, THE",3,2022-02-18,2022-02-18,-0.0214195942508587,-0.0001964616036277,1.1825751939325453,200,False,1.0,0.0405,3,2021-12-31,False,41,0.3848299909170613,15.618360466950184,0.0121801647724303,0.0094562910673284,0.127942332451446,0.994483714625178,False,-0.008057377130006,False,-0.0077014180970995
456045,CENTENNIAL BANK,3,2022-02-18,2022-02-18,0.0154978100226115,-0.0008832761450005,1.3617955349713111,200,False,1.0,0.0405,3,2021-12-31,False,41,0.4772752901546197,16.706863334504256,0.01868049842413,0.005102840661279,0.1560700394784741,0.9570229458801792,False,-0.0198930677655662,False,-0.0109563255029057
561574,SUMMIT STATE BANK,3,2022-02-18,2022-02-18,-0.011090018105842,0.0002461477222347,0.1222515447872581,200,False,1.0,0.0405,3,2021-12-31,False,51,0.3928610152784623,13.772686560773346,0.0153410988643954,0.0005844121557728,0.0879696893787575,0.9288187887818466,False,-0.0195710692615911,False,-0.018717515474195
522847,"LIMESTONE BANK, INC",3,2022-02-18,2022-02-18,-0.0273849233559972,0.001127859346499,0.0154285475338479,200,False,1.0,0.0405,3,2021-12-31,False,51,0.233147935557722,14.157594874507286,0.0124357277862657,0.0031182592846569,0.1175392203449302,0.9766813855141429,False,-0.018319304500482,False,-0.0286994288367177
663245,SIMMONS BANK,3,2022-02-18,2022-02-18,0.0048382165931993,-0.0003402064816417,1.182508389112976,200,False,1.0,0.0405,3,2021-12-31,False,41,0.44671495473026,17.021736468981896,0.0121978499007362,0.0057755757084469,0.1387002554996924,0.9194899779299284,False,-0.0128627151169667,False,-0.0057483728048818
30810,DISCOVER BANK,3,2022-02-18,2022-02-18,0.0013873521683721,0.0005368441139912,1.437554078182953,200,False,1.0,0.0405,3,2021-12-31,False,31,0.1087557511308155,18.5008083034105,0.0472486860791855,0.0085360245868728,0.1097398172163717,0.7830318396298916,False,-0.0488497303672009,True,-0.085386061965178
768074,FIRST FINANCIAL NORTHWEST BANK,3,2022-02-18,2022-02-18,-0.0222421809595255,0.0009106386357417,0.1580638622615618,200,False,1.0,0.0405,3,2021-12-31,False,51,0.37293166312302,14.170712016856914,0.009521419337833,0.0,0.1048484789003328,0.9171473210614728,False,-0.0181562009658657,False,-0.0098608459192504
2797724,TOWNEBANK,3,2022-02-18,2022-02-18,0.0077296394559449,-0.0001542723799694,1.1610841091192436,200,False,1.0,0.0405,3,2021-12-31,False,41,0.5059886325195097,16.610435398930242,0.0131640943418102,0.0006432112022757,0.1160851220607724,0.9495402043983676,False,-0.0100030926294934,False,-0.0024450599699759
28013,NORTHFIELD BANK,3,2022-02-18,2022-02-18,0.0063711690437399,0.000231760222893,0.6842088262396965,200,False,1.0,0.0405,3,2021-12-31,False,41,0.3728840296684865,15.508500152874102,0.0130536837250425,0.0029004756717053,0.1293368093607694,0.8894083162566069,False,-0.0193668149128005,False,-0.0207106394826041
836843,MIDWESTONE BANK,3,2022-02-18,2022-02-18,-0.0127089637005022,-1.14547600240916e-05,1.0119419679771993,200,False,1.0,0.0405,3,2021-12-31,False,41,0.409083955354076,15.61117572335482,0.0126908365263933,0.009680996731359,0.1002249530171927,0.9491883153126042,False,-0.0030520663856148,False,0.0041162610346105
676478,MALVERN BANK NA,3,2022-02-18,2022-02-18,0.001768427352961,-0.00078155214082,0.0456327890707666,200,False,1.0,0.0405,3,2021-12-31,False,51,0.5786687683941868,13.956298061228564,0.0010024496603485,0.0174711063937876,0.139271008877847,0.9296495750130696,False,-0.0217230514974909,False,-0.0088053985840742
23504,DIME COMMUNITY BANK,3,2022-02-18,2022-02-18,-0.0133770249531498,0.0003108593036854,1.076073034973258,200,False,1.0,0.0405,3,2021-12-31,False,41,0.555949278565192,16.305149243987806,0.0093388700712014,0.0046817598928623,0.1133620454777874,0.9807523908084964,False,-0.0182802333670992,False,-0.01063833128804
785473,FIRST SAVINGS BANK,3,2022-02-18,2022-02-18,-0.0290772881259955,0.0007120614652045,0.3746140212528002,200,False,1.0,0.0405,3,2021-12-31,False,41,0.3169241704153375,14.380219638748503,0.0138748652594523,0.0096522739492497,0.1110779471225786,0.8152398665350864,False,-0.0191524642145407,False,-0.0003234198411315
929978,"HOME BANK, NATIONAL ASSOCIATION",3,2022-02-18,2022-02-18,-0.0226734022836439,0.0003147872729227,0.875136086204682,200,False,1.0,0.0405,3,2021-12-31,False,41,0.336502323296033,14.891221603581084,0.0166318960927697,0.0072099835052957,0.1171459685403896,0.9811983020911722,False,-0.0180096215997164,False,-0.0150070335005314
1864197,OAK VALLEY COMMUNITY BANK,3,2022-02-18,2022-02-18,0.0348270392280616,-0.0002524393259114,0.5277522587204284,200,False,1.0,0.0405,3,2021-12-31,False,41,0.4736076093669412,14.490775805513277,0.0086421650919241,0.0,0.072535038487107,0.991757109417663,False,0.0138238464255736,False,0.0171876653761752
342410,ORRSTOWN BANK,3,2022-02-18,2022-02-18,-0.0072439340209749,0.0003536751751171,0.8252305153215642,200,False,1.0,0.0405,3,2021-12-31,False,41,0.296074025647473,14.85720393352161,0.0127480053013184,0.0038464361888806,0.1004145360005532,0.9749705425043028,False,-0.0192904909247105,False,-0.0218270102529899
119528,"FARMERS NATIONAL BANK OF EMLENTON, THE",3,2022-02-18,2022-02-18,-0.0409224232712984,0.0003879592985688,0.0634243463145538,200,False,1.0,0.0405,3,2021-12-31,False,51,0.2843534719258672,13.868271874280154,0.0102658184860621,0.0042206577044072,0.0888360409722077,0.9563146974219414,False,,,
685676,OPPORTUNITY BANK OF MONTANA,3,2022-02-18,2022-02-18,-0.0170336095625944,-0.0003234992134917,0.3423734144036716,200,False,1.0,0.0405,3,2021-12-31,False,51,0.2006654532442476,14.173779231241465,0.0117321871614774,0.0057260067698481,0.124293252262641,0.9791126132776804,False,-0.015402551175442,False,-0.0079532664855848
613008,ROCKLAND TRUST COMPANY,4,2022-05-26,2022-05-26,-0.000594326744552,0.0004285203497875,0.8414377082570084,200,False,1.0,0.0889,4,2022-03-31,False,41,0.3286433194731111,16.81899917317792,0.0106721016802666,0.0041675465442029,0.1438486723130345,0.9829543956414898,False,-0.0158760513078972,False,-0.0166832689695602
433608,TOMPKINS COMMUNITY BANK,4,2022-05-26,2022-05-26,-0.0293452491436683,0.0001259934484287,0.73115325820809,200,False,1.0,0.0889,4,2022-03-31,False,41,0.434447288734158,15.875023971973087,0.0114448162386018,0.0049768418857332,0.0748374840429662,0.971577194535902,False,-0.0148771822868522,False,-0.0175491947527171
379920,FIRST NATIONAL BANK OF PENNSYLVANIA,4,2022-05-26,2022-05-26,-0.0059997372011753,0.0001238171744475,0.9793491748146448,200,False,1.0,0.0889,4,2022-03-31,False,41,0.4149225062970639,17.552378640818215,0.0049446283735571,0.0039915232641928,0.1310438513486126,0.9402601215156536,False,-0.0139327318777742,False,-0.0099135656336968
491224,FIRST-CITIZENS BANK & TRUST COMPANY,4,2022-05-26,2022-05-26,0.0103007072588934,-0.0011245664640811,1.1444562209758034,200,False,1.0,0.0889,4,2022-03-31,False,31,0.3335816295700257,18.50199505510309,0.010076704431107,0.0087333473334666,0.09971223876632,0.9392882764324638,False,-0.0173391233094819,False,-0.0070457123459857
246022,"BANK OF SOUTH CAROLINA, THE",4,2022-05-26,2022-05-26,0.0168728119780845,-0.0003569030230167,0.1363217447571463,200,False,1.0,0.0889,4,2022-03-31,False,41,0.4364363421161822,13.407140735254377,0.009290948395822,0.0019840457527249,0.0669246148453589,0.975304959645044,False,0.0138078723296275,False,0.0211969779343315
437914,"WILMINGTON SAVINGS FUND SOCIETY, FSB",4,2022-05-26,2022-05-26,0.0158924705633078,-0.0004289096611642,0.8650651850820862,200,False,1.0,0.0889,4,2022-03-31,False,41,0.447850956933254,16.8536827804441,0.0015072553556637,0.0030435543945251,0.1249022622631986,0.9741528534985602,False,-0.0135358011532707,True,-0.0097746266517213
761806,"WEBSTER BANK, NATIONAL ASSOCIATION",4,2022-05-26,2022-05-26,0.0404152295173941,-0.0001236508222127,1.1637306998168595,200,False,1.0,0.0889,4,2022-03-31,False,31,0.4102823050226007,17.99011717303277,0.0013275241666601,0.0053978175137308,0.134156370220262,0.9705494272721564,False,-0.0215936457984246,False,-0.0058287569871804
837000,"FIRST NATIONAL BANK OF LONG ISLAND, THE",4,2022-05-26,2022-05-26,0.0051226238545777,-0.0001904565682639,0.4183765907935273,200,False,1.0,0.0889,4,2022-03-31,False,41,0.5184391226798434,15.24816379673703,0.0118936436360581,0.0003827884667539,0.090942028034267,0.9319531971628852,False,-0.0209473840040695,False,-0.0106820358617879
510871,FIRSTBANK PUERTO RICO,4,2022-05-26,2022-05-26,0.0225494302955638,0.0006809782564502,1.2245299519635704,200,False,1.0,0.0889,4,2022-03-31,False,31,0.4615915477504964,16.807264528554633,0.0162952988545721,0.0202980330966122,0.0966918553424516,0.9654275852981864,False,-0.0182056510092615,False,-0.0264761108037157
245276,ORIENTAL BANK,4,2022-05-26,2022-05-26,-0.0140807500648447,0.0010059474760947,0.9505387340579216,200,False,1.0,0.0889,4,2022-03-31,False,41,0.3483954295258567,16.13274009571452,0.0146297785804258,0.0230683122912473,0.0978820247938363,0.9831326654185776,False,-0.0174995369123359,False,-0.0214603033573476
216922,FIRST BANK,4,2022-05-26,2022-05-26,-0.0242369524980005,-5.167417166608648e-05,0.8402745962285886,200,False,1.0,0.0889,4,2022-03-31,False,41,0.3613242638885037,16.181974266906348,0.0130034532155431,0.0055087257161672,0.109397793356805,0.9914439263116092,False,-0.0055768569438161,False,-0.0091360140557879
645625,"WESBANCO BANK, INC.",4,2022-05-26,2022-05-26,-0.0096882519306985,-2.352382402439008e-05,0.8154726452230774,200,False,1.0,0.0889,4,2022-03-31,False,41,0.3097498625833477,16.652462317195184,0.0106267865439513,0.0040764918237396,0.1486995296205881,0.96811014385482,False,-0.0161982088105179,False,-0.008228581129112
365325,UNITED BANK,4,2022-05-26,2022-05-26,-0.0295518260187097,-0.0001572848415828,0.8982906221152928,200,False,1.0,0.0889,4,2022-03-31,False,41,0.3682235464682025,17.194266776453972,0.0113498675593111,0.0033546646013378,0.1590809014018862,0.9620259891970182,False,-0.0197593159230139,False,-0.0140776244579743
816603,"WASHINGTON TRUST COMPANY, OF WESTERLY, THE",4,2022-05-26,2022-05-26,0.0043595211774004,3.741672344963781e-05,0.6208829354936071,200,False,1.0,0.0889,4,2022-03-31,False,41,0.2946516435783184,15.581484417498189,0.0114583504353489,0.0029371761989418,0.089350677513449,0.9652597737345222,False,-0.0137346408651125,False,-0.0079113347521507
130541,HORIZON BANK,4,2022-05-26,2022-05-26,-0.0170772696913424,0.000567983231031,0.7471550685672289,200,False,1.0,0.0889,4,2022-03-31,False,41,0.4211692617078368,15.81080933153168,0.0134112911998259,0.0053376889675575,0.1013881485913194,0.8932857358372255,False,0.0062539149106294,False,0.0157748389957609
701062,CENTRAL PACIFIC BANK,4,2022-05-26,2022-05-26,-0.0107106980787283,0.0003951457555709,0.7633764974747319,200,False,1.0,0.0889,4,2022-03-31,False,41,0.3719776358812818,15.801506430558874,0.0113681841263741,0.001285834925825,0.0784177154385627,0.9850554180085258,False,-0.0108087492314031,False,-0.014432790203365
802866,SILICON VALLEY BANK,4,2022-05-26,2022-05-26,0.0266070145287493,-5.643093328689579e-05,2.0203497567565134,200,False,1.0,0.0889,4,2022-03-31,False,31,0.8435787919007655,19.1991061337674,0.0094396797120346,0.0010631480834207,0.0668995978035297,0.9861292211402676,True,0.0358832043325153,False,0.0315062153011363
509811,"COMMUNITY TRUST BANK, INC.",4,2022-05-26,2022-05-26,-0.0315914775872474,0.0001267696883105,0.5081848867107414,200,False,1.0,0.0889,4,2022-03-31,False,41,0.2525765008344071,15.503818613964157,0.0141788312297297,0.0038919886441494,0.1236239489760215,0.9360972980132338,False,-0.0195206761466614,False,-0.0348608925225716
208244,OLD NATIONAL BANK,4,2022-05-26,2022-05-26,-0.000462677494115,-0.0005368530495331,0.7430476945787367,200,False,1.0,0.0889,4,2022-03-31,False,31,0.3907461282699178,17.635151923226793,-0.0009856133615934,0.0080904311518127,0.1089405038043464,0.8905410712142232,False,-0.0209391121420312,False,-0.003593043683661
4114567,FIRST REPUBLIC BANK,4,2022-05-26,2022-05-26,-0.0094339106323214,-0.0007124288282937,1.3945672171578858,200,False,1.0,0.0889,4,2022-03-31,False,31,0.728634362619819,19.04726562357984,0.0085786236894671,0.000994035194408,0.0863314672049638,0.9479030924309552,True,-0.0043878506876333,False,0.003577575785238
5210,ACNB BANK,4,2022-05-26,2022-05-26,0.0757116736886813,0.0012188374892678,0.354224210483729,200,False,1.0,0.0889,4,2022-03-31,False,51,0.260717047474901,14.817587349766963,0.0102469480710428,0.0037072965817069,0.0919053442210215,0.9786654128879132,False,-0.0115874644665386,False,-0.0165860703831197
3938186,"BANKUNITED, NATIONAL ASSOCIATION",4,2022-05-26,2022-05-26,-0.0419544347985851,0.000331974377186,1.075640944017458,200,False,1.0,0.0889,4,2022-03-31,False,41,0.6768784074796476,17.404642961403436,0.0095644924144095,0.0366338013530064,0.0914281613560199,0.8739698287562858,False,-0.0201652274367269,False,0.0105771378911857
680813,"FARMERS NATIONAL BANK OF CANFIELD, THE",4,2022-05-26,2022-05-26,-0.0020328074722174,0.0003503390534629,0.5233522997970778,200,False,1.0,0.0889,4,2022-03-31,False,41,0.3626542262761364,15.246538772298472,0.010309352287522,0.0060890626198922,0.0898410661444256,0.9928994931436362,False,-0.0099194211626943,False,-0.0097386462864818
785923,LCNB NATIONAL BANK,4,2022-05-26,2022-05-26,0.0059347116595154,0.000402657175397,0.4523168119364611,200,False,1.0,0.0889,4,2022-03-31,False,51,0.2681137862637668,14.45515410840661,0.0106551042960642,0.0010547139188167,0.117529492748463,0.9784858505001816,False,-0.0176609426194181,False,-0.0188215942518553
2787770,BANK OF THE JAMES,4,2022-05-26,2022-05-26,-0.0033689553830788,-0.0003792774927981,0.2304771487287503,200,False,1.0,0.0889,4,2022-03-31,False,41,0.2358813301407062,13.778734534121474,0.0083992812472766,0.0014145539672261,0.0714519883970403,0.9882885298652544,False,-0.0030290183498984,False,-0.0056170292577375
258771,HOMESTREET BANK,4,2022-05-26,2022-05-26,-0.0664531152163042,0.0008197585569875,0.6494639157024725,200,False,1.0,0.0889,4,2022-03-31,False,41,0.3927539187877293,15.827045914285568,0.01192221582293,0.0038241668604788,0.0995711582339826,0.9396996840656402,False,-0.0167110496780003,False,-0.0052553282359346
212577,HOMETRUST BANK,4,2022-05-26,2022-05-26,0.0012425887149888,0.0001959639192723,0.4380391888131448,200,False,1.0,0.0889,4,2022-03-31,False,41,0.2372743677888737,15.080094525192544,0.0092884073639767,0.0020866841113602,0.1092073992148788,0.9704667229609796,False,-0.0213705102815928,False,-0.0239529209178922
4210227,NBH BANK,4,2022-05-26,2022-05-26,0.0047193076928384,0.0005205082403589,0.696695263031331,200,False,1.0,0.0889,4,2022-03-31,False,41,0.2838357670327323,15.80541859020524,0.0109076577121561,0.0024099622407065,0.0983495106742288,0.982534924087037,False,-0.0119147957329298,False,-0.0077307592546284
884303,CHEMUNG CANAL TRUST COMPANY,4,2022-05-26,2022-05-26,-5.9214424172181245e-05,0.0003933264948548,-0.0271129471512884,200,False,1.0,0.0889,4,2022-03-31,False,41,0.3771505103071342,14.720198638655566,0.0106282026950085,0.004923829034955,0.0719135661334894,0.9822154473760284,False,-0.0085911947550186,False,-0.0048366081969081
2758613,FIRST INTERNET BANK OF INDIANA,4,2022-05-26,2022-05-26,-0.0080416933555077,0.001588488622752,0.8392969765330901,200,False,1.0,0.0889,4,2022-03-31,False,51,0.3599301720715874,15.25556177640706,0.0122807582816225,0.0024307226879916,0.1017884286618626,0.8604776971950311,False,-0.020298052885544,False,-0.0152702481698545
122854,INDEPENDENT BANK DBA INDEPENDENT FINANCIAL,4,2022-05-26,2022-05-26,0.0068555244366457,-0.0001110178865239,0.8163486965205609,200,False,1.0,0.0889,4,2022-03-31,False,41,0.5338619743683185,16.70359258531599,0.0124861126826065,0.0055104526662935,0.157967066009638,0.9824446988505698,False,-0.0184669659146515,False,-0.0158229175258816
2354985,CUSTOMERS BANK,4,2022-05-26,2022-05-26,-0.0206689226878769,0.0012425485439673,1.7904320358349888,200,False,1.0,0.0889,4,2022-03-31,False,41,0.7120926782871636,16.768155408267674,0.0166923558742535,0.0035303184321077,0.0766689080232753,0.9388079641828532,False,-0.0190602511457525,False,-0.0094280908314003
3475083,TRISTATE CAPITAL BANK,4,2022-05-26,2022-05-26,-0.023606446877068,0.0027677883461268,1.1560549560940354,200,True,1.0,0.0889,4,2022-03-31,False,41,0.6675163193994658,16.425755335395568,0.0071513955645997,0.0,0.070510822370791,0.9647144151451386,False,-0.0185889579861068,False,0.0124416484874461
697978,COMMUNITY BANK OF THE CHESAPEAKE,4,2022-05-26,2022-05-26,0.0534612724757608,0.0006875382455783,0.2441526294239759,200,False,1.0,0.0889,4,2022-03-31,False,41,0.2513229367694163,14.670053112069333,0.0119984733857266,0.0046577668855446,0.0947768773249701,0.9856614078668136,False,-0.010933342505794,False,-0.016683625523652
3401970,FIRST BANK,4,2022-05-26,2022-05-26,0.0170503549872255,0.0002183607574526,0.467421502015715,200,False,1.0,0.0889,4,2022-03-31,False,41,0.4558787269358715,14.760911447764842,0.0126783081343282,0.0058515134883171,0.1053159766808024,0.9457685456435662,False,-0.0192515173594626,False,-0.0189595438596672
3284070,ALLY BANK,4,2022-05-26,2022-05-26,0.0202289973668825,-0.0004437429521474,1.3249537727324492,200,False,1.0,0.0889,4,2022-03-31,False,31,0.149663588345075,18.977314948525315,0.0212059904057221,0.0107637476977539,0.0892542942130571,0.913804387499528,False,-0.0294560301544673,False,-0.0387197045696588
3109043,BANKWELL BANK,4,2022-05-26,2022-05-26,0.0386391137543021,0.0010804756256186,0.3500701336484705,200,False,1.0,0.0889,4,2022-03-31,False,41,0.508285938374111,14.729324224443529,0.0148062306145403,0.0080839356756898,0.0965524708127908,0.9631744969332424,False,-0.0153850129592315,False,-0.005712033725532
762447,"FIRST MID BANK & TRUST, NATIONAL ASSOCIATION",4,2022-05-26,2022-05-26,-0.0028410810321882,-0.0003299219053016,0.6738562033097886,200,False,1.0,0.0889,4,2022-03-31,False,41,0.3203167033098418,15.585725263256974,0.0094180732867243,0.0046676718149426,0.105690557097495,0.9460526132883886,False,-0.0168473340840939,False,-0.0128396486254592
1216022,SYNCHRONY BANK,4,2022-05-26,2022-05-26,0.0281277440130368,-0.0010460488561999,1.2027347857436386,200,False,1.0,0.0889,4,2022-03-31,False,41,0.1551032412784121,18.271287064967503,0.0405002148090521,0.0127081564683602,0.1370365639840693,0.8920897189219736,False,-0.047934451814912,True,-0.1002527597244508
3303298,"CITIZENS BANK, NATIONAL ASSOCIATION",4,2022-05-26,2022-05-26,-0.0087948802257472,-0.0002248781829876,1.2148031247396671,200,False,1.0,0.0889,4,2022-03-31,False,31,0.4266522788380966,19.072323765078803,0.0093795211983855,0.012359069868743,0.1125740334936424,0.947322550143627,False,-0.0218017994438813,False,-0.0004142515464024
177920,"MIDDLEFIELD BANKING COMPANY, THE",4,2022-05-26,2022-05-26,0.0128352067710649,0.0003992933461062,0.2109207934491486,200,False,1.0,0.0889,4,2022-03-31,False,41,0.315919522055367,14.093857190478714,0.0137265470754248,0.004835690834893,0.106351972528737,0.9911483583927948,False,-0.0186648885024873,False,-0.0198468963121079
371924,COMMUNITY BANK,4,2022-05-26,2022-05-26,0.0945396551708271,0.000203671746907,0.2348215384130085,200,False,1.0,0.0889,4,2022-03-31,False,51,0.3620738385165348,14.177891392304865,0.0086612386601389,0.0052045673213526,0.0824244508075888,0.9608085423678416,False,-0.0121522991519625,False,-0.0120508153561997
3221468,VERITEX COMMUNITY BANK,4,2022-05-26,2022-05-26,0.0094184790615578,0.0001740877131492,1.1267691749514883,200,False,1.0,0.0889,4,2022-03-31,False,41,0.6187379142323691,16.16203023633782,0.0137220862195357,0.0068075705022062,0.1573314167481725,0.8998197875291789,False,-0.0209814377105824,False,-0.0086052226471792
3637685,FIRST FOUNDATION BANK,4,2022-05-26,2022-05-26,-0.0437793312833041,0.0003077833550058,0.9730360437198688,200,False,1.0,0.0889,4,2022-03-31,False,41,0.6644134444361127,16.162136076767872,0.0119568477143983,0.0013727248696272,0.1121164994584816,0.9744699658924876,False,-0.0173971685792301,False,0.0035112101082296
866000,GLENS FALLS NATIONAL BANK AND TRUST COMPANY,4,2022-05-26,2022-05-26,0.0058481439860649,-0.0003702024223043,0.5348480332931096,200,False,1.0,0.0889,4,2022-03-31,False,41,0.2929302048779828,15.00519131581556,0.011645656524343,0.0030759359903381,0.0852310628746159,0.9838570488513568,False,-0.0146716748439502,False,-0.0219885339084974
766164,"TBK BANK, SSB",4,2022-05-26,2022-05-26,0.0034617089905273,0.0004963033174302,1.6730730821194038,200,False,1.0,0.0889,4,2022-03-31,False,41,0.3809252720676132,15.618925339381978,0.018051045237821,0.0122443134209067,0.1598366549753959,0.9351086395149252,False,-0.0363793567989745,False,-0.0521960723942373
403179,FIRST FED BANK,4,2022-05-26,2022-05-26,-0.0274828284740822,0.0012953396632849,0.3704175638719943,200,False,1.0,0.0889,4,2022-03-31,False,51,0.2695685259291692,14.47584938219615,0.0072272672786868,0.0008978555565836,0.0970540154010854,0.8978361815169904,False,-0.0167498272849897,False,-0.0144618606651352
917742,"ASSOCIATED BANK, NATIONAL ASSOCIATION",4,2022-05-26,2022-05-26,-0.0003378561681364,0.0004774796011782,0.9382940471141928,200,False,1.0,0.0889,4,2022-03-31,False,41,0.5409218027396296,17.368188543686184,0.0087985471659973,0.0060614027863129,0.11101742956189,0.9163131191244436,False,-0.0002128891994825,False,0.0040417383286524
3650808,LIVE OAK BANKING COMPANY,4,2022-05-26,2022-05-26,0.0033757335659063,-0.0005147839678431,1.8847442656659588,200,False,1.0,0.0889,4,2022-03-31,False,41,0.1611166645106409,15.96012530214135,0.0171392748189987,0.0130221094638057,0.0780687948389641,0.9721586541704474,False,-0.0247462205687162,False,-0.0165406023079826
139656,EQUITY BANK,4,2022-05-26,2022-05-26,-0.0092271567038142,9.43624587485414e-05,0.5688793551094896,200,False,1.0,0.0889,4,2022-03-31,False,41,0.3372460816177815,15.440289394376965,0.0136182724032634,0.0063807121244627,0.1027080162354135,0.967513400999206,False,-0.0178871622627896,False,-0.0266035158492072
422433,FIRST GUARANTY BANK,4,2022-05-26,2022-05-26,0.0149981836531186,0.001803776889419,0.3629867376060175,200,False,1.0,0.0889,4,2022-03-31,False,41,0.5037149675747361,14.88299571854386,0.0111235783892819,0.0086579873148854,0.0893555387669498,0.9943078446314222,False,-0.0279736975134564,False,-0.0130070534494394
3532641,SMARTBANK,4,2022-05-26,2022-05-26,0.0046435633462495,0.0002682454980043,0.6668400484026075,200,False,1.0,0.0889,4,2022-03-31,False,41,0.3392473246248762,15.367001298511743,0.0078465630701627,0.0011977581154513,0.0969426930047034,0.9859671561753784,False,-0.0125732367854023,False,-0.0069871880539602
2941068,NICOLET NATIONAL BANK,4,2022-05-26,2022-05-26,-0.0165913978608825,0.0013013089946317,0.4556663701808993,200,False,1.0,0.0889,4,2022-03-31,False,41,0.2999011706202678,15.805724222577531,0.0132145302980129,0.0084528728367879,0.135021990278385,0.9892825678355692,False,-0.0172684102631888,False,-0.0101589706565715
773247,MIDLAND STATES BANK,4,2022-05-26,2022-05-26,-0.0167274794784888,0.0004786322218497,0.5824767200469524,200,False,1.0,0.0889,4,2022-03-31,False,41,0.3734924448640603,15.79903119588587,0.0140897022916128,0.0086192275075167,0.0996064134506521,0.9319073535382368,False,-0.0237662866376212,False,-0.0227526364041967
40499,HARBORONE BANK,4,2022-05-26,2022-05-26,-0.0123966180385743,-0.0001555559490422,0.6386905052299785,200,False,1.0,0.0889,4,2022-03-31,False,41,0.341348617166374,15.34048736597019,0.0111537730816966,0.00693827331094,0.1192506175684766,0.9587178496277312,False,-0.0192199627253947,False,-0.0123964720199993
980661,FIRST HAWAIIAN BANK,4,2022-05-26,2022-05-26,-0.0004228877897313,0.0001822290972286,0.928642148867976,200,False,1.0,0.0889,4,2022-03-31,False,31,0.478388310312704,17.03606393495476,0.009599882181812,0.0010105693233257,0.0908172015512834,0.9786867659896912,False,0.0061477846368594,False,0.0001840616889916
436159,FIRSTBANK,4,2022-05-26,2022-05-26,0.0254392876539297,0.0006478418058275,0.9512860094163688,200,False,1.0,0.0889,4,2022-03-31,False,41,0.5436761659004102,16.35394628424862,0.0111830691227669,0.0054496087936447,0.1079631104692219,0.9760817401138868,False,-0.0209846227674282,False,-0.014065983209214
795968,BANK OF HAWAII,4,2022-05-26,2022-05-26,-0.0046884310677559,-0.0001512848724469,0.7821487827831657,200,False,1.0,0.0889,4,2022-03-31,False,31,0.476177519689361,16.94972948279443,0.009641505280186,0.0020444174940048,0.061855746848146,0.9617262196831546,False,0.0071351648481746,False,0.0058707162537273
321273,AFFINITY BANK,4,2022-05-26,2022-05-26,-0.0283135354764153,0.001149976462541,0.1839377285548099,200,False,1.0,0.0889,4,2022-03-31,False,51,0.2435824229410978,13.541047396126771,0.0097213084554856,0.0105274178163459,0.1349719729466565,0.967008110689926,False,-0.0176297373009046,False,-0.0167765926497299
214414,"FARMERS & MERCHANTS STATE BANK, THE",4,2022-05-26,2022-05-26,0.0369166097947283,0.002472439164175,0.3507540388484972,200,False,1.0,0.0889,4,2022-03-31,False,41,0.1928000024790026,14.79304952892989,0.0126926939129171,0.0043596439530961,0.1093044263775971,0.9542056090557264,False,-0.0165106488576748,False,-0.0137132409585269
129732,BYLINE BANK,4,2022-05-26,2022-05-26,-0.0127704839655125,0.0005878917128443,0.7306137640639611,200,False,1.0,0.0889,4,2022-03-31,False,41,0.3664255371102516,15.73580512576751,0.0140830207616392,0.0061597717593631,0.1244471614112802,0.9323304545178344,False,-0.0206185594181874,False,-0.0162382297812275
3835454,ROYAL BUSINESS BANK,4,2022-05-26,2022-05-26,-0.021407592891651,-5.647607221277153e-05,0.788059894852071,200,False,1.0,0.0889,4,2022-03-31,False,41,0.558727575625592,15.204781235457055,0.016417064833996,0.0059863520770251,0.1442186203473995,0.9435969984187028,False,-0.0328617197550671,False,-0.0379092588116365
3595271,"BANK OF PRINCETON, THE",4,2022-05-26,2022-05-26,0.0136421858799983,0.0001732070692637,0.2472622558067831,200,False,1.0,0.0889,4,2022-03-31,False,41,0.3400698556063113,14.333082772222015,0.0143532371961245,0.0009626170568861,0.1270837194694236,0.984185254545442,False,-0.0235065068072767,False,-0.0405136883519649
736206,CAMBRIDGE TRUST COMPANY,4,2022-05-26,2022-05-26,0.0030222013545973,2.651760250692864e-05,0.5977254711196466,200,False,1.0,0.0889,4,2022-03-31,False,51,0.5233865563889943,15.428552169268576,0.0106264364391673,0.0017386694658572,0.0838054455803657,0.976404841663239,False,-0.0005387905119894,False,0.0035568111673182
1007819,"FIDELITY DEPOSIT AND DISCOUNT BANK, THE",4,2022-05-26,2022-05-26,0.0157760682703595,-0.0010396053816922,0.7436618588545122,200,False,1.0,0.0889,4,2022-03-31,False,51,0.4112083278667758,14.699634233056406,0.0131903429439596,0.0016768079416219,0.0723110197937759,0.9842386278072872,False,-0.0128377640774666,False,-0.0219647953902307
963945,MERCHANTS BANK OF INDIANA,4,2022-05-26,2022-05-26,0.0307422511062942,0.0001005501716844,0.8614474717239005,200,False,1.0,0.0889,4,2022-03-31,False,41,0.6958491766030794,16.052430094955483,0.0213774662446446,0.0004831379721889,0.1207172025235892,0.8845116541905378,False,-0.0215677708144528,False,-0.0271061366199602
2705895,METROPOLITAN COMMERCIAL BANK,4,2022-05-26,2022-05-26,-0.0360918321746468,0.0024477407584546,1.2539654348909208,200,False,1.0,0.0889,4,2022-03-31,False,41,0.8096321846242701,15.705870545466851,0.01195393605801,5.824305457641161e-06,0.0858931291899787,0.9862905747887531,False,-0.0105273360784501,False,0.0033972790141251
3579589,ALLEGIANCE BANK,4,2022-05-26,2022-05-26,0.0085142088779362,0.0003852123417148,0.5816853596205622,200,False,1.0,0.0889,4,2022-03-31,False,41,0.5725245622134126,15.781266330590292,0.011099802851614,0.006133982519959,0.1065749693955736,0.9741979132915076,False,-0.0042399287363297,False,0.0084652460862542
3271799,MERIDIAN BANK,4,2022-05-26,2022-05-26,0.0029539083221595,0.0012529732955431,0.2549696069821739,200,False,1.0,0.0889,4,2022-03-31,False,51,0.5337851329721233,14.420626204988167,0.0132615219299969,0.0150975142796909,0.1061156539249474,0.9574813528904776,False,-0.0275954517703872,False,-0.0191142633229745
979375,"STERLING BANK AND TRUST, FSB",4,2022-05-26,2022-05-26,-0.0021383148807731,0.0022698882182792,0.3991364260480363,200,False,1.0,0.0889,4,2022-03-31,False,41,0.2043788442082205,14.847808171288618,0.0102824247402234,0.0272568478336262,0.1359247646223039,0.917964432979279,False,-0.012992095091303,False,-0.0189081896242658
497570,LUTHER BURBANK SAVINGS,4,2022-05-26,2022-05-26,-0.0201977665869149,0.0007938132396476,0.4479967679353382,200,False,1.0,0.0889,4,2022-03-31,False,41,0.4372525626475145,15.797569812006392,0.0133921712923687,0.0003576419942381,0.1112469520189184,0.8750564122885227,False,-0.0206103322269363,False,-0.011896844667198
2757205,"MVB BANK, INC.",4,2022-05-26,2022-05-26,-0.0670339913589918,-9.678984601598784e-05,0.5891192618352165,200,False,1.0,0.0889,4,2022-03-31,False,41,0.7152398643159804,14.87599375078141,0.0087915710621982,0.0124618906835503,0.1080534226111118,0.9824268500643312,False,-0.0182877610934261,False,-0.0080488330456518
3378773,BRIDGEWATER BANK,4,2022-05-26,2022-05-26,-0.0027113218217526,8.979288575507112e-05,0.5424818386120661,200,False,1.0,0.0889,4,2022-03-31,False,41,0.4040357131387095,15.097506061889725,0.0144490962932707,0.0002370000758668,0.108480325343302,0.9691304997385524,False,-0.0190759016985453,False,-0.0141154525588042
3357219,OPEN BANK,4,2022-05-26,2022-05-26,0.0001518437306134,0.0016680168425442,0.6477246731464936,200,False,1.0,0.0889,4,2022-03-31,False,51,0.5467838650005167,14.43810597402327,0.0177984385320205,0.0018525695324275,0.0877661757770183,0.9847163601116116,False,-0.0164107384096482,False,-0.0202277083294347
3281510,UNITED BUSINESS BANK,4,2022-05-26,2022-05-26,0.0460642560973204,0.0010891721109004,0.1795843732800027,200,False,1.0,0.0889,4,2022-03-31,False,51,0.4892160502519854,14.822225370259016,0.0104114746933781,0.0062606707476743,0.1334380376204598,0.9881759107374032,False,-0.0261948218685169,False,-0.0213806827921396
667757,ORIGIN BANK,4,2022-05-26,2022-05-26,0.0273193377451519,-4.8765121107477127e-05,0.7308673522244791,200,False,1.0,0.0889,4,2022-03-31,False,41,0.5558480630710878,15.901306865282118,0.0106158241212271,0.0113181792329421,0.0845142218357968,0.9230274540280162,False,-0.0176354809055602,False,-0.0042836610348775
2562164,COASTAL COMMUNITY BANK,4,2022-05-26,2022-05-26,-0.0290189373533125,0.0022289167572431,1.0349825585212666,200,False,1.0,0.0889,4,2022-03-31,False,41,0.3156986985122431,14.855884084720673,0.0092245485772755,0.0011952577067362,0.0779673628772338,0.991588382149789,False,-0.0224857956758294,False,-0.030389411780631
3158546,FIRST WESTERN TRUST BANK,4,2022-05-26,2022-05-26,0.0185178969564345,0.0010770280521315,0.3947178319187935,200,False,1.0,0.0889,4,2022-03-31,False,51,0.479202607617162,14.759907775843184,0.0091581452383517,0.0021825385664485,0.0925918507752804,0.9793471156380656,False,-0.0185709159554571,True,-0.0071984362115709
661308,AMALGAMATED BANK,4,2022-05-26,2022-05-26,0.0254658848364114,0.0010822207464937,0.549519142472375,200,False,1.0,0.0889,4,2022-03-31,False,41,0.6655084286488491,15.851558311312022,0.0079255650646439,0.0105158552051613,0.074931653880788,0.9895085394821216,False,-0.0046339871545251,False,0.0160749086018026
83638,"AMERANT BANK, NATIONAL ASSOCIATION",4,2022-05-26,2022-05-26,-0.0162842483000223,0.0015997703239279,0.733706361870164,200,False,1.0,0.0889,4,2022-03-31,False,31,0.4196786108299604,15.8657713271903,0.0092402412532318,0.0082094995487816,0.1050698417115115,0.8267881978282154,False,-0.0183678101811775,False,-0.0028351996177821
18854,BANK7,4,2022-05-26,2022-05-26,-0.0234441403324493,0.0016318951358081,0.7469071532321084,200,False,1.0,0.0889,4,2022-03-31,False,41,0.3329658746438702,14.166330796514028,0.0174168727362853,0.0091574126191386,0.0903049642593604,0.9935084033938658,False,-0.0205095416077293,False,-0.0312840545434896
2808602,"CAPITAL BANK, NATIONAL ASSOCIATION",4,2022-05-26,2022-05-26,-0.0032801347595359,0.0005056334006938,0.6370364993040023,200,False,1.0,0.0889,4,2022-03-31,False,41,0.4931795121511726,14.547579368495043,0.0186478841268879,0.0038007693061291,0.0811170455780526,0.9759099390015727,False,-0.0246130620058959,False,-0.0362754382775354
3614976,FVCBANK,4,2022-05-26,2022-05-26,0.015379239091345,0.0006224152397834,0.2318974596272621,200,False,1.0,0.0889,4,2022-03-31,False,51,0.5006828556821445,14.550278933598618,0.0136633159056671,0.0023048314848179,0.1021588019946292,0.9727729409967318,False,-0.0173853761208054,False,-0.0120945788755664
594947,"BANK FIRST, NATIONAL ASSOCIATION",4,2022-05-26,2022-05-26,0.0170057796717507,0.000214687801593,0.3574530711292025,200,False,1.0,0.0889,4,2022-03-31,False,41,0.3217082894251387,14.888780764849214,0.0144372735201435,0.0023512574998122,0.112665298884178,0.9879289864224696,False,-0.0178475088290392,False,-0.0200720636949577
3476192,CARTER BANK & TRUST,4,2022-05-26,2022-05-26,-0.0423465595336408,0.0017625482714499,0.8464774889851199,200,False,1.0,0.0889,4,2022-03-31,False,41,0.1486025090568814,15.231971303700442,0.0095854364240762,0.0025212493953424,0.0860139856747258,0.990680777757224,False,-0.0140827677356284,False,-0.0235622245033708
3248849,MAINSTREET BANK,4,2022-05-26,2022-05-26,-0.012630503330007,0.0002388912244393,0.3048637916992871,200,False,1.0,0.0889,4,2022-03-31,False,41,0.47836804079898,14.383496928900824,0.0131330360229159,0.0,0.1342605867252976,0.9548894179066476,False,-0.0276418258549044,False,-0.0391955855938327
289515,FARMERS AND MERCHANTS TRUST COMPANY OF CHAMBERSBURG,4,2022-05-26,2022-05-26,0.0513198830972796,0.0003796121775974,0.1079036922248676,200,False,1.0,0.0889,4,2022-03-31,False,51,0.2268989298365823,14.384582070721375,0.0079813157963258,0.007385578800919,0.0781727428442692,0.991171146387772,False,-0.0057933264054638,False,-0.0077979796831682
2743244,RED RIVER BANK,4,2022-05-26,2022-05-26,0.0253323867514542,0.0003558263742072,0.4650680181983577,200,False,1.0,0.0889,4,2022-03-31,False,41,0.397675952223939,14.982390655324826,0.0093438390812327,0.0001796680946656,0.0784023816017405,0.9933009721529216,False,0.0093723696773624,False,-0.0019570509126027
575254,CITY BANK,4,2022-05-26,2022-05-26,-0.0255191473164474,0.0006635314674758,0.6180590689546528,200,False,1.0,0.0889,4,2022-03-31,False,41,0.4228438343987758,15.201191230816034,0.0156836219020369,0.004889196731676,0.1008221043610254,0.9877524165357956,False,-0.0137513269515693,False,-0.0263853853089051
419675,FIRST BANK RICHMOND,4,2022-05-26,2022-05-26,0.0142014697651079,0.0008160196884944,0.2014167796940157,200,False,1.0,0.0889,4,2022-03-31,False,51,0.2442530931635569,14.04056029135851,0.0113703054571876,0.0092137649081984,0.108401170566559,0.8320295533415426,False,-0.0161523227049218,False,-0.0201327602174933
3594005,CROSSFIRST BANK,4,2022-05-26,2022-05-26,-0.0181238453492057,0.0001680278950707,0.632190233940104,200,False,1.0,0.0889,4,2022-03-31,False,41,0.512642967408836,15.522875586671914,0.0122551597522999,0.0079559625231747,0.1121620945261253,0.9447039811238128,False,-0.0162377752323538,False,-0.0086419462971801
933256,"ALERUS FINANCIAL, NATIONAL ASSOCIATION",4,2022-05-26,2022-05-26,-0.0529194725271608,-0.000572822947242,0.7746938532635951,200,False,1.0,0.0889,4,2022-03-31,False,41,0.6055865636237809,15.01990557314666,0.0134211322558483,0.002290877903545,0.093364971972336,0.983589629267515,False,-0.0046525286417989,False,0.0052765551333734
426534,HEARTLAND BANK AND TRUST COMPANY,4,2022-05-26,2022-05-26,0.0140600311334584,0.0004774908476606,0.6484459479933812,200,False,1.0,0.0889,4,2022-03-31,False,41,0.2130690984029817,15.284878950726169,0.0140987357842157,0.0010017826428905,0.09952745767906,0.9811760359376108,False,-0.0026586241954371,False,-0.0109718862904319
3437456,METRO CITY BANK,4,2022-05-26,2022-05-26,-0.0354619612089181,0.00115357832482,0.9121605783017672,200,False,1.0,0.0889,4,2022-03-31,False,41,0.2792089781425785,14.961674466344409,0.0247811497469407,0.0037207256080329,0.0955538299628651,0.8529808162351576,False,-0.0279866350216795,False,-0.0321839397211946
324340,CHOICEONE BANK,4,2022-05-26,2022-05-26,-0.0112368050592864,0.0003163870769106,0.0694494922458248,200,False,1.0,0.0889,4,2022-03-31,False,41,0.3513335577265418,14.680069162335604,0.0100338759152436,0.0011211936340796,0.0878861378339465,0.9974964439436204,False,0.0122302670331337,False,0.0213263637386056
128904,EASTERN BANK,4,2022-05-26,2022-05-26,-0.0022028525554998,0.0001573769870015,0.8351611535055171,200,False,1.0,0.0889,4,2022-03-31,False,41,0.5142676364251753,16.94292320581489,0.0091482429027766,0.0027814878904116,0.1260693408199116,0.9791795489125448,False,0.0251047172131528,False,0.0080592725149384
395238,SYNOVUS BANK,4,2022-05-26,2022-05-26,-0.0086626262971202,0.0004192992345216,1.325929877588794,200,False,1.0,0.0889,4,2022-03-31,False,41,0.5205499617576207,17.846669940646585,0.0123002844663148,0.0033061346749917,0.0866041911560942,0.9541053940696036,False,-0.0182898230034854,False,-0.0151256607115287
933966,CITIZENS BUSINESS BANK,4,2022-05-26,2022-05-26,0.0012369554635838,0.0006971219935056,0.4879450144682519,200,False,1.0,0.0889,4,2022-03-31,False,41,0.6503634193379256,16.67988781173248,0.0106859751508256,0.0015439348095204,0.1160657511451621,0.9384750330139192,False,-0.0114576352659936,False,0.0035792853852453
2708122,VIRGINIA NATIONAL BANK,4,2022-05-26,2022-05-26,-0.0147333651952812,-0.0003797196218438,0.2587407413796541,200,False,1.0,0.0889,4,2022-03-31,False,51,0.2703442723098535,14.475091647816594,0.0107529439260551,0.0013456317120209,0.0760865406193025,0.9939742516364156,False,0.0103585773731935,False,1.188154526918228e-05
2867337,FIVE STAR BANK,4,2022-05-26,2022-05-26,-0.0052415951892391,0.0005854246129654,0.7640859403609392,200,False,1.0,0.0889,4,2022-03-31,False,41,0.6230352732581812,14.836879965783174,0.0152106863714194,0.0006352413534467,0.0914272441974148,0.9938310064357287,False,-0.0164967451171672,False,-0.017477117044492
3146150,U.S. CENTURY BANK,4,2022-05-26,2022-05-26,-0.008108106990706,0.0018018845709383,0.1039647485709508,182,False,1.0,0.0889,4,2022-03-31,False,31,0.5280289656558546,14.492148203044318,0.0098696049108095,0.0,0.0970577231590055,0.9691338529483792,False,-0.0143684456229084,False,0.0028564772750261
176101,ORANGE BANK & TRUST COMPANY,4,2022-05-26,2022-05-26,-0.0473291389973002,0.001282359440592,0.3091783219164373,173,False,1.0,0.0889,4,2022-03-31,False,41,0.5079214777740414,14.63608566785353,0.0097666790210079,0.0050980339259432,0.0677439006675746,0.991301309548823,False,-0.0110751819159054,False,-0.0050539256639404
3630323,"THIRD COAST BANK, SSB",4,2022-05-26,2022-05-26,0.0528688460736523,-0.0004113978103836,0.586135031634284,106,False,1.0,0.0889,4,2022-03-31,False,51,0.736623056313501,14.926859720508764,0.0028606643837081,0.0040589147223487,0.1238757855554879,0.9741568948004256,False,-0.0190718170618211,False,-0.0168838801409796
60143,COMERICA BANK,4,2022-05-26,2022-05-26,-0.0008444656001782,0.0014025603011649,1.2543292883419526,200,False,1.0,0.0889,4,2022-03-31,False,31,0.6448664387897202,18.305741161847543,0.0079423840613852,0.0059513002077911,0.0805905184985753,0.9637863295834452,False,-0.007938919964386,False,0.0021572639562136
601050,COMMERCE BANK,4,2022-05-26,2022-05-26,-0.0024990251697892,5.28973049932155e-05,0.779119342668434,200,False,1.0,0.0889,4,2022-03-31,False,41,0.4295185535741211,17.366229119838,0.0131698575092924,0.001228671828058,0.0727183572628111,0.914595201151538,False,-0.0054987344605712,False,-0.0029589553183859
682563,FROST BANK,4,2022-05-26,2022-05-26,0.002525149125092,0.0012694494863111,1.0620333449056782,200,False,1.0,0.0889,4,2022-03-31,False,41,0.5581378922106328,17.753697230037385,0.0079148263433536,0.003961779329653,0.0690958424580306,0.941665338330556,False,0.0467918441200626,False,0.0340513330383314
723112,"FIFTH THIRD BANK, NATIONAL ASSOCIATION",4,2022-05-26,2022-05-26,0.0030993934684854,0.0004843839186651,1.2029570416654067,200,False,1.0,0.0889,4,2022-03-31,False,31,0.606200529280653,19.16334412981199,0.010593867528329,0.0076271044598956,0.1013401199977974,0.9329337273657288,False,-0.0161464794397291,False,0.0010314327573429
233031,REGIONS BANK,4,2022-05-26,2022-05-26,0.0101013884154163,0.0004972859092466,1.2535770321688535,200,False,1.0,0.0889,4,2022-03-31,False,31,0.3912875515378834,18.910358315744165,0.01426654165058,0.0055991912279337,0.1028257312521831,0.9724795081967214,False,-0.0210332882656712,False,-0.0112862146352079
342634,TRUSTMARK NATIONAL BANK,4,2022-05-26,2022-05-26,0.015107086762452,8.415151933862025e-07,0.8086916454454155,200,False,1.0,0.0889,4,2022-03-31,False,41,0.4260362294449443,16.674230874464996,0.0070448201855177,0.0120298955269604,0.0997292535733872,0.9675313971377576,False,-0.0174494348928205,False,0.0001680113718093
501105,MANUFACTURERS AND TRADERS TRUST COMPANY,4,2022-05-26,2022-05-26,0.0055417565003969,0.0007836387594364,1.0343419652773087,200,False,1.0,0.0889,4,2022-03-31,False,31,0.5152831434819573,18.822255675124683,0.0090806433541664,0.0317008290919657,0.1103908189347457,0.9685867881302204,False,-0.0179179133996263,False,0.0054370534718825
165628,FIRST FINANCIAL BANK,4,2022-05-26,2022-05-26,-0.0281393262308319,-0.000216708109668,0.927263943290152,200,False,1.0,0.0889,4,2022-03-31,False,41,0.4142376951097319,16.583450240144934,0.0117472366202538,0.0049311200311812,0.1444500579814323,0.9450079322469048,False,-0.0162486443400032,False,-0.0080278584183262
991340,1ST SOURCE BANK,4,2022-05-26,2022-05-26,0.018551683499875,-5.499345440261085e-05,0.6901518299871489,200,False,1.0,0.0889,4,2022-03-31,False,41,0.3934908236851088,15.896211431352963,0.0135394386149153,0.0068878779571605,0.1062749552719878,0.9393884454103846,False,-0.0110883852153092,False,-0.0164207658248645
485559,FIRST HORIZON BANK,4,2022-05-26,2022-05-26,-0.0458846559992958,0.0018476764720675,0.8315155841083308,200,False,1.0,0.0889,4,2022-03-31,False,41,0.501080490910973,18.296518693071768,0.009852262706022,0.0067888688398699,0.0938273511506032,0.9428347379054836,False,-0.0232749450417866,False,-0.0185634787728411
451965,"WELLS FARGO BANK, NATIONAL ASSOCIATION",4,2022-05-26,2022-05-26,-0.0210277565486224,0.0005891287289556,1.1316563040168155,200,False,1.0,0.0889,4,2022-03-31,False,31,0.5217545392084982,21.29100397765552,0.0081007917146562,0.0126027366265619,0.0937910934368396,0.9495118122056332,False,0.0009953449257133,False,0.011787045213705
12311,"HUNTINGTON NATIONAL BANK, THE",4,2022-05-26,2022-05-26,-0.0424071038946087,6.092736369297139e-05,1.1904175965536412,200,False,1.0,0.0889,4,2022-03-31,False,31,0.5763029163450821,18.98611156320192,0.0112934739255937,0.0083648675648979,0.1019055241802812,0.9519137811337128,False,-0.0196137334610456,False,-0.0086016140460914
852218,"JPMORGAN CHASE BANK, NATIONAL ASSOCIATION",4,2022-05-26,2022-05-26,-0.0090594549871874,-0.0005379332938384,0.9288511142610912,200,False,1.0,0.0889,4,2022-03-31,False,31,0.4657175407710223,21.969352568887533,0.0073448727835014,0.0088616185768521,0.0860448279997963,0.8292652453771585,False,0.0216376799561287,False,0.0164136327788163
541101,"BANK OF NEW YORK MELLON, THE",4,2022-05-26,2022-05-26,-0.0195013425179188,-5.99925827317267e-05,1.0486517635781236,200,False,1.0,0.0889,4,2022-03-31,False,31,0.5998728357624963,19.75690474680393,0.0050044025074579,0.0015482810920121,0.0705137134821862,0.9539697486405552,False,0.0571386032941642,True,0.0434632170387002
210434,"NORTHERN TRUST COMPANY, THE",4,2022-05-26,2022-05-26,-0.0191130922357142,0.0002343246650901,1.182992798571925,200,False,1.0,0.0889,4,2022-03-31,False,31,0.32351762200361,18.96369317586131,0.0090691988243604,0.005270052337365,0.0617842597782441,0.9355596600456684,False,0.055495193514558,True,0.0346222704766125
1394676,AMERICAN EXPRESS NATIONAL BANK,4,2022-05-26,2022-05-26,0.0103707212619051,0.0005993673311112,1.22005054955675,200,False,1.0,0.0889,4,2022-03-31,False,31,0.2075048634323222,18.699747079808745,0.053362391414695,0.0033420745243242,0.1020066396648756,0.8376403778985564,False,-0.0481072437163041,True,-0.0773555259626459
480228,"BANK OF AMERICA, NATIONAL ASSOCIATION",4,2022-05-26,2022-05-26,-0.0260500851639059,-5.336542627373068e-05,1.0275990169219626,200,False,1.0,0.0889,4,2022-03-31,False,31,0.4754850782882385,21.64498938431676,0.0092774601083139,0.0064619167835625,0.0912596539093633,0.9413788559543338,False,0.0192779335923647,False,0.0203466162755536
817824,"PNC BANK, NATIONAL ASSOCIATION",4,2022-05-26,2022-05-26,0.0154170024842015,-3.532822270536992e-05,0.9865260147882344,200,False,1.0,0.0889,4,2022-03-31,False,31,0.4626134017643545,20.097575778013052,0.0101056027001956,0.0123286482376495,0.0873044858830001,0.930979196352,False,0.0086365182701514,False,0.0091081113083805
280110,KEYBANK NATIONAL ASSOCIATION,4,2022-05-26,2022-05-26,-0.011152619223771,0.0002906361063889,1.0885948249073658,200,False,1.0,0.0889,4,2022-03-31,False,31,0.5174318010862701,19.00335591741197,0.0112100203951503,0.0047955469948462,0.083703714760074,0.9202805895590156,False,-0.0019787040505335,False,0.0016467550483433
504713,U.S. BANK NATIONAL ASSOCIATION,4,2022-05-26,2022-05-26,-0.0236430487334057,-0.0003007076731226,0.9441190930975611,200,False,1.0,0.0889,4,2022-03-31,False,31,0.465733871828587,20.174295080582933,0.0108179752031264,0.0077487085666738,0.0789488071814892,0.8903531909050812,False,0.0027980295778043,False,0.0131967365792054
34537,SEACOAST NATIONAL BANK,4,2022-05-26,2022-05-26,-0.0157765524958145,0.0001933764654316,0.8603496541150165,200,False,1.0,0.0889,4,2022-03-31,False,41,0.3916784230870496,16.204768912460015,0.0077004031854668,0.0040558840217113,0.1210590750291392,0.9644753873746348,False,-0.0111252915042104,False,-0.0010058837248918
476810,"CITIBANK, N.A.",4,2022-05-26,2022-05-26,-0.0519022402262257,-0.0015124646568992,0.8037919984607488,200,False,1.0,0.0889,4,2022-03-31,False,31,0.3769960891906277,21.264431317075047,0.008405083096237,0.0082038191961524,0.0955612546623764,0.8842033900924009,False,-0.0050324835890505,False,0.0116646538052422
852320,TRUIST BANK,4,2022-05-26,2022-05-26,-0.0058055782739809,7.09492752237919e-05,1.1565298537278612,200,False,1.0,0.0889,4,2022-03-31,False,31,0.4472789115646258,20.090357321378207,0.009641367492397,0.0099248576013664,0.1139376135732376,0.9335197952885768,False,-0.0183357470944674,False,0.0032705543300937
35301,STATE STREET BANK AND TRUST COMPANY,4,2022-05-26,2022-05-26,-0.023200563675651,0.0003758615753287,1.3108991052230956,200,False,1.0,0.0889,4,2022-03-31,False,31,0.6088286220112449,19.579114194494498,0.0073596362882817,0.0,0.0842747430092874,0.8812012905747584,False,0.0566793351014206,True,0.0520928789157411
17147,FIRST MERCHANTS BANK,4,2022-05-26,2022-05-26,-0.0151494555544312,-5.913821510602905e-05,0.7446363551439222,200,False,1.0,0.0889,4,2022-03-31,False,41,0.4702284746079349,16.55307807177421,0.0130612538682025,0.004784417050144,0.1141078409790335,0.954298209632786,False,-0.0092493134954156,False,-0.0016787549661584
572374,GREAT SOUTHERN BANK,4,2022-05-26,2022-05-26,-0.0072698993027413,0.0004607443493557,0.5630235767528982,200,False,1.0,0.0889,4,2022-03-31,False,41,0.6153444156439555,15.497720193025367,0.0137099076230723,0.0011904776165531,0.1202618353580012,0.9590519063676366,False,-0.0163287107142866,False,-0.016151722612214
489623,"PARK NATIONAL BANK, THE",4,2022-05-26,2022-05-26,-0.0197933770263919,0.0003030008033714,0.8414740385630679,200,False,1.0,0.0889,4,2022-03-31,False,41,0.2269320427206557,16.07148034506917,0.0173787226106639,0.0079621231683267,0.1011130441524452,0.9622164174068156,False,-0.0168652279662799,False,-0.0209391885593584
595869,CATHAY BANK,4,2022-05-26,2022-05-26,0.0311213925224446,0.000617207868721,1.051491287232603,200,False,1.0,0.0889,4,2022-03-31,False,31,0.4799529787353474,16.85280814970502,0.0139470689595217,0.0049753230572736,0.1191526620804769,0.985584464747238,False,-0.0175115904929237,False,-0.0235458270594542
1718188,NORTHRIM BANK,4,2022-05-26,2022-05-26,0.0416963826966827,0.0001910561174608,0.6020118110403417,200,False,1.0,0.0889,4,2022-03-31,False,51,0.3742595686432722,14.775668116150008,0.0125216874646836,0.0066918816451345,0.0740076597139168,0.980694908863598,False,0.0148891585658208,False,0.0113720258742129
463735,HANCOCK WHITNEY BANK,4,2022-05-26,2022-05-26,-0.0147516172552717,0.0006894051904649,1.1173560644734288,200,False,1.0,0.0889,4,2022-03-31,False,41,0.4670701940180948,17.407265266945554,0.0138654469460774,0.0021841564807405,0.0960536300469847,0.9327998668746648,False,-0.0157795073807248,False,-0.0155692598983987
339858,"BOKF, NATIONAL ASSOCIATION",4,2022-05-26,2022-05-26,-0.0184278915945944,0.0002955926485214,0.9853943549451736,200,False,1.0,0.0889,4,2022-03-31,False,41,0.6693881226992581,17.658219497470917,0.0057035459387529,0.0113144202313266,0.0960421575385924,0.9421121545037366,False,-0.0063143454787441,False,0.0013103411290852
693345,"FIRST FINANCIAL BANK, NATIONAL ASSOCIATION",4,2022-05-26,2022-05-26,-0.0163546409624812,0.0002742832688989,0.3390683939917387,200,False,1.0,0.0889,4,2022-03-31,False,41,0.3170994694870045,15.442121565070572,0.0164132986881038,0.0026224278012288,0.0976096639665694,0.9613527359395918,False,-0.0124169311769676,False,-0.0191186015823432
702117,"NBT BANK, NATIONAL ASSOCIATION",4,2022-05-26,2022-05-26,-0.0021060166503377,0.0001296037874128,0.596618935751921,200,False,1.0,0.0889,4,2022-03-31,False,41,0.3390709271638575,16.305125439945005,0.0119894179402672,0.0036281930837667,0.1044327304673477,0.9790297313504716,False,-0.0179239399073129,False,-0.0207440969472271
677176,TRUSTCO BANK,4,2022-05-26,2022-05-26,0.000944016526755,-0.0003062425071584,0.3858624622799004,200,False,1.0,0.0889,4,2022-03-31,False,41,0.1204477583205623,15.653046607456709,0.0109988102294475,0.0043459805503818,0.0913988329645251,0.9374564019426797,False,-0.0164898487972195,False,-0.0190407467546969
749242,RENASANT BANK,4,2022-05-26,2022-05-26,-0.0219174393583396,-0.000843103119589,0.8119247425699382,200,False,1.0,0.0889,4,2022-03-31,False,41,0.4612307950985294,16.640230582739676,0.0089623862994235,0.0049313172342939,0.142549176936117,0.9785209470667908,False,-0.0155650417444293,False,-0.0026753710834391
936426,S & T BANK,4,2022-05-26,2022-05-26,-0.0168906729136155,-0.0003240166517376,0.7203322596963556,200,False,1.0,0.0889,4,2022-03-31,False,41,0.3195381825958633,16.059081681344953,0.0127994928574883,0.0077010786965823,0.1258334627497206,0.967442497687093,False,-0.0221855271434924,False,-0.0236860984177549
42420,FIRST COMMONWEALTH BANK,4,2022-05-26,2022-05-26,-0.0123145346010221,0.0003747030439933,0.7919939121639294,200,False,1.0,0.0889,4,2022-03-31,False,41,0.2557465514967514,16.07902524650812,0.0121299846207118,0.0046679341034373,0.1115274991863223,0.9610806703752648,False,-0.01801497024699,False,-0.0268659372053303
143662,UMPQUA BANK,4,2022-05-26,2022-05-26,0.0208529405508765,-0.0008894856830936,0.9999452868508356,200,False,1.0,0.0889,4,2022-03-31,False,41,0.3810914114441938,17.237773070283342,0.0122303010866305,0.0018035098441936,0.0891466620093694,0.9666130642484052,False,-0.0177515037841208,False,-0.0202754042232133
61122,FIRST UNITED BANK & TRUST,4,2022-05-26,2022-05-26,0.110736971593424,0.0014381453815632,0.3884967211256551,200,False,1.0,0.0889,4,2022-03-31,False,41,0.3387034753700825,14.368430262805228,0.0135095876998552,0.0020050087131974,0.0857131680512402,0.9506853228164932,False,-0.0132566422493648,False,-0.0184389132514813
936855,"UMB BANK, NATIONAL ASSOCIATION",4,2022-05-26,2022-05-26,-0.005756008958762,0.0002091893471694,0.9819260848567128,200,False,1.0,0.0889,4,2022-03-31,False,31,0.8067153454029461,17.511646445368225,0.0101268479386611,0.0064265531306691,0.0639464144541529,0.9160506313325888,False,-0.0050632364366289,False,0.0016994790342028
577128,PEOPLES BANK,4,2022-05-26,2022-05-26,0.0048187496361904,0.0003202914815831,0.6292736550395657,200,False,1.0,0.0889,4,2022-03-31,False,41,0.2959007708233446,15.793687351534016,0.0140135969735322,0.0083458408090554,0.1104400688839554,0.9359613678368208,False,-0.0194090168351926,False,-0.0186474197793858
317342,STOCK YARDS BANK & TRUST COMPANY,4,2022-05-26,2022-05-26,0.0250601829407345,0.0003986908309104,0.6628619071211639,200,False,1.0,0.0889,4,2022-03-31,False,41,0.4195357301064184,15.864360022507878,0.004380478901256,0.0025305291010846,0.0936785544574285,0.963697149650461,False,-0.0165353018399241,False,-0.0142483483717924
584724,UNIFIED BANK,4,2022-05-26,2022-05-26,0.0104395567827064,0.0015070778709899,0.222897155785427,200,False,1.0,0.0889,4,2022-03-31,False,51,0.1552918907763546,13.507263807929736,0.0157172527744734,0.0089025200014707,0.1065160997041106,0.9447943784435916,False,-0.0113754410039844,False,-0.0157388867743249
1386251,BANCFIRST,4,2022-05-26,2022-05-26,0.0557594858379274,0.0015466267371682,0.602461927772403,200,False,1.0,0.0889,4,2022-03-31,False,41,0.3141711433741733,16.177066765307973,0.0129218663946062,0.004322234224366,0.0933646987220109,0.9890744440753098,False,0.0132440846463141,False,-0.0010210759786549
100562,TRI COUNTIES BANK,4,2022-05-26,2022-05-26,-0.0109114680047281,-0.0002647571894222,0.691454591728412,200,False,1.0,0.0889,4,2022-03-31,False,41,0.3614339352352443,16.12946022881734,0.0082058124867637,0.0024069687280294,0.1184424735923238,0.9783188871836536,False,-0.0104064797452014,False,-0.0081463231299411
37640,GERMAN AMERICAN BANK,4,2022-05-26,2022-05-26,-0.0133243129636989,0.000152066665578,0.7338138228315736,200,False,1.0,0.0889,4,2022-03-31,False,41,0.4088089676047581,15.716023530152992,0.006278062435298,0.0041777542770004,0.1000558352300119,0.9738233384313238,False,-0.0014414126931096,False,-0.0067365011630953
981275,PREMIER BANK,4,2022-05-26,2022-05-26,0.0062408263227307,0.0003247839777257,0.663113954804021,200,False,1.0,0.0889,4,2022-03-31,False,41,0.2511703306909029,15.83452830141127,0.0139281713638326,0.0085368825163389,0.1260521285303105,0.9668700862323724,False,-0.0186401943296893,False,-0.0209313244201479
435077,"PATHWARD, NATIONAL ASSOCIATION",4,2022-05-26,2022-05-26,0.005385931371499,4.019367211878e-05,1.281831967864022,200,False,1.0,0.0889,4,2022-03-31,False,41,0.028368744471787,15.745777414826737,0.0293927937766611,0.0095283921735431,0.1237316525400179,0.9659231356120688,False,-0.0374390185993839,False,-0.0425033270272743
2142155,QUAD CITY BANK AND TRUST COMPANY,4,2022-05-26,2022-05-26,0.0172287608680092,0.0009443417625054,0.7918912699610766,200,False,1.0,0.0889,4,2022-03-31,False,41,0.7753338277395004,14.602099810865488,0.0181611680709542,0.0014720325631803,0.1059887225886131,0.9835886537683748,False,-0.016200078707045,False,-0.0066736054253526
921178,RIVERVIEW BANK,4,2022-05-26,2022-05-26,-0.0141675247923917,0.0001637981072924,0.4227558904635137,200,False,1.0,0.0889,4,2022-03-31,False,41,0.3017671240051965,14.368838044481466,0.0098859709148203,0.022313026550674,0.0996078273520295,0.987745249895088,False,0.0069605353144279,False,0.0026833739988246
693224,ATLANTIC UNION BANK,4,2022-05-26,2022-05-26,-0.040261514703805,0.0001951342159712,0.8561646753091527,200,False,1.0,0.0889,4,2022-03-31,False,41,0.3920757404283642,16.795689757068555,0.0095692803107151,0.0027653121053581,0.1419075233306815,0.97914522671043,False,-0.0190622552134037,False,-0.0138660327559413
470050,"FIRST FINANCIAL BANK, NATIONAL ASSOCIATION",4,2022-05-26,2022-05-26,-0.0122654521217208,-0.0005116004383253,0.9539096255221656,200,False,1.0,0.0889,4,2022-03-31,False,41,0.4619578609295593,16.401054913479566,0.0159499509853087,0.0051363652046474,0.1006023053671407,0.9333462192974936,False,-0.0127317215769752,False,-0.0205081710026149
936136,OLD SECOND NATIONAL BANK,4,2022-05-26,2022-05-26,0.0250003364380748,0.0008410165817951,0.505933664011346,200,False,1.0,0.0889,4,2022-03-31,False,41,0.2325063799071801,15.643830795570668,0.0089654826667763,0.0107657505105638,0.0950247002293271,0.9876314908705452,False,-0.0102529154140186,False,-0.0137274033387048
694904,"FLAGSTAR BANK, NATIONAL ASSOCIATION",4,2022-05-26,2022-05-26,-0.040632011376717,-0.0002199137117043,0.8363066316087597,200,False,1.0,0.0889,4,2022-03-31,False,41,0.3934380196156576,17.92573642534776,0.0107545732288711,0.001342929333661,0.1213126175095227,0.7111754571890123,False,0.0019322331588067,False,0.0039885188949872
229801,VALLEY NATIONAL BANK,4,2022-05-26,2022-05-26,-0.0184031080434836,-0.00011720244817,1.0270365903069427,200,False,1.0,0.0889,4,2022-03-31,False,41,0.5193332713287947,17.586451104519004,0.0111265350763808,0.006824240943036,0.1319774804221516,0.9460053220803184,False,-0.0224982521293608,False,-0.0103947298661955
481177,LANDMARK NATIONAL BANK,4,2022-05-26,2022-05-26,0.0033740494563974,0.0002120619071055,0.02858687268754,200,False,1.0,0.0889,4,2022-03-31,False,41,0.2918894931872302,14.080362494838104,0.0102391121191984,0.0073184855931009,0.1088864812106461,0.9857310521616108,False,-0.0053705372663357,False,-0.006494138539343
272272,SOUTHERN BANK,4,2022-05-26,2022-05-26,0.0072013353422066,0.0001161570312998,0.3533865678688666,200,False,1.0,0.0889,4,2022-03-31,False,51,0.1746644321635907,14.99014795609391,0.0120866155962568,0.001485792539423,0.0950212992463011,0.9787556308689732,False,-0.0153940507113896,False,-0.0360019485125489
764030,AMERIS BANK,4,2022-05-26,2022-05-26,0.0036093346442511,-0.0009486415325014,1.087582498885799,200,False,1.0,0.0889,4,2022-03-31,False,41,0.4505996409538855,16.970800069534423,0.0149046276042603,0.006405324243543,0.1342674805629436,0.9747945045223184,False,-0.023457124015108,False,-0.018971813129853
2236821,"PATRIOT BANK, NATIONAL ASSOCIATION",4,2022-05-26,2022-05-26,-0.0675861575424121,0.0033874576449467,0.4976087262109685,200,False,1.0,0.0889,4,2022-03-31,False,51,0.3543728624810672,13.790455279618628,0.0046551879711583,0.0301171650899626,0.0944049562371315,0.8866004594723428,False,-0.0249252383667196,False,-0.0065660369198314
268677,CARVER FEDERAL SAVINGS BANK,4,2022-05-26,2022-05-26,0.2104822306718166,0.0002179099544466,1.0372410449859353,200,False,1.0,0.0889,4,2022-03-31,False,41,0.2870165361989902,13.508088256269517,0.0027742268882421,0.0226831520004141,0.0955258791851388,0.9737992710826708,False,-0.0172337850810435,False,-0.0004582383491034
112837,"CAPITAL ONE, NATIONAL ASSOCIATION",4,2022-05-26,2022-05-26,0.0095378648493587,-0.0005165089409266,1.2003251160068884,200,False,1.0,0.0889,4,2022-03-31,False,31,0.3337304796568742,19.769509557314635,0.0100380325220175,0.0076624808312853,0.0995398411041693,0.916167810410634,False,-0.0323533217727303,True,-0.038154888354481
1002878,NORTHWEST BANK,4,2022-05-26,2022-05-26,-0.0190110922350894,0.0001120177816127,0.4483605616908658,200,False,1.0,0.0889,4,2022-03-31,False,41,0.2411956818693087,16.48789399514758,0.0083709013144354,0.0122842968543854,0.1037546425844698,0.9779650060380934,False,-0.0184023696378016,False,-0.0132439230463765
697763,WESTAMERICA BANK,4,2022-05-26,2022-05-26,-0.0067187210194927,0.0003075853171569,0.5090362160169244,200,False,1.0,0.0889,4,2022-03-31,False,41,0.3742535918405815,15.798208793404491,0.0121845494933293,0.0009127054584773,0.0807711098063536,0.9599991132051984,False,0.0100093683837332,False,0.033136373748524
749635,AUBURNBANK,4,2022-05-26,2022-05-26,0.0190217069024828,-0.0003159435006554,0.0774128429756943,200,False,1.0,0.0889,4,2022-03-31,False,51,0.4194676868714004,13.918971069757388,0.007563557144171,0.0008640103588088,0.0755363831625191,0.9948245860449147,False,0.0033150997456149,False,-0.0033009133191314
959304,FLUSHING BANK,4,2022-05-26,2022-05-26,0.0028504898044104,0.0001327468313765,0.6016685123380369,200,False,1.0,0.0889,4,2022-03-31,False,41,0.4097792919572052,15.915564080697706,0.009986032142847,0.0025921470672278,0.1029274458780739,0.8827238020436419,False,-0.021327681267691,False,-0.0145366293770362
352772,BANNER BANK,4,2022-05-26,2022-05-26,-0.0079729474672973,0.0004003953610523,0.9295443373946068,200,False,1.0,0.0889,4,2022-03-31,False,41,0.3275357677368991,16.634953524069378,0.0111799559004236,0.0020201182366833,0.0996253587593338,0.9662872964691952,False,-0.0086181809217554,False,-0.0087680812898825
498317,"OHIO VALLEY BANK COMPANY, THE",4,2022-05-26,2022-05-26,-0.0205784487540585,0.00122246858587,0.3178683115760455,200,False,1.0,0.0889,4,2022-03-31,False,41,0.3314044206640905,14.032446079274276,0.0111409491058261,0.0051745246483272,0.1040881809341653,0.9702810256262808,False,-0.0162120185493118,False,-0.019627042356901
506922,SANDY SPRING BANK,4,2022-05-26,2022-05-26,-0.0125563500150159,0.0001174215658983,0.8751754824438565,200,False,1.0,0.0889,4,2022-03-31,False,41,0.4538305166063364,16.3777905095763,0.0142055621509155,0.0043461514541033,0.1339895802224761,0.977174546449126,False,-0.022098088772084,False,-0.0208093804480615
3317932,CONNECTONE BANK,4,2022-05-26,2022-05-26,0.0138520424465339,0.0010390162648819,0.6228486088826564,200,False,1.0,0.0889,4,2022-03-31,False,41,0.5548424189731073,15.935781374137866,0.0159219640881014,0.0102806553164076,0.1357266919096829,0.9287805474061868,False,-0.014934968098158,False,-0.0061087658151687
276579,"ZIONS BANCORPORATION, NATIONAL ASSOCIATION",4,2022-05-26,2022-05-26,-0.0087225729206795,0.0011886154707104,1.2074866408050813,200,False,1.0,0.0889,4,2022-03-31,False,41,0.573613676364478,18.327750989685747,0.0088825385921922,0.0049786935773279,0.0690680288604699,0.9707499686880668,False,-0.0139818542631828,False,0.0038995069733252
1412712,"COMMUNITY WEST BANK, NATIONAL ASSOCIATION",4,2022-05-26,2022-05-26,0.0138907954681719,0.0002857294250501,0.2842951581996902,200,False,1.0,0.0889,4,2022-03-31,False,51,0.4159076677247306,13.943448963957843,0.0141418745374985,0.0006020388449839,0.0916071775820667,0.8971757300898028,False,-0.0263008405057456,False,-0.0234271038061045
1929247,"SOUTHSTATE BANK, N.A.",4,2022-05-26,2022-05-26,0.0183607659365908,-4.45374821152702e-05,1.0274343520008624,200,False,1.0,0.0889,4,2022-03-31,False,41,0.402662382367269,17.645396831446284,0.0091393980975871,0.004288074521328,0.1188654567245583,0.9547453965457874,False,-0.0178741044247954,False,-0.009323603043626
1890525,UNITY BANK,4,2022-05-26,2022-05-26,0.0150066323020342,0.0013387775412913,0.4723701474853834,200,False,1.0,0.0889,4,2022-03-31,False,51,0.3931961962853891,14.5365194704883,0.0175073559195276,0.0057801805946971,0.103599939120071,0.9618981335569716,False,-0.0245520414788516,False,-0.0208676245435652
876634,CAPITAL CITY BANK,4,2022-05-26,2022-05-26,-0.0046520982818327,4.84342125518022e-06,0.5052800364582118,200,False,1.0,0.0889,4,2022-03-31,False,41,0.368367900465127,15.274129534144349,0.0058343955384362,0.0013420701395045,0.0918824274415659,0.9762789055143496,False,0.0047691869752582,False,0.0089786878002194
2239288,"WINTRUST BANK, NATIONAL ASSOCIATION",4,2022-05-26,2022-05-26,0.0140782470154542,0.0010277522456501,1.1075086624099746,200,False,1.0,0.0889,4,2022-03-31,False,41,0.5559947833432958,16.07110623946014,0.014007792704624,0.0009345694936325,0.0966131868074279,0.9726141351317078,False,-0.0162611795397977,False,-0.0221513265062217
556815,"PEOPLES BANK, A CODORUS VALLEY COMPANY",4,2022-05-26,2022-05-26,0.0483730153938781,0.0004662418522788,0.2256189250219557,200,False,1.0,0.0889,4,2022-03-31,False,41,0.2896579759594971,14.67263667669045,0.0068172395017949,0.0199691345118496,0.0939993099582028,0.9840304916292758,False,-0.0186136608102238,False,-0.022322255958766
729310,PATHFINDER BANK,4,2022-05-26,2022-05-26,-0.0368495769860519,0.0014221500453391,0.0712891741392406,200,False,1.0,0.0889,4,2022-03-31,False,51,0.310952550268979,14.1000276270729,0.0100728301432526,0.009289040148101,0.0913777537016973,0.9341535255343012,False,-0.0145740731177756,False,-0.0023522987072022
431172,PACIFIC PREMIER BANK,4,2022-05-26,2022-05-26,-0.0020866230896407,-0.0007670066475679,1.0647458896295392,200,False,1.0,0.0889,4,2022-03-31,False,41,0.5603336598152441,16.889216276667128,0.0133009716685585,0.0038708624834128,0.1431701194886901,0.9575388399781672,False,-0.0118134031195093,False,-0.0055643399086109
107244,BANK OZK,4,2022-05-26,2022-05-26,-0.0001492459341417,8.78363123083156e-05,1.014522411559145,200,False,1.0,0.0889,4,2022-03-31,False,41,0.4592814676407311,17.09500547051595,0.0199542563115549,0.0024344697291039,0.1765678289118437,0.9296031347122964,False,-0.0344947924036653,False,-0.0396220930297663
874845,LAKE CITY BANK,4,2022-05-26,2022-05-26,-0.0453933962121923,0.0010984564842858,0.471084043718325,200,False,1.0,0.0889,4,2022-03-31,False,41,0.5620066472966132,15.69563783104118,0.0150520136355473,0.0031951705587002,0.0899205854320321,0.9758809900618286,False,-0.0144595414005938,False,-0.0177543177818393
522605,BAR HARBOR BANK AND TRUST COMPANY,4,2022-05-26,2022-05-26,-0.0042488936781845,0.0002083541536309,0.6511136268307771,200,False,1.0,0.0889,4,2022-03-31,False,41,0.1974026977070537,15.120864079043804,0.0111889613235915,0.0037841413769668,0.1251509558299514,0.9468040276242272,False,-0.0157274800260288,False,-0.0116096774991141
593007,CAMDEN NATIONAL BANK,4,2022-05-26,2022-05-26,-0.016247846763462,0.0001015454469938,0.5539004400384357,200,False,1.0,0.0889,4,2022-03-31,False,41,0.257037173705248,15.503196460837662,0.0128560368739959,0.0012572992973865,0.0914940278759538,0.9400649396915872,False,-0.0136864885143256,False,-0.0141826131463913
786612,MID PENN BANK,4,2022-05-26,2022-05-26,0.0156432918481058,6.549239964032111e-06,0.5982571056493794,200,False,1.0,0.0889,4,2022-03-31,False,41,0.3680101915612124,15.35559989279836,0.0102739395675076,0.0024416707547606,0.1137496685428339,0.9738078214690336,False,-0.023900306148765,False,-0.0247657829200462
881478,HERITAGE BANK,4,2022-05-26,2022-05-26,0.0159787723610046,0.0002420574407175,0.5248250474605396,200,False,1.0,0.0889,4,2022-03-31,False,41,0.4593475785384152,15.827848157292404,0.011300954552357,0.0046686305699156,0.1119365296471599,0.9775272070326524,False,-0.0014860248589772,False,0.0056831326935307
671464,BANK OF HOPE,4,2022-05-26,2022-05-26,-0.0032977541429114,0.0007697198945967,0.6924224747132499,200,False,1.0,0.0889,4,2022-03-31,False,41,0.5748749255941977,16.694629573904685,0.0144103582160964,0.0051178112636551,0.1281897899080297,0.94018987833271,False,-0.0201186931337842,False,-0.0121094505116801
606046,CADENCE BANK,4,2022-05-26,2022-05-26,-0.0020070491058196,-6.4868006368106415e-06,1.0395033530788855,200,False,1.0,0.0889,4,2022-03-31,False,41,0.4641901967832375,17.670095428081126,0.0097394110002083,0.004073493997027,0.0983658947343002,0.9531944573200988,False,-0.0192973281889898,False,-0.0052697501118349
782306,BROOKLINE BANK,4,2022-05-26,2022-05-26,-0.0216185016795124,0.0001507221520304,0.6385384085296322,200,False,1.0,0.0889,4,2022-03-31,False,41,0.469242708211958,15.547336354115826,0.0126810266995247,0.0042241631732505,0.1054204576141195,0.9014708515034416,False,-0.0219106774770163,False,-0.017530312898505
1001152,INTERNATIONAL BANK OF COMMERCE,4,2022-05-26,2022-05-26,0.0014757880298251,-6.18281028791347e-05,0.8788063372739742,200,False,1.0,0.0889,4,2022-03-31,False,41,0.4350353108435746,16.04611027066564,0.0150226023580817,0.0011811629764344,0.1538600249638786,0.8795718764815921,False,-0.0161250543999092,False,-0.0230882275212746
59316,WAYNE BANK,4,2022-05-26,2022-05-26,0.0359708499133665,0.000842672938915,0.3698789679621941,200,False,1.0,0.0889,4,2022-03-31,False,51,0.3186979815641224,14.547178687668996,0.0141579807028474,0.0040682972415618,0.0895847816621723,0.942358636586785,False,-0.0168216655280655,False,-0.0282524499556764
491934,COLONY BANK,4,2022-05-26,2022-05-26,0.0358353882768383,0.0001753483834444,0.1957055221812004,200,False,1.0,0.0889,4,2022-03-31,False,51,0.3317194581705102,14.802255280038027,0.0084429082254981,0.0044773845283183,0.0881349702216748,0.975348999025783,False,-0.012140360619186,False,-0.0016234677211804
361167,SOUTHSIDE BANK,4,2022-05-26,2022-05-26,-0.0034055845842809,0.0003032605508998,0.627196708040435,200,False,1.0,0.0889,4,2022-03-31,False,41,0.3517481371677011,15.77766701811299,0.0150337620120053,0.0006198566624203,0.1284284700884217,0.9832450911790798,False,-0.0151619802943948,False,-0.0199236568396881
316840,REPUBLIC BANK & TRUST COMPANY,4,2022-05-26,2022-05-26,0.0025678907462116,-2.7936325762875715e-05,0.5813916089006513,200,False,1.0,0.0889,4,2022-03-31,False,41,0.3621962108658414,15.662646548849386,0.0175973657250003,0.0038398002561526,0.1275588251665857,0.9252656026894645,False,-0.0232605946407203,False,-0.0313312003272455
2209553,HERITAGE BANK OF COMMERCE,4,2022-05-26,2022-05-26,-0.017037630519712,0.0003455083713322,0.8176508876434483,200,False,1.0,0.0889,4,2022-03-31,False,41,0.6500966083804242,15.506713693689717,0.0102491612152956,0.0012661596518226,0.1140990470889724,0.980109022378858,False,0.0119731658589815,False,0.0106509226185249
821906,SALISBURY BANK AND TRUST COMPANY,4,2022-05-26,2022-05-26,-0.026579208855023,0.0005285213028831,0.4979017127102955,200,False,1.0,0.0889,4,2022-03-31,False,51,0.3112018891147628,14.197166463160809,0.0104075351537644,0.0025495255049754,0.1009675648661712,0.9847146914536536,False,-0.0141076648511813,False,-0.0140953952543984
416245,BUSEY BANK,4,2022-05-26,2022-05-26,0.0037144923027347,6.232819449679702e-05,0.785998758253751,200,False,1.0,0.0889,4,2022-03-31,False,41,0.384981086730722,16.344206635085513,0.0104776620647694,0.0017425317028126,0.1158893553781131,0.9638714511956,False,8.197239884405274e-05,False,-0.0021780171512724
399517,CNB BANK,4,2022-05-26,2022-05-26,0.0014709783094405,0.0005992428996208,0.5589026528535529,200,False,1.0,0.0889,4,2022-03-31,False,41,0.3418748119963481,15.476280734026616,0.0120143717999309,0.0050781513597971,0.0872613194263819,0.9876120979941192,False,-0.0189990846826227,False,-0.0231166179595208
664756,PROSPERITY BANK,4,2022-05-26,2022-05-26,-0.0068736395288776,-0.0002131776942566,0.7570929710296425,200,False,1.0,0.0889,4,2022-03-31,False,41,0.4493378731400081,17.460302012882913,0.0130667731945753,0.0014091582222334,0.1694519029366327,0.9795715216942285,False,0.0021494546583666,False,0.0019362759216056
767974,CFBANK NATIONAL ASSOCIATION,4,2022-05-26,2022-05-26,0.0021174309235443,0.0008196181284418,0.2573591062785316,200,False,1.0,0.0889,4,2022-03-31,False,51,0.2166923686587246,14.245099010969644,0.0127630358740746,0.0007707005100719,0.1037494509070202,0.9454712856002864,False,-0.0202953631945948,False,-0.0184817794181348
716374,FIRST HARRISON BANK,4,2022-05-26,2022-05-26,-0.0287949163290679,-0.0004852153235804,0.2859172142239307,200,False,1.0,0.0889,4,2022-03-31,False,51,0.2701779722368521,13.97152749524924,0.0081310968254158,0.0023218775705459,0.0769245905790839,0.9961384020436992,False,0.0070742222925307,False,0.0123611944077624
197478,EAST WEST BANK,4,2022-05-26,2022-05-26,-0.01564364808224,0.0005088332659251,1.4732291489892797,200,False,1.0,0.0889,4,2022-03-31,False,31,0.6360724043901059,17.94625953153847,0.0154528818306484,0.001923100681917,0.0885846268616659,0.9754458352343734,False,-0.01286575047623,False,-0.0139063912017444
958727,AMERICAN NATIONAL BANK AND TRUST COMPANY,4,2022-05-26,2022-05-26,-0.0036510865765958,0.0009059892710402,0.601062958768987,200,False,1.0,0.0889,4,2022-03-31,False,41,0.425682676970581,15.0216253665602,0.0114306891732058,0.0009208593481541,0.1059015153805694,0.981319300543506,False,-0.0104652809653532,False,-0.0051935105132805
968070,CAPITOL FEDERAL SAVINGS BANK,4,2022-05-26,2022-05-26,-0.0147720602053222,-0.0004651752358757,0.3928525530051331,200,False,1.0,0.0889,4,2022-03-31,False,41,0.1469439342470245,16.071904895397093,0.0090932721222529,0.0016974108939982,0.1104747524191509,0.798499809094226,False,-0.0177135245805628,False,-0.0070058531830319
202907,"COMMUNITY BANK, NATIONAL ASSOCIATION",4,2022-05-26,2022-05-26,0.0172545291289422,-0.0003648295441914,0.5835367087384804,200,False,1.0,0.0889,4,2022-03-31,False,41,0.4525181855971028,16.54971649589033,0.0098610736591729,0.0048539529895818,0.0924325956037572,0.9720042945334167,False,0.0082339654928668,False,0.007491222392422
601416,FIVE STAR BANK,4,2022-05-26,2022-05-26,-0.0054176914908173,9.473543810348853e-05,0.5623098200631584,200,False,1.0,0.0889,4,2022-03-31,False,41,0.340418519561327,15.53675832429325,0.0110295965251548,0.0025719460247026,0.0851184681894897,0.9810261279261452,False,-0.0130083048243531,False,-0.0247835618124001
662369,BANK OF THE SIERRA,4,2022-05-26,2022-05-26,0.0063057792046965,-0.0001762438583997,0.5675724149210007,200,False,1.0,0.0889,4,2022-03-31,False,41,0.3030899184986282,15.045261629246994,0.0097778666568431,0.0153607327867165,0.117120680813641,0.9525578179344794,False,-0.0014938907324026,False,0.0063714246354098
439404,FIRST NATIONAL BANK,4,2022-05-26,2022-05-26,0.0060674314882372,0.0001426928314712,0.5184486560890611,200,False,1.0,0.0889,4,2022-03-31,False,41,0.2240395177259247,14.737398396770493,0.0157499984089303,0.0029834612600922,0.0814452640220967,0.93511386252661,False,-0.012853950463783,False,-0.0214266815987469
2608754,MERCANTILE BANK,4,2022-05-26,2022-05-26,0.0096892750469691,0.0008606524928168,0.5993186076771794,200,False,1.0,0.0889,4,2022-03-31,False,41,0.4759636787708202,15.455772103472013,0.0105738019337855,0.0004514729585342,0.1047169814979798,0.8646307420942467,False,-0.0213916887997085,False,-0.0243758251356513
29636,"CITIZENS BANK OF PHILADELPHIA, THE",4,2022-05-26,2022-05-26,0.0002597681500265,0.0006681656662914,0.0332932552205837,200,False,1.0,0.0889,4,2022-03-31,False,51,0.3752593990028298,14.114531600623549,0.0065997398664331,0.0061060194274642,0.0594940594925764,0.9069208741094434,False,-0.0077057562247196,False,-0.0078398205359504
2652092,EAGLEBANK,4,2022-05-26,2022-05-26,-0.0490551035490078,0.0001291418605432,0.711402526491346,200,False,1.0,0.0889,4,2022-03-31,False,41,0.4377500742923523,16.22915068204282,0.0167433825606081,0.003326931688506,0.1139361678898613,0.9720001571498592,False,-0.012250394119973,False,-0.0046747916396503
1436204,BANK OF MARIN,4,2022-05-26,2022-05-26,-0.0103404799610581,0.0003420812791017,0.4914921186818102,200,False,1.0,0.0889,4,2022-03-31,False,41,0.4851951704573402,15.281105351339452,0.0099877185794936,0.0034870613582916,0.0968303866084018,0.9876995451861764,False,0.0090072586962107,False,0.0184998197182493
2634351,MACATAWA BANK,4,2022-05-26,2022-05-26,0.0046610286003007,0.0002148854392945,0.3969114372849324,200,False,1.0,0.0889,4,2022-03-31,False,51,0.4301492163900197,14.890360750976814,0.0084094712027837,8.252044648095636e-05,0.0810819667430605,0.9621265815261402,False,0.0242106096454786,False,0.0348317759561162
754929,"NATIONAL BANK OF BLACKSBURG, THE",4,2022-05-26,2022-05-26,0.0124226739519458,5.6655813254459325e-05,0.3048308573856096,200,False,1.0,0.0889,4,2022-03-31,False,41,0.3784772468077866,14.356800011204292,0.0112744518894833,0.0039581217778472,0.0917530399174495,0.9905816404144898,False,0.0031870364014207,False,-0.0097890894922004
687009,LAKELAND BANK,4,2022-05-26,2022-05-26,-0.0045317120666555,-0.0003271464136918,0.7103393118243392,200,False,1.0,0.0889,4,2022-03-31,False,41,0.4221895415285581,16.145416416682828,0.0066782303818225,0.0027648224385929,0.1196736510182861,0.971970216724912,False,-0.0193635880804353,False,-0.0113337315963972
2634191,GLACIER BANK,4,2022-05-26,2022-05-26,0.0028290700641704,-0.0004539636014858,1.02053652496297,200,False,1.0,0.0889,4,2022-03-31,False,41,0.3219295248213976,17.076807584339313,0.0108050554556919,0.0045299395899219,0.1126913318559666,0.943808841167718,False,-0.0059205939404313,False,0.0038236957035506
186221,"OLD POINT NATIONAL BANK OF PHOEBUS, THE",4,2022-05-26,2022-05-26,-0.0252774272618024,0.0003205731359048,0.2661702767231188,200,False,1.0,0.0889,4,2022-03-31,False,41,0.3037961449741309,14.09147651398074,0.0069873873408999,0.0056121710971438,0.0869302923122803,0.9936737790942168,False,-0.0137825305117136,False,-0.0105365029205011
474919,"FULTON BANK, NATIONAL ASSOCIATION",4,2022-05-26,2022-05-26,-0.0238909958576814,0.0002927753824182,0.7829701576457645,200,False,1.0,0.0889,4,2022-03-31,False,41,0.3602592051239175,17.046319341039904,0.0113142586607623,0.0086986904188967,0.109056319950533,0.963087168967702,False,-0.0187881229994057,False,-0.0116237099122019
473501,BERKSHIRE BANK,4,2022-05-26,2022-05-26,-0.0186424714518763,0.00033708166811,0.8879990476572271,200,False,1.0,0.0889,4,2022-03-31,False,41,0.4885756469791937,16.308121619075308,0.0071407720786153,0.0049937923307249,0.0876353800316055,0.9814195564382366,False,-0.006071137505635,False,-0.0052978606373965
508346,HAWTHORN BANK,4,2022-05-26,2022-05-26,-0.0204916361797987,0.0009807045649522,0.1737737246464807,200,False,1.0,0.0889,4,2022-03-31,False,41,0.2673511147390998,14.362985514794527,0.0162023781842832,0.0128098517266592,0.1026946894004333,0.941287342836976,False,-0.0179785636070978,False,-0.0224477178060989
236706,PEAPACK-GLADSTONE BANK,4,2022-05-26,2022-05-26,0.0105431221985349,0.0003007397075156,0.7116305579235831,200,False,1.0,0.0889,4,2022-03-31,False,41,0.6015613606364778,15.648951971849453,0.0093493965271797,0.0030847767896764,0.1024894262967683,0.9624157700334668,False,-0.0165559182455959,False,-0.0163614481640267
657365,HANMI BANK,4,2022-05-26,2022-05-26,0.0017530312040547,0.0014563218750838,0.9128454212144852,200,False,1.0,0.0889,4,2022-03-31,False,41,0.4482318119912966,15.721600442742874,0.0142678431661125,0.002142676874053,0.1070791401772182,0.9658614867170948,False,-0.0176250759068114,False,-0.018884309570469
636771,INDEPENDENT BANK,4,2022-05-26,2022-05-26,-0.0221550077416561,0.0001094955337113,0.6203871614987074,200,False,1.0,0.0889,4,2022-03-31,False,41,0.2122009250632284,15.375960936752868,0.0155649117353309,0.0019414226051697,0.0802713315472808,0.9752970907984752,False,-0.0050151155965604,False,-0.0082808602508762
2353595,FIRST COMMUNITY BANK,4,2022-05-26,2022-05-26,-0.0252294381379916,-0.0002299617747436,0.7463536448855863,200,False,1.0,0.0889,4,2022-03-31,False,51,0.1663833458329578,14.986794454375138,0.0118618828987778,0.0091284750318139,0.1238111149822759,0.9853949887165284,False,-0.0151104451513525,False,-0.0217290485170049
780218,"UNION BANK COMPANY, THE",4,2022-05-26,2022-05-26,0.0691519565037988,0.0001962725177948,0.1984395510495106,200,False,1.0,0.0889,4,2022-03-31,False,51,0.2062587414806931,13.880543331938789,0.0104535820103936,0.0022427339262731,0.1093456297542902,0.9944292536251934,False,-0.0012814562830589,False,-0.0055661017586011
542528,CIVISTA BANK,4,2022-05-26,2022-05-26,-0.0351694056664302,0.000394906847212,0.5183698207490823,200,False,1.0,0.0889,4,2022-03-31,False,41,0.3437704694400068,14.972393641547033,0.0119408579732239,0.001935756225216,0.1202620372414391,0.9511744469847424,False,-0.0170280420963275,False,-0.010426509256074
933023,"SHORE UNITED BANK, NATIONAL ASSOCIATION",4,2022-05-26,2022-05-26,0.0301419565337287,0.000893391810487,0.3926159781399226,200,False,1.0,0.0889,4,2022-03-31,False,51,0.2490296584189797,15.066301869735629,0.0072176452704269,0.0015072850591906,0.1086279660565697,0.9889747008100122,False,-0.0148514407767525,False,-0.0091831107214406
1162017,UNITED SECURITY BANK,4,2022-05-26,2022-05-26,-0.0041399960954682,8.82613867384019e-05,0.2568191220185941,200,False,1.0,0.0889,4,2022-03-31,False,51,0.5704449452825677,14.115247675496567,0.0096331689272503,0.0128840920695172,0.0905510469031584,0.9916614044593642,False,-0.0127012428542406,False,-0.0117799094349245
628123,"BANK OF GLEN BURNIE, THE",4,2022-05-26,2022-05-26,-0.0451691214472217,0.0004282937776512,0.0948159912929639,200,False,1.0,0.0889,4,2022-03-31,False,41,0.0882206573617346,12.98859652849072,0.0025423128187893,0.0010575171846542,0.0621472026557109,0.9454162949094864,False,0.006400903483846,False,0.0161945903378815
333203,UNION BANK,4,2022-05-26,2022-05-26,-0.0298447248380561,-0.00058207023305,0.0188039206987104,200,False,1.0,0.0889,4,2022-03-31,False,41,0.2320141322870704,14.024718254766668,0.0087320445103881,0.005576662258127,0.0690394507670554,0.990988117769668,False,-0.0066791957447105,False,-0.0030754724709081
2925666,PINNACLE BANK,4,2022-05-26,2022-05-26,-0.0224838369985933,-5.300999486565652e-05,1.243893082446552,200,False,1.0,0.0889,4,2022-03-31,False,41,0.5127248980049813,17.484213809511477,0.0132338329093777,0.0011471191602799,0.1350925928264299,0.9589142308958056,False,-0.0190322118977702,False,-0.0081694133228202
139740,WEST BANK,4,2022-05-26,2022-05-26,-0.0182903398284517,-8.860786624684883e-05,0.6681725072608568,200,False,1.0,0.0889,4,2022-03-31,False,41,0.4840036202860052,15.08137983378637,0.0154183071671046,0.0035400622407306,0.0821902704153828,0.9512015345131812,False,-0.015774018229613,False,-0.016394526690766
494261,PACIFIC WESTERN BANK,4,2022-05-26,2022-05-26,-0.0199495244679749,0.0005218147931464,1.066062726989742,200,False,1.0,0.0889,4,2022-03-31,False,41,0.5952622202449018,17.484128450988024,0.0133093547112581,0.0027313104315214,0.0982909631952064,0.9448739074595004,False,-0.0199655718948071,False,-0.0051787949036572
2760232,VILLAGE BANK,4,2022-05-26,2022-05-26,0.0052909377134316,0.0009497449581598,0.1930282867360582,200,False,1.0,0.0889,4,2022-03-31,False,51,0.3240973125603166,13.546025903580793,0.0101548496739214,0.006477252641362,0.0940004425398645,0.9898103696938342,False,-0.0099964926062443,False,-0.0115328213065791
2328137,FIRST COMMUNITY BANK,4,2022-05-26,2022-05-26,-0.0233921725458758,0.0002177088720952,0.1925408165986738,200,False,1.0,0.0889,4,2022-03-31,False,41,0.2864681650183683,14.31765097427091,0.0089937745649276,0.0003637825729001,0.0822288824841701,0.9467360331207452,False,-0.0087629933296706,False,0.000302208434484
204004,PROVIDENT BANK,4,2022-05-26,2022-05-26,-0.0225290325766743,4.631086220159472e-05,0.6372336565154233,200,False,1.0,0.0889,4,2022-03-31,False,41,0.4980101658368795,16.426429842726918,0.0130024792165599,0.0045857954179715,0.1143509067808402,0.9473967082347222,False,-0.0192600814394927,False,-0.0115192781932988
3465226,HTLF BANK,4,2022-05-26,2022-05-26,-0.0009644150586774,2.6448834921391343e-05,0.8052731214571626,200,False,1.0,0.0889,4,2022-03-31,False,41,0.4317983090184802,14.789289138297724,0.0110576899473589,0.0029216289136745,0.1311726023072353,0.9892388708138546,False,0.0049562238917984,False,0.0076507172583605
2953418,OPTIMUMBANK,4,2022-05-26,2022-05-26,0.0990633030826772,0.0001592520587092,0.8267568049088608,200,False,1.0,0.0889,4,2022-03-31,False,41,0.5982348414655213,12.861681496934905,0.0104448130238304,0.0,0.1216571536846258,0.9408734814254432,False,-0.0185191832208396,False,-0.016070309506327
2618780,TEXAS CAPITAL BANK,4,2022-05-26,2022-05-26,0.0226107757800213,-0.0004907692122896,1.148641386493949,200,False,1.0,0.0889,4,2022-03-31,False,41,0.8376348451747849,17.252127945644354,0.0055573638755197,0.0031921353473134,0.0975069432462112,0.9201825377356866,False,0.0047207506463947,False,0.0051358936514617
354310,UNIVEST BANK AND TRUST CO.,4,2022-05-26,2022-05-26,-0.004458804094102,9.377513057435976e-06,0.804366284135838,200,False,1.0,0.0889,4,2022-03-31,False,41,0.4705978654214334,15.774547881688951,0.0120769895393666,0.0057867448696814,0.1083956903183308,0.9707644258899062,False,-0.0170681702604492,False,-0.0194272369833061
703767,CENTRAL VALLEY COMMUNITY BANK,4,2022-05-26,2022-05-26,-0.0209582046799046,0.000475835416882,0.3216192937191528,200,False,1.0,0.0889,4,2022-03-31,False,41,0.4767904378538909,14.700449725558911,0.0106816925777507,0.0002885255750255,0.0877921213849714,0.9867890183885027,False,0.0067390097771998,False,0.0067237302865851
2942690,SIGNATURE BANK,4,2022-05-26,2022-05-26,0.0494150991358564,0.0008565077739219,1.7375069220614587,200,False,1.0,0.0889,4,2022-03-31,False,41,0.8952389169804613,18.618279195812512,0.0111133851777858,0.0028100914853345,0.0670770781613203,0.9604267429652272,True,-0.0061966218590513,False,0.0125920275589539
2849801,SOUTHERN FIRST BANK,4,2022-05-26,2022-05-26,0.0250681844607982,-0.000133581637469,0.6486473793334117,200,False,1.0,0.0889,4,2022-03-31,False,41,0.4997174801723114,14.93801220987509,0.0108236499485277,0.0016923550204665,0.0980862357450583,0.984791195594044,False,-0.0176819572642997,False,-0.0085758726134658
2858960,"BANCORP BANK NATIONAL ASSOCIATION, THE",4,2022-05-26,2022-05-26,-0.0090946310766398,0.0009079415560897,1.7013661265345497,200,False,1.0,0.0889,4,2022-03-31,False,41,0.1799571749345312,15.773364382231549,0.0177411210756698,0.0056354575766448,0.0990727553945755,0.9837520065368642,False,-0.0091461265900908,False,-0.027675160093887
895710,CITIZENS & NORTHERN BANK,4,2022-05-26,2022-05-26,-0.0368291723397883,0.0002005591207052,0.6242787909654138,200,False,1.0,0.0889,4,2022-03-31,False,51,0.2612810309268004,14.654625169574444,0.012700075227378,0.0119237900182549,0.1196737525585302,0.9781167141301904,False,-0.0208720579212028,False,-0.0196418706389245
2372774,"SUMMIT COMMUNITY BANK, INC.",4,2022-05-26,2022-05-26,-0.0394785916444705,0.0006358361256617,0.749789800698534,200,False,1.0,0.0889,4,2022-03-31,False,41,0.2365111650446893,15.102258303243447,0.0137929091787303,0.0041155626706925,0.1164725347287524,0.944800413847642,False,-0.0204231039558303,False,-0.0274853251209306
1356768,ENTERPRISE BANK AND TRUST COMPANY,4,2022-05-26,2022-05-26,-0.004472442375839,0.0009345994253904,0.6154926223805093,200,False,1.0,0.0889,4,2022-03-31,False,41,0.3672817299463338,15.309419542331549,0.0100043237428257,0.0084965784842452,0.0830524546781505,0.9878179046296516,False,-0.0139326283966424,False,-0.0223212012934356
1190476,ENTERPRISE BANK & TRUST,4,2022-05-26,2022-05-26,-0.0062807609836522,7.103048981918173e-05,0.7217052318126955,200,False,1.0,0.0889,4,2022-03-31,False,41,0.5147805817740291,16.430404797267492,0.0145865169261214,0.0024695533049907,0.1107565025054203,0.971186819909272,False,-0.0166686178804146,False,-0.0187605060026633
633378,KEARNY BANK,4,2022-05-26,2022-05-26,-0.0297097123009215,0.0002768394966464,0.6599516737240291,200,False,1.0,0.0889,4,2022-03-31,False,41,0.2258893342219534,15.81515996474126,0.0097031516830917,0.0160996064141135,0.1111764408040326,0.8602406757381461,False,-0.0202467796242904,False,0.0001234972998595
1918344,PREFERRED BANK,4,2022-05-26,2022-05-26,-0.016997187113175,0.0007104475337846,0.7050487612877889,200,False,1.0,0.0889,4,2022-03-31,False,41,0.6348479492337132,15.630854546399132,0.0169468984268594,0.0004679563927209,0.0969016255238118,0.957569200909028,False,-0.0217295683423094,False,-0.0221508808136698
3138146,WESTERN ALLIANCE BANK,4,2022-05-26,2022-05-26,0.0071687525376875,-0.0006391035057398,1.4494588914787825,200,False,1.0,0.0889,4,2022-03-31,False,41,0.7536798901099634,17.918769006525682,0.0154476855430305,0.0133598105855431,0.0880561189921757,0.9507059225634292,False,-0.0194486192675623,False,-0.0082739910871124
537449,FIRST BUSINESS BANK,4,2022-05-26,2022-05-26,0.0522434236694741,0.0009988888294336,0.4340271873140653,200,False,1.0,0.0889,4,2022-03-31,False,41,0.5523699343858106,14.816697431293882,0.0137835245874532,0.0024923824149708,0.0982142266609345,0.8322590608254602,False,-0.0208753934446622,False,-0.0168697480094645
310978,WATERSTONE BANK,4,2022-05-26,2022-05-26,0.0061505678794868,3.1258806938116036e-05,0.2486028785035165,200,False,1.0,0.0889,4,2022-03-31,False,41,0.184994956022824,14.507308328479873,0.0106763971215183,0.0048801047981578,0.1879304241770026,0.7822934013338274,False,-0.0216454610665894,False,-0.0243812694350814
220527,PEOPLES BANK,4,2022-05-26,2022-05-26,0.0169882837417901,0.00060439745396,0.0959114104933414,200,False,1.0,0.0889,4,2022-03-31,False,41,0.3103864586436606,14.323537067863684,0.0087364200412994,0.0037152933330189,0.0835158434857112,0.965216740502257,False,-0.0013568356008304,False,-0.0011250430244896
2954059,BCB COMMUNITY BANK,4,2022-05-26,2022-05-26,0.0212052180524331,0.0016034367780781,0.4338628817136724,200,False,1.0,0.0889,4,2022-03-31,False,41,0.3756740761100023,14.926889669491825,0.0136999736057969,0.0040687423232732,0.1018118534325299,0.9651819260394856,False,-0.021079043922725,False,-0.0202595160182626
2385514,"FIRST BANK, THE",4,2022-05-26,2022-05-26,-0.0145234661694222,-0.0005085974414591,0.6886310405193176,200,False,1.0,0.0889,4,2022-03-31,False,41,0.3985046964292236,15.638412687736444,0.011060784555743,0.0083049657557817,0.1157558342795142,0.9955485648396916,False,-0.008057377130006,False,-0.0077014180970995
456045,CENTENNIAL BANK,4,2022-05-26,2022-05-26,0.0201981386979276,-0.0003774904451997,1.0079739527643432,200,False,1.0,0.0889,4,2022-03-31,False,41,0.4826598098433607,16.738231019899466,0.0150666447143328,0.0044440730688177,0.1459760990290503,0.9577526261602728,False,-0.0198930677655662,False,-0.0109563255029057
561574,SUMMIT STATE BANK,4,2022-05-26,2022-05-26,-0.0043675556935593,0.001186399528211,0.2074111502666297,200,False,1.0,0.0889,4,2022-03-31,False,51,0.3951623566292518,13.798036776799623,0.0160174543441493,0.0,0.0851835494434596,0.925430214578907,False,-0.0195710692615911,False,-0.018717515474195
522847,"LIMESTONE BANK, INC",4,2022-05-26,2022-05-26,0.0474955729027401,0.0013654617851672,0.1687453077455841,200,False,1.0,0.0889,4,2022-03-31,False,51,0.2128834034181647,14.15527380184696,0.0118922266955713,0.003291367679285,0.1164824524869804,0.9682812759367028,False,-0.018319304500482,False,-0.0286994288367177
663245,SIMMONS BANK,4,2022-05-26,2022-05-26,-0.0148348867461035,-0.0005779555294259,0.8153360491856876,200,False,1.0,0.0889,4,2022-03-31,False,41,0.447354620118388,17.011391167847364,0.0118731094985326,0.0053528749743879,0.1279359883534815,0.9186819686559478,False,-0.0128627151169667,False,-0.0057483728048818
30810,DISCOVER BANK,4,2022-05-26,2022-05-26,0.0024612295561839,9.924953329058972e-06,1.279131223793287,200,False,1.0,0.0889,4,2022-03-31,False,31,0.1149417910383019,18.47571241788336,0.0490679082341296,0.0092164520630307,0.1146731803225761,0.8083682618305958,False,-0.0488497303672009,True,-0.085386061965178
768074,FIRST FINANCIAL NORTHWEST BANK,4,2022-05-26,2022-05-26,0.0004692015662332,0.0008660383488081,0.2141248544749976,200,False,1.0,0.0889,4,2022-03-31,False,51,0.3704289939803686,14.162744677229515,0.0101445219863929,0.0001610148687992,0.1055423178353076,0.912385150775405,False,-0.0181562009658657,False,-0.0098608459192504
2797724,TOWNEBANK,4,2022-05-26,2022-05-26,-0.0119634469042315,-3.129821993775e-05,0.7882883510012458,200,False,1.0,0.0889,4,2022-03-31,False,41,0.4989229616475523,16.62891655471317,0.0109406916400645,0.0004795972999411,0.1117516074675872,0.9416373218600608,False,-0.0100030926294934,False,-0.0024450599699759
28013,NORTHFIELD BANK,4,2022-05-26,2022-05-26,-0.0059268973660987,-0.0007386803600782,0.451713249637079,200,False,1.0,0.0889,4,2022-03-31,False,41,0.3908535250550548,15.525771969343625,0.0103261839499335,0.0029251668748193,0.1221727442482985,0.8967499918634443,False,-0.0193668149128005,False,-0.0207106394826041
836843,MIDWESTONE BANK,4,2022-05-26,2022-05-26,-0.0139723511399946,0.0005185533687351,0.5893767509119414,200,False,1.0,0.0889,4,2022-03-31,False,41,0.389371060217023,15.600317581520857,0.0105457310063221,0.0095753079762604,0.096126160750399,0.949560583838331,False,-0.0030520663856148,False,0.0041162610346105
676478,MALVERN BANK NA,4,2022-05-26,2022-05-26,0.0281865317262489,-0.0006445882254971,0.1314997599429531,200,False,1.0,0.0889,4,2022-03-31,False,51,0.3564875749855334,13.910917096762285,0.0030797032285979,0.0179393401686444,0.1460268374138492,0.9179018607478118,False,-0.0217230514974909,False,-0.0088053985840742
23504,DIME COMMUNITY BANK,4,2022-05-26,2022-05-26,0.0195353152693122,0.000343982474063,0.7090487835877095,200,False,1.0,0.0889,4,2022-03-31,False,41,0.55232015796918,16.306270792050423,0.0120101580314038,0.0055460821750354,0.1111087085492842,0.9734715493180384,False,-0.0182802333670992,False,-0.01063833128804
785473,FIRST SAVINGS BANK,4,2022-05-26,2022-05-26,0.0040503683705433,0.0001940497783177,0.240671070701424,200,False,1.0,0.0889,4,2022-03-31,False,41,0.3283450375591665,14.401630835213384,0.0160444918567192,0.0077715822542689,0.1068662656656666,0.7844082484093101,False,-0.0191524642145407,False,-0.0003234198411315
929978,"HOME BANK, NATIONAL ASSOCIATION",4,2022-05-26,2022-05-26,0.0148917738405269,0.0003937654238851,0.5659130064231178,200,False,1.0,0.0889,4,2022-03-31,False,41,0.3317307561931363,15.017173296140792,0.0053367139337306,0.0097694153428337,0.0973932251276595,0.982774364395134,False,-0.0180096215997164,False,-0.0150070335005314
1864197,OAK VALLEY COMMUNITY BANK,4,2022-05-26,2022-05-26,-0.0164966565670549,0.0001704975528362,0.3746538114733885,200,False,1.0,0.0889,4,2022-03-31,False,41,0.4511596217231857,14.481217680158828,0.0051904910204505,0.0,0.0675169821560169,0.9916979289463084,False,0.0138238464255736,False,0.0171876653761752
342410,ORRSTOWN BANK,4,2022-05-26,2022-05-26,0.0130999503101011,-0.0001448156917232,0.5269770345829157,200,False,1.0,0.0889,4,2022-03-31,False,41,0.303075636632942,14.880176811208695,0.0129178159994013,0.002894682506509,0.0947690431746791,0.9762922881938004,False,-0.0192904909247105,False,-0.0218270102529899
119528,"FARMERS NATIONAL BANK OF EMLENTON, THE",4,2022-05-26,2022-05-26,-0.0095749034006347,0.0016561886747862,0.3366980205248069,200,False,1.0,0.0889,4,2022-03-31,False,51,0.2857118436727084,13.866408024022126,0.0108152801471182,0.0053196244970943,0.0793953707179616,0.9662538686906018,False,,,
685676,OPPORTUNITY BANK OF MONTANA,4,2022-05-26,2022-05-26,-0.0089031766160589,-0.0001343171032712,0.2224987367879183,200,False,1.0,0.0889,4,2022-03-31,False,51,0.2137519834742539,14.194837692784688,0.0083268265744018,0.0048533297450702,0.1152493565665116,0.9851201226402616,False,-0.015402551175442,False,-0.0079532664855848
613008,ROCKLAND TRUST COMPANY,5,2022-10-14,2022-10-14,0.0413179881482475,0.0001722935572447,0.6059507971782584,200,False,0.25,0.0103,4,2022-09-30,False,41,0.3206555475397536,16.796398649787452,0.0128512236643096,0.004087206184401,0.1430885960732714,0.9753137328476208,False,-0.0158760513078972,False,-0.0166832689695602
433608,TOMPKINS COMMUNITY BANK,5,2022-10-14,2022-10-14,0.0280277602605816,-7.4472870081154e-05,0.5633960801039944,200,False,0.25,0.0103,4,2022-09-30,False,41,0.4498691796860886,15.860992313514217,0.0110863352430566,0.0057932938025925,0.064485393093365,0.9642918520683575,False,-0.0148771822868522,False,-0.0175491947527171
379920,FIRST NATIONAL BANK OF PENNSYLVANIA,5,2022-10-14,2022-10-14,0.0921135444886681,0.0007293257056696,0.816212442738563,200,False,0.25,0.0103,4,2022-09-30,False,41,0.4311686323331906,17.567289761475077,0.0094252456770836,0.0033148815642827,0.1279023686355053,0.9324574718566842,False,-0.0139327318777742,False,-0.0099135656336968
491224,FIRST-CITIZENS BANK & TRUST COMPANY,5,2022-10-14,2022-10-14,-0.027205048638443,0.0010809883998134,1.069905527237038,200,False,0.25,0.0103,4,2022-09-30,False,31,0.32348000002054,18.50807571735948,0.0105014109236709,0.0072370310003684,0.0923780598097927,0.8847331934320776,False,-0.0173391233094819,False,-0.0070457123459857
246022,"BANK OF SOUTH CAROLINA, THE",5,2022-10-14,2022-10-14,0.0022006533984643,-0.0006770520960757,0.2078025361193454,200,False,0.25,0.0103,4,2022-09-30,False,41,0.4115932826872012,13.35374807697868,0.0106827977123705,0.001927403173831,0.05638936671258,0.9746736244128772,False,0.0138078723296275,False,0.0211969779343315
437914,"WILMINGTON SAVINGS FUND SOCIETY, FSB",5,2022-10-14,2022-10-14,0.0370456214070916,0.0002694701359821,0.7848960986557865,200,False,0.25,0.0103,4,2022-09-30,False,41,0.4485949185919624,16.805435652446114,0.0094931017148479,0.0037497040467705,0.1052772923698739,0.9547323220297004,False,-0.0135358011532707,True,-0.0097746266517213
761806,"WEBSTER BANK, NATIONAL ASSOCIATION",5,2022-10-14,2022-10-14,0.061821902131215,0.0002448687642035,1.066654845129232,200,False,0.25,0.0103,4,2022-09-30,False,31,0.402310248224568,18.048903793753052,0.0088252490522155,0.0042015463408472,0.1211617088949886,0.8963621146762265,False,-0.0215936457984246,False,-0.0058287569871804
837000,"FIRST NATIONAL BANK OF LONG ISLAND, THE",5,2022-10-14,2022-10-14,0.0526949511140462,-0.0002445379987715,0.3475642727790485,200,False,0.25,0.0103,4,2022-09-30,False,41,0.5048303879113872,15.271808479652794,0.0119669212714325,0.0,0.0837121169739825,0.9125303849974752,False,-0.0209473840040695,False,-0.0106820358617879
510871,FIRSTBANK PUERTO RICO,5,2022-10-14,2022-10-14,-0.0132510042720067,0.0014411735176578,1.1390912129649544,200,False,0.25,0.0103,4,2022-09-30,False,31,0.4960913744732553,16.72956460795079,0.0168788330373072,0.0158526546384438,0.0762721966013485,0.9755799630297208,False,-0.0182056510092615,False,-0.0264761108037157
245276,ORIENTAL BANK,5,2022-10-14,2022-10-14,-0.0074784159133027,0.0010499247267763,0.8434270283605975,200,False,0.25,0.0103,4,2022-09-30,False,41,0.360992548781299,16.11640271875692,0.0156956158007937,0.0253627603135992,0.0923590252912802,0.9788802785370404,False,-0.0174995369123359,False,-0.0214603033573476
216922,FIRST BANK,5,2022-10-14,2022-10-14,0.0040663922844643,-0.0007466585994144,0.7327008992048376,200,False,0.25,0.0103,4,2022-09-30,False,41,0.3451302315780911,16.168364055325473,0.0140663023611515,0.0043910273493811,0.0991281183749791,0.9759074808078582,False,-0.0055768569438161,False,-0.0091360140557879
645625,"WESBANCO BANK, INC.",5,2022-10-14,2022-10-14,0.0098741058536188,0.00061926480866,0.6248236535468387,200,False,0.25,0.0103,4,2022-09-30,False,41,0.3087002975988649,16.622529148545908,0.011789761293625,0.0051286270904355,0.1447232388499095,0.9672070024215276,False,-0.0161982088105179,False,-0.008228581129112
365325,UNITED BANK,5,2022-10-14,2022-10-14,0.0112871487045072,0.0007038983500019,0.6650478714826591,200,False,0.25,0.0103,4,2022-09-30,False,41,0.3762514385501795,17.182887453630354,0.0130815142078194,0.0030022367982569,0.1560430738873548,0.943778527981,False,-0.0197593159230139,False,-0.0140776244579743
816603,"WASHINGTON TRUST COMPANY, OF WESTERLY, THE",5,2022-10-14,2022-10-14,0.001849891705366,-1.92814328608364e-05,0.4450587475332761,200,False,0.25,0.0103,4,2022-09-30,False,41,0.3415030853728693,15.672897330391535,0.0116277496868515,0.002497672026853,0.0683293137538294,0.8514880080841817,False,-0.0137346408651125,False,-0.0079113347521507
130541,HORIZON BANK,5,2022-10-14,2022-10-14,0.0232231397464933,0.0005634939024332,0.6228419172074234,200,False,0.25,0.0103,4,2022-09-30,False,41,0.4247254021067689,15.849672136255093,0.0132966440962201,0.0041745256536259,0.0931769554655806,0.8485724872115836,False,0.0062539149106294,False,0.0157748389957609
701062,CENTRAL PACIFIC BANK,5,2022-10-14,2022-10-14,-0.0084972749376382,-0.0003897343415458,0.7144291900008924,200,False,0.25,0.0103,4,2022-09-30,False,41,0.3655787441753755,15.806825555632264,0.0103826628587862,0.0011089779648014,0.0711741450016108,0.9660715970697544,False,-0.0108087492314031,False,-0.014432790203365
802866,SILICON VALLEY BANK,5,2022-10-14,2022-10-14,-0.4087325988348353,-0.0008141183947146,1.804346667227184,200,False,0.25,0.0103,4,2022-09-30,False,31,0.8457901474748153,19.16377931895472,0.0101913332445476,0.0011368677905944,0.0719592473506972,0.9167824103733696,True,0.0358832043325153,False,0.0315062153011363
509811,"COMMUNITY TRUST BANK, INC.",5,2022-10-14,2022-10-14,0.0743525843780523,0.000208262661467,0.3622209843011702,200,False,0.25,0.0103,4,2022-09-30,False,41,0.2684297293765616,15.510321622897402,0.0142779045974037,0.0037701777617336,0.1142471091889128,0.9424180222084884,False,-0.0195206761466614,False,-0.0348608925225716
208244,OLD NATIONAL BANK,5,2022-10-14,2022-10-14,-0.001938217487917,0.0003897405315349,0.6176639774731821,200,False,0.25,0.0103,4,2022-09-30,False,31,0.3951741483473251,17.64315128003264,0.007503678896928,0.0076738501410257,0.1037289208737295,0.8871498872684677,False,-0.0209391121420312,False,-0.003593043683661
4114567,FIRST REPUBLIC BANK,5,2022-10-14,2022-10-14,-0.1704072812012882,-0.000567186655122,1.166283631162049,200,False,0.25,0.0103,4,2022-09-30,False,31,0.6835630354768786,19.139050567343546,0.0083169499461549,0.0007535059090207,0.0834638864756019,0.9169790196333129,True,-0.0043878506876333,False,0.003577575785238
5210,ACNB BANK,5,2022-10-14,2022-10-14,0.0552032992476725,0.001681076649428,0.2807805527776051,200,False,0.25,0.0103,4,2022-09-30,False,51,0.2619727381703954,14.783399317789993,0.0128167870329814,0.0025551230807109,0.0852490577921661,0.9748689042609696,False,-0.0115874644665386,False,-0.0165860703831197
3938186,"BANKUNITED, NATIONAL ASSOCIATION",5,2022-10-14,2022-10-14,-0.051314987565582,0.0003609039865295,0.9299066668163012,200,False,0.25,0.0103,4,2022-09-30,False,41,0.6668125100266556,17.412041252935893,0.009774138429172,0.0303263743960249,0.078436429951685,0.8228764089485427,False,-0.0201652274367269,False,0.0105771378911857
680813,"FARMERS NATIONAL BANK OF CANFIELD, THE",5,2022-10-14,2022-10-14,0.0342341782721232,-0.0006404983944782,0.3623063838516062,200,False,0.25,0.0103,4,2022-09-30,False,41,0.3574890102599908,15.226649959081278,0.0139562465071381,0.0054018882463554,0.0559841487578113,0.9501223826579576,False,-0.0099194211626943,False,-0.0097386462864818
785923,LCNB NATIONAL BANK,5,2022-10-14,2022-10-14,0.0901068710304404,0.000185840472745,0.3793459366929999,200,False,0.25,0.0103,4,2022-09-30,False,51,0.2870466427497822,14.457848537470896,0.0120117276546794,0.0003384932980506,0.1103833933042947,0.9804114506028656,False,-0.0176609426194181,False,-0.0188215942518553
2787770,BANK OF THE JAMES,5,2022-10-14,2022-10-14,0.0421106394679682,-0.0008332794789799,0.3006843150393837,200,False,0.25,0.0103,4,2022-09-30,False,41,0.23664058457553,13.766458959623908,0.0092634214583692,0.0012633266533066,0.0576821281082875,0.9886983106537928,False,-0.0030290183498984,False,-0.0056170292577375
258771,HOMESTREET BANK,5,2022-10-14,2022-10-14,-0.035444189978454,-0.0010693012657793,0.7061461832405299,200,False,0.25,0.0103,4,2022-09-30,False,41,0.3619032871622265,16.017667064430476,0.0095456939175279,0.0030742119662169,0.0826865219812666,0.7970622802800026,False,-0.0167110496780003,False,-0.0052553282359346
212577,HOMETRUST BANK,5,2022-10-14,2022-10-14,0.0183634437313728,-0.0009685693792133,0.382966785377195,200,False,0.25,0.0103,4,2022-09-30,False,41,0.2580848690972191,15.083896844360725,0.0089047383705693,0.0023185865657167,0.1076545851873542,0.9802196264201056,False,-0.0213705102815928,False,-0.0239529209178922
4210227,NBH BANK,5,2022-10-14,2022-10-14,0.0554660117253995,0.0002108189660512,0.6383699051246989,200,False,0.25,0.0103,4,2022-09-30,False,41,0.3470519795111347,15.880809310205189,0.0106745723548894,0.0026045046862491,0.1033730688491153,0.9783092673186295,False,-0.0119147957329298,False,-0.0077307592546284
884303,CHEMUNG CANAL TRUST COMPANY,5,2022-10-14,2022-10-14,-0.0125445763581535,-0.0001122567727233,0.0263821256053956,200,False,0.25,0.0103,4,2022-09-30,False,41,0.2714486578355753,14.750702726870893,0.0106830872096682,0.0047780696529745,0.0576542870185418,0.9734377922182323,False,-0.0085911947550186,False,-0.0048366081969081
2758613,FIRST INTERNET BANK OF INDIANA,5,2022-10-14,2022-10-14,-0.2956650177443213,5.8271916042102285e-05,0.8253377174625237,200,False,0.25,0.0103,4,2022-09-30,False,51,0.364485801268089,15.263578292597348,0.010753443786769,0.0018313459950857,0.1014304734440531,0.8417800283000856,False,-0.020298052885544,False,-0.0152702481698545
122854,INDEPENDENT BANK DBA INDEPENDENT FINANCIAL,5,2022-10-14,2022-10-14,-0.0158222805364965,0.0003619077939929,0.6677324209375066,200,False,0.25,0.0103,4,2022-09-30,False,41,0.5123040815181227,16.70249542013217,0.0129226566187671,0.0040453389404826,0.1485960390852649,0.9799983684109698,False,-0.0184669659146515,False,-0.0158229175258816
2354985,CUSTOMERS BANK,5,2022-10-14,2022-10-14,-0.0639703012448103,-0.0007499015837227,1.5151565106105007,200,False,0.25,0.0103,4,2022-09-30,False,41,0.6145777251014333,16.829066000979815,0.0135885052560719,0.0052982100634628,0.0726170315524439,0.9348327471329816,False,-0.0190602511457525,False,-0.0094280908314003
697978,COMMUNITY BANK OF THE CHESAPEAKE,5,2022-10-14,2022-10-14,0.0379419384279567,7.767426604158434e-05,0.1514786062892202,200,False,0.25,0.0103,4,2022-09-30,False,41,0.233547229094705,14.673441825614374,0.0130456826459882,0.0036237325247476,0.0878378578937079,0.9903985391870602,False,-0.010933342505794,False,-0.016683625523652
3401970,FIRST BANK,5,2022-10-14,2022-10-14,0.0211096597324789,0.0004732260167844,0.501664260717086,200,False,0.25,0.0103,4,2022-09-30,False,41,0.4489085888360472,14.7806725935731,0.0138081494085749,0.0022687999132648,0.1069433223132751,0.9341973261265688,False,-0.0192515173594626,False,-0.0189595438596672
3284070,ALLY BANK,5,2022-10-14,2022-10-14,-0.1587389582058334,-0.0004518683428861,1.3675382361049568,200,False,0.25,0.0103,4,2022-09-30,False,31,0.1399190988776488,19.00130291617044,0.0185919853770901,0.0102411678392716,0.0747894692667095,0.895572395357698,False,-0.0294560301544673,False,-0.0387197045696588
3109043,BANKWELL BANK,5,2022-10-14,2022-10-14,-0.0383915357773037,0.0004932721135959,0.3153536525488806,200,False,0.25,0.0103,4,2022-09-30,False,41,0.5963294151958461,14.816160820456169,0.0162305839966177,0.0073527413681112,0.1041054392382493,0.94553605063528,False,-0.0153850129592315,False,-0.005712033725532
762447,"FIRST MID BANK & TRUST, NATIONAL ASSOCIATION",5,2022-10-14,2022-10-14,0.0360438157902178,-0.0005409151188616,0.5008140821129502,200,False,0.25,0.0103,4,2022-09-30,False,41,0.3792496234805607,15.705059252833838,0.009514968553307,0.0037849369424336,0.0982464434490028,0.9266862833633852,False,-0.0168473340840939,False,-0.0128396486254592
1216022,SYNCHRONY BANK,5,2022-10-14,2022-10-14,-0.0124362585003955,-0.0006189817146831,1.239332323143275,200,False,0.25,0.0103,4,2022-09-30,False,41,0.1395707038591433,18.33457804489895,0.0340926430517711,0.0147047901968065,0.124,0.8804822515023703,False,-0.047934451814912,True,-0.1002527597244508
3303298,"CITIZENS BANK, NATIONAL ASSOCIATION",5,2022-10-14,2022-10-14,0.0631630850247152,-0.000169647362674,1.060740347545709,200,False,0.25,0.0103,4,2022-09-30,False,31,0.4918414428560816,19.229296492742996,0.0088990379019042,0.0092871118803429,0.1033445376501882,0.8986092239836491,False,-0.0218017994438813,False,-0.0004142515464024
177920,"MIDDLEFIELD BANKING COMPANY, THE",5,2022-10-14,2022-10-14,-0.0040951003285495,0.0002303076129356,0.147215038153615,200,False,0.25,0.0103,4,2022-09-30,False,41,0.2865639307097291,14.115103167521884,0.0147907805649657,0.0037098257125487,0.0937620663613746,0.9263547855527704,False,-0.0186648885024873,False,-0.0198468963121079
371924,COMMUNITY BANK,5,2022-10-14,2022-10-14,-0.0387029254585731,2.370070916626941e-06,0.2201915678246214,200,False,0.25,0.0103,4,2022-09-30,False,51,0.3650862402950611,14.16903865577232,0.0070089547683199,0.003864069142867,0.0732415175239083,0.9778743594581222,False,-0.0121522991519625,False,-0.0120508153561997
3221468,VERITEX COMMUNITY BANK,5,2022-10-14,2022-10-14,-0.0156355546013232,-0.0006721632837066,0.9002629943563213,200,False,0.25,0.0103,4,2022-09-30,False,41,0.5450632871258944,16.275397816775662,0.0129600065803721,0.0037085700105238,0.1381362929969961,0.8692746917634555,False,-0.0209814377105824,False,-0.0086052226471792
3637685,FIRST FOUNDATION BANK,5,2022-10-14,2022-10-14,-0.0242299699756267,-0.0011934864110804,0.7281068405048301,200,False,0.25,0.0103,4,2022-09-30,False,41,0.6701071950988677,16.324268979129855,0.0104076635034117,0.0011953160760258,0.0999310640113617,0.8687631553753395,False,-0.0173971685792301,False,0.0035112101082296
866000,GLENS FALLS NATIONAL BANK AND TRUST COMPANY,5,2022-10-14,2022-10-14,0.0415175513530282,-3.2261296918521686e-05,0.4343354619470552,200,False,0.25,0.0103,4,2022-09-30,False,41,0.292951620569149,15.016416765083704,0.0110032909766413,0.0033983171652116,0.0804576532886043,0.9798045613265745,False,-0.0146716748439502,False,-0.0219885339084974
766164,"TBK BANK, SSB",5,2022-10-14,2022-10-14,-0.1468354879962714,-0.0018195808769145,1.474348189182338,200,False,0.25,0.0103,4,2022-09-30,False,41,0.3807601974638399,15.54559212170068,0.0218488759489703,0.0134984984375359,0.1759299670242438,0.9655482327967572,False,-0.0363793567989745,False,-0.0521960723942373
403179,FIRST FED BANK,5,2022-10-14,2022-10-14,-0.068204792172449,-0.0004104425659557,0.2676904280648562,200,False,0.25,0.0103,4,2022-09-30,False,51,0.2426329118289741,14.542729642355814,0.0076443865402353,0.0023089785627506,0.0829664652798651,0.8556486656541777,False,-0.0167498272849897,False,-0.0144618606651352
917742,"ASSOCIATED BANK, NATIONAL ASSOCIATION",5,2022-10-14,2022-10-14,0.0426264915850631,0.0002404104055515,0.8243889376475646,200,False,0.25,0.0103,4,2022-09-30,False,41,0.5586447421789724,17.453224525312393,0.0092309955716098,0.0043861484187797,0.103755606816255,0.8591096318321725,False,-0.0002128891994825,False,0.0040417383286524
3650808,LIVE OAK BANKING COMPANY,5,2022-10-14,2022-10-14,-0.1643406179148192,-0.0028254336164567,1.5790213008375658,200,False,0.25,0.0103,4,2022-09-30,False,41,0.1810100925733234,16.03764192549521,0.0078284947672274,0.0119505671063437,0.068715687566544,0.9920339236708096,False,-0.0247462205687162,False,-0.0165406023079826
139656,EQUITY BANK,5,2022-10-14,2022-10-14,0.0639130046792306,5.191719158877422e-05,0.4975656475513058,200,False,0.25,0.0103,4,2022-09-30,False,41,0.3106028521313148,15.424936870331091,0.0137313592837676,0.0071566732923061,0.0937154870996503,0.9384510644683616,False,-0.0178871622627896,False,-0.0266035158492072
422433,FIRST GUARANTY BANK,5,2022-10-14,2022-10-14,0.0069265116788517,0.0011012678121776,0.3352306518117119,200,False,0.25,0.0103,4,2022-09-30,False,41,0.536656548717336,14.9449772493505,0.0111902390191443,0.0060819243734918,0.0915479801913764,0.9648692380270646,False,-0.0279736975134564,False,-0.0130070534494394
3532641,SMARTBANK,5,2022-10-14,2022-10-14,0.0528093237898569,0.0002839625742594,0.4901399467113457,200,False,0.25,0.0103,4,2022-09-30,False,41,0.3491003529147214,15.383476889942852,0.0089491446841626,0.001255054228788,0.0949756331351004,0.9885078096494688,False,-0.0125732367854023,False,-0.0069871880539602
2941068,NICOLET NATIONAL BANK,5,2022-10-14,2022-10-14,0.0368123782357805,0.0006341066234483,0.472457006269296,200,False,0.25,0.0103,4,2022-09-30,False,41,0.3072044385735147,15.99923463448934,0.0102030427582677,0.00640031154885,0.1211507152806433,0.9529300473359844,False,-0.0172684102631888,False,-0.0101589706565715
773247,MIDLAND STATES BANK,5,2022-10-14,2022-10-14,0.0816937212771229,0.000723749136182,0.504301083526293,200,False,0.25,0.0103,4,2022-09-30,False,41,0.3931057685002059,15.863830043657885,0.0124052991471066,0.006597505985993,0.0993158095222375,0.9289864185578776,False,-0.0237662866376212,False,-0.0227526364041967
40499,HARBORONE BANK,5,2022-10-14,2022-10-14,-0.0486076489800087,9.0919907941747e-05,0.4316805348921834,200,False,0.25,0.0103,4,2022-09-30,False,41,0.3599534230272463,15.423272266352972,0.0100894311125606,0.0055246967678401,0.1081871919090092,0.8920533219995704,False,-0.0192199627253947,False,-0.0123964720199993
980661,FIRST HAWAIIAN BANK,5,2022-10-14,2022-10-14,0.0098914825054697,0.0005534762019785,0.8085270158900323,200,False,0.25,0.0103,4,2022-09-30,False,31,0.3688498614170167,17.0291989915528,0.0103965111327403,0.0010202372354475,0.0877897003982726,0.974581112998024,False,0.0061477846368594,False,0.0001840616889916
436159,FIRSTBANK,5,2022-10-14,2022-10-14,-0.0833356950633092,7.899561276049688e-05,0.7916356140259337,200,False,0.25,0.0103,4,2022-09-30,False,41,0.4908129441402122,16.319939893907804,0.009465939295318,0.0074830963899083,0.1047883173836075,0.9143096398094946,False,-0.0209846227674282,False,-0.014065983209214
795968,BANK OF HAWAII,5,2022-10-14,2022-10-14,-0.0267575009518714,0.0003307849357859,0.697081440170406,200,False,0.25,0.0103,4,2022-09-30,False,31,0.4883115050614024,16.955646419552185,0.0096502333534686,0.0013622554650854,0.0539542855530482,0.9563807588227125,False,0.0071351648481746,False,0.0058707162537273
321273,AFFINITY BANK,5,2022-10-14,2022-10-14,-0.0282542225841704,0.0002104330596851,0.1095016049767633,200,False,0.25,0.0103,4,2022-09-30,False,51,0.2481418180982088,13.562680696279704,0.0097072710103871,0.0107887287996174,0.1325676023693021,0.9684360378120324,False,-0.0176297373009046,False,-0.0167765926497299
214414,"FARMERS & MERCHANTS STATE BANK, THE",5,2022-10-14,2022-10-14,0.0187716760507785,0.0010834004372659,0.4364682942577302,200,False,0.25,0.0103,4,2022-09-30,False,41,0.2072332952042675,14.826692836573612,0.0125128735699923,0.0025503567235702,0.1044247974333984,0.928627049871212,False,-0.0165106488576748,False,-0.0137132409585269
129732,BYLINE BANK,5,2022-10-14,2022-10-14,0.049143461100115,-0.0003923401709825,0.5698321079821369,200,False,0.25,0.0103,4,2022-09-30,False,41,0.3275296789669146,15.79828810384432,0.012964539725795,0.0075535187663647,0.1126189747108863,0.8749895460770908,False,-0.0206185594181874,False,-0.0162382297812275
3835454,ROYAL BUSINESS BANK,5,2022-10-14,2022-10-14,0.0339850681261644,-0.0001695747675972,0.5875144161905058,200,False,0.25,0.0103,4,2022-09-30,False,41,0.5193149221196305,15.176362487950117,0.0180114752761497,0.0031890160474967,0.1546426041809312,0.9144584822705664,False,-0.0328617197550671,False,-0.0379092588116365
3595271,"BANK OF PRINCETON, THE",5,2022-10-14,2022-10-14,0.0158492794270661,0.0001203017714145,0.2747520054218391,200,False,0.25,0.0103,4,2022-09-30,False,41,0.334180680198857,14.287417374998654,0.0160718830627654,0.0035373679834826,0.1325712018604558,0.983087024372002,False,-0.0235065068072767,False,-0.0405136883519649
736206,CAMBRIDGE TRUST COMPANY,5,2022-10-14,2022-10-14,0.0218856876809265,6.1030583686265586e-06,0.4916188048513904,200,False,0.25,0.0103,4,2022-09-30,False,51,0.4869776600978229,15.45314868026819,0.0108019794382327,0.0017590767589114,0.083648907409827,0.9118046783643105,False,-0.0005387905119894,False,0.0035568111673182
1007819,"FIDELITY DEPOSIT AND DISCOUNT BANK, THE",5,2022-10-14,2022-10-14,0.0492186335262095,-0.0005503503000863,0.6366672440275133,200,False,0.25,0.0103,4,2022-09-30,False,51,0.4304339801612618,14.705731198960306,0.0133045007110304,0.0020132533715436,0.0599609880989478,0.984430617805035,False,-0.0128377640774666,False,-0.0219647953902307
963945,MERCHANTS BANK OF INDIANA,5,2022-10-14,2022-10-14,-0.015307657268448,0.0001005843193067,0.7384731010865224,200,False,0.25,0.0103,4,2022-09-30,False,41,0.566967864187562,16.276187867001596,0.0183409373028678,0.0026898554346568,0.1132669019773508,0.9788294443445243,False,-0.0215677708144528,False,-0.0271061366199602
2705895,METROPOLITAN COMMERCIAL BANK,5,2022-10-14,2022-10-14,-0.1073862845115314,-0.0003624259333117,1.1042652007116944,200,False,0.25,0.0103,4,2022-09-30,False,41,0.8061047118112563,15.674966213902383,0.0143973826943048,5.198716610159505e-06,0.0922189681041568,0.9893613315871028,False,-0.0105273360784501,False,0.0033972790141251
3579589,ALLEGIANCE BANK,5,2022-10-14,2022-10-14,0.0076840860318663,0.0005334595718929,0.4481608711488015,200,False,0.25,0.0103,4,2022-09-30,False,41,0.5664101663291015,15.72120790190578,0.0110700399087163,0.0046932519612745,0.1036899389434563,0.9431643999857968,False,-0.0042399287363297,False,0.0084652460862542
3271799,MERIDIAN BANK,5,2022-10-14,2022-10-14,-0.016537419366907,2.604497141627555e-05,0.2467199910104114,200,False,0.25,0.0103,4,2022-09-30,False,51,0.49916386462843,14.468728574478856,0.013100104160433,0.0140400985799331,0.0980301449486526,0.9666751089954648,False,-0.0275954517703872,False,-0.0191142633229745
979375,"STERLING BANK AND TRUST, FSB",5,2022-10-14,2022-10-14,0.0045696740930699,0.00081718119842,0.2358766987966018,200,False,0.25,0.0103,4,2022-09-30,False,41,0.195560099313568,14.708679223294707,0.005930212344175,0.0234064131262999,0.1526748587105759,0.955982308281338,False,-0.012992095091303,False,-0.0189081896242658
497570,LUTHER BURBANK SAVINGS,5,2022-10-14,2022-10-14,0.0119294875432243,3.8745115629512254e-05,0.3712726256317544,200,False,0.25,0.0103,4,2022-09-30,False,41,0.424429439352881,15.884805041941483,0.0119311202741746,0.0005587593034153,0.103596130635867,0.822954677614571,False,-0.0206103322269363,False,-0.011896844667198
2757205,"MVB BANK, INC.",5,2022-10-14,2022-10-14,-0.0551608541340517,-0.0005678966341541,0.6181465431431103,200,False,0.25,0.0103,4,2022-09-30,False,41,0.686302659744297,14.958158870621997,0.0080610897399092,0.0089709605791507,0.094971069134243,0.9561111829821074,False,-0.0182877610934261,False,-0.0080488330456518
3378773,BRIDGEWATER BANK,5,2022-10-14,2022-10-14,0.0143881376725559,-0.0001537806000431,0.445544776241959,200,False,0.25,0.0103,4,2022-09-30,False,41,0.4605852908974056,15.23211635065055,0.0134992213791137,0.00019667789382,0.1046302031819731,0.9057448043598332,False,-0.0190759016985453,False,-0.0141154525588042
3357219,OPEN BANK,5,2022-10-14,2022-10-14,-0.0545339866385283,0.00076108711724,0.6365198961033844,200,False,0.25,0.0103,4,2022-09-30,False,51,0.3620984802284524,14.523267001658745,0.0169426632956101,0.0013604003239336,0.0828034234192506,0.9769569928693036,False,-0.0164107384096482,False,-0.0202277083294347
3281510,UNITED BUSINESS BANK,5,2022-10-14,2022-10-14,-0.0243106697951912,0.0002256753196198,0.3639448867251945,200,False,0.25,0.0103,4,2022-09-30,False,51,0.4699570845741134,14.73914902896515,0.0110740643237584,0.0098485981935062,0.143519968933112,0.9853277088314232,False,-0.0261948218685169,False,-0.0213806827921396
667757,ORIGIN BANK,5,2022-10-14,2022-10-14,0.017610776449835,6.988513601002698e-05,0.5853430531610491,200,False,0.25,0.0103,4,2022-09-30,False,41,0.5546001209742415,15.88401791371422,0.0109333965878693,0.0069490217351448,0.0768186237260367,0.9163396935608464,False,-0.0176354809055602,False,-0.0042836610348775
2562164,COASTAL COMMUNITY BANK,5,2022-10-14,2022-10-14,-0.0249479408149698,0.0005810340551913,0.8905874566226852,200,False,0.25,0.0103,4,2022-09-30,False,41,0.3054308492015467,14.956815091144309,0.0123174217864158,0.0089691020275532,0.0802781992110768,0.9859708818615384,False,-0.0224857956758294,False,-0.030389411780631
3158546,FIRST WESTERN TRUST BANK,5,2022-10-14,2022-10-14,0.0652230108381355,-0.0004235742608895,0.3922871354611728,200,False,0.25,0.0103,4,2022-09-30,False,51,0.437133915471355,14.81692338325525,0.0084394850836509,0.0020007764333429,0.0921695366671258,0.88118336308912,False,-0.0185709159554571,True,-0.0071984362115709
661308,AMALGAMATED BANK,5,2022-10-14,2022-10-14,-0.0070930094691151,0.0015666090011199,0.5312856594829541,200,False,0.25,0.0103,4,2022-09-30,False,41,0.6923474192581847,15.880194743535863,0.0099426498780637,0.006595988208955,0.0698969199807987,0.9800725371541162,False,-0.0046339871545251,False,0.0160749086018026
83638,"AMERANT BANK, NATIONAL ASSOCIATION",5,2022-10-14,2022-10-14,0.0946597114997392,0.0001221490780822,0.5830377637056885,200,False,0.25,0.0103,4,2022-09-30,False,31,0.4606547572840024,15.980454682726448,0.00803447433656,0.0028815878071624,0.0867416828903451,0.836653047615925,False,-0.0183678101811775,False,-0.0028351996177821
18854,BANK7,5,2022-10-14,2022-10-14,-0.0012279080859058,0.0005952817286331,0.7643518913370695,200,False,0.25,0.0103,4,2022-09-30,False,41,0.3245285958628979,14.27292211377558,0.017931883904786,0.0147224440651718,0.085296070390809,0.9947827759645118,False,-0.0205095416077293,False,-0.0312840545434896
2808602,"CAPITAL BANK, NATIONAL ASSOCIATION",5,2022-10-14,2022-10-14,-0.012331433638551,2.510167235666359e-05,0.5179725040499191,200,False,0.25,0.0103,4,2022-09-30,False,41,0.5010042407669396,14.488227964612706,0.0215477493614621,0.0052953123892275,0.0899775714384133,0.9747033347745312,False,-0.0246130620058959,False,-0.0362754382775354
3614976,FVCBANK,5,2022-10-14,2022-10-14,0.035317953273039,1.782358549859804e-05,0.2414173024491234,200,False,0.25,0.0103,4,2022-09-30,False,51,0.5213406553993183,14.603954281871932,0.0132413926856578,0.0021388496640075,0.0942585580712464,0.9486877472894764,False,-0.0173853761208054,False,-0.0120945788755664
594947,"BANK FIRST, NATIONAL ASSOCIATION",5,2022-10-14,2022-10-14,0.0439024641642628,0.0009478532076109,0.376242357437675,200,False,0.25,0.0103,4,2022-09-30,False,41,0.2844025455513959,15.10724063602968,0.0124921786485968,0.0017507659163717,0.123782211808104,0.98792551269764,False,-0.0178475088290392,False,-0.0200720636949577
3476192,CARTER BANK & TRUST,5,2022-10-14,2022-10-14,0.0081917500419362,0.0008755772791165,0.6549295256930273,200,False,0.25,0.0103,4,2022-09-30,False,41,0.1515715434040466,15.229710656737874,0.0117235709304648,0.0023113481589337,0.0759669794405565,0.9806447606879524,False,-0.0140827677356284,False,-0.0235622245033708
3248849,MAINSTREET BANK,5,2022-10-14,2022-10-14,0.0853918647653682,0.000248746999926,0.1866029149354832,200,False,0.25,0.0103,4,2022-09-30,False,41,0.4738558246527391,14.435986503000729,0.0148832167535123,0.0001560504453597,0.1311475938709967,0.9730639772313066,False,-0.0276418258549044,False,-0.0391955855938327
289515,FARMERS AND MERCHANTS TRUST COMPANY OF CHAMBERSBURG,5,2022-10-14,2022-10-14,-0.023156028725968,0.0003239779421665,0.1671435822956752,200,False,0.25,0.0103,4,2022-09-30,False,51,0.2584132909993836,14.428982296733643,0.0093255188705126,0.0053223277023683,0.0606400582186143,0.991249913536695,False,-0.0057933264054638,False,-0.0077979796831682
2743244,RED RIVER BANK,5,2022-10-14,2022-10-14,0.0720100512228651,0.0004546704488792,0.4958428023921497,200,False,0.25,0.0103,4,2022-09-30,False,41,0.3698730010496281,14.933617256499812,0.011876862706383,0.0014432238910698,0.0757246432479028,0.9930148110762814,False,0.0093723696773624,False,-0.0019570509126027
575254,CITY BANK,5,2022-10-14,2022-10-14,0.0156519657523959,0.0008988430106424,0.5934885670228952,200,False,0.25,0.0103,4,2022-09-30,False,41,0.4220734511448884,15.19935867947832,0.0166687258644683,0.0028800774890258,0.0899886146828238,0.9799474106289132,False,-0.0137513269515693,False,-0.0263853853089051
419675,FIRST BANK RICHMOND,5,2022-10-14,2022-10-14,-0.0342693363886819,-0.0001873461601794,0.257805926847936,200,False,0.25,0.0103,4,2022-09-30,False,51,0.2307280654989347,14.058745322380757,0.0114476762785329,0.0091908221014824,0.0731388901085804,0.8346596576061531,False,-0.0161523227049218,False,-0.0201327602174933
3594005,CROSSFIRST BANK,5,2022-10-14,2022-10-14,0.0247439626580042,-0.0002292607397063,0.3997635417892067,200,False,0.25,0.0103,4,2022-09-30,False,41,0.5037713382295023,15.580875571454726,0.0116318899282789,0.0036873247783179,0.0967908202073855,0.9472026612667316,False,-0.0162377752323538,False,-0.0086419462971801
933256,"ALERUS FINANCIAL, NATIONAL ASSOCIATION",5,2022-10-14,2022-10-14,-0.0012626580338446,-0.0010585253218085,0.6290620633721726,200,False,0.25,0.0103,4,2022-09-30,False,41,0.5539691125636415,15.120968167074183,0.0116655648546263,0.0022620246037298,0.0887084730023524,0.9039873317196584,False,-0.0046525286417989,False,0.0052765551333734
426534,HEARTLAND BANK AND TRUST COMPANY,5,2022-10-14,2022-10-14,-0.0294733780470415,0.0005716483658338,0.5621675164967398,200,False,0.25,0.0103,4,2022-09-30,False,41,0.2108426948669655,15.25312426313242,0.0152566025655031,0.0012500847137642,0.0977669406711955,0.9650379378648188,False,-0.0026586241954371,False,-0.0109718862904319
3437456,METRO CITY BANK,5,2022-10-14,2022-10-14,0.0929917689055068,-0.0004867709365214,0.7604105322783205,200,False,0.25,0.0103,4,2022-09-30,False,41,0.2827569352869726,15.028051054570726,0.0209033372347634,0.0059351738184393,0.1021268495232769,0.866192748246492,False,-0.0279866350216795,False,-0.0321839397211946
324340,CHOICEONE BANK,5,2022-10-14,2022-10-14,0.0195021087044559,-0.0004121965965348,0.2237583483070589,200,False,0.25,0.0103,4,2022-09-30,False,41,0.3519517917990328,14.67451322053475,0.010334892829635,0.0010487874545043,0.0755564309631672,0.993203450647466,False,0.0122302670331337,False,0.0213263637386056
128904,EASTERN BANK,5,2022-10-14,2022-10-14,-0.0038869413620095,0.0004600408022839,0.6667426631140909,200,False,0.25,0.0103,4,2022-09-30,False,41,0.4938589468224889,16.907480126872667,0.0097274016352529,0.0026350383424697,0.1030208979798101,0.9558759172055024,False,0.0251047172131528,False,0.0080592725149384
395238,SYNOVUS BANK,5,2022-10-14,2022-10-14,-0.1327537289171833,0.0003908948074958,1.2052350351048138,200,False,0.25,0.0103,4,2022-09-30,False,41,0.473343605178611,17.885323003465853,0.0128346071554709,0.0029117192354203,0.0723292688528013,0.8933490805511102,False,-0.0182898230034854,False,-0.0151256607115287
933966,CITIZENS BUSINESS BANK,5,2022-10-14,2022-10-14,-0.0428493357447435,0.0017602501991389,0.404880926638242,200,False,0.25,0.0103,4,2022-09-30,False,41,0.6385809204465337,16.609587862929317,0.0141145820653034,0.0011530480038148,0.1122213020700731,0.9604072791035014,False,-0.0114576352659936,False,0.0035792853852453
2708122,VIRGINIA NATIONAL BANK,5,2022-10-14,2022-10-14,0.0202851530714248,-3.441614616808298e-05,0.2266288474255843,200,False,0.25,0.0103,4,2022-09-30,False,51,0.2855551940739257,14.365361683523355,0.0133433737546848,0.001555690207535,0.0729863617609975,0.9949268912113836,False,0.0103585773731935,False,1.188154526918228e-05
2867337,FIVE STAR BANK,5,2022-10-14,2022-10-14,-0.0332149932855478,0.0004298478759972,0.6950925969524483,200,False,0.25,0.0103,4,2022-09-30,False,41,0.6392900065897908,14.938258556213578,0.0149273351537506,0.0001653821600066,0.0981733570039644,0.9570695052953684,False,-0.0164967451171672,False,-0.017477117044492
3146150,U.S. CENTURY BANK,5,2022-10-14,2022-10-14,0.005982049268142,1.7079921434501803e-05,0.2379887296266161,200,False,0.25,0.0103,4,2022-09-30,False,31,0.5277514864700886,14.527211056346436,0.0102788465140872,0.0,0.0865369655152781,0.9741459257722964,False,-0.0143684456229084,False,0.0028564772750261
176101,ORANGE BANK & TRUST COMPANY,5,2022-10-14,2022-10-14,0.0305001953460474,-5.222287205189518e-05,0.1359020256717095,200,False,0.25,0.0103,4,2022-09-30,False,41,0.5079997011841489,14.673990804622614,0.0091282091271919,0.0065787773372686,0.0609373225313743,0.99076896415087,False,-0.0110751819159054,False,-0.0050539256639404
3630323,"THIRD COAST BANK, SSB",5,2022-10-14,2022-10-14,0.0146911768996131,-0.0010211414608061,0.4426738031481295,200,False,0.25,0.0103,4,2022-09-30,False,51,0.794681146505012,15.07233925019237,0.005198250897273,0.0032080305376789,0.1350375712205617,0.9867681108213896,False,-0.0190718170618211,False,-0.0168838801409796
60143,COMERICA BANK,5,2022-10-14,2022-10-14,-0.1084608472481053,0.0008180142437164,1.0683184853399146,200,False,0.25,0.0103,4,2022-09-30,False,31,0.6288750250216855,18.24918042578999,0.0125039569484013,0.0064004640819878,0.0564814814814814,0.942792078709645,False,-0.007938919964386,False,0.0021572639562136
601050,COMMERCE BANK,5,2022-10-14,2022-10-14,-0.0279275601507891,0.0006431946913009,0.6616770509099843,200,False,0.25,0.0103,4,2022-09-30,False,41,0.402615246647006,17.29408880003352,0.0138116078109793,0.0012398299618658,0.0593844775982184,0.9082418204163484,False,-0.0054987344605712,False,-0.0029589553183859
682563,FROST BANK,5,2022-10-14,2022-10-14,-0.0161502520624701,0.0009784641881421,0.9159843255747124,200,False,0.25,0.0103,4,2022-09-30,False,41,0.5639939709645615,17.785917427172894,0.0099660492489671,0.0026105809735837,0.0506333677526468,0.9343085368100642,False,0.0467918441200626,False,0.0340513330383314
723112,"FIFTH THIRD BANK, NATIONAL ASSOCIATION",5,2022-10-14,2022-10-14,-0.0146750918724806,-1.4707783546036906e-05,1.0669071402466466,200,False,0.25,0.0103,4,2022-09-30,False,31,0.5824880764163244,19.135024403475175,0.0121595297978098,0.0066921240610133,0.0903229859621685,0.9031538664988455,False,-0.0161464794397291,False,0.0010314327573429
233031,REGIONS BANK,5,2022-10-14,2022-10-14,-0.0498669400848708,0.0007781728965714,1.035494071294912,200,False,0.25,0.0103,4,2022-09-30,False,31,0.3713956612852584,18.870539062192567,0.0141148360957172,0.0065810156561104,0.09304312890204,0.9629725985979368,False,-0.0210332882656712,False,-0.0112862146352079
342634,TRUSTMARK NATIONAL BANK,5,2022-10-14,2022-10-14,0.0318266660462193,0.0004598544709642,0.6350096678034365,200,False,0.25,0.0103,4,2022-09-30,False,41,0.403782792956502,16.65973860507537,0.0085864684386293,0.0100768326163281,0.0940019321299361,0.9313376554249004,False,-0.0174494348928205,False,0.0001680113718093
501105,MANUFACTURERS AND TRADERS TRUST COMPANY,5,2022-10-14,2022-10-14,-0.1396828239299584,0.0017823493842987,0.8903741763087816,200,False,0.25,0.0103,4,2022-09-30,False,31,0.4739239113046832,19.102153442163814,0.0081937279899548,0.0229808633687768,0.1223138883768345,0.9630829498440092,False,-0.0179179133996263,False,0.0054370534718825
165628,FIRST FINANCIAL BANK,5,2022-10-14,2022-10-14,0.0394691060236593,0.0002071767412929,0.7460464062237602,200,False,0.25,0.0103,4,2022-09-30,False,41,0.4024062350167779,16.620744818424974,0.0133702354315473,0.0037179398294474,0.12869304289143,0.8624768962565982,False,-0.0162486443400032,False,-0.0080278584183262
991340,1ST SOURCE BANK,5,2022-10-14,2022-10-14,0.1394473153161126,0.0002839313859612,0.433166315525844,200,False,0.25,0.0103,4,2022-09-30,False,41,0.4051640257920396,15.90654934092224,0.0148420380038611,0.0050715195617241,0.0998002302640276,0.9164645297871288,False,-0.0110883852153092,False,-0.0164207658248645
485559,FIRST HORIZON BANK,5,2022-10-14,2022-10-14,0.0038850687513018,0.0021889743299686,0.4915163305484554,200,False,0.25,0.0103,4,2022-09-30,False,41,0.4890362698780646,18.197507654701916,0.0117006789421375,0.005646112480534,0.0985042720699362,0.9339777064500806,False,-0.0232749450417866,False,-0.0185634787728411
451965,"WELLS FARGO BANK, NATIONAL ASSOCIATION",5,2022-10-14,2022-10-14,0.0545141633380363,0.0004772087938277,1.0433774441916217,200,False,0.25,0.0103,4,2022-09-30,False,31,0.5285017314453629,21.261186258913963,0.0088489615025404,0.0109022506881126,0.092532768993052,0.9228465431753172,False,0.0009953449257133,False,0.011787045213705
12311,"HUNTINGTON NATIONAL BANK, THE",5,2022-10-14,2022-10-14,0.0655900608309746,0.0002899459288047,0.9976970050640872,200,False,0.25,0.0103,4,2022-09-30,False,31,0.6093746290787936,19.0053182276066,0.0127473769530057,0.0068831861030205,0.093038244544002,0.9277643582373092,False,-0.0196137334610456,False,-0.0086016140460914
852218,"JPMORGAN CHASE BANK, NATIONAL ASSOCIATION",5,2022-10-14,2022-10-14,0.1390161372327558,-0.0009060613763459,0.8449675740350885,200,False,0.25,0.0103,4,2022-09-30,False,31,0.4038522173432802,21.91978342004263,0.0095122522536137,0.0076906687865018,0.0898468373846746,0.8310061682107672,False,0.0216376799561287,False,0.0164136327788163
541101,"BANK OF NEW YORK MELLON, THE",5,2022-10-14,2022-10-14,0.0441858600555082,-0.0007296693857705,0.9395174903903648,200,False,0.25,0.0103,4,2022-09-30,False,31,0.6234673863790463,19.658051573205665,0.0065573009452958,0.0012108682811577,0.0751507308779239,0.9485181315940556,False,0.0571386032941642,True,0.0434632170387002
210434,"NORTHERN TRUST COMPANY, THE",5,2022-10-14,2022-10-14,-0.0821801365493292,-0.0002526908068378,0.952970680204818,200,False,0.25,0.0103,4,2022-09-30,False,31,0.331209220840615,18.88665597006675,0.0098902534526222,0.00290508249866,0.0661498610363243,0.8698462037239634,False,0.055495193514558,True,0.0346222704766125
1394676,AMERICAN EXPRESS NATIONAL BANK,5,2022-10-14,2022-10-14,-0.0243310916114372,0.0004386735605216,1.1769380275352388,200,False,0.25,0.0103,4,2022-09-30,False,31,0.3239067586594115,18.80885072316093,0.0439173184128967,0.0037699235622666,0.0894697328803864,0.8445787754883056,False,-0.0481072437163041,True,-0.0773555259626459
480228,"BANK OF AMERICA, NATIONAL ASSOCIATION",5,2022-10-14,2022-10-14,0.1259719144008098,-0.0005823533868904,0.9340674163370466,200,False,0.25,0.0103,4,2022-09-30,False,31,0.4613471258853421,21.60202166589039,0.010616711145221,0.0054710176967501,0.095077374411417,0.9336464789475736,False,0.0192779335923647,False,0.0203466162755536
817824,"PNC BANK, NATIONAL ASSOCIATION",5,2022-10-14,2022-10-14,0.0457395215414084,-0.0002375064601883,0.8672863278262926,200,False,0.25,0.0103,4,2022-09-30,False,31,0.4509527578837742,20.13158294801165,0.0102153831844417,0.0103300141213161,0.0768580883132274,0.8691363496754276,False,0.0086365182701514,False,0.0091081113083805
280110,KEYBANK NATIONAL ASSOCIATION,5,2022-10-14,2022-10-14,0.0464201271711318,-0.0002988441213265,0.9729123399550276,200,False,0.25,0.0103,4,2022-09-30,False,31,0.5123134467678061,19.050444421417847,0.0118304592672937,0.0039620409704881,0.0673944172604235,0.8481545934419013,False,-0.0019787040505335,False,0.0016467550483433
504713,U.S. BANK NATIONAL ASSOCIATION,5,2022-10-14,2022-10-14,0.0097891476647287,-0.0004834675945203,0.7353064069013663,200,False,0.25,0.0103,4,2022-09-30,False,31,0.4686956933762978,20.19768335266533,0.0113708076304563,0.0083222190568496,0.0711624066777808,0.8827366836847335,False,0.0027980295778043,False,0.0131967365792054
34537,SEACOAST NATIONAL BANK,5,2022-10-14,2022-10-14,-0.0194768049673736,0.0001548534135274,0.7050832854357854,200,False,0.25,0.0103,4,2022-09-30,False,41,0.3819766970279373,16.152034361943585,0.0108618363741603,0.0033255325170318,0.1210959234088194,0.9640706550400364,False,-0.0111252915042104,False,-0.0010058837248918
476810,"CITIBANK, N.A.",5,2022-10-14,2022-10-14,0.0471891884700302,-0.0006055363819669,0.905612475496098,200,False,0.25,0.0103,4,2022-09-30,False,31,0.4028752488476985,21.260497531324052,0.0098025064917938,0.0074124843323834,0.0948597614744197,0.8622708626105646,False,-0.0050324835890505,False,0.0116646538052422
852320,TRUIST BANK,5,2022-10-14,2022-10-14,-0.0436518026752088,-0.0004002531447112,0.8476045264693602,200,False,0.25,0.0103,4,2022-09-30,False,31,0.4396335981870707,20.09589890625971,0.0107141876218798,0.0088804812482134,0.1059389957977213,0.8947469847214716,False,-0.0183357470944674,False,0.0032705543300937
35301,STATE STREET BANK AND TRUST COMPANY,5,2022-10-14,2022-10-14,0.093646273617789,-0.0003914406196566,1.217274594441815,200,False,0.25,0.0103,4,2022-09-30,False,31,0.6231338693739313,19.519326365398264,0.0089374798617823,0.0,0.0893536882103929,0.892695175382408,False,0.0566793351014206,True,0.0520928789157411
17147,FIRST MERCHANTS BANK,5,2022-10-14,2022-10-14,0.0390555612500832,0.0003973123847356,0.5820772234952946,200,False,0.25,0.0103,4,2022-09-30,False,41,0.4738591072999879,16.689384189349195,0.0120478021763895,0.0037919056449991,0.1126841027095016,0.9223062892635394,False,-0.0092493134954156,False,-0.0016787549661584
572374,GREAT SOUTHERN BANK,5,2022-10-14,2022-10-14,-0.0027506993797941,0.0005239908797921,0.3652217215162963,200,False,0.25,0.0103,4,2022-09-30,False,41,0.6197236027568962,15.552335726413538,0.0135988973257896,0.0007215214308078,0.1037424788054268,0.9384060697278434,False,-0.0163287107142866,False,-0.016151722612214
489623,"PARK NATIONAL BANK, THE",5,2022-10-14,2022-10-14,0.010359626350077,0.0005691828756074,0.6092935065801397,200,False,0.25,0.0103,4,2022-09-30,False,41,0.2306822280309058,16.09958987039279,0.0146585058328827,0.0063764352364784,0.0903221100816124,0.9637499910414172,False,-0.0168652279662799,False,-0.0209391885593584
595869,CATHAY BANK,5,2022-10-14,2022-10-14,-0.0282195401129724,0.0008047101411843,0.896028389328926,200,False,0.25,0.0103,4,2022-09-30,False,31,0.474189864142352,16.900857870203804,0.0162652788702825,0.003928028425081,0.1143892934159778,0.9600934609831624,False,-0.0175115904929237,False,-0.0235458270594542
1718188,NORTHRIM BANK,5,2022-10-14,2022-10-14,-0.0114579136050962,3.2872309541424014e-05,0.516922261729866,200,False,0.25,0.0103,4,2022-09-30,False,51,0.3772399573017011,14.80952685346756,0.0121882091412802,0.0048528575543979,0.0670439090103309,0.9780888473518272,False,0.0148891585658208,False,0.0113720258742129
463735,HANCOCK WHITNEY BANK,5,2022-10-14,2022-10-14,0.0624263582046709,0.0006310577631882,0.9296453967018448,200,False,0.25,0.0103,4,2022-09-30,False,41,0.4552548268894352,17.357609580124972,0.0149417245219475,0.0018748679187891,0.0927712519827389,0.9275096565881232,False,-0.0157795073807248,False,-0.0155692598983987
339858,"BOKF, NATIONAL ASSOCIATION",5,2022-10-14,2022-10-14,-0.0052246109511427,-5.330649173958591e-06,0.7981363624905181,200,False,0.25,0.0103,4,2022-09-30,False,41,0.6604734604070859,17.587786711903394,0.0109419162088758,0.0093377978299539,0.0963017087109138,0.9331744984797132,False,-0.0063143454787441,False,0.0013103411290852
693345,"FIRST FINANCIAL BANK, NATIONAL ASSOCIATION",5,2022-10-14,2022-10-14,0.0221766746012391,0.0005407545457859,0.1760383269650708,200,False,0.25,0.0103,4,2022-09-30,False,41,0.3223131411767497,15.423968590472809,0.0145876204488008,0.0034782304250227,0.0734048927519612,0.965116525272673,False,-0.0124169311769676,False,-0.0191186015823432
702117,"NBT BANK, NATIONAL ASSOCIATION",5,2022-10-14,2022-10-14,0.0194985152338271,0.0007296265979048,0.4706322014007668,200,False,0.25,0.0103,4,2022-09-30,False,41,0.3202247151877793,16.26209469109972,0.012681804130808,0.002761588392777,0.1030743374004119,0.970142517571658,False,-0.0179239399073129,False,-0.0207440969472271
677176,TRUSTCO BANK,5,2022-10-14,2022-10-14,0.0205086322319943,0.0004200951385866,0.3310467495745328,200,False,0.25,0.0103,4,2022-09-30,False,41,0.1298830262323859,15.620309311685068,0.0121671984647715,0.0040334887787879,0.0941703785055738,0.9592391274737528,False,-0.0164898487972195,False,-0.0190407467546969
749242,RENASANT BANK,5,2022-10-14,2022-10-14,0.0173444834796275,6.284193508224044e-06,0.6960411538911864,200,False,0.25,0.0103,4,2022-09-30,False,41,0.4639075644412642,16.617600859934637,0.0107131534690769,0.0049659340391688,0.1426224206882712,0.961842973778192,False,-0.0155650417444293,False,-0.0026753710834391
936426,S & T BANK,5,2022-10-14,2022-10-14,0.1160834092318092,0.000321647060399,0.5551960598700171,200,False,0.25,0.0103,4,2022-09-30,False,41,0.2904912307468779,16.005101293757445,0.0147115820156925,0.0032089524377091,0.1296911613507029,0.9544889609997822,False,-0.0221855271434924,False,-0.0236860984177549
42420,FIRST COMMONWEALTH BANK,5,2022-10-14,2022-10-14,0.0070570639519369,2.3925890798492823e-05,0.6456712295272804,200,False,0.25,0.0103,4,2022-09-30,False,41,0.2448627553168874,16.072086790375707,0.0135333472595463,0.0042136601690679,0.1078484681427405,0.9512497497167368,False,-0.01801497024699,False,-0.0268659372053303
143662,UMPQUA BANK,5,2022-10-14,2022-10-14,0.0359476248710351,0.000183967134531,0.8594081428072475,200,False,0.25,0.0103,4,2022-09-30,False,41,0.3771862994920712,17.264481936879445,0.0111875743089375,0.0020184574301769,0.085166721870883,0.9367441202890928,False,-0.0177515037841208,False,-0.0202754042232133
61122,FIRST UNITED BANK & TRUST,5,2022-10-14,2022-10-14,0.0242010540633526,-1.5828744344395248e-05,0.4033749747714459,200,False,0.25,0.0103,4,2022-09-30,False,41,0.357701932558267,14.393041478712664,0.0138187753489212,0.0019649040436645,0.0803167204936591,0.9240591771083874,False,-0.0132566422493648,False,-0.0184389132514813
936855,"UMB BANK, NATIONAL ASSOCIATION",5,2022-10-14,2022-10-14,-0.0208747494487355,3.888326603621895e-05,0.7538900815792593,200,False,0.25,0.0103,4,2022-09-30,False,31,0.8132575121983461,17.434892843812154,0.010167661940775,0.0011228763657304,0.0667108836023605,0.9193047327444556,False,-0.0050632364366289,False,0.0016994790342028
577128,PEOPLES BANK,5,2022-10-14,2022-10-14,0.0120403890590886,0.0002134692723821,0.5132056826532805,200,False,0.25,0.0103,4,2022-09-30,False,41,0.2939333537256883,15.760690440439843,0.0149880841585786,0.0078587194745566,0.1073194860819827,0.941880003241407,False,-0.0194090168351926,False,-0.0186474197793858
317342,STOCK YARDS BANK & TRUST COMPANY,5,2022-10-14,2022-10-14,0.0176506858430056,0.0006517495249198,0.4531558507378069,200,False,0.25,0.0103,4,2022-09-30,False,41,0.4081732505213617,15.835090624057502,0.0114260789861573,0.0020895581759108,0.0945737051369844,0.9547352800983564,False,-0.0165353018399241,False,-0.0142483483717924
584724,UNIFIED BANK,5,2022-10-14,2022-10-14,-0.1119770427536282,0.0007716868543948,0.2832754191148862,200,False,0.25,0.0103,4,2022-09-30,False,51,0.161497731854077,13.540418234325886,0.0157559383209875,0.0085773326160651,0.0852387485483909,0.9525176211168412,False,-0.0113754410039844,False,-0.0157388867743249
1386251,BANCFIRST,5,2022-10-14,2022-10-14,0.0842577538229882,0.0028722224568669,0.3925085543470267,200,False,0.25,0.0103,4,2022-09-30,False,41,0.2933409461779089,16.16188552496402,0.0151212632506951,0.0026640578286115,0.095967812023935,0.9900339777947932,False,0.0132440846463141,False,-0.0010210759786549
100562,TRI COUNTIES BANK,5,2022-10-14,2022-10-14,0.0248041637481159,0.0007551152020882,0.5000464302407723,200,False,0.25,0.0103,4,2022-09-30,False,41,0.3613196347965189,16.115124340985723,0.0122397808725373,0.0027667903442485,0.1083919881897602,0.9742238903837024,False,-0.0104064797452014,False,-0.0081463231299411
37640,GERMAN AMERICAN BANK,5,2022-10-14,2022-10-14,0.008531204718609,9.816786634902028e-05,0.4605338811690334,200,False,0.25,0.0103,4,2022-09-30,False,41,0.4028549260729429,15.648344789764048,0.0132056216188547,0.0037314503860615,0.0808515607254486,0.9775079923357112,False,-0.0014414126931096,False,-0.0067365011630953
981275,PREMIER BANK,5,2022-10-14,2022-10-14,0.01698516432016,-5.971997737709078e-05,0.5602926831392004,200,False,0.25,0.0103,4,2022-09-30,False,41,0.3066499841409936,15.917100625128985,0.0125794421965241,0.0052334827922226,0.1072097212857302,0.9295647290387016,False,-0.0186401943296893,False,-0.0209313244201479
435077,"PATHWARD, NATIONAL ASSOCIATION",5,2022-10-14,2022-10-14,0.0010445437602142,-0.0019508044180102,1.1077836855724703,200,False,0.25,0.0103,4,2022-09-30,False,41,0.0348534940495963,15.724318719210338,0.0191882090235622,0.0082035185485031,0.098620839445845,0.9669907578661594,False,-0.0374390185993839,False,-0.0425033270272743
2142155,QUAD CITY BANK AND TRUST COMPANY,5,2022-10-14,2022-10-14,0.0167110256988572,0.000592425501916,0.6181663339523916,200,False,0.25,0.0103,4,2022-09-30,False,41,0.7083193365616349,14.608823836523612,0.0157735218279143,0.0016554348740519,0.1039426717853864,0.879122449041406,False,-0.016200078707045,False,-0.0066736054253526
921178,RIVERVIEW BANK,5,2022-10-14,2022-10-14,0.021474876357545,4.424425143476216e-05,0.3828266133494573,200,False,0.25,0.0103,4,2022-09-30,False,41,0.2934191470310744,14.336444915878552,0.0115633167023045,0.0207505776413243,0.0990680684248039,0.9873774483141912,False,0.0069605353144279,False,0.0026833739988246
693224,ATLANTIC UNION BANK,5,2022-10-14,2022-10-14,0.0064182600525775,0.0003115231664037,0.7127516762568327,200,False,0.25,0.0103,4,2022-09-30,False,41,0.3984328483272121,16.802858985087465,0.0116120130411445,0.0024299418681646,0.1297137541909897,0.9603885377448784,False,-0.0190622552134037,False,-0.0138660327559413
470050,"FIRST FINANCIAL BANK, NATIONAL ASSOCIATION",5,2022-10-14,2022-10-14,-0.1114391631634032,-0.00040791072571,0.734881244415886,200,False,0.25,0.0103,4,2022-09-30,False,41,0.4559717245129422,16.385294976885262,0.0169490314430897,0.0039207542256088,0.0743316547000507,0.9336558768172016,False,-0.0127317215769752,False,-0.0205081710026149
936136,OLD SECOND NATIONAL BANK,5,2022-10-14,2022-10-14,0.0448479486533414,0.0007576392536256,0.6167385646936913,200,False,0.25,0.0103,4,2022-09-30,False,41,0.2340247419896988,15.60162897969276,0.0111201080164997,0.0136613384225982,0.0918930805603319,0.9789342619922656,False,-0.0102529154140186,False,-0.0137274033387048
694904,"FLAGSTAR BANK, NATIONAL ASSOCIATION",5,2022-10-14,2022-10-14,-0.0178206049392378,-0.0001251862063036,0.7652204671614237,200,False,0.25,0.0103,4,2022-09-30,False,41,0.4474670745814534,17.957206313025043,0.0107250515728357,0.0009288377090104,0.1154705631478661,0.751344468460681,False,0.0019322331588067,False,0.0039885188949872
229801,VALLEY NATIONAL BANK,5,2022-10-14,2022-10-14,-0.0263341287236045,2.1066476933866147e-05,0.8913871491163257,200,False,0.25,0.0103,4,2022-09-30,False,41,0.5607568766199549,17.83952707203334,0.0099622210206189,0.0071809428769182,0.1251654350233025,0.9297608627279876,False,-0.0224982521293608,False,-0.0103947298661955
481177,LANDMARK NATIONAL BANK,5,2022-10-14,2022-10-14,0.0168778337348546,-0.0001340239891757,0.0812556427415679,200,False,0.25,0.0103,4,2022-09-30,False,41,0.2906071415215134,14.091905924511387,0.0090384406793545,0.0067573910277875,0.0760667157677403,0.9219931285583518,False,-0.0053705372663357,False,-0.006494138539343
272272,SOUTHERN BANK,5,2022-10-14,2022-10-14,0.0244691836771725,0.000170697039863,0.4354942367854457,200,False,0.25,0.0103,4,2022-09-30,False,51,0.1673719744880185,15.04456087640624,0.013011576226362,0.0013098793594054,0.0908775997064934,0.9209963814989168,False,-0.0153940507113896,False,-0.0360019485125489
764030,AMERIS BANK,5,2022-10-14,2022-10-14,-0.0260173062456237,0.0003926386081091,0.9550719609510944,200,False,0.25,0.0103,4,2022-09-30,False,41,0.4503239479502389,16.98211678043237,0.0158937973886995,0.0068597266148693,0.141671510691865,0.9618432902575146,False,-0.023457124015108,False,-0.018971813129853
2236821,"PATRIOT BANK, NATIONAL ASSOCIATION",5,2022-10-14,2022-10-14,-0.0942774731346891,0.0018508472671499,0.3839503697479218,200,False,0.25,0.0103,4,2022-09-30,False,51,0.4327894662027132,13.872592913356296,0.0068584475489645,0.0222700770291572,0.0827103461368811,0.862001042037781,False,-0.0249252383667196,False,-0.0065660369198314
268677,CARVER FEDERAL SAVINGS BANK,5,2022-10-14,2022-10-14,-0.1038856292819235,-0.002969153121535,1.181428728044937,200,False,0.25,0.0103,4,2022-09-30,False,41,0.1985701828123404,13.535989758209196,-0.0010685767034408,0.0277032567386653,0.0820873217606123,0.9169673061739636,False,-0.0172337850810435,False,-0.0004582383491034
112837,"CAPITAL ONE, NATIONAL ASSOCIATION",5,2022-10-14,2022-10-14,-0.0178953324683376,-0.0005254900122373,1.225325096161748,200,False,0.25,0.0103,4,2022-09-30,False,31,0.3028349984890373,19.78627529973219,0.0077401051382033,0.0072393734990007,0.0880774252947228,0.9013810389989492,False,-0.0323533217727303,True,-0.038154888354481
1002878,NORTHWEST BANK,5,2022-10-14,2022-10-14,-0.01868672450939,0.0006065672512978,0.4085674950890969,200,False,0.25,0.0103,4,2022-09-30,False,41,0.2300762033549602,16.457144066379538,0.0100100837508693,0.007816605372185,0.1061993445051347,0.9695314338933196,False,-0.0184023696378016,False,-0.0132439230463765
697763,WESTAMERICA BANK,5,2022-10-14,2022-10-14,0.0714845205230187,0.0004058721696397,0.3553313118052798,200,False,0.25,0.0103,4,2022-09-30,False,41,0.3861464799050698,15.780956211806991,0.0151949080330932,0.0009866878848823,0.0548364948453319,0.9630550798060968,False,0.0100093683837332,False,0.033136373748524
749635,AUBURNBANK,5,2022-10-14,2022-10-14,0.0753091211404622,-0.0005949289897768,0.2366618278049215,200,False,0.25,0.0103,4,2022-09-30,False,51,0.4014432621398862,13.85656900452754,0.0076333948547847,0.0007320134589218,0.0552435759991477,0.9952974234878916,False,0.0033150997456149,False,-0.0033009133191314
959304,FLUSHING BANK,5,2022-10-14,2022-10-14,0.0204529598274177,-0.0001707777368089,0.3902851075128092,200,False,0.25,0.0103,4,2022-09-30,False,41,0.3640414237425459,15.962287214478147,0.0101665285573491,0.0046250550191082,0.0964415942493547,0.8026185605250313,False,-0.021327681267691,False,-0.0145366293770362
352772,BANNER BANK,5,2022-10-14,2022-10-14,0.020084306860745,0.000846379950661,0.7442022390005855,200,False,0.25,0.0103,4,2022-09-30,False,41,0.3304343345416592,16.60973918925222,0.012157870791369,0.0015328729770626,0.0924431125799785,0.9639060809514882,False,-0.0086181809217554,False,-0.0087680812898825
498317,"OHIO VALLEY BANK COMPANY, THE",5,2022-10-14,2022-10-14,-0.0134450426713769,0.0005152816071396,0.2282142692117466,200,False,0.25,0.0103,4,2022-09-30,False,41,0.3425429371046852,14.02653132435488,0.0095853664988309,0.0045082865077062,0.0986138575377873,0.969072618752448,False,-0.0162120185493118,False,-0.019627042356901
506922,SANDY SPRING BANK,5,2022-10-14,2022-10-14,-0.0977725986138122,-0.0004716555421188,0.686975328437809,200,False,0.25,0.0103,4,2022-09-30,False,41,0.4265159778465348,16.437435970759115,0.0136937448064247,0.0037741702502065,0.1262570304913547,0.9006594136597391,False,-0.022098088772084,False,-0.0208093804480615
3317932,CONNECTONE BANK,5,2022-10-14,2022-10-14,0.0375570549324193,-0.0009276068133479,0.5877257139168406,200,False,0.25,0.0103,4,2022-09-30,False,41,0.4631878450431746,16.064074428630075,0.013796180190526,0.0085369847493782,0.1213013979134737,0.8910081279093457,False,-0.014934968098158,False,-0.0061087658151687
276579,"ZIONS BANCORPORATION, NATIONAL ASSOCIATION",5,2022-10-14,2022-10-14,-0.0580019121004848,0.0004128751154869,1.0588953358359572,200,False,0.25,0.0103,4,2022-09-30,False,41,0.5251016968997753,18.29822571275133,0.0093846477699898,0.0031730849549524,0.0530767886532456,0.9070922781817504,False,-0.0139818542631828,False,0.0038995069733252
1412712,"COMMUNITY WEST BANK, NATIONAL ASSOCIATION",5,2022-10-14,2022-10-14,-0.0177377694042872,0.0007048684999503,0.0806233108704676,200,False,0.25,0.0103,4,2022-09-30,False,51,0.4036700476941939,13.90000610624246,0.0126206002504515,0.0002516670297157,0.1005322707523103,0.8707901329420948,False,-0.0263008405057456,False,-0.0234271038061045
1929247,"SOUTHSTATE BANK, N.A.",5,2022-10-14,2022-10-14,-0.0067221324020583,0.000705337401613,0.8856482590870287,200,False,0.25,0.0103,4,2022-09-30,False,41,0.381698310484512,17.60889402604316,0.0110904148923538,0.0034647141504316,0.1173535730012214,0.944067358342468,False,-0.0178741044247954,False,-0.009323603043626
1890525,UNITY BANK,5,2022-10-14,2022-10-14,0.0512052941623222,0.0004894130408073,0.2574412038983042,200,False,0.25,0.0103,4,2022-09-30,False,51,0.3719735134106989,14.660197870978736,0.0160853654169799,0.0041693152387006,0.0976620474809324,0.8562243388702484,False,-0.0245520414788516,False,-0.0208676245435652
876634,CAPITAL CITY BANK,5,2022-10-14,2022-10-14,0.0101814691413928,0.0011891936659105,0.4252750628398707,200,False,0.25,0.0103,4,2022-09-30,False,41,0.3579797744850896,15.279424539605571,0.0076906124653372,0.0010075446750574,0.0898440518121626,0.9703359847745462,False,0.0047691869752582,False,0.0089786878002194
2239288,"WINTRUST BANK, NATIONAL ASSOCIATION",5,2022-10-14,2022-10-14,0.0166065225558237,0.0007124732250617,1.0211849780123474,200,False,0.25,0.0103,4,2022-09-30,False,41,0.5474391413767904,16.06315487046849,0.0160309979111316,0.0012084739796359,0.1016272720088676,0.967600865905534,False,-0.0162611795397977,False,-0.0221513265062217
556815,"PEOPLES BANK, A CODORUS VALLEY COMPANY",5,2022-10-14,2022-10-14,0.0325585394460232,-0.0004702268442555,0.1173898271596494,200,False,0.25,0.0103,4,2022-09-30,False,41,0.2847416632868066,14.628829031134376,0.0089315326020448,0.0095487456684684,0.0905975933102182,0.9857302218183096,False,-0.0186136608102238,False,-0.022322255958766
729310,PATHFINDER BANK,5,2022-10-14,2022-10-14,-0.0560012492365535,0.0009133739176456,-0.0172095747052975,200,False,0.25,0.0103,4,2022-09-30,False,51,0.2647947102936639,14.154012162596011,0.0103161862616228,0.0119891764535959,0.0865242322025827,0.9310569334176444,False,-0.0145740731177756,False,-0.0023522987072022
431172,PACIFIC PREMIER BANK,5,2022-10-14,2022-10-14,0.0155561403957758,-0.0002447533083834,0.9707016048974864,200,False,0.25,0.0103,4,2022-09-30,False,41,0.5202385587198183,16.88923551625302,0.0138573634297376,0.0040545024262372,0.1413731058613343,0.9583563240258104,False,-0.0118134031195093,False,-0.0055643399086109
107244,BANK OZK,5,2022-10-14,2022-10-14,-0.0587494458105911,0.0003032620324698,0.8888469642550448,200,False,0.25,0.0103,4,2022-09-30,False,41,0.4487155985067255,17.08249513394037,0.020395454900155,0.001677333354105,0.1730483153114698,0.940630510279708,False,-0.0344947924036653,False,-0.0396220930297663
874845,LAKE CITY BANK,5,2022-10-14,2022-10-14,0.0049585670142295,0.0006328364890481,0.3770661412332025,200,False,0.25,0.0103,4,2022-09-30,False,41,0.5527269781155478,15.651721427444256,0.0173459966229456,0.0022082276017539,0.0795993766664408,0.9813038608041008,False,-0.0144595414005938,False,-0.0177543177818393
522605,BAR HARBOR BANK AND TRUST COMPANY,5,2022-10-14,2022-10-14,0.0479091250955203,0.0002738104138006,0.6486619243303624,200,False,0.25,0.0103,4,2022-09-30,False,41,0.2272928134962763,15.16027824925524,0.0119969926732242,0.0028162138162117,0.1132240289057786,0.9237238749849024,False,-0.0157274800260288,False,-0.0116096774991141
593007,CAMDEN NATIONAL BANK,5,2022-10-14,2022-10-14,0.0244784639539354,4.9339432171333486e-05,0.3639727348201009,200,False,0.25,0.0103,4,2022-09-30,False,41,0.2497157420283988,15.527501990126702,0.0115314433275336,0.0007153373766495,0.0802327371762693,0.9037339846275976,False,-0.0136864885143256,False,-0.0141826131463913
786612,MID PENN BANK,5,2022-10-14,2022-10-14,0.0137009237839821,0.0006187471439253,0.5705623818230623,200,False,0.25,0.0103,4,2022-09-30,False,41,0.3626597023658265,15.281170474464906,0.0131362768643389,0.0023632593390204,0.12634883613523,0.990242539567077,False,-0.023900306148765,False,-0.0247657829200462
881478,HERITAGE BANK,5,2022-10-14,2022-10-14,0.0489973006732609,0.0006884601458415,0.4699317971052666,200,False,0.25,0.0103,4,2022-09-30,False,41,0.4442306510289615,15.78909646143334,0.0117593393915173,0.0015629939806987,0.1090724630914524,0.9744148914848828,False,-0.0014860248589772,False,0.0056831326935307
671464,BANK OF HOPE,5,2022-10-14,2022-10-14,-0.0218685046394252,0.0006408182553029,0.6267390285993034,200,False,0.25,0.0103,4,2022-09-30,False,41,0.5518070237827916,16.764094723436507,0.01231977362243,0.0051336568172756,0.1168655650460754,0.923744512590558,False,-0.0201186931337842,False,-0.0121094505116801
606046,CADENCE BANK,5,2022-10-14,2022-10-14,-0.0059495981646612,7.443649828489329e-05,0.9234535586409932,200,False,0.25,0.0103,4,2022-09-30,False,41,0.4490658603483946,17.680434827950567,0.0102111978715711,0.0034553512105222,0.0873575409132895,0.8961051034353803,False,-0.0192973281889898,False,-0.0052697501118349
782306,BROOKLINE BANK,5,2022-10-14,2022-10-14,0.0224945056218337,-0.0007231972850755,0.5229167705223251,200,False,0.25,0.0103,4,2022-09-30,False,41,0.4711823348424802,15.551283984680005,0.0139417631387933,0.0047727872593407,0.1002435260942722,0.8664355940846307,False,-0.0219106774770163,False,-0.017530312898505
1001152,INTERNATIONAL BANK OF COMMERCE,5,2022-10-14,2022-10-14,0.0510340751133358,0.0005359127231184,0.7303521621491167,200,False,0.25,0.0103,4,2022-09-30,False,41,0.4327571887039247,16.052758304177818,0.0175397656197791,0.0013222128135683,0.1438698677151696,0.8722587103361912,False,-0.0161250543999092,False,-0.0230882275212746
59316,WAYNE BANK,5,2022-10-14,2022-10-14,0.0076342289680852,0.0001162474031367,0.2521624779257362,200,False,0.25,0.0103,4,2022-09-30,False,51,0.3110662837216388,14.518468455671451,0.0148740236673304,0.0017180487266822,0.0772914832664758,0.9509656253370472,False,-0.0168216655280655,False,-0.0282524499556764
491934,COLONY BANK,5,2022-10-14,2022-10-14,0.0378788981561805,-0.0008915260994995,0.2707988595159065,200,False,0.25,0.0103,4,2022-09-30,False,51,0.3290126321132787,14.845048900430395,0.0070610486397766,0.0032920267385589,0.085969826839533,0.9591805951911568,False,-0.012140360619186,False,-0.0016234677211804
361167,SOUTHSIDE BANK,5,2022-10-14,2022-10-14,-0.0208492241185828,-0.000139887573614,0.4489783872519556,200,False,0.25,0.0103,4,2022-09-30,False,41,0.335518510462351,15.823596528464892,0.0148162149443924,0.0007478008895853,0.1142123434329711,0.9385233075381998,False,-0.0151619802943948,False,-0.0199236568396881
316840,REPUBLIC BANK & TRUST COMPANY,5,2022-10-14,2022-10-14,0.107038682933708,-0.0008154304240015,0.4008264338328053,200,False,0.25,0.0103,4,2022-09-30,False,41,0.3497325459193687,15.60552183332484,0.0159371702573828,0.0037920582584765,0.1353936542494223,0.9326863344891848,False,-0.0232605946407203,False,-0.0313312003272455
2209553,HERITAGE BANK OF COMMERCE,5,2022-10-14,2022-10-14,0.0251651477093686,0.0005077856300579,0.6184032407755577,200,False,0.25,0.0103,4,2022-09-30,False,41,0.6553509688387245,15.507273249089014,0.0119979424239733,0.0003218836781983,0.1155251700023687,0.9795110260605754,False,0.0119731658589815,False,0.0106509226185249
821906,SALISBURY BANK AND TRUST COMPANY,5,2022-10-14,2022-10-14,0.0140676541908333,-0.0004671000820762,0.1912952647353566,200,False,0.25,0.0103,4,2022-09-30,False,51,0.3488250833215626,14.229021213680245,0.0111719750081067,0.001561939727601,0.0933929054431634,0.9708891119384694,False,-0.0141076648511813,False,-0.0140953952543984
416245,BUSEY BANK,5,2022-10-14,2022-10-14,0.0345359042894395,-0.0001141568172305,0.6024336298818341,200,False,0.25,0.0103,4,2022-09-30,False,41,0.4037229814764248,16.337477495918474,0.0117796951813824,0.002169998410353,0.1074097650000598,0.9604002020244548,False,8.197239884405274e-05,False,-0.0021780171512724
399517,CNB BANK,5,2022-10-14,2022-10-14,-0.0330265447217825,0.0004776063330054,0.5311382128813014,200,False,0.25,0.0103,4,2022-09-30,False,41,0.3629910428018438,15.482368150105424,0.0122496436125684,0.0049509992516973,0.0855981332077928,0.9857159610551504,False,-0.0189990846826227,False,-0.0231166179595208
664756,PROSPERITY BANK,5,2022-10-14,2022-10-14,0.0012637969051638,0.0004093767418823,0.6623030765739495,200,False,0.25,0.0103,4,2022-09-30,False,41,0.4131633491795674,17.448886630857082,0.0139235839933452,0.0009784241983049,0.1743438809886366,0.941022117542106,False,0.0021494546583666,False,0.0019362759216056
767974,CFBANK NATIONAL ASSOCIATION,5,2022-10-14,2022-10-14,0.0395041177610506,0.0001229312623152,0.1283536164221271,200,False,0.25,0.0103,4,2022-09-30,False,51,0.2832287044777399,14.378650984200734,0.0110968187183652,0.0006740200192001,0.0934813592464093,0.9377434424051624,False,-0.0202953631945948,False,-0.0184817794181348
716374,FIRST HARRISON BANK,5,2022-10-14,2022-10-14,0.0307814100716043,-0.0017861982669526,0.1238615169281287,200,False,0.25,0.0103,4,2022-09-30,False,51,0.2694915985945101,13.947018529853088,0.0099168790647528,0.0022548919690175,0.0624621343969165,0.99657220672259,False,0.0070742222925307,False,0.0123611944077624
197478,EAST WEST BANK,5,2022-10-14,2022-10-14,-0.0864496727601198,0.0007872911609364,1.2807684393971557,200,False,0.25,0.0103,4,2022-09-30,False,31,0.6236578894160364,17.951549837773047,0.0170362402571531,0.0020445281688148,0.0890100769457783,0.9507772373503643,False,-0.01286575047623,False,-0.0139063912017444
958727,AMERICAN NATIONAL BANK AND TRUST COMPANY,5,2022-10-14,2022-10-14,0.0369820534141572,-0.0001649485996144,0.4629806208688474,200,False,0.25,0.0103,4,2022-09-30,False,41,0.3856428983635517,14.929392338963153,0.0122970121945881,0.0005602502231105,0.1094331880137615,0.9932711812737276,False,-0.0104652809653532,False,-0.0051935105132805
968070,CAPITOL FEDERAL SAVINGS BANK,5,2022-10-14,2022-10-14,0.0009185217020647,-0.0009771946826383,0.3360593137015402,200,False,0.25,0.0103,4,2022-09-30,False,41,0.146539195196831,16.08187015964621,0.0086269217193952,0.0012834829036922,0.0991131690374802,0.7369753870639308,False,-0.0177135245805628,False,-0.0070058531830319
202907,"COMMUNITY BANK, NATIONAL ASSOCIATION",5,2022-10-14,2022-10-14,-0.0214810746756111,2.1550659065299052e-05,0.5316167267979791,200,False,0.25,0.0103,4,2022-09-30,False,41,0.4394479049294878,16.547865719293615,0.0096964627352697,0.0038030134313918,0.0675470252177738,0.95947871603652,False,0.0082339654928668,False,0.007491222392422
601416,FIVE STAR BANK,5,2022-10-14,2022-10-14,0.0319453409088715,-0.0005040197177315,0.493018827834064,200,False,0.25,0.0103,4,2022-09-30,False,41,0.3283951960986577,15.534143445112669,0.0110331326901682,0.0022062976149705,0.0750564067952458,0.9547036368645044,False,-0.0130083048243531,False,-0.0247835618124001
662369,BANK OF THE SIERRA,5,2022-10-14,2022-10-14,0.0491436774959037,-0.000689849720557,0.4676625314057261,200,False,0.25,0.0103,4,2022-09-30,False,41,0.2956230097217371,15.077303773628122,0.0111593434301248,0.0132538488537472,0.104504595315239,0.916263973579244,False,-0.0014938907324026,False,0.0063714246354098
439404,FIRST NATIONAL BANK,5,2022-10-14,2022-10-14,0.0259055156897552,0.0002998004686486,0.4114296406446872,200,False,0.25,0.0103,4,2022-09-30,False,41,0.2105497360667942,14.808716774381317,0.0150392036377953,0.001001089896258,0.0708250783276423,0.945073023106378,False,-0.012853950463783,False,-0.0214266815987469
2608754,MERCANTILE BANK,5,2022-10-14,2022-10-14,0.0481189468038472,0.0001591986847153,0.4752427467666655,200,False,0.25,0.0103,4,2022-09-30,False,41,0.4695507992268118,15.42445114675347,0.0122717014899808,0.0003635086595156,0.1038054120508717,0.8626264723711665,False,-0.0213916887997085,False,-0.0243758251356513
29636,"CITIZENS BANK OF PHILADELPHIA, THE",5,2022-10-14,2022-10-14,-0.0127617928512487,8.484850361020132e-05,0.0657132834525226,200,False,0.25,0.0103,4,2022-09-30,False,51,0.3760969045362793,14.099275719325677,0.0079059061636703,0.0053588864023225,0.0376464192645097,0.888387806484827,False,-0.0077057562247196,False,-0.0078398205359504
2652092,EAGLEBANK,5,2022-10-14,2022-10-14,-0.0860643887401149,-0.0003019559942217,0.6026597900102272,200,False,0.25,0.0103,4,2022-09-30,False,41,0.4412059019225021,16.181772269514553,0.0144594572742998,0.0010393928808013,0.1152406897054528,0.9317926183719644,False,-0.012250394119973,False,-0.0046747916396503
1436204,BANK OF MARIN,5,2022-10-14,2022-10-14,0.0160991254411719,-0.000469976138833,0.4435634642632178,200,False,0.25,0.0103,4,2022-09-30,False,41,0.4700975892011916,15.28557881107016,0.0106252044281239,0.0049283336792788,0.0891403948746669,0.9876104702569252,False,0.0090072586962107,False,0.0184998197182493
2634351,MACATAWA BANK,5,2022-10-14,2022-10-14,0.0327737304905623,0.0008512017638644,0.2823975745090524,200,False,0.25,0.0103,4,2022-09-30,False,51,0.4229578638274236,14.85746148571175,0.0108642456115347,7.463479438992202e-05,0.0807015241598706,0.983773437494004,False,0.0242106096454786,False,0.0348317759561162
754929,"NATIONAL BANK OF BLACKSBURG, THE",5,2022-10-14,2022-10-14,0.019412462566364,-0.000265505088644,0.1431234972813026,200,False,0.25,0.0103,4,2022-09-30,False,41,0.3868648617738441,14.343583193279429,0.013310050377601,0.0034425224215378,0.0627590066646576,0.9903268411438654,False,0.0031870364014207,False,-0.0097890894922004
687009,LAKELAND BANK,5,2022-10-14,2022-10-14,0.0227350745235054,-5.761547328417442e-05,0.5488410675118665,200,False,0.25,0.0103,4,2022-09-30,False,41,0.4629691490776363,16.16770861938861,0.0098902715919965,0.0024308705901251,0.1159624510985861,0.9389889273829432,False,-0.0193635880804353,False,-0.0113337315963972
2634191,GLACIER BANK,5,2022-10-14,2022-10-14,0.0090154915805221,0.0002191599641794,0.8303304970543379,200,False,0.25,0.0103,4,2022-09-30,False,41,0.3191427612425286,17.100605004310722,0.0115795787935139,0.0023544080318145,0.1053168209491138,0.9201516373357542,False,-0.0059205939404313,False,0.0038236957035506
186221,"OLD POINT NATIONAL BANK OF PHOEBUS, THE",5,2022-10-14,2022-10-14,-0.030656324429657,0.0002233922445773,0.1222740911664604,200,False,0.25,0.0103,4,2022-09-30,False,41,0.3119541996490805,14.08458991793407,0.0075114415004341,0.0049223770948873,0.0794829300123246,0.991567440142438,False,-0.0137825305117136,False,-0.0105365029205011
474919,"FULTON BANK, NATIONAL ASSOCIATION",5,2022-10-14,2022-10-14,0.0070248506100485,0.0007029710930585,0.6754049073274527,200,False,0.25,0.0103,4,2022-09-30,False,41,0.3782664994655883,17.044756665097665,0.0123688771889848,0.0105070141473721,0.1049130808659143,0.9389898396902516,False,-0.0187881229994057,False,-0.0116237099122019
473501,BERKSHIRE BANK,5,2022-10-14,2022-10-14,-0.0312654882228356,0.0009961190054087,0.7710703871397155,200,False,0.25,0.0103,4,2022-09-30,False,41,0.3930628721769581,16.241261329720096,0.0079769766458091,0.0055537478833248,0.082854068150227,0.9748447474107056,False,-0.006071137505635,False,-0.0052978606373965
508346,HAWTHORN BANK,5,2022-10-14,2022-10-14,0.0206107911969564,5.077797924111968e-05,0.0873270265875765,200,False,0.25,0.0103,4,2022-09-30,False,41,0.3057995460919671,14.42558586422114,0.0125243810341361,0.0116202584214721,0.0861450528912239,0.9488137435241324,False,-0.0179785636070978,False,-0.0224477178060989
236706,PEAPACK-GLADSTONE BANK,5,2022-10-14,2022-10-14,0.0097548515727322,0.0005025748013366,0.6097288260650314,200,False,0.25,0.0103,4,2022-09-30,False,41,0.6168666412772571,15.621524612789328,0.0125388724763698,0.003030472982362,0.1061045260214191,0.974463770614716,False,-0.0165559182455959,False,-0.0163614481640267
657365,HANMI BANK,5,2022-10-14,2022-10-14,-0.0067022411517147,0.0012781909749051,0.8196601932242682,200,False,0.25,0.0103,4,2022-09-30,False,41,0.4621270130933108,15.776364771881529,0.0150024990404003,0.0019948253624354,0.0986071989815061,0.9705769982314691,False,-0.0176250759068114,False,-0.018884309570469
636771,INDEPENDENT BANK,5,2022-10-14,2022-10-14,0.0332414043298725,1.4955580221076636e-05,0.5567708177084935,200,False,0.25,0.0103,4,2022-09-30,False,41,0.2109169393675765,15.410331359044854,0.0137742757607084,0.0015512241575905,0.0722311315030139,0.9615019563467906,False,-0.0050151155965604,False,-0.0082808602508762
2353595,FIRST COMMUNITY BANK,5,2022-10-14,2022-10-14,0.0255494394549662,0.0003372706697223,0.5520761667271428,200,False,0.25,0.0103,4,2022-09-30,False,51,0.1612086449183796,14.960925322371663,0.0146733699245114,0.0065322658125145,0.1207941483803552,0.9843585326912202,False,-0.0151104451513525,False,-0.0217290485170049
542528,CIVISTA BANK,5,2022-10-14,2022-10-14,0.0308422913112962,-0.0002844858401149,0.4474154711905482,200,False,0.25,0.0103,4,2022-09-30,False,41,0.3239746116185626,14.98937254771789,0.0126842399246448,0.0021448433925573,0.1202831384527865,0.9560864536521816,False,-0.0170280420963275,False,-0.010426509256074
933023,"SHORE UNITED BANK, NATIONAL ASSOCIATION",5,2022-10-14,2022-10-14,0.0033965294362899,0.0003116157007971,0.3338249841742564,200,False,0.25,0.0103,4,2022-09-30,False,51,0.2240886898497739,15.05524039150228,0.0095580487917838,0.0015766162910101,0.1113857144511213,0.9886471058459,False,-0.0148514407767525,False,-0.0091831107214406
1162017,UNITED SECURITY BANK,5,2022-10-14,2022-10-14,0.0254551236505623,-0.0001938719941468,0.2019529783719662,200,False,0.25,0.0103,4,2022-09-30,False,51,0.5723374964940888,14.129398244184136,0.0121299261995495,0.0115832282753409,0.0842478023519509,0.9927430723706204,False,-0.0127012428542406,False,-0.0117799094349245
628123,"BANK OF GLEN BURNIE, THE",5,2022-10-14,2022-10-14,-0.1302189787808337,-0.0004227484774273,0.165039986340305,200,False,0.25,0.0103,4,2022-09-30,False,41,0.0832968285718809,12.937497787300096,0.0034583870698671,0.0009995877988458,0.0343183961810167,0.9441901605850328,False,0.006400903483846,False,0.0161945903378815
333203,UNION BANK,5,2022-10-14,2022-10-14,0.050644294985848,-0.0007717618881698,0.0679591525536642,200,False,0.25,0.0103,4,2022-09-30,False,41,0.2338368529675415,14.077553232265652,0.0100832421501682,0.0017920519472251,0.0503785063197243,0.971731878250822,False,-0.0066791957447105,False,-0.0030754724709081
2925666,PINNACLE BANK,5,2022-10-14,2022-10-14,-0.0792096286678901,2.9135856800304853e-05,1.0256113653480956,200,False,0.25,0.0103,4,2022-09-30,False,41,0.4869274682159653,17.52619558312305,0.0137749309582782,0.0014716654707644,0.1335883384005431,0.9555969341576468,False,-0.0190322118977702,False,-0.0081694133228202
139740,WEST BANK,5,2022-10-14,2022-10-14,0.0270262085832381,-0.0007838208912887,0.5601934593481714,200,False,0.25,0.0103,4,2022-09-30,False,41,0.5043827427190887,15.07278078207618,0.0151085102887119,0.0001258537686318,0.0885354758830892,0.8847846038288839,False,-0.015774018229613,False,-0.016394526690766
494261,PACIFIC WESTERN BANK,5,2022-10-14,2022-10-14,-0.0801740276622252,-0.0002279624805467,0.8167977726806432,200,False,0.25,0.0103,4,2022-09-30,False,41,0.5152662762866934,17.537805445617614,0.0126401219881751,0.0038032118958409,0.0944942842221319,0.922377463325938,False,-0.0199655718948071,False,-0.0051787949036572
2760232,VILLAGE BANK,5,2022-10-14,2022-10-14,0.0309684617988777,-0.0001789340524015,0.327715736491442,200,False,0.25,0.0103,4,2022-09-30,False,51,0.3268105618722504,13.518008426173624,0.0118455323196049,0.004943573995115,0.0916395012057829,0.992649118828128,False,-0.0099964926062443,False,-0.0115328213065791
2328137,FIRST COMMUNITY BANK,5,2022-10-14,2022-10-14,0.0632502454303451,-0.0004690560261796,0.1316424985798205,200,False,0.25,0.0103,4,2022-09-30,False,41,0.2841171221579032,14.317957175699378,0.0092596626249425,0.0051524841171131,0.0752026912558387,0.9436173999063114,False,-0.0087629933296706,False,0.000302208434484
204004,PROVIDENT BANK,5,2022-10-14,2022-10-14,0.0259479082863749,0.0002472638979465,0.501881248638986,200,False,0.25,0.0103,4,2022-09-30,False,41,0.4982023056454136,16.425477183620032,0.0124793266050411,0.005918461988215,0.1101090796352006,0.8866588040426624,False,-0.0192600814394927,False,-0.0115192781932988
3465226,HTLF BANK,5,2022-10-14,2022-10-14,0.0594398754785973,6.911351806648111e-05,0.6321270390900149,200,False,0.25,0.0103,4,2022-09-30,False,41,0.4510460761787314,15.43800841682716,0.009881304325854,0.0028912257569275,0.1067412225843945,0.9522866931005174,False,0.0049562238917984,False,0.0076507172583605
2953418,OPTIMUMBANK,5,2022-10-14,2022-10-14,-0.0124177764357605,6.247339032941727e-06,0.5798308491360518,200,False,0.25,0.0103,4,2022-09-30,False,41,0.4338371007574236,13.2044556755393,0.0075733848215415,0.0,0.0898138833924735,0.8565185444579164,False,-0.0185191832208396,False,-0.016070309506327
2618780,TEXAS CAPITAL BANK,5,2022-10-14,2022-10-14,-0.1322090339246027,0.0007389352591504,0.9622921247666724,200,False,0.25,0.0103,4,2022-09-30,False,41,0.7463534936612166,17.22974656608871,0.0055554897524883,0.0031724871378967,0.0967086621841617,0.9039697630804612,False,0.0047207506463947,False,0.0051358936514617
354310,UNIVEST BANK AND TRUST CO.,5,2022-10-14,2022-10-14,0.032359320088192,-0.0002765607609704,0.5026900873461934,200,False,0.25,0.0103,4,2022-09-30,False,41,0.4522446805937115,15.746000278136568,0.0114403959058265,0.0023958980913725,0.1100372340464116,0.9568843691757856,False,-0.0170681702604492,False,-0.0194272369833061
703767,CENTRAL VALLEY COMMUNITY BANK,5,2022-10-14,2022-10-14,0.0169833841903333,-0.0002285558583725,0.5283523221161571,200,False,0.25,0.0103,4,2022-09-30,False,41,0.4604304299075185,14.70157875537538,0.0111242397332205,0.0002048528079525,0.0919938950532946,0.9734657442940452,False,0.0067390097771998,False,0.0067237302865851
2942690,SIGNATURE BANK,5,2022-10-14,2022-10-14,-0.1060736057960973,-0.0008066616501367,1.7448702444543367,200,False,0.25,0.0103,4,2022-09-30,False,41,0.8758207815616139,18.555812382999328,0.0120697050354688,0.0029448685562871,0.0671844871961819,0.9627477595571876,True,-0.0061966218590513,False,0.0125920275589539
2849801,SOUTHERN FIRST BANK,5,2022-10-14,2022-10-14,0.0055160812177745,-0.0012697561431145,0.609456328835429,200,False,0.25,0.0103,4,2022-09-30,False,41,0.523410247711779,15.051275009682463,0.0095816884664803,0.0008617200840991,0.0901398659927556,0.9660046070761932,False,-0.0176819572642997,False,-0.0085758726134658
2858960,"BANCORP BANK NATIONAL ASSOCIATION, THE",5,2022-10-14,2022-10-14,-0.0238832605273996,0.0003183134477186,1.4915153116192252,200,False,0.25,0.0103,4,2022-09-30,False,41,0.2072215218236886,15.865386178627228,0.0169444789568429,0.0060727154889657,0.095990374581479,0.9867847991222244,False,-0.0091461265900908,False,-0.027675160093887
895710,CITIZENS & NORTHERN BANK,5,2022-10-14,2022-10-14,0.0164589139183668,-4.3772350186022914e-05,0.4314353934977647,200,False,0.25,0.0103,4,2022-09-30,False,51,0.2662017168945513,14.684902955030816,0.0111452950463942,0.0121022748112014,0.1025801721344427,0.9616757600104636,False,-0.0208720579212028,False,-0.0196418706389245
2372774,"SUMMIT COMMUNITY BANK, INC.",5,2022-10-14,2022-10-14,0.0149729282170878,0.0008228014957697,0.4973800565561996,200,False,0.25,0.0103,4,2022-09-30,False,41,0.2737344326568265,15.16740522611533,0.0144910098762116,0.0029913942140583,0.1119831833491558,0.909662277040346,False,-0.0204231039558303,False,-0.0274853251209306
1356768,ENTERPRISE BANK AND TRUST COMPANY,5,2022-10-14,2022-10-14,-0.0186906681400464,-0.0002460670526309,0.6946826823839924,200,False,0.25,0.0103,4,2022-09-30,False,41,0.3722019609046508,15.32619298232972,0.009586545104836,0.0018386367137512,0.0730956035569617,0.9857077564995542,False,-0.0139326283966424,False,-0.0223212012934356
1190476,ENTERPRISE BANK & TRUST,5,2022-10-14,2022-10-14,0.0172932524991972,0.000456940922522,0.6302703930451574,200,False,0.25,0.0103,4,2022-09-30,False,41,0.4872675519779605,16.377315206777833,0.0156201204967936,0.0026338820569804,0.1153378264663752,0.9726487461628108,False,-0.0166686178804146,False,-0.0187605060026633
633378,KEARNY BANK,5,2022-10-14,2022-10-14,0.0441842586374906,-0.000300620464281,0.4214301800740423,200,False,0.25,0.0103,4,2022-09-30,False,41,0.2605673489964639,15.880479626802243,0.0078355836244114,0.0135884356921288,0.0984913990443185,0.8711895317737609,False,-0.0202467796242904,False,0.0001234972998595
1918344,PREFERRED BANK,5,2022-10-14,2022-10-14,0.0503765900723944,0.0006508178162188,0.6471633014793289,200,False,0.25,0.0103,4,2022-09-30,False,41,0.6579160371941754,15.655040306376469,0.018915578176145,0.0012312653771243,0.0938342227585008,0.9570840036647218,False,-0.0217295683423094,False,-0.0221508808136698
3138146,WESTERN ALLIANCE BANK,5,2022-10-14,2022-10-14,-0.0550867156110555,-0.0006099334368376,1.279227084242629,200,False,0.25,0.0103,4,2022-09-30,False,41,0.7401180473667699,18.050844671060627,0.0145953276880841,0.0162091981477448,0.0773136684840622,0.8765994419420653,False,-0.0194486192675623,False,-0.0082739910871124
537449,FIRST BUSINESS BANK,5,2022-10-14,2022-10-14,-0.0169879111912409,0.0008281371206996,0.3090477914438832,200,False,0.25,0.0103,4,2022-09-30,False,41,0.4962040811447288,14.862320299790792,0.0152807622407057,0.0015633893251176,0.0992024360472647,0.8150244391391,False,-0.0208753934446622,False,-0.0168697480094645
310978,WATERSTONE BANK,5,2022-10-14,2022-10-14,0.008505379377602,-0.0005868172370185,0.3128308998931258,200,False,0.25,0.0103,4,2022-09-30,False,41,0.201269831279233,14.493063274475862,0.0126118155952802,0.0032943550009931,0.1651509634326755,0.7732005484645305,False,-0.0216454610665894,False,-0.0243812694350814
220527,PEOPLES BANK,5,2022-10-14,2022-10-14,-0.0020934932601459,-0.0002690159717039,0.1003615229899251,200,False,0.25,0.0103,4,2022-09-30,False,41,0.3160647384286082,14.331698578347485,0.0100292745963503,0.0036863170829182,0.070046573583158,0.9642042129149512,False,-0.0013568356008304,False,-0.0011250430244896
2954059,BCB COMMUNITY BANK,5,2022-10-14,2022-10-14,0.0853819781797549,0.0015139977987368,0.3926995111644444,200,False,0.25,0.0103,4,2022-09-30,False,41,0.3654755518376301,14.999092167822347,0.0142381936677249,0.003094450413267,0.0971231006496836,0.9210296787688184,False,-0.021079043922725,False,-0.0202595160182626
2385514,"FIRST BANK, THE",5,2022-10-14,2022-10-14,0.0074126893680393,-0.0010068685021563,0.5672123644049367,200,False,0.25,0.0103,4,2022-09-30,False,41,0.3811539110697974,15.678538507516372,0.0110828695251662,0.0044107230952608,0.1164073784881061,0.9761649862054224,False,-0.008057377130006,False,-0.0077014180970995
456045,CENTENNIAL BANK,5,2022-10-14,2022-10-14,-0.0330429044172762,0.0005449018049922,0.8476506652255559,200,False,0.25,0.0103,4,2022-09-30,False,41,0.4769928048183442,16.954593154036495,0.0122416744686922,0.0044610317563158,0.1515690053508082,0.9636090306495148,False,-0.0198930677655662,False,-0.0109563255029057
561574,SUMMIT STATE BANK,5,2022-10-14,2022-10-14,-0.0072665832931016,-3.431229863173368e-05,0.1414925061421785,200,False,0.25,0.0103,4,2022-09-30,False,51,0.3713931905647522,13.858390912607092,0.0158585238288211,0.004347926665778,0.0808775135009815,0.9056902705046528,False,-0.0195710692615911,False,-0.018717515474195
522847,"LIMESTONE BANK, INC",5,2022-10-14,2022-10-14,0.0020244606155271,0.0005688081784542,0.2869957943019532,200,False,0.25,0.0103,4,2022-09-30,False,51,0.2202525346768675,14.211020948542982,0.0139174121621591,0.0009344427254875,0.1099133954867615,0.9243115049871208,False,-0.018319304500482,False,-0.0286994288367177
663245,SIMMONS BANK,5,2022-10-14,2022-10-14,0.0245722397453928,-0.0006863298099469,0.6807280507853949,200,False,0.25,0.0103,4,2022-09-30,False,41,0.4140371394029282,17.11221456641042,0.0097750754965423,0.0037551432524605,0.1244024859470985,0.94010639667357,False,-0.0128627151169667,False,-0.0057483728048818
30810,DISCOVER BANK,5,2022-10-14,2022-10-14,-0.0237756558994686,0.0006649082817844,1.258550206481941,200,False,0.25,0.0103,4,2022-09-30,False,31,0.1124144502645308,18.60539690638836,0.0364659183169275,0.0097330876181312,0.097643261056033,0.8031168811115625,False,-0.0488497303672009,True,-0.085386061965178
768074,FIRST FINANCIAL NORTHWEST BANK,5,2022-10-14,2022-10-14,-0.0147310900622597,-0.0002822668174,0.1412909507310467,200,False,0.25,0.0103,4,2022-09-30,False,51,0.3426889322763439,14.210325823951631,0.0099974620030411,0.0002072406426532,0.1001212848104251,0.8717112972559732,False,-0.0181562009658657,False,-0.0098608459192504
2797724,TOWNEBANK,5,2022-10-14,2022-10-14,0.0412859074611534,7.279366238398732e-05,0.6167147834337943,200,False,0.25,0.0103,4,2022-09-30,False,41,0.4830701588701172,16.585082045425754,0.0118943339110947,0.0005571285696089,0.114511299259889,0.9603085777276384,False,-0.0100030926294934,False,-0.0024450599699759
28013,NORTHFIELD BANK,5,2022-10-14,2022-10-14,0.0108859041951252,-0.0003922451164444,0.4278057463741702,200,False,0.25,0.0103,4,2022-09-30,False,41,0.3654168827467062,15.553816154822192,0.0112875191333998,0.0029714949358134,0.1196825147889357,0.8961980653789432,False,-0.0193668149128005,False,-0.0207106394826041
836843,MIDWESTONE BANK,5,2022-10-14,2022-10-14,0.0412764758338152,0.0001923094145793,0.5185589062658283,200,False,0.25,0.0103,4,2022-09-30,False,41,0.3822261009432285,15.685491539033482,0.0101834522599813,0.0069260339165717,0.0897491481808515,0.9297415365911684,False,-0.0030520663856148,False,0.0041162610346105
676478,MALVERN BANK NA,5,2022-10-14,2022-10-14,-0.007520576676863,-0.0001201150357835,0.1691381565338785,200,False,0.25,0.0103,4,2022-09-30,False,51,0.372869455406472,13.858055547276123,0.0076118335452878,0.0172518321280816,0.1563677868788831,0.8995523112033526,False,-0.0217230514974909,False,-0.0088053985840742
23504,DIME COMMUNITY BANK,5,2022-10-14,2022-10-14,0.0331224484038738,7.921198228126563e-06,0.7518665814659697,200,False,0.25,0.0103,4,2022-09-30,False,41,0.5633361663108403,16.370305689172003,0.0123468926025959,0.004335376382666,0.1024045776938909,0.910165968673506,False,-0.0182802333670992,False,-0.01063833128804
785473,FIRST SAVINGS BANK,5,2022-10-14,2022-10-14,0.0033195198692572,-0.0007226249509129,0.1655349006618194,200,False,0.25,0.0103,4,2022-09-30,False,41,0.2914250656336357,14.551700465392068,0.0076272032018416,0.0070022220573864,0.0864808557614711,0.8049807171662309,False,-0.0191524642145407,False,-0.0003234198411315
929978,"HOME BANK, NATIONAL ASSOCIATION",5,2022-10-14,2022-10-14,-0.0038392150371304,0.0001812123266398,0.5061468674379369,200,False,0.25,0.0103,4,2022-09-30,False,41,0.3165547968311948,14.96631452068938,0.0101816044991251,0.0074162733432662,0.1121676522502849,0.9802633524825912,False,-0.0180096215997164,False,-0.0150070335005314
1864197,OAK VALLEY COMMUNITY BANK,5,2022-10-14,2022-10-14,0.0410773601595663,0.0002839371944694,0.12816413100205,200,False,0.25,0.0103,4,2022-09-30,False,41,0.4443532381511009,14.489671128195614,0.0094639940684422,0.0,0.0540016357646435,0.9863182384523272,False,0.0138238464255736,False,0.0171876653761752
342410,ORRSTOWN BANK,5,2022-10-14,2022-10-14,0.0411932887433187,0.0007601065139231,0.3456234425000989,200,False,0.25,0.0103,4,2022-09-30,False,41,0.3076370708058888,14.862318544509636,0.0119466880857963,0.0026385752456267,0.0885301403102778,0.9724337361277048,False,-0.0192904909247105,False,-0.0218270102529899
119528,"FARMERS NATIONAL BANK OF EMLENTON, THE",5,2022-10-14,2022-10-14,-0.0933272943250953,0.0015085496746285,0.3022655794568749,200,False,0.25,0.0103,4,2022-09-30,False,51,0.263667412452831,13.842365708631505,0.0114172342995992,0.00458581963348,0.0633779164910306,0.963486731329694,False,,,
685676,OPPORTUNITY BANK OF MONTANA,5,2022-10-14,2022-10-14,0.0263089540056506,-0.000624013901345,0.0913844023917986,200,False,0.25,0.0103,4,2022-09-30,False,51,0.2250483294703495,14.463277977313997,0.0077337796685518,0.0033825591330592,0.1011233897478586,0.9776611689789552,False,-0.015402551175442,False,-0.0079532664855848
613008,ROCKLAND TRUST COMPANY,6,2023-04-18,2023-04-18,-0.0844747185819269,0.0001618939681469,0.5644871993126301,200,False,0.0952,0.0159,21,2023-03-31,False,41,0.3044120927939263,16.783102274091927,0.0128978946501199,0.0040314480909926,0.1477837477681962,0.927220398260277,False,-0.0158760513078972,False,-0.0166832689695602
433608,TOMPKINS COMMUNITY BANK,6,2023-04-18,2023-04-18,-0.0332716599418765,0.0001843202604191,0.6558480700561055,200,False,0.0952,0.0159,21,2023-03-31,False,41,0.4358435817041795,15.844440999263051,0.0105101968236171,0.005392259016537,0.0751283173548277,0.93218933036754,False,-0.0148771822868522,False,-0.0175491947527171
379920,FIRST NATIONAL BANK OF PENNSYLVANIA,6,2023-04-18,2023-04-18,0.0007415851157983,0.0012147699546551,0.8259743650011109,200,False,0.0952,0.0159,21,2023-03-31,False,41,0.4013279461601068,17.602689424217964,0.0134857186518641,0.0038645880309994,0.1313589093269709,0.9042189352880388,False,-0.0139327318777742,False,-0.0099135656336968
491224,FIRST-CITIZENS BANK & TRUST COMPANY,6,2023-04-18,2023-04-18,0.0284594645273355,0.0003914849075229,0.8874415590021134,200,False,0.0952,0.0159,21,2023-03-31,False,31,0.4761840140957617,19.184279575462924,0.1777095983757354,0.0071537674860874,0.090760101077669,0.7188399530624892,False,-0.0173391233094819,False,-0.0070457123459857
246022,"BANK OF SOUTH CAROLINA, THE",6,2023-04-18,2023-04-18,-0.0526228548318749,-5.619856946097687e-05,0.2331546606385016,200,False,0.0952,0.0159,21,2023-03-31,False,41,0.4293203322744491,13.37919389737293,0.0102968226195945,0.002689006410639,0.0665596143641913,0.9756077349897578,False,0.0138078723296275,False,0.0211969779343315
437914,"WILMINGTON SAVINGS FUND SOCIETY, FSB",6,2023-04-18,2023-04-18,-0.0563796203653966,0.0013104212525515,0.8475841374049209,200,False,0.0952,0.0159,21,2023-03-31,False,41,0.3761511504008237,16.82212772553121,0.0130070463324712,0.0037406014127495,0.1157983127360076,0.9158478086184172,False,-0.0135358011532707,True,-0.0097746266517213
761806,"WEBSTER BANK, NATIONAL ASSOCIATION",6,2023-04-18,2023-04-18,-0.0130887202542123,0.0006523741501189,1.0519799327663528,200,False,0.0952,0.0159,21,2023-03-31,False,41,0.3561065793678121,18.130237569831912,0.0125254162467142,0.0035280741648059,0.1179161828381651,0.843646304596271,False,-0.0215936457984246,False,-0.0058287569871804
837000,"FIRST NATIONAL BANK OF LONG ISLAND, THE",6,2023-04-18,2023-04-18,0.0052398604208498,-0.0002236953001962,0.5529227498139957,200,False,0.0952,0.0159,21,2023-03-31,False,41,0.4748605176063888,15.247333340979717,0.0067142454129793,0.0,0.0870508558465268,0.8895139891364956,False,-0.0209473840040695,False,-0.0106820358617879
510871,FIRSTBANK PUERTO RICO,6,2023-04-18,2023-04-18,0.0122979303280098,0.0003602205784672,0.9972430189921258,200,False,0.0952,0.0159,21,2023-03-31,False,31,0.4440930008773421,16.758329646869274,0.0151419821777849,0.0141051177728124,0.0814409765448254,0.923717771652386,False,-0.0182056510092615,False,-0.0264761108037157
245276,ORIENTAL BANK,6,2023-04-18,2023-04-18,0.0441698523461225,0.0005222041285993,0.7610522837519638,200,False,0.0952,0.0159,21,2023-03-31,False,41,0.3601052835833245,16.1139638267168,0.017800195546296,0.0217619296183553,0.1002660269087528,0.9576343984497738,False,-0.0174995369123359,False,-0.0214603033573476
216922,FIRST BANK,6,2023-04-18,2023-04-18,-0.0400582377529041,0.0007696830014344,0.7328869528513701,200,False,0.0952,0.0159,21,2023-03-31,False,41,0.3309621038616794,16.330576396069066,0.0054617683894211,0.0035950736766524,0.1128256872915238,0.946999104999426,False,-0.0055768569438161,False,-0.0091360140557879
645625,"WESBANCO BANK, INC.",6,2023-04-18,2023-04-18,-0.0618962263182928,0.0007114292075082,0.6116571861976469,200,False,0.0952,0.0159,21,2023-03-31,False,41,0.2896272670529346,16.662550519327787,0.0106619109184857,0.0040152205340575,0.1423248727931153,0.8895142116779572,False,-0.0161982088105179,False,-0.008228581129112
365325,UNITED BANK,6,2023-04-18,2023-04-18,-0.0266776321859187,0.0008083940183444,0.7195117290206439,200,False,0.0952,0.0159,21,2023-03-31,False,41,0.3735645980546005,17.220304132234133,0.0136857614301542,0.002050305178794,0.1548256481316643,0.8851284677206701,False,-0.0197593159230139,False,-0.0140776244579743
816603,"WASHINGTON TRUST COMPANY, OF WESTERLY, THE",6,2023-04-18,2023-04-18,-0.1109275402489438,-0.0003966726584541,0.5333078314798827,200,False,0.0952,0.0159,21,2023-03-31,False,41,0.2304626789404813,15.741100791667296,0.0077478468321943,0.0026735215366694,0.0685084665899618,0.8257665218460349,False,-0.0137346408651125,False,-0.0079113347521507
130541,HORIZON BANK,6,2023-04-18,2023-04-18,-0.0423468346588523,-0.0004069694551191,0.7221396031653737,200,False,0.0952,0.0159,21,2023-03-31,False,41,0.412765967057934,15.88003400109065,0.0098356400099929,0.0046503473464239,0.0974622856114051,0.8091420009705642,False,0.0062539149106294,False,0.0157748389957609
701062,CENTRAL PACIFIC BANK,6,2023-04-18,2023-04-18,-0.0648670720050937,-4.66388272944795e-05,0.8144682804298018,200,False,0.0952,0.0159,21,2023-03-31,False,41,0.3764046114729258,15.831318235847329,0.0094980702798587,0.0012993493176751,0.0733111152199849,0.9724960565414262,False,-0.0108087492314031,False,-0.014432790203365
509811,"COMMUNITY TRUST BANK, INC.",6,2023-04-18,2023-04-18,-0.0403900550318311,0.0004034890389498,0.5437968434076275,200,False,0.0952,0.0159,21,2023-03-31,False,41,0.2745155940515377,15.520300103888935,0.0141063243196463,0.0032325261327408,0.1222951121298971,0.944887052034592,False,-0.0195206761466614,False,-0.0348608925225716
208244,OLD NATIONAL BANK,6,2023-04-18,2023-04-18,-0.0124994123341334,0.0007446234372554,0.7359213525739784,200,False,0.0952,0.0159,21,2023-03-31,False,31,0.3821936943516912,17.67737730654314,0.0132814793443417,0.0074001291366011,0.1101105395041094,0.8319855605103087,False,-0.0209391121420312,False,-0.003593043683661
4114567,FIRST REPUBLIC BANK,6,2023-04-18,2023-04-18,-0.251154789920734,-0.0005801635529475,1.3983333451867972,200,False,0.0952,0.0159,21,2023-03-31,False,31,0.4912967833448333,19.266309330448244,0.0046208842298476,0.0007532150624894,0.0772281044640565,0.4860286435269446,True,-0.0043878506876333,False,0.003577575785238
5210,ACNB BANK,6,2023-04-18,2023-04-18,0.0097469869746564,0.0007710191283187,0.6002568531837953,200,False,0.0952,0.0159,21,2023-03-31,False,51,0.2254211491580868,14.68744723158528,0.0155598614782621,0.0025055604771663,0.0988522866874789,0.9636903405782206,False,-0.0115874644665386,False,-0.0165860703831197
3938186,"BANKUNITED, NATIONAL ASSOCIATION",6,2023-04-18,2023-04-18,0.0425471692348422,-0.0003846212540697,1.150606241483671,200,False,0.0952,0.0159,21,2023-03-31,False,41,0.5236811351694645,17.428998300899416,0.0074520680650755,0.0221927591062734,0.078466931818629,0.7599155510988195,False,-0.0201652274367269,False,0.0105771378911857
680813,"FARMERS NATIONAL BANK OF CANFIELD, THE",6,2023-04-18,2023-04-18,-0.0335024745454557,9.031734570168722e-06,0.5987584567090196,200,False,0.0952,0.0159,21,2023-03-31,False,41,0.3346354758323822,15.442324233672228,0.0059131565571292,0.0056939634919255,0.0777052140895244,0.9474015099624876,False,-0.0099194211626943,False,-0.0097386462864818
785923,LCNB NATIONAL BANK,6,2023-04-18,2023-04-18,-0.1059519081915724,0.0009153410263011,0.28336338801974,200,False,0.0952,0.0159,21,2023-03-31,False,51,0.2469839555788872,14.46858077889653,0.0100508423149204,0.000503287499758,0.1126280360835231,0.9407034739686948,False,-0.0176609426194181,False,-0.0188215942518553
2787770,BANK OF THE JAMES,6,2023-04-18,2023-04-18,-0.0013798429580236,0.0002416418000894,0.1503124619397987,200,False,0.0952,0.0159,21,2023-03-31,False,41,0.2083672373295099,13.751903869202696,0.0078689307248495,0.0008371870515069,0.0638956322319245,0.9877392943662228,False,-0.0030290183498984,False,-0.0056170292577375
258771,HOMESTREET BANK,6,2023-04-18,2023-04-18,-0.3505183181619742,-0.0020139096220475,1.0009837215892563,200,False,0.0952,0.0159,21,2023-03-31,False,41,0.2738938142621851,16.103387514677756,0.0033379355276717,0.0039898524783012,0.0794893847622208,0.7791920740026108,False,-0.0167110496780003,False,-0.0052553282359346
212577,HOMETRUST BANK,6,2023-04-18,2023-04-18,-0.035388774920085,0.0005319015481262,0.5079561341286617,200,False,0.0952,0.0159,21,2023-03-31,False,41,0.2512423605325781,15.32549756962926,0.0063932177988597,0.0021226227788068,0.1057231449506392,0.9088428689226398,False,-0.0213705102815928,False,-0.0239529209178922
4210227,NBH BANK,6,2023-04-18,2023-04-18,-0.0314255878499037,0.0003448736126799,0.7863489255642226,200,False,0.0952,0.0159,21,2023-03-31,False,41,0.3450231875567211,16.10568596837736,0.0173050228467692,0.0013203721302835,0.1087715798948431,0.8695016080330193,False,-0.0119147957329298,False,-0.0077307592546284
884303,CHEMUNG CANAL TRUST COMPANY,6,2023-04-18,2023-04-18,-0.0174054248447469,0.0006096131711418,0.2183891456875325,200,False,0.0952,0.0159,21,2023-03-31,False,41,0.2317396080888435,14.79004114093648,0.0103776600301216,0.0041265944388109,0.0633920306363618,0.9414417517916436,False,-0.0085911947550186,False,-0.0048366081969081
2758613,FIRST INTERNET BANK OF INDIANA,6,2023-04-18,2023-04-18,0.044389110640072,-0.0014447637754439,1.0399275161618282,200,False,0.0952,0.0159,21,2023-03-31,False,51,0.2701014909447417,15.365457031287828,-0.0011232764011344,0.0025434533040068,0.0928536951590862,0.8508389794101874,False,-0.020298052885544,False,-0.0152702481698545
122854,INDEPENDENT BANK DBA INDEPENDENT FINANCIAL,6,2023-04-18,2023-04-18,-0.0941239670425486,-0.0008109239583267,0.8608354780503313,200,False,0.0952,0.0159,21,2023-03-31,False,41,0.4549471534784181,16.749002574015087,-0.0064742766270802,0.0026577458065449,0.1454323071682212,0.8754697692629371,False,-0.0184669659146515,False,-0.0158229175258816
2354985,CUSTOMERS BANK,6,2023-04-18,2023-04-18,0.0503625726741898,-0.0010399385370094,1.5077554068020866,200,False,0.0952,0.0159,21,2023-03-31,False,41,0.2298703517655092,16.895972966786825,0.0102028319312899,0.0071991477413612,0.0706369938975029,0.8803386340446033,False,-0.0190602511457525,False,-0.0094280908314003
697978,COMMUNITY BANK OF THE CHESAPEAKE,6,2023-04-18,2023-04-18,-0.0636066754196181,0.0006130212766617,0.2713183067447505,200,False,0.0952,0.0159,21,2023-03-31,False,41,0.2352713435287015,14.702046164326733,0.0135277915595943,0.0044253497392611,0.0939412570445228,0.9808940575056624,False,-0.010933342505794,False,-0.016683625523652
3401970,FIRST BANK,6,2023-04-18,2023-04-18,-0.018886863239603,-8.330573766862706e-05,0.635986398313539,200,False,0.0952,0.0159,21,2023-03-31,False,41,0.4357793990910891,14.85114648246977,0.009924395531679,0.0032688521150572,0.1044486184620878,0.8886610884632034,False,-0.0192515173594626,False,-0.0189595438596672
3284070,ALLY BANK,6,2023-04-18,2023-04-18,-0.0102097296915595,-0.0009522503107329,1.6844223699397745,200,False,0.0952,0.0159,21,2023-03-31,False,31,0.116793869055128,19.043314254339897,0.0106232864585289,0.0100614377457692,0.0742342381011143,0.9188221180316088,False,-0.0294560301544673,False,-0.0387197045696588
3109043,BANKWELL BANK,6,2023-04-18,2023-04-18,0.008594357674232,-0.0004179897634514,0.5136315737783057,200,False,0.0952,0.0159,21,2023-03-31,False,41,0.2896452723030135,14.995743385797947,0.0147729800204722,0.0051796322777157,0.092441105306943,0.9507559345533716,False,-0.0153850129592315,False,-0.005712033725532
762447,"FIRST MID BANK & TRUST, NATIONAL ASSOCIATION",6,2023-04-18,2023-04-18,-0.0446934614234913,-0.0006267354581125,0.6298727555094041,200,False,0.0952,0.0159,21,2023-03-31,False,41,0.3150034937162315,15.70984165752222,0.0098247619620643,0.0028983552810541,0.1067638874264827,0.8555529902970923,False,-0.0168473340840939,False,-0.0128396486254592
1216022,SYNCHRONY BANK,6,2023-04-18,2023-04-18,0.0004291399079678,0.0005760511697315,1.4795465084988877,200,False,0.0952,0.0159,21,2023-03-31,False,41,0.1262622684767768,18.41440106799506,0.021333548010546,0.0192155861044027,0.1173143880693139,0.8851064800036481,False,-0.047934451814912,True,-0.1002527597244508
3303298,"CITIZENS BANK, NATIONAL ASSOCIATION",6,2023-04-18,2023-04-18,0.0094802929888817,0.0004677289757231,1.0547352888440338,200,False,0.0952,0.0159,21,2023-03-31,False,31,0.4266841364353676,19.21798536526566,0.0096979823836659,0.010391835329034,0.1079258608206465,0.8829205373354274,False,-0.0218017994438813,False,-0.0004142515464024
177920,"MIDDLEFIELD BANKING COMPANY, THE",6,2023-04-18,2023-04-18,-0.0731315715920505,0.0006204854230832,0.1347552053594853,200,False,0.0952,0.0159,21,2023-03-31,False,41,0.2874320244645584,14.361354229891717,0.0134409848070523,0.0049763151405942,0.1130659118086003,0.9353611099317072,False,-0.0186648885024873,False,-0.0198468963121079
371924,COMMUNITY BANK,6,2023-04-18,2023-04-18,-0.0651247461905109,0.0007325056561859,0.0360089428322471,200,False,0.0952,0.0159,21,2023-03-31,False,51,0.3528491106436581,14.172503651288125,0.0124896258010701,0.0050500762689331,0.0804946865907268,0.9865981429181344,False,-0.0121522991519625,False,-0.0120508153561997
3221468,VERITEX COMMUNITY BANK,6,2023-04-18,2023-04-18,-0.0732158656973069,-0.0008588875559504,1.0007341293699283,200,False,0.0952,0.0159,21,2023-03-31,False,41,0.4569319845823127,16.349310858630265,0.0130513477017934,0.0047317842616745,0.1355896977011268,0.8305099278902186,False,-0.0209814377105824,False,-0.0086052226471792
3637685,FIRST FOUNDATION BANK,6,2023-04-18,2023-04-18,-0.0341690405144594,-0.0016468602379248,0.8790374308315627,200,False,0.0952,0.0159,21,2023-03-31,False,41,0.6495367434982753,16.424547979759435,0.003045200978333,0.00127696828142,0.0942851546746727,0.8195423133272849,False,-0.0173971685792301,False,0.0035112101082296
866000,GLENS FALLS NATIONAL BANK AND TRUST COMPANY,6,2023-04-18,2023-04-18,-0.05019393687492,-4.275910342561388e-06,0.5758270412295886,200,False,0.0952,0.0159,21,2023-03-31,False,41,0.2814017671475702,14.99305663198647,0.0093666888656289,0.004083738982426,0.0858049444338001,0.959748970188104,False,-0.0146716748439502,False,-0.0219885339084974
766164,"TBK BANK, SSB",6,2023-04-18,2023-04-18,-0.0514522044613881,-0.000352670893887,1.373450331310854,200,False,0.0952,0.0159,21,2023-03-31,False,41,0.422059449674078,15.543232891451202,0.0100813440939219,0.0118204619421598,0.1681252833023651,0.8688925808509066,False,-0.0363793567989745,False,-0.0521960723942373
403179,FIRST FED BANK,6,2023-04-18,2023-04-18,0.0254335966625866,-0.0006624418955678,0.1639397416971648,200,False,0.0952,0.0159,21,2023-03-31,False,51,0.2162729786492162,14.58036053484581,0.0076046972269383,0.0017027867714196,0.0825831024930748,0.8132864387072424,False,-0.0167498272849897,False,-0.0144618606651352
917742,"ASSOCIATED BANK, NATIONAL ASSOCIATION",6,2023-04-18,2023-04-18,-0.0503019499234337,0.0009876944609007,0.8620482531033338,200,False,0.0952,0.0159,21,2023-03-31,False,41,0.4993078847938186,17.52057814928197,0.0104926610827127,0.004169822802769,0.1028741812217339,0.8329600562336773,False,-0.0002128891994825,False,0.0040417383286524
3650808,LIVE OAK BANKING COMPANY,6,2023-04-18,2023-04-18,-0.0041029208127887,-0.0002969126467999,1.5394404101819088,200,False,0.0952,0.0159,21,2023-03-31,False,41,0.1302794424980184,16.142760848538757,0.000374644417081,0.0167778976844946,0.0649204139157376,0.9928156486705396,False,-0.0247462205687162,False,-0.0165406023079826
139656,EQUITY BANK,6,2023-04-18,2023-04-18,-0.0503420251919626,-0.0002361058185977,0.6691230087979558,200,False,0.0952,0.0159,21,2023-03-31,False,41,0.2723425870712692,15.454995697030624,0.010807923740557,0.0050218130218922,0.0986593734012664,0.9262156957149736,False,-0.0178871622627896,False,-0.0266035158492072
422433,FIRST GUARANTY BANK,6,2023-04-18,2023-04-18,0.0036900287747603,-0.001604607787397,0.6147817887041057,200,False,0.0952,0.0159,21,2023-03-31,False,41,0.5606058807427601,14.989795712748208,0.0063204823246222,0.0092236860403955,0.0872734622255996,0.9697642772277764,False,-0.0279736975134564,False,-0.0130070534494394
3532641,SMARTBANK,6,2023-04-18,2023-04-18,-0.0233682100337007,0.0005688448464989,0.6122779326056422,200,False,0.0952,0.0159,21,2023-03-31,False,41,0.3490659125430351,15.377811788473426,0.0102956422564119,0.000988399170804,0.1023880531302773,0.9892061411458264,False,-0.0125732367854023,False,-0.0069871880539602
2941068,NICOLET NATIONAL BANK,6,2023-04-18,2023-04-18,-0.0588993661975889,-2.6867775134725292e-05,0.7136275993675324,200,False,0.0952,0.0159,21,2023-03-31,False,41,0.2992265296772161,15.916785628948276,-0.0037766359541857,0.0062444872071095,0.1321313814354616,0.9848590901756644,False,-0.0172684102631888,False,-0.0101589706565715
773247,MIDLAND STATES BANK,6,2023-04-18,2023-04-18,-0.0396468678744368,0.0003630371443413,0.6522011326602346,200,False,0.0952,0.0159,21,2023-03-31,False,41,0.3226945715950894,15.876395103726944,0.008772286156742,0.0080119488042901,0.1029089460178662,0.9126139957852468,False,-0.0237662866376212,False,-0.0227526364041967
40499,HARBORONE BANK,6,2023-04-18,2023-04-18,-0.0560736716197238,3.8091137676011594e-05,0.5630910939155841,200,False,0.0952,0.0159,21,2023-03-31,False,41,0.3354628965281366,15.533436350749431,0.0054915191342764,0.0026428917126128,0.1004633626277755,0.8585254690779858,False,-0.0192199627253947,False,-0.0123964720199993
980661,FIRST HAWAIIAN BANK,6,2023-04-18,2023-04-18,-0.0536072335064107,0.0005995530422129,0.8603850797727234,200,False,0.0952,0.0159,21,2023-03-31,False,31,0.4680841452248158,17.029707212570134,0.0110401782014873,0.0012915862941092,0.0930666574931759,0.9436242995399268,False,0.0061477846368594,False,0.0001840616889916
436159,FIRSTBANK,6,2023-04-18,2023-04-18,-0.0405433003454698,-0.0001242458558736,0.8506890894503081,200,False,0.0952,0.0159,21,2023-03-31,False,41,0.5216553850621668,16.387567672291006,0.0113470605442867,0.007968027978165,0.1043725029081024,0.9549643718346296,False,-0.0209846227674282,False,-0.014065983209214
795968,BANK OF HAWAII,6,2023-04-18,2023-04-18,-0.0192019238418834,8.31979884777982e-05,0.7693007259508654,200,False,0.0952,0.0159,21,2023-03-31,False,31,0.4724831758673952,16.9895361190524,0.0080140511546502,0.0013455154895925,0.0550188934548373,0.90811311714333,False,0.0071351648481746,False,0.0058707162537273
321273,AFFINITY BANK,6,2023-04-18,2023-04-18,-0.0001870339701616,0.000484069643209,-0.00088327184241,200,False,0.0952,0.0159,21,2023-03-31,False,51,0.1986894539698316,13.745320899184447,0.0076806151357462,0.0095914200168371,0.1099046681191181,0.9166471831681856,False,-0.0176297373009046,False,-0.0167765926497299
214414,"FARMERS & MERCHANTS STATE BANK, THE",6,2023-04-18,2023-04-18,0.0021917282613093,-0.0019097856436919,0.7590607781072564,200,False,0.0952,0.0159,21,2023-03-31,False,41,0.1767463001778455,14.933910767938078,0.0088419600941843,0.0031528805937891,0.1070293517388327,0.921897930428736,False,-0.0165106488576748,False,-0.0137132409585269
129732,BYLINE BANK,6,2023-04-18,2023-04-18,-0.0224752704809328,0.0003826698613458,0.7244144394345644,200,False,0.0952,0.0159,21,2023-03-31,False,41,0.2845965732474146,15.832229794853337,0.0138798349773225,0.008394376979608,0.1153272837085224,0.8781722635125326,False,-0.0206185594181874,False,-0.0162382297812275
3835454,ROYAL BUSINESS BANK,6,2023-04-18,2023-04-18,-0.079262547137192,-3.663453960819603e-05,0.6220675578404984,200,False,0.0952,0.0159,21,2023-03-31,False,41,0.3896424322281132,15.22801491644912,0.0126305761056502,0.0075642335886566,0.1550270248154875,0.9195804215959404,False,-0.0328617197550671,False,-0.0379092588116365
3595271,"BANK OF PRINCETON, THE",6,2023-04-18,2023-04-18,-0.0948992052071488,0.0010882434672906,0.2480256271737952,200,False,0.0952,0.0159,21,2023-03-31,False,41,0.3983685473260583,14.27652641794576,0.0153801135661329,0.0047717984264443,0.1420667674013233,0.9497864983449854,False,-0.0235065068072767,False,-0.0405136883519649
736206,CAMBRIDGE TRUST COMPANY,6,2023-04-18,2023-04-18,-0.1603264651075391,1.231674110647874e-05,0.6333022032956219,200,False,0.0952,0.0159,21,2023-03-31,False,41,0.3374369534468869,15.525377526372546,0.0089974613917737,0.0018073299648936,0.0913260420250546,0.931149799287528,False,-0.0005387905119894,False,0.0035568111673182
1007819,"FIDELITY DEPOSIT AND DISCOUNT BANK, THE",6,2023-04-18,2023-04-18,-0.0247204581852315,0.0018336862170224,0.2734699922689529,200,False,0.0952,0.0159,21,2023-03-31,False,51,0.4184836419754525,14.708782375832842,0.012518470310383,0.0020637824912109,0.0716717626304177,0.9454009862399074,False,-0.0128377640774666,False,-0.0219647953902307
963945,MERCHANTS BANK OF INDIANA,6,2023-04-18,2023-04-18,-0.0545824237899201,0.0013428815495874,0.8124962818698794,200,False,0.0952,0.0159,21,2023-03-31,False,41,0.4592151934973053,16.45134484200096,0.0154004134733553,0.0055573851078287,0.102362172562424,0.8912007361039895,False,-0.0215677708144528,False,-0.0271061366199602
2705895,METROPOLITAN COMMERCIAL BANK,6,2023-04-18,2023-04-18,0.0822963524166342,-0.0017320390348746,0.9649496717522752,200,False,0.0952,0.0159,21,2023-03-31,False,41,0.7708638579827318,15.656241286074234,0.0164884423313174,0.0049601048509676,0.0963787352163679,0.9072791760225296,False,-0.0105273360784501,False,0.0033972790141251
3579589,ALLEGIANCE BANK,6,2023-04-18,2023-04-18,-0.0526815182877907,0.0003368739289392,0.5902845983060027,200,False,0.0952,0.0159,21,2023-03-31,False,41,0.5753585336178533,16.175945225891404,0.014751089985273,0.0055051683708586,0.1404637944436327,0.9617686497283926,False,-0.0042399287363297,False,0.0084652460862542
3271799,MERIDIAN BANK,6,2023-04-18,2023-04-18,-0.2390807754114197,0.0001703290163143,0.3047853930334057,200,False,0.0952,0.0159,21,2023-03-31,False,51,0.4178224348031842,14.6173865750148,0.0079740954021132,0.0124716137419156,0.0842948890443643,0.869350356505104,False,-0.0275954517703872,False,-0.0191142633229745
979375,"STERLING BANK AND TRUST, FSB",6,2023-04-18,2023-04-18,-0.036987987808712,-0.0003543213636764,0.334967481708578,200,False,0.0952,0.0159,21,2023-03-31,False,41,0.1726191978466123,14.69522070447867,0.0003750724524635,0.0165394018048471,0.1618329757559639,0.9610662767288188,False,-0.012992095091303,False,-0.0189081896242658
497570,LUTHER BURBANK SAVINGS,6,2023-04-18,2023-04-18,-0.0098502645489296,-0.0006140585067601,0.7052057214788576,200,False,0.0952,0.0159,21,2023-03-31,False,41,0.3476420573511894,15.931742698999686,0.0073731843852735,0.0007075548924502,0.1010351326284011,0.7614066252311615,False,-0.0206103322269363,False,-0.011896844667198
2757205,"MVB BANK, INC.",6,2023-04-18,2023-04-18,-0.0211990610194152,-0.0018368261365114,0.6498014899724244,200,False,0.0952,0.0159,21,2023-03-31,False,41,0.44053296375455,15.069830314036782,0.0169016672024985,0.0054954839175723,0.0854280459615347,0.988073506677264,False,-0.0182877610934261,False,-0.0080488330456518
3378773,BRIDGEWATER BANK,6,2023-04-18,2023-04-18,-0.0327390848934409,-0.000208389259912,0.6053173278322154,200,False,0.0952,0.0159,21,2023-03-31,False,41,0.3192748105442546,15.340816797623066,0.0108176761228146,0.0001885393640537,0.0989637665284253,0.832365725908386,False,-0.0190759016985453,False,-0.0141154525588042
3357219,OPEN BANK,6,2023-04-18,2023-04-18,0.0270256319053834,-0.0001530843212724,0.4963378021973997,200,False,0.0952,0.0159,21,2023-03-31,False,51,0.4309245305359869,14.590440930675529,0.0141925074213028,0.0025635022687995,0.0827195947735967,0.9586936179211142,False,-0.0164107384096482,False,-0.0202277083294347
3281510,UNITED BUSINESS BANK,6,2023-04-18,2023-04-18,-0.0091725069893951,-0.0003406638541899,0.5642773723808435,200,False,0.0952,0.0159,21,2023-03-31,False,51,0.421994996202935,14.744725017544749,0.0134901258391348,0.0064024306737567,0.1430907329816676,0.9848111111776712,False,-0.0261948218685169,False,-0.0213806827921396
667757,ORIGIN BANK,6,2023-04-18,2023-04-18,-0.0104194961715866,7.46398868448641e-05,0.6304745773721591,200,False,0.0952,0.0159,21,2023-03-31,False,41,0.464045213855945,16.147845988253913,0.0096610620121019,0.0029039971284135,0.0975706304025452,0.8884145442255795,False,-0.0176354809055602,False,-0.0042836610348775
2562164,COASTAL COMMUNITY BANK,6,2023-04-18,2023-04-18,-0.0057027300261462,0.0010438633237634,0.7248629759785074,200,False,0.0952,0.0159,21,2023-03-31,False,41,0.2749974057213351,15.053345513189692,0.0151768779689919,0.0110120593640207,0.0857676892469563,0.9843233776413596,False,-0.0224857956758294,False,-0.030389411780631
3158546,FIRST WESTERN TRUST BANK,6,2023-04-18,2023-04-18,-0.0302381977354429,-0.0011492988135539,0.7521567280086202,200,False,0.0952,0.0159,21,2023-03-31,False,51,0.361905533969901,14.902294837377289,0.0059310728651055,0.0069014175982921,0.0886530791220096,0.8948385446796006,False,-0.0185709159554571,True,-0.0071984362115709
661308,AMALGAMATED BANK,6,2023-04-18,2023-04-18,-0.0322051842412801,0.0010413555746824,0.4451056633996241,200,False,0.0952,0.0159,21,2023-03-31,False,41,0.679307955481103,15.876338944645187,0.0109657188207738,0.0087781866770301,0.0740906812529863,0.9720443202049256,False,-0.0046339871545251,False,0.0160749086018026
83638,"AMERANT BANK, NATIONAL ASSOCIATION",6,2023-04-18,2023-04-18,-0.0515108604268381,5.948870411109038e-06,0.6973343370285571,200,False,0.0952,0.0159,21,2023-03-31,False,31,0.3712823191831521,16.064502556161212,0.0099242713023823,0.0031166396229955,0.0847246258431341,0.8475295120378322,False,-0.0183678101811775,False,-0.0028351996177821
18854,BANK7,6,2023-04-18,2023-04-18,-0.0213344941687277,0.0012273296860273,0.5270049220762115,200,False,0.0952,0.0159,21,2023-03-31,False,41,0.2802643804177617,14.322067885500315,0.0231530133143083,0.0143368223092273,0.0921667566499233,0.9922713958679448,False,-0.0205095416077293,False,-0.0312840545434896
2808602,"CAPITAL BANK, NATIONAL ASSOCIATION",6,2023-04-18,2023-04-18,0.0594439722849493,-0.0004654495337841,0.6218865716981994,200,False,0.0952,0.0159,21,2023-03-31,False,41,0.4152368461221005,14.600136953179682,0.0169648674842169,0.009289944354299,0.0878778310521868,0.9733671302994104,False,-0.0246130620058959,False,-0.0362754382775354
3614976,FVCBANK,6,2023-04-18,2023-04-18,-0.0173654231935431,-0.0008082915199996,0.2451301725163009,200,False,0.0952,0.0159,21,2023-03-31,False,51,0.3948893155931334,14.66704983936635,0.0020057603730885,0.0024320026606524,0.0921800524143593,0.8984792572570219,False,-0.0173853761208054,False,-0.0120945788755664
594947,"BANK FIRST, NATIONAL ASSOCIATION",6,2023-04-18,2023-04-18,-0.026899374366772,0.0006304369421071,0.5596093533309647,200,False,0.0952,0.0159,21,2023-03-31,False,41,0.2638508004450195,15.242351675729951,0.0109815821314025,0.0015642111378328,0.14038751464403,0.9701938122725152,False,-0.0178475088290392,False,-0.0200720636949577
3476192,CARTER BANK & TRUST,6,2023-04-18,2023-04-18,-0.0205327303391712,0.0008299557248328,0.6705846107981619,200,False,0.0952,0.0159,21,2023-03-31,False,41,0.1366933817827812,15.288111964757384,0.0150485120732088,0.0025753540342391,0.0802010932530746,0.8810070304439815,False,-0.0140827677356284,False,-0.0235622245033708
3248849,MAINSTREET BANK,6,2023-04-18,2023-04-18,-0.0930544447839833,0.0009493118700813,0.1781000117371667,200,False,0.0952,0.0159,21,2023-03-31,False,41,0.2147472896625439,14.534868710019202,0.0170648015332799,0.0,0.1317817073081634,0.9184865294252286,False,-0.0276418258549044,False,-0.0391955855938327
289515,FARMERS AND MERCHANTS TRUST COMPANY OF CHAMBERSBURG,6,2023-04-18,2023-04-18,-0.0195771878201513,0.0005879486877949,0.0678059766157264,200,False,0.0952,0.0159,21,2023-03-31,False,51,0.2164768644054933,14.352585046146968,0.0085120111467369,0.0002097552916805,0.0754976347082456,0.9579793629861336,False,-0.0057933264054638,False,-0.0077979796831682
2743244,RED RIVER BANK,6,2023-04-18,2023-04-18,-0.0166972548734523,-9.056754893799776e-05,0.7676139017090865,200,False,0.0952,0.0159,21,2023-03-31,False,41,0.3108220960781216,14.92403786333066,0.0128651407821992,0.0012271973121208,0.0879304978756675,0.991852281531247,False,0.0093723696773624,False,-0.0019570509126027
575254,CITY BANK,6,2023-04-18,2023-04-18,-0.0258661708595642,0.000526537257481,0.5285830318051707,200,False,0.0952,0.0159,21,2023-03-31,False,41,0.376279109097689,15.21561561092866,0.0108727974423677,0.0026976717362817,0.0944524963593783,0.9821222895624364,False,-0.0137513269515693,False,-0.0263853853089051
419675,FIRST BANK RICHMOND,6,2023-04-18,2023-04-18,-0.0023866908574657,-0.0004307278551912,0.1736954807224311,200,False,0.0952,0.0159,21,2023-03-31,False,51,0.1883856829802775,14.121189952658655,0.009228409771448,0.0085770787572491,0.0797202601456892,0.843760980947281,False,-0.0161523227049218,False,-0.0201327602174933
3594005,CROSSFIRST BANK,6,2023-04-18,2023-04-18,0.0212817545262649,0.0003877943787204,0.5444187930974469,200,False,0.0952,0.0159,21,2023-03-31,False,41,0.428505909488543,15.745662626648167,0.0095504602094634,0.001832270086668,0.0941051508455483,0.9354326838585796,False,-0.0162377752323538,False,-0.0086419462971801
933256,"ALERUS FINANCIAL, NATIONAL ASSOCIATION",6,2023-04-18,2023-04-18,-0.0326345304494102,-0.0009841486934774,0.7698101639820368,200,False,0.0952,0.0159,21,2023-03-31,False,41,0.5842811504880291,15.172567130312284,0.0095934298854338,0.0008460071299467,0.0875821354416844,0.8786158756024813,False,-0.0046525286417989,False,0.0052765551333734
426534,HEARTLAND BANK AND TRUST COMPANY,6,2023-04-18,2023-04-18,-0.0394258772172049,0.0016499841804207,0.5082672601409213,200,False,0.0952,0.0159,21,2023-03-31,False,41,0.1932127986589151,15.42648389103658,0.0094071449810221,0.0020364486185704,0.1069794154302498,0.964169881510674,False,-0.0026586241954371,False,-0.0109718862904319
3437456,METRO CITY BANK,6,2023-04-18,2023-04-18,0.0041665186694143,0.0001595940679163,0.8455017978994785,200,False,0.0952,0.0159,21,2023-03-31,False,41,0.2934370125311858,15.046619036953182,0.0184419145676059,0.0030056089889726,0.1028477464683459,0.8701890282637674,False,-0.0279866350216795,False,-0.0321839397211946
324340,CHOICEONE BANK,6,2023-04-18,2023-04-18,-0.0439908731981552,0.0018151713269722,0.2584697511874456,200,False,0.0952,0.0159,21,2023-03-31,False,41,0.3231320697612832,14.69361623220878,0.0099753276452965,0.0013144619641982,0.0795861095100146,0.9547657468351916,False,0.0122302670331337,False,0.0213263637386056
128904,EASTERN BANK,6,2023-04-18,2023-04-18,-0.0225940638590663,-0.0006772906909978,0.6033123858842544,200,False,0.0952,0.0159,21,2023-03-31,False,41,0.4239415377332616,16.937980587060107,-0.034022679378282,0.0025300844998313,0.1078551831512335,0.9222183612214112,False,0.0251047172131528,False,0.0080592725149384
395238,SYNOVUS BANK,6,2023-04-18,2023-04-18,0.0178111881629647,0.0003664003080659,1.2228845133473232,200,False,0.0952,0.0159,21,2023-03-31,False,41,0.4523448498980741,17.938209022069657,0.0130588319118643,0.0041594890736059,0.0769967142634637,0.886393438004708,False,-0.0182898230034854,False,-0.0151256607115287
933966,CITIZENS BUSINESS BANK,6,2023-04-18,2023-04-18,-0.0490132195873601,0.0002039366296217,0.4830030577803639,200,False,0.0952,0.0159,21,2023-03-31,False,41,0.6143192867863536,16.6049233337937,0.0149088016798982,0.0006905236338563,0.1215021121027723,0.8608931651421234,False,-0.0114576352659936,False,0.0035792853852453
2708122,VIRGINIA NATIONAL BANK,6,2023-04-18,2023-04-18,-0.0679326246851308,0.0010441872129814,0.1516780754354533,200,False,0.0952,0.0159,21,2023-03-31,False,51,0.2292354413234452,14.267458408285414,0.0146190903479129,0.0013798488868651,0.0906164684320051,0.9795819109881329,False,0.0103585773731935,False,1.188154526918228e-05
2867337,FIVE STAR BANK,6,2023-04-18,2023-04-18,-0.0050411128906402,0.000607488781617,0.6910009988454837,200,False,0.0952,0.0159,21,2023-03-31,False,41,0.535685023572254,15.0374101135836,0.0169777005611693,0.0001450803026416,0.0957538657743276,0.9537490936642036,False,-0.0164967451171672,False,-0.017477117044492
3146150,U.S. CENTURY BANK,6,2023-04-18,2023-04-18,0.0095041612356431,-0.0001364798517847,0.2777570747769776,200,False,0.0952,0.0159,21,2023-03-31,False,31,0.5241873336326,14.587386198336866,0.010738411356577,0.0003075182517777,0.084352171459654,0.9287113801154596,False,-0.0143684456229084,False,0.0028564772750261
176101,ORANGE BANK & TRUST COMPANY,6,2023-04-18,2023-04-18,-0.1785221623894717,0.0020595738666781,0.0346488652505671,200,False,0.0952,0.0159,21,2023-03-31,False,41,0.459401705191435,14.709646065354368,0.0057189104788483,0.0047632273796297,0.0639385969611744,0.8869135388227501,False,-0.0110751819159054,False,-0.0050539256639404
3630323,"THIRD COAST BANK, SSB",6,2023-04-18,2023-04-18,-0.070237781217072,-0.0011432843740516,0.5776505973846099,200,False,0.0952,0.0159,21,2023-03-31,False,51,0.3580009901088308,15.164971055138627,0.0112436111424528,0.002950836609793,0.1273458017375877,0.9888609590525216,False,-0.0190718170618211,False,-0.0168838801409796
3419416,JOHN MARSHALL BANK,6,2023-04-18,2023-04-18,-0.1927361874146989,0.0001164800898687,0.4736192951753983,200,False,0.0952,0.0159,21,2023-03-31,False,41,0.3685559443535407,14.66922223436018,0.011408876115838,0.0,0.1032074902048121,0.9930512160609312,False,-0.01856957170517,False,-0.0183629709612092
978118,FIRST CITIZENS COMMUNITY BANK,6,2023-04-18,2023-04-18,-0.0128909518919231,0.0015242823627857,0.2670884976749789,187,False,0.0952,0.0159,21,2023-03-31,False,41,0.2867193459769557,14.662291284660895,0.0127454465387176,0.0060580716482246,0.0918166120455704,0.8565858624106999,False,-0.0178486100638404,False,-0.0180337385055008
60143,COMERICA BANK,6,2023-04-18,2023-04-18,-0.0359695341218784,-0.0003051224450868,1.0509407853254602,200,False,0.0952,0.0159,21,2023-03-31,False,31,0.5259133772094209,18.329212175700228,0.0142890016327156,0.0043729926874852,0.0614185998093338,0.7787493870689052,False,-0.007938919964386,False,0.0021572639562136
601050,COMMERCE BANK,6,2023-04-18,2023-04-18,-0.0388705687283182,0.0001556226777841,0.6539281868172706,200,False,0.0952,0.0159,21,2023-03-31,False,41,0.3505009081945343,17.276653585893087,0.0147693030234011,0.00136630587309,0.068907570675814,0.8410146193461226,False,-0.0054987344605712,False,-0.0029589553183859
682563,FROST BANK,6,2023-04-18,2023-04-18,-0.0305341139636941,0.0005051764884222,0.6652531932993396,200,False,0.0952,0.0159,21,2023-03-31,False,41,0.5145210264647304,17.752922947815055,0.0140499923156,0.0027664951163283,0.0656549009878421,0.8887334747496497,False,0.0467918441200626,False,0.0340513330383314
723112,"FIFTH THIRD BANK, NATIONAL ASSOCIATION",6,2023-04-18,2023-04-18,-0.0087803179399228,0.0001642591793747,1.1174078924890831,200,False,0.0952,0.0159,21,2023-03-31,False,31,0.4755336861509187,19.151056269602428,0.0123515073270837,0.0068443279452453,0.101644619579355,0.9017835118990164,False,-0.0161464794397291,False,0.0010314327573429
233031,REGIONS BANK,6,2023-04-18,2023-04-18,-0.0255519360875342,0.0009193370513066,1.0106484444981678,200,False,0.0952,0.0159,21,2023-03-31,False,31,0.3541977376500011,18.846765139263265,0.0167444897959183,0.007231163984138,0.1018906122448979,0.9508741563881778,False,-0.0210332882656712,False,-0.0112862146352079
342634,TRUSTMARK NATIONAL BANK,6,2023-04-18,2023-04-18,-0.0050106278893284,0.0005148788062076,0.6205058663783559,200,False,0.0952,0.0159,21,2023-03-31,False,41,0.3840469974013323,16.753338733842867,0.0110776220305063,0.0091608057715222,0.0884533454086873,0.8637515054254601,False,-0.0174494348928205,False,0.0001680113718093
501105,MANUFACTURERS AND TRADERS TRUST COMPANY,6,2023-04-18,2023-04-18,0.0493027337496342,-0.0002108912518255,0.8055505361545071,200,False,0.0952,0.0159,21,2023-03-31,False,31,0.398922054159505,19.12557263954433,0.0140048473634661,0.0229846544945643,0.1251825440577166,0.9128881473769984,False,-0.0179179133996263,False,0.0054370534718825
165628,FIRST FINANCIAL BANK,6,2023-04-18,2023-04-18,-0.0189926546493884,0.0011661230038152,0.7553665347036134,200,False,0.0952,0.0159,21,2023-03-31,False,41,0.3658532309142112,16.640261134783973,0.018579155874742,0.0033146240288535,0.1322253887762402,0.8734549149263612,False,-0.0162486443400032,False,-0.0080278584183262
991340,1ST SOURCE BANK,6,2023-04-18,2023-04-18,-0.0095099919879224,0.000788757205944,0.6185619256682119,200,False,0.0952,0.0159,21,2023-03-31,False,41,0.367351973333596,15.934862839097551,0.0159303499999939,0.0031435984666234,0.1061399565179948,0.9213306831966998,False,-0.0110883852153092,False,-0.0164207658248645
485559,FIRST HORIZON BANK,6,2023-04-18,2023-04-18,-0.0371406168753583,6.991164388403244e-05,0.2582674070694782,200,False,0.0952,0.0159,21,2023-03-31,False,41,0.442995666268959,18.20333873112196,0.0141647339122052,0.0074738051016756,0.1055128962643753,0.8727136275307361,False,-0.0232749450417866,False,-0.0185634787728411
451965,"WELLS FARGO BANK, NATIONAL ASSOCIATION",6,2023-04-18,2023-04-18,0.0368167336511403,0.0005635853106926,0.9477206309862434,200,False,0.0952,0.0159,21,2023-03-31,False,31,0.5251848882140694,21.246518128850504,0.0142624593557241,0.0108747262676671,0.0962929338959779,0.9225000688532716,False,0.0009953449257133,False,0.011787045213705
12311,"HUNTINGTON NATIONAL BANK, THE",6,2023-04-18,2023-04-18,-0.0304840705673808,0.0009429302079079,0.9541753813973434,200,False,0.0952,0.0159,21,2023-03-31,False,31,0.4038458969471396,19.054298033883967,0.013995517780762,0.005982133300887,0.0943688065186754,0.872925347191676,False,-0.0196137334610456,False,-0.0086016140460914
852218,"JPMORGAN CHASE BANK, NATIONAL ASSOCIATION",6,2023-04-18,2023-04-18,0.0009363400201227,0.0010252467758606,0.8773403472045472,200,False,0.0952,0.0159,21,2023-03-31,False,31,0.4331494880733774,21.907432691970648,0.0143379836307816,0.0078234231955539,0.094554620110448,0.8357510584130445,False,0.0216376799561287,False,0.0164136327788163
541101,"BANK OF NEW YORK MELLON, THE",6,2023-04-18,2023-04-18,-0.0752579205429038,0.0009012783829336,0.9256308242504254,200,False,0.0952,0.0159,21,2023-03-31,False,31,0.6413804311541367,19.64872645669658,0.0088327890937312,0.0016998130205677,0.0784935057328198,0.9044407649061028,False,0.0571386032941642,True,0.0434632170387002
210434,"NORTHERN TRUST COMPANY, THE",6,2023-04-18,2023-04-18,-0.0905459860027813,-0.0003644125694646,1.1058534180425144,200,False,0.0952,0.0159,21,2023-03-31,False,31,0.2846776812157012,18.82995939790893,0.008971826871308,0.0029792372917458,0.0759244591352172,0.8228340376521414,False,0.055495193514558,True,0.0346222704766125
1394676,AMERICAN EXPRESS NATIONAL BANK,6,2023-04-18,2023-04-18,-0.0283218430616549,0.0006641216966636,1.144140038349546,200,False,0.0952,0.0159,21,2023-03-31,False,31,0.2499172786456499,18.92418043850863,0.03185515587959,0.0054151645697683,0.0881338269039844,0.8627177797209284,False,-0.0481072437163041,True,-0.0773555259626459
480228,"BANK OF AMERICA, NATIONAL ASSOCIATION",6,2023-04-18,2023-04-18,-0.0049767604688888,-3.993393670364052e-05,0.9645873515246682,200,False,0.0952,0.0159,21,2023-03-31,False,31,0.4517096271126898,21.646845936707376,0.0131644886013922,0.005405094423749,0.0923130378153429,0.881688795132073,False,0.0192779335923647,False,0.0203466162755536
817824,"PNC BANK, NATIONAL ASSOCIATION",6,2023-04-18,2023-04-18,0.0468705544674116,-7.675239568582318e-06,1.0366358610551438,200,False,0.0952,0.0159,21,2023-03-31,False,31,0.4566871782773296,20.13684356144162,0.0119175990565056,0.0096156728786227,0.0820182765574396,0.874673845691443,False,0.0086365182701514,False,0.0091081113083805
280110,KEYBANK NATIONAL ASSOCIATION,6,2023-04-18,2023-04-18,-0.1187994497866309,0.0001046996838663,1.167572751572848,200,False,0.0952,0.0159,21,2023-03-31,False,31,0.4775675281735168,19.0894875463801,0.0082098382027356,0.0041114780589675,0.0723540802857546,0.8139948351133317,False,-0.0019787040505335,False,0.0016467550483433
504713,U.S. BANK NATIONAL ASSOCIATION,6,2023-04-18,2023-04-18,-0.0790854777363088,-1.1516151190102583e-05,0.8131304588012314,200,False,0.0952,0.0159,21,2023-03-31,False,31,0.5085973610960963,20.19641322776935,0.010301268980149,0.0099420288232111,0.0776295082574352,0.8440272238985307,False,0.0027980295778043,False,0.0131967365792054
34537,SEACOAST NATIONAL BANK,6,2023-04-18,2023-04-18,-0.0392065882527498,-0.0003644581075484,0.797977671405662,200,False,0.0952,0.0159,21,2023-03-31,False,41,0.3027457236400885,16.539928277439635,0.0033240787214561,0.0050968543388516,0.1323343914061376,0.9309626796040652,False,-0.0111252915042104,False,-0.0010058837248918
476810,"CITIBANK, N.A.",6,2023-04-18,2023-04-18,-0.0184891348116855,0.0005876826450336,1.0874747857252645,200,False,0.0952,0.0159,21,2023-03-31,False,31,0.4371369386452596,21.264115203396074,0.0106179747476658,0.0071358380998191,0.0975460926423537,0.87481894488437,False,-0.0050324835890505,False,0.0116646538052422
852320,TRUIST BANK,6,2023-04-18,2023-04-18,-0.066692017597633,0.0001097904741521,1.031163895314576,200,False,0.0952,0.0159,21,2023-03-31,False,31,0.4209577335110821,20.151613904359863,0.0111159917249978,0.0077436614506398,0.1090610564797234,0.8291709245040696,False,-0.0183357470944674,False,0.0032705543300937
35301,STATE STREET BANK AND TRUST COMPANY,6,2023-04-18,2023-04-18,-0.1075172897315453,0.0014938676068401,1.2563935865198264,200,False,0.0952,0.0159,21,2023-03-31,False,31,0.7038869702544167,19.47523316294656,0.008583302272276,0.0013181405430739,0.0918698988744866,0.8841255715469359,False,0.0566793351014206,True,0.0520928789157411
17147,FIRST MERCHANTS BANK,6,2023-04-18,2023-04-18,-0.0337923668999801,0.0003570739189294,0.703889013835908,200,False,0.0952,0.0159,21,2023-03-31,False,41,0.4525728220333858,16.715005902414436,0.0146843023629648,0.0043758528476632,0.1212213547653462,0.9250208278610408,False,-0.0092493134954156,False,-0.0016787549661584
572374,GREAT SOUTHERN BANK,6,2023-04-18,2023-04-18,0.0195011787123972,0.0001056986801354,0.4669092365970719,200,False,0.0952,0.0159,21,2023-03-31,False,41,0.7173186619823904,15.56851793755123,0.0153688494413052,0.0006426150770168,0.1095854336543983,0.9408134936540786,False,-0.0163287107142866,False,-0.016151722612214
489623,"PARK NATIONAL BANK, THE",6,2023-04-18,2023-04-18,-0.0177406452308678,0.0006382565346957,0.7040594575309659,200,False,0.0952,0.0159,21,2023-03-31,False,41,0.1916219164778094,16.099724632421132,0.0147765825654129,0.0104729438729211,0.0950559316404302,0.9660645123966328,False,-0.0168652279662799,False,-0.0209391885593584
595869,CATHAY BANK,6,2023-04-18,2023-04-18,-0.039027603455661,0.0005480496322358,0.9326029185835856,200,False,0.0952,0.0159,21,2023-03-31,False,31,0.438185772696113,16.907270753683907,0.0170951802060665,0.0047036732713876,0.1189386020837039,0.9628401793489682,False,-0.0175115904929237,False,-0.0235458270594542
1718188,NORTHRIM BANK,6,2023-04-18,2023-04-18,-0.0764057522446644,0.001648778866825,0.4004147391120186,200,False,0.0952,0.0159,21,2023-03-31,False,51,0.3474874679844906,14.75738911136578,0.0084981450759222,0.0055525253074928,0.074450784565628,0.9794430468050976,False,0.0148891585658208,False,0.0113720258742129
463735,HANCOCK WHITNEY BANK,6,2023-04-18,2023-04-18,-0.0163631889368934,0.0003473841566035,0.9378728571860336,200,False,0.0952,0.0159,21,2023-03-31,False,41,0.458605725511975,17.44051433787573,0.013740542437661,0.0028810827226592,0.0934410823330077,0.8752614937383631,False,-0.0157795073807248,False,-0.0155692598983987
339858,"BOKF, NATIONAL ASSOCIATION",6,2023-04-18,2023-04-18,-0.0083971042269077,0.0011511183119523,0.7174435518867391,200,False,0.0952,0.0159,21,2023-03-31,False,41,0.6302529312040357,17.628134222352625,0.0142740336477983,0.0081468587424948,0.100538261744988,0.8055260721224943,False,-0.0063143454787441,False,0.0013103411290852
693345,"FIRST FINANCIAL BANK, NATIONAL ASSOCIATION",6,2023-04-18,2023-04-18,-0.052422528281394,0.0001365068679486,0.3217442073885949,200,False,0.0952,0.0159,21,2023-03-31,False,41,0.4501990879325586,15.395514098415063,0.0131279823801285,0.0039681251306799,0.0908186307112315,0.955410800645484,False,-0.0124169311769676,False,-0.0191186015823432
702117,"NBT BANK, NATIONAL ASSOCIATION",6,2023-04-18,2023-04-18,-0.0292355703529664,0.000778707424205,0.5626033530179381,200,False,0.0952,0.0159,21,2023-03-31,False,41,0.3077275585044962,16.280120788560943,0.0110353878399149,0.0022519048087459,0.1046416934648127,0.9339319159452784,False,-0.0179239399073129,False,-0.0207440969472271
677176,TRUSTCO BANK,6,2023-04-18,2023-04-18,-0.0089236929817822,0.0011811427227289,0.5159539842804706,200,False,0.0952,0.0159,21,2023-03-31,False,41,0.111859231447043,15.61475064414457,0.0120654048964343,0.0039901440068262,0.0987435674664171,0.9567428675684296,False,-0.0164898487972195,False,-0.0190407467546969
749242,RENASANT BANK,6,2023-04-18,2023-04-18,-0.0422680430219268,0.0011011572041151,0.7424610764660754,200,False,0.0952,0.0159,21,2023-03-31,False,41,0.4297457064203889,16.676534746863137,0.0117415795260941,0.0063132334815533,0.1397291786569577,0.9361054223788132,False,-0.0155650417444293,False,-0.0026753710834391
936426,S & T BANK,6,2023-04-18,2023-04-18,-0.0937558401974588,0.0016761886723394,0.6181739963023488,200,False,0.0952,0.0159,21,2023-03-31,False,41,0.2595407632722221,16.033527468754354,0.0178973108327375,0.0033986356637468,0.1333069977549463,0.9000670507224904,False,-0.0221855271434924,False,-0.0236860984177549
42420,FIRST COMMONWEALTH BANK,6,2023-04-18,2023-04-18,0.0161872939727316,0.001050439316978,0.7041286967546083,200,False,0.0952,0.0159,21,2023-03-31,False,41,0.2583523257381691,16.221089418075067,0.0119337708375714,0.0052692735615231,0.1109981240152658,0.940818805883394,False,-0.01801497024699,False,-0.0268659372053303
143662,UMPQUA BANK,6,2023-04-18,2023-04-18,-0.0535087772816334,0.0002045550420683,0.8645592871339878,200,False,0.0952,0.0159,21,2023-03-31,False,41,0.3490440437432678,17.804233366705216,-0.0005005011031122,0.0021817892206317,0.0981560090834837,0.8551387843803014,False,-0.0177515037841208,False,-0.0202754042232133
61122,FIRST UNITED BANK & TRUST,6,2023-04-18,2023-04-18,-0.0446082330654172,0.0001554271677592,0.3671244309355996,200,False,0.0952,0.0159,21,2023-03-31,False,41,0.3968430588038861,14.46586609718926,0.0093621720239095,0.0025937299061556,0.0810913349288339,0.911556064658034,False,-0.0132566422493648,False,-0.0184389132514813
936855,"UMB BANK, NATIONAL ASSOCIATION",6,2023-04-18,2023-04-18,-0.0251478502020919,1.0825995544039752e-05,0.8204608696503791,200,False,0.0952,0.0159,21,2023-03-31,False,31,0.7639896099264358,17.51320112991814,0.0093983243595021,0.0007886077422091,0.0708211046825046,0.8554697987552674,False,-0.0050632364366289,False,0.0016994790342028
577128,PEOPLES BANK,6,2023-04-18,2023-04-18,0.0343632043759857,0.0008566406455601,0.5122827620536643,200,False,0.0952,0.0159,21,2023-03-31,False,41,0.2844898691793105,15.801957723794684,0.0150170331962474,0.0071384399584649,0.1105453270410718,0.896228715471997,False,-0.0194090168351926,False,-0.0186474197793858
317342,STOCK YARDS BANK & TRUST COMPANY,6,2023-04-18,2023-04-18,-0.072354360579719,0.0005925179764725,0.535155119344843,200,False,0.0952,0.0159,21,2023-03-31,False,41,0.3996578175971838,15.851509486801271,0.0153015052415827,0.0034372432546959,0.1040894789749213,0.9265600353219668,False,-0.0165353018399241,False,-0.0142483483717924
584724,UNIFIED BANK,6,2023-04-18,2023-04-18,-0.0457648330487459,-0.0003008079072081,0.1195677291515939,200,False,0.0952,0.0159,21,2023-03-31,False,51,0.141151265528466,13.646508304124,0.0141668452718568,0.0005067505644338,0.0847985866310166,0.8569506297111894,False,-0.0113754410039844,False,-0.0157388867743249
1386251,BANCFIRST,6,2023-04-18,2023-04-18,-0.0349491960206708,0.0006559870034345,0.5713716836186048,200,False,0.0952,0.0159,21,2023-03-31,False,41,0.2694704285911987,16.159650177111754,0.0178076225741776,0.0042057110754179,0.1032901010139769,0.9670524102887456,False,0.0132440846463141,False,-0.0010210759786549
100562,TRI COUNTIES BANK,6,2023-04-18,2023-04-18,-0.054318995203511,0.0011043446980205,0.5888539107228439,200,False,0.0952,0.0159,21,2023-03-31,False,41,0.330091596353575,16.101940963830213,0.0150894062258282,0.0024950775739469,0.1202083264098857,0.9278721292799954,False,-0.0104064797452014,False,-0.0081463231299411
37640,GERMAN AMERICAN BANK,6,2023-04-18,2023-04-18,-0.0594423239882773,0.0006440719138898,0.4998113407733588,200,False,0.0952,0.0159,21,2023-03-31,False,41,0.3757000702013841,15.60508413988044,0.0148544346580759,0.0038658151789075,0.1013232392929962,0.9682195392178892,False,-0.0014414126931096,False,-0.0067365011630953
981275,PREMIER BANK,6,2023-04-18,2023-04-18,-0.0506658329211801,-9.406220565473378e-05,0.7672707027576108,200,False,0.0952,0.0159,21,2023-03-31,False,41,0.281855637833741,15.957150658641906,0.0087246101405679,0.0051372810861022,0.1098119679483693,0.9004405479330587,False,-0.0186401943296893,False,-0.0209313244201479
435077,"PATHWARD, NATIONAL ASSOCIATION",6,2023-04-18,2023-04-18,-0.0199828657919496,0.0014303047759262,1.0347859575895564,200,False,0.0952,0.0159,21,2023-03-31,False,41,0.0289598827346162,15.742550784618931,0.0324750562260332,0.007606130125992,0.1027217490842024,0.9580066089246928,False,-0.0374390185993839,False,-0.0425033270272743
2142155,QUAD CITY BANK AND TRUST COMPANY,6,2023-04-18,2023-04-18,-0.0472634052931811,9.73679354935046e-05,0.6807096332750037,200,False,0.0952,0.0159,21,2023-03-31,False,41,0.6865970994914287,14.748052126792352,0.0110792814838806,0.0027814740049432,0.0972892518139804,0.9475060719319578,False,-0.016200078707045,False,-0.0066736054253526
921178,RIVERVIEW BANK,6,2023-04-18,2023-04-18,-0.0291934140299415,0.0005563940039275,0.4140869267400332,200,False,0.0952,0.0159,21,2023-03-31,False,41,0.2401094697979242,14.27783162677064,0.0083640108203091,0.0018357426629766,0.1107431562174264,0.900863503791286,False,0.0069605353144279,False,0.0026833739988246
693224,ATLANTIC UNION BANK,6,2023-04-18,2023-04-18,-0.1527567595815385,0.0005371727387907,0.8350917328558908,200,False,0.0952,0.0159,21,2023-03-31,False,41,0.3436685627360322,16.810731400759845,0.0081903877452541,0.0029737318073675,0.1372158584684349,0.9550299590766088,False,-0.0190622552134037,False,-0.0138660327559413
470050,"FIRST FINANCIAL BANK, NATIONAL ASSOCIATION",6,2023-04-18,2023-04-18,-0.0282145174520676,-0.0004826192990475,0.742125302800963,200,False,0.0952,0.0159,21,2023-03-31,False,41,0.4384060150811938,16.376763322205417,0.0151012586209439,0.0036698879756753,0.0964382965979163,0.9430768845593864,False,-0.0127317215769752,False,-0.0205081710026149
936136,OLD SECOND NATIONAL BANK,6,2023-04-18,2023-04-18,-0.0451486433082656,0.0009129912906507,0.7276459136577187,200,False,0.0952,0.0159,21,2023-03-31,False,41,0.2113428501374541,15.593648169525787,0.0174805024580055,0.0161144269909846,0.1005117064659646,0.9246454486851022,False,-0.0102529154140186,False,-0.0137274033387048
694904,"FLAGSTAR BANK, NATIONAL ASSOCIATION",6,2023-04-18,2023-04-18,0.052834718773482,-7.271551102317274e-05,1.1137270721163477,200,False,0.0952,0.0159,21,2023-03-31,False,41,0.4318466709069057,18.63282815470502,0.0654714777959142,0.0083915836891975,0.0937536650809736,0.7582092794097293,False,0.0019322331588067,False,0.0039885188949872
229801,VALLEY NATIONAL BANK,6,2023-04-18,2023-04-18,0.006174132740373,-1.952213087628629e-05,1.056046691906087,200,False,0.0952,0.0159,21,2023-03-31,False,41,0.4541876220293677,17.979292419567283,0.0096590662874601,0.0053369151346141,0.1127907637199949,0.837058239945807,False,-0.0224982521293608,False,-0.0103947298661955
481177,LANDMARK NATIONAL BANK,6,2023-04-18,2023-04-18,-0.0289335806345932,8.978310279010197e-05,0.1193625978602068,200,False,0.0952,0.0159,21,2023-03-31,False,41,0.3212240307965104,14.231977589023291,0.0092391239844018,0.0038065912078986,0.0951414815039489,0.9493129432785616,False,-0.0053705372663357,False,-0.006494138539343
272272,SOUTHERN BANK,6,2023-04-18,2023-04-18,-0.0321041418686867,0.0002597617704805,0.6203733040552936,200,False,0.0952,0.0159,21,2023-03-31,False,51,0.1694905087003248,15.26081129106387,0.0026970668808482,0.0021254501172919,0.0933372738225196,0.9793134335962336,False,-0.0153940507113896,False,-0.0360019485125489
764030,AMERIS BANK,6,2023-04-18,2023-04-18,-0.0246079274380467,0.0004950896726717,0.9563490864528,200,False,0.0952,0.0159,21,2023-03-31,False,41,0.4098327475804924,17.073262151883995,0.0104659172261448,0.0077879304069844,0.1312396856254232,0.8868450624708315,False,-0.023457124015108,False,-0.018971813129853
2236821,"PATRIOT BANK, NATIONAL ASSOCIATION",6,2023-04-18,2023-04-18,-0.0505566956499826,-0.0008872998989601,0.0917678005395288,200,False,0.0952,0.0159,21,2023-03-31,False,51,0.38592325349522,13.90624300318432,-0.0008475071599742,0.0306678364276673,0.0713641212227482,0.8453011996058354,False,-0.0249252383667196,False,-0.0065660369198314
268677,CARVER FEDERAL SAVINGS BANK,6,2023-04-18,2023-04-18,0.0112691587440377,-0.0032666761924568,1.137516356845638,200,False,0.0952,0.0159,21,2023-03-31,False,41,0.1632295512783776,13.492780069542745,-0.0042862922881261,0.0214334934503659,0.0856844189685004,0.9223946148653036,False,-0.0172337850810435,False,-0.0004582383491034
112837,"CAPITAL ONE, NATIONAL ASSOCIATION",6,2023-04-18,2023-04-18,0.0104081176244947,-0.000103576093903,1.4835568983110965,200,False,0.0952,0.0159,21,2023-03-31,False,31,0.2733807106458074,19.96703329756358,0.0087864886575131,0.0133888129436698,0.1084407908443926,0.8882772256069064,False,-0.0323533217727303,True,-0.038154888354481
1002878,NORTHWEST BANK,6,2023-04-18,2023-04-18,-0.0150659928023495,0.0007496260593133,0.6185665367219939,200,False,0.0952,0.0159,21,2023-03-31,False,41,0.2243286102834249,16.47368764872246,0.0102938616641107,0.0071441776182751,0.1020887367651251,0.931121433621937,False,-0.0184023696378016,False,-0.0132439230463765
697763,WESTAMERICA BANK,6,2023-04-18,2023-04-18,-0.0101961748547084,-9.049148879335944e-05,0.5199923142854422,200,False,0.0952,0.0159,21,2023-03-31,False,41,0.3511832909528352,15.711807053876164,0.0240053600120939,0.0008363270646091,0.0793874477776381,0.9625126684403162,False,0.0100093683837332,False,0.033136373748524
749635,AUBURNBANK,6,2023-04-18,2023-04-18,-0.0076400414436446,-0.0005357684827028,0.0143502742705202,200,False,0.0952,0.0159,21,2023-03-31,False,51,0.392317348892236,13.832554481573402,0.0078648040189148,0.0053064998683275,0.0704529144014392,0.9949689379244993,False,0.0033150997456149,False,-0.0033009133191314
959304,FLUSHING BANK,6,2023-04-18,2023-04-18,-0.0477038779689944,-0.0005155867682942,0.5290616813218285,200,False,0.0952,0.0159,21,2023-03-31,False,41,0.3602613062618419,15.953133739809404,0.0022200050476102,0.0030671292272966,0.1042911763526534,0.8892841662642061,False,-0.021327681267691,False,-0.0145366293770362
352772,BANNER BANK,6,2023-04-18,2023-04-18,-0.0571337140465365,0.0008455622340629,0.725028213846022,200,False,0.0952,0.0159,21,2023-03-31,False,41,0.3013571310660967,16.557993296410988,0.0151103833613421,0.0026222122099571,0.1041520576203651,0.9521170981255166,False,-0.0086181809217554,False,-0.0087680812898825
498317,"OHIO VALLEY BANK COMPANY, THE",6,2023-04-18,2023-04-18,0.0216653969622611,-0.0003675434363597,0.2225778596524489,200,False,0.0952,0.0159,21,2023-03-31,False,41,0.2874015893073582,14.03822361662982,0.0103276450184159,0.0038376175926939,0.1045241872101752,0.970410139579198,False,-0.0162120185493118,False,-0.019627042356901
506922,SANDY SPRING BANK,6,2023-04-18,2023-04-18,-0.0244732736471735,-0.0007227380018063,0.7465235123107878,200,False,0.0952,0.0159,21,2023-03-31,False,41,0.3464646915454934,16.46358737514861,0.0154488858233303,0.0041402083494172,0.1288444184702542,0.9066949743306052,False,-0.022098088772084,False,-0.0208093804480615
3317932,CONNECTONE BANK,6,2023-04-18,2023-04-18,-0.0385670935576184,-0.0002179795803793,0.8368302584924848,200,False,0.0952,0.0159,21,2023-03-31,False,41,0.7667046931198478,16.113667762312396,0.0107780183629292,0.0058535122547129,0.1202298876667002,0.8894097980187312,False,-0.014934968098158,False,-0.0061087658151687
276579,"ZIONS BANCORPORATION, NATIONAL ASSOCIATION",6,2023-04-18,2023-04-18,-0.0830331569061433,-0.0002665676358761,1.1606652828091388,200,False,0.0952,0.0159,21,2023-03-31,False,41,0.433079317308953,18.29934364634326,0.0092256453177722,0.0030672109987688,0.0585351382562554,0.8342464867823066,False,-0.0139818542631828,False,0.0038995069733252
1412712,"COMMUNITY WEST BANK, NATIONAL ASSOCIATION",6,2023-04-18,2023-04-18,-0.0104064310477132,0.0006356459502057,0.0943179707816011,200,False,0.0952,0.0159,21,2023-03-31,False,51,0.2719782344373649,13.970332441055644,0.0092577840592744,0.0016731599706986,0.0960041115251188,0.8821664439959446,False,-0.0263008405057456,False,-0.0234271038061045
1929247,"SOUTHSTATE BANK, N.A.",6,2023-04-18,2023-04-18,-0.0153584948409605,0.000357402715952,0.8828659832227425,200,False,0.0952,0.0159,21,2023-03-31,False,41,0.3482075113107449,17.620004854456987,0.0132959970613687,0.0040561550563802,0.1230092411036819,0.9271631075461076,False,-0.0178741044247954,False,-0.009323603043626
1890525,UNITY BANK,6,2023-04-18,2023-04-18,0.0382084392040113,-0.0002633598166376,0.3971320088374541,200,False,0.0952,0.0159,21,2023-03-31,False,51,0.3362067784367209,14.717556310168629,0.0167213061542456,0.0067992202948312,0.0970019962347442,0.8198542841930027,False,-0.0245520414788516,False,-0.0208676245435652
876634,CAPITAL CITY BANK,6,2023-04-18,2023-04-18,0.0310553485911019,0.0018016783805267,0.4965682208277514,200,False,0.0952,0.0159,21,2023-03-31,False,41,0.3841126969435215,15.295969670408413,0.0131341264989034,0.0017087289276003,0.0943678024138087,0.9758367627920064,False,0.0047691869752582,False,0.0089786878002194
2239288,"WINTRUST BANK, NATIONAL ASSOCIATION",6,2023-04-18,2023-04-18,-0.0651259542506118,0.0004980217663761,0.9071188065462809,200,False,0.0952,0.0159,21,2023-03-31,False,41,0.474241929540699,16.03812809879387,0.0232760506108295,0.0015446661508655,0.1163449390416232,0.9637961911773918,False,-0.0162611795397977,False,-0.0221513265062217
556815,"PEOPLES BANK, A CODORUS VALLEY COMPANY",6,2023-04-18,2023-04-18,-0.0237718959558945,0.0006979019533635,0.1592192328646305,200,False,0.0952,0.0159,21,2023-03-31,False,41,0.2598322519385979,14.602033320928442,0.0137902892317333,0.0052388491644724,0.1008995567797397,0.9602380308358128,False,-0.0186136608102238,False,-0.022322255958766
729310,PATHFINDER BANK,6,2023-04-18,2023-04-18,0.0048353223314592,2.510442964580789e-05,-0.0882874075916216,200,False,0.0952,0.0159,21,2023-03-31,False,51,0.2684312031591649,14.15558985275087,0.0089135046998026,0.0209904937304333,0.0909463588361769,0.904927335065521,False,-0.0145740731177756,False,-0.0023522987072022
431172,PACIFIC PREMIER BANK,6,2023-04-18,2023-04-18,-0.0600418474135979,0.0002914858361052,1.026336767180225,200,False,0.0952,0.0159,21,2023-03-31,False,41,0.3910848708726855,16.877145265853216,0.0126185900961734,0.0017546479793929,0.147485002890586,0.9464535895363276,False,-0.0118134031195093,False,-0.0055643399086109
107244,BANK OZK,6,2023-04-18,2023-04-18,0.0229906964775745,0.0008463243903155,1.0549950122028893,200,False,0.0952,0.0159,21,2023-03-31,False,41,0.5254226061205539,17.181811755536852,0.0234576649821184,0.0018185109731182,0.1643677835586205,0.92048499760739,False,-0.0344947924036653,False,-0.0396220930297663
874845,LAKE CITY BANK,6,2023-04-18,2023-04-18,-0.0253557181195861,0.0001611906105308,0.4910298366075498,200,False,0.0952,0.0159,21,2023-03-31,False,41,0.5352973453465987,15.671078281750155,0.0155819998598977,0.0037302573307684,0.0906219352627418,0.9491975317770126,False,-0.0144595414005938,False,-0.0177543177818393
522605,BAR HARBOR BANK AND TRUST COMPANY,6,2023-04-18,2023-04-18,-0.0083676983707056,0.0009695084637817,0.8300017542052597,200,False,0.0952,0.0159,21,2023-03-31,False,41,0.214561310557801,15.183007346551197,0.0145794994385445,0.0026942048614554,0.1175456857602269,0.88375833733872,False,-0.0157274800260288,False,-0.0116096774991141
593007,CAMDEN NATIONAL BANK,6,2023-04-18,2023-04-18,-0.0243428987525352,3.357447269566076e-05,0.5220795725432846,200,False,0.0952,0.0159,21,2023-03-31,False,41,0.2203525314183584,15.55727413642664,0.0093415565756736,0.0007254144463417,0.0832442092721729,0.8949296025527628,False,-0.0136864885143256,False,-0.0141826131463913
786612,MID PENN BANK,6,2023-04-18,2023-04-18,-0.0422963448456768,0.0008608338052556,0.4943748531965508,200,False,0.0952,0.0159,21,2023-03-31,False,41,0.2869565217391304,15.336809476069028,0.0116937604736217,0.003705841466465,0.1201703388779092,0.966078021692112,False,-0.023900306148765,False,-0.0247657829200462
881478,HERITAGE BANK,6,2023-04-18,2023-04-18,-0.077550049991396,0.0006768311187574,0.557682395313129,200,False,0.0952,0.0159,21,2023-03-31,False,41,0.419104617800408,15.794220575875066,0.0122525958034154,0.0017344757275155,0.1152064463131199,0.9062858833909812,False,-0.0014860248589772,False,0.0056831326935307
671464,BANK OF HOPE,6,2023-04-18,2023-04-18,-0.0210970721114655,-0.0004032924415106,0.8143219588637025,200,False,0.0952,0.0159,21,2023-03-31,False,41,0.4738779942818762,16.839032594203474,0.0083156686162289,0.0085300193191389,0.1035231202333833,0.871928028661905,False,-0.0201186931337842,False,-0.0121094505116801
606046,CADENCE BANK,6,2023-04-18,2023-04-18,0.016521506319322,0.0003437771269508,0.9196037843291875,200,False,0.0952,0.0159,21,2023-03-31,False,41,0.4418799484686391,17.760834790909605,0.0059294571948253,0.0069847856506417,0.08686686129227,0.835135967600483,False,-0.0192973281889898,False,-0.0052697501118349
782306,BROOKLINE BANK,6,2023-04-18,2023-04-18,-0.029805080720307,-0.0004575076496563,0.6753233186806809,200,False,0.0952,0.0159,21,2023-03-31,False,41,0.3635410755815357,15.668296137029111,0.0089727105664235,0.0030926133894496,0.0910000062719911,0.7499450597029395,False,-0.0219106774770163,False,-0.017530312898505
1001152,INTERNATIONAL BANK OF COMMERCE,6,2023-04-18,2023-04-18,-0.0144743406306868,0.0011608810830197,0.7089271604142716,200,False,0.0952,0.0159,21,2023-03-31,False,41,0.3996486150201638,16.035802688359183,0.0276785470956038,0.0065114711917263,0.1513563324122713,0.8410178011178571,False,-0.0161250543999092,False,-0.0230882275212746
59316,WAYNE BANK,6,2023-04-18,2023-04-18,-0.0849733338650407,0.0016574066869141,0.1153066839019364,200,False,0.0952,0.0159,21,2023-03-31,False,51,0.3009888930612736,14.560073975354038,0.0111364307758361,0.0017671859484625,0.0822646355630575,0.9109558911811344,False,-0.0168216655280655,False,-0.0282524499556764
491934,COLONY BANK,6,2023-04-18,2023-04-18,-0.0003098466945387,-0.0013243893140914,0.458918703870307,200,False,0.0952,0.0159,21,2023-03-31,False,51,0.3151416119872644,14.910031488429096,0.0073660756870301,0.0039509759158654,0.0862508288006597,0.9358950643851498,False,-0.012140360619186,False,-0.0016234677211804
361167,SOUTHSIDE BANK,6,2023-04-18,2023-04-18,0.000874390249226,0.0001730687104759,0.5120090462222295,200,False,0.0952,0.0159,21,2023-03-31,False,41,0.3463568978325467,15.868088995740754,0.0145126654541961,0.0007630534756255,0.113979842721248,0.8489943750157602,False,-0.0151619802943948,False,-0.0199236568396881
316840,REPUBLIC BANK & TRUST COMPANY,6,2023-04-18,2023-04-18,-0.0074577700959627,0.0002551318617847,0.5656015531237077,200,False,0.0952,0.0159,21,2023-03-31,False,41,0.3263968572892798,15.61796743864725,0.0182048762566722,0.0034660359977841,0.1384127275176687,0.9265184480895275,False,-0.0232605946407203,False,-0.0313312003272455
2209553,HERITAGE BANK OF COMMERCE,6,2023-04-18,2023-04-18,-0.0321273575165238,0.0005134562299692,0.6502946476484792,200,False,0.0952,0.0159,21,2023-03-31,False,41,0.5720790086943242,15.527302511136275,0.0143942509656287,0.0006861258912361,0.1199093029310268,0.9161124291368828,False,0.0119731658589815,False,0.0106509226185249
821906,SALISBURY BANK AND TRUST COMPANY,6,2023-04-18,2023-04-18,-0.0325636916032924,0.0010301889938775,0.2208187804016909,200,False,0.0952,0.0159,21,2023-03-31,False,51,0.3706337768335884,14.263609777716248,0.0092504219546754,0.0017918811233599,0.0963628209698377,0.9178073572599106,False,-0.0141076648511813,False,-0.0140953952543984
416245,BUSEY BANK,6,2023-04-18,2023-04-18,-0.0310234028018334,0.000585892883183,0.6357506607833433,200,False,0.0952,0.0159,21,2023-03-31,False,41,0.3509500139366348,16.326275644570458,0.0135302331881476,0.0019538890405754,0.1152117838475898,0.9088043878303056,False,8.197239884405274e-05,False,-0.0021780171512724
399517,CNB BANK,6,2023-04-18,2023-04-18,0.006910874773805,-2.937218541927373e-05,0.6309453710510838,200,False,0.0952,0.0159,21,2023-03-31,False,41,0.3664124353996188,15.531637483212943,0.0123927253587625,0.0050075090502344,0.0944293674874495,0.9653214537547484,False,-0.0189990846826227,False,-0.0231166179595208
664756,PROSPERITY BANK,6,2023-04-18,2023-04-18,-0.0011329777173753,0.0003828278117878,0.7051199912016269,200,False,0.0952,0.0159,21,2023-03-31,False,41,0.3813784745800975,17.448583680821326,0.0134924388875158,0.0011635244799168,0.1776872602477297,0.8700574552260107,False,0.0021494546583666,False,0.0019362759216056
767974,CFBANK NATIONAL ASSOCIATION,6,2023-04-18,2023-04-18,-0.0946887317372189,0.0001150847935777,0.038626317699285,200,False,0.0952,0.0159,21,2023-03-31,False,51,0.2981435517492403,14.469589413759238,0.010225801587838,0.0004397919869654,0.0936216120663211,0.9235100536281456,False,-0.0202953631945948,False,-0.0184817794181348
716374,FIRST HARRISON BANK,6,2023-04-18,2023-04-18,-0.0563240119845559,-0.0009001231988931,0.1172163867502805,200,False,0.0952,0.0159,21,2023-03-31,False,51,0.2583712476830119,13.937510467873588,0.012746137654746,0.0022895505471031,0.0772938179462077,0.996353348184733,False,0.0070742222925307,False,0.0123611944077624
197478,EAST WEST BANK,6,2023-04-18,2023-04-18,-0.001046307450638,0.0003219534186904,1.2980720686435323,200,False,0.0952,0.0159,21,2023-03-31,False,31,0.5754697112066873,18.023465670527603,0.0193776920982275,0.0019026770037175,0.092167693083664,0.9018624111365308,False,-0.01286575047623,False,-0.0139063912017444
958727,AMERICAN NATIONAL BANK AND TRUST COMPANY,6,2023-04-18,2023-04-18,-0.0394180291582574,-9.873142777162196e-05,0.5777996049850102,200,False,0.0952,0.0159,21,2023-03-31,False,41,0.3810702420412361,14.937698087227632,0.0126580382775431,0.0008576621683717,0.1139096473915911,0.9610480272331294,False,-0.0104652809653532,False,-0.0051935105132805
968070,CAPITOL FEDERAL SAVINGS BANK,6,2023-04-18,2023-04-18,-0.0256854807767862,-0.0002383859833466,0.5716048713020307,200,False,0.0952,0.0159,21,2023-03-31,False,41,0.1120148191629281,16.127869926710737,0.0056552529742364,0.0007524263996898,0.0968844812482831,0.6885452530471682,False,-0.0177135245805628,False,-0.0070058531830319
202907,"COMMUNITY BANK, NATIONAL ASSOCIATION",6,2023-04-18,2023-04-18,-0.0117506847063882,-0.0001992144788827,0.6573952583053392,200,False,0.0952,0.0159,21,2023-03-31,False,41,0.2863247077167464,16.525695811552303,-0.000704893407823,0.0037595730126066,0.0832390903176277,0.9667254738000032,False,0.0082339654928668,False,0.007491222392422
601416,FIVE STAR BANK,6,2023-04-18,2023-04-18,-0.0093915970405568,-0.0002856322787163,0.6886527474818996,200,False,0.0952,0.0159,21,2023-03-31,False,41,0.3041680516728651,15.595041732080896,0.0085256189518037,0.0020737443373183,0.074991939534445,0.9432500382118392,False,-0.0130083048243531,False,-0.0247835618124001
662369,BANK OF THE SIERRA,6,2023-04-18,2023-04-18,0.0184851269984523,-0.0001565530796794,0.5543012011076797,200,False,0.0952,0.0159,21,2023-03-31,False,41,0.2692544525475354,15.122435901097427,0.0108455243537126,0.0005049184067587,0.098752407440086,0.8939474931274749,False,-0.0014938907324026,False,0.0063714246354098
439404,FIRST NATIONAL BANK,6,2023-04-18,2023-04-18,0.0477799331849664,0.0001983034447814,0.6151387590725784,200,False,0.0952,0.0159,21,2023-03-31,False,41,0.1942259866671854,14.83680650238358,0.0117776238831082,0.0010126852954363,0.071999297030277,0.9574800998422888,False,-0.012853950463783,False,-0.0214266815987469
2608754,MERCANTILE BANK,6,2023-04-18,2023-04-18,-0.0382808805661561,0.0006606683886147,0.6637576361653936,200,False,0.0952,0.0159,21,2023-03-31,False,41,0.4328490281855914,15.399893397127066,0.0193196413414239,0.0019673256161969,0.1168357606954972,0.8394513296816923,False,-0.0213916887997085,False,-0.0243758251356513
29636,"CITIZENS BANK OF PHILADELPHIA, THE",6,2023-04-18,2023-04-18,0.0335011057803132,-0.0003523941255593,0.1069454520423627,200,False,0.0952,0.0159,21,2023-03-31,False,51,0.3843808107103012,14.06943856786332,0.0045551901784142,0.0052834778929553,0.0453222804808704,0.9067813481438746,False,-0.0077057562247196,False,-0.0078398205359504
2652092,EAGLEBANK,6,2023-04-18,2023-04-18,-0.1830612543397992,-0.0004336169204098,0.5952745422039557,200,False,0.0952,0.0159,21,2023-03-31,False,41,0.395539971295658,16.217072373499345,0.0096558043245873,0.0008723988799823,0.111377063488426,0.765239036575971,False,-0.012250394119973,False,-0.0046747916396503
1436204,BANK OF MARIN,6,2023-04-18,2023-04-18,-0.0916808512236247,5.2299988976081654e-05,0.552539554525753,200,False,0.0952,0.0159,21,2023-03-31,False,41,0.3908561294531688,15.235038272565149,0.0093868034833901,0.0009591313470256,0.1005862641097687,0.8778197399136272,False,0.0090072586962107,False,0.0184998197182493
2634351,MACATAWA BANK,6,2023-04-18,2023-04-18,-0.0332709225385114,0.0010610333242675,0.3742577541822148,200,False,0.0952,0.0159,21,2023-03-31,False,51,0.3713596425224535,14.785185077621232,0.0185280267689411,6.142375346634716e-05,0.0955937728234877,0.9807375019758936,False,0.0242106096454786,False,0.0348317759561162
754929,"NATIONAL BANK OF BLACKSBURG, THE",6,2023-04-18,2023-04-18,-0.0843869025851305,0.0015501386751025,0.089260163660439,200,False,0.0952,0.0159,21,2023-03-31,False,41,0.3824040307322317,14.316950473447768,0.0119653781697865,0.003322189354291,0.0723343328708125,0.99414689625545,False,0.0031870364014207,False,-0.0097890894922004
687009,LAKELAND BANK,6,2023-04-18,2023-04-18,-0.0348929595128378,0.0013799095090479,0.6732235128968628,200,False,0.0952,0.0159,21,2023-03-31,False,41,0.4377469040524375,16.198472979563103,0.0079439259666849,0.0021223373173369,0.1160171409710048,0.8964382548655562,False,-0.0193635880804353,False,-0.0113337315963972
2634191,GLACIER BANK,6,2023-04-18,2023-04-18,-0.1179360459566253,0.0001502701849235,0.8568175295630668,200,False,0.0952,0.0159,21,2023-03-31,False,41,0.2660167911225951,17.1399937640165,0.0092160285994029,0.0020567726682286,0.1068019750195755,0.8163071455896966,False,-0.0059205939404313,False,0.0038236957035506
186221,"OLD POINT NATIONAL BANK OF PHOEBUS, THE",6,2023-04-18,2023-04-18,-0.0331404198880692,0.0009033356409686,-0.0853968752507771,200,False,0.0952,0.0159,21,2023-03-31,False,41,0.3360723178251517,14.157771010496088,0.0099053565480954,0.0015736077685557,0.0857252222278246,0.9355654548067251,False,-0.0137825305117136,False,-0.0105365029205011
474919,"FULTON BANK, NATIONAL ASSOCIATION",6,2023-04-18,2023-04-18,-0.1055386828309041,0.0007664111579474,0.7979203042286294,200,False,0.0952,0.0159,21,2023-03-31,False,41,0.3310792814647899,17.111199709355635,0.011007255442026,0.0080340922468209,0.1044105699760394,0.8897356242771671,False,-0.0187881229994057,False,-0.0116237099122019
473501,BERKSHIRE BANK,6,2023-04-18,2023-04-18,-0.1037210083516995,0.0006794758868959,0.8801387907830426,200,False,0.0952,0.0159,21,2023-03-31,False,41,0.3895479678432564,16.32630163018028,0.0094099166944654,0.0039071271646732,0.0814354881512031,0.8998348364369756,False,-0.006071137505635,False,-0.0052978606373965
508346,HAWTHORN BANK,6,2023-04-18,2023-04-18,-0.0325527602079046,0.0003018049834786,0.1572566715780948,200,False,0.0952,0.0159,21,2023-03-31,False,41,0.2602885486894873,14.450607986383815,0.0081496137676544,0.0126950752901717,0.090204249032697,0.9381748799630978,False,-0.0179785636070978,False,-0.0224477178060989
236706,PEAPACK-GLADSTONE BANK,6,2023-04-18,2023-04-18,-0.0477495623194677,0.0009784487765537,0.7323208406572649,200,False,0.0952,0.0159,21,2023-03-31,False,41,0.4542628760213847,15.684203135839583,0.0122342923467461,0.0053274180695001,0.1053520167770118,0.9164456812231,False,-0.0165559182455959,False,-0.0163614481640267
657365,HANMI BANK,6,2023-04-18,2023-04-18,-0.0169699336118247,0.0003120940802614,0.8846500170448002,200,False,0.0952,0.0159,21,2023-03-31,False,41,0.4192809174857296,15.818069705415231,0.0140253969025336,0.0033505405733752,0.101643360749677,0.9337486290418192,False,-0.0176250759068114,False,-0.018884309570469
636771,INDEPENDENT BANK,6,2023-04-18,2023-04-18,-0.0055320786660017,0.0008432438753735,0.6867580513387525,200,False,0.0952,0.0159,21,2023-03-31,False,41,0.1855160813134862,15.451548920445529,0.0110088305512964,0.001761398509612,0.076050476874698,0.9727657534835604,False,-0.0050151155965604,False,-0.0082808602508762
2353595,FIRST COMMUNITY BANK,6,2023-04-18,2023-04-18,-0.0037086607943485,0.0007192088840081,0.5735356737519539,200,False,0.0952,0.0159,21,2023-03-31,False,51,0.162720081986734,14.92318961894581,0.0154367355459805,0.0065218383212001,0.1267865613327149,0.984811045961793,False,-0.0151104451513525,False,-0.0217290485170049
542528,CIVISTA BANK,6,2023-04-18,2023-04-18,-0.0379921080331675,0.0002856643442019,0.5368184975993516,200,False,0.0952,0.0159,21,2023-03-31,False,41,0.2590354981552387,15.091053789025668,0.0158686449316687,0.002722028129819,0.1174712607724974,0.908313009114174,False,-0.0170280420963275,False,-0.010426509256074
933023,"SHORE UNITED BANK, NATIONAL ASSOCIATION",6,2023-04-18,2023-04-18,-0.0166350399866423,-0.0005649914553237,0.4841213468604685,200,False,0.0952,0.0159,21,2023-03-31,False,51,0.1983234634883424,15.084035508334962,0.0087310060400427,0.0011219241110772,0.1103601525929209,0.9496473041441804,False,-0.0148514407767525,False,-0.0091831107214406
1162017,UNITED SECURITY BANK,6,2023-04-18,2023-04-18,-0.0201856301863963,0.0004543503390061,0.2021943177459486,200,False,0.0952,0.0159,21,2023-03-31,False,51,0.5267547949003958,14.048091833523806,0.019371511578607,0.0144018363746874,0.0965255065368153,0.9774650629971264,False,-0.0127012428542406,False,-0.0117799094349245
628123,"BANK OF GLEN BURNIE, THE",6,2023-04-18,2023-04-18,0.0572529404945339,-0.0012929681603714,0.4649260480616736,200,False,0.0952,0.0159,21,2023-03-31,False,41,0.0709276090644621,12.803196141802,0.0053057843506881,0.0025958227889346,0.0499756451288881,0.9937343757694436,False,0.006400903483846,False,0.0161945903378815
333203,UNION BANK,6,2023-04-18,2023-04-18,0.0565708615376547,-0.00026527665026,0.2050977209155347,200,False,0.0952,0.0159,21,2023-03-31,False,41,0.1508779751251228,14.124160754727235,0.0094154904647962,0.0024052442311,0.0563196155072099,0.9566426077630824,False,-0.0066791957447105,False,-0.0030754724709081
2925666,PINNACLE BANK,6,2023-04-18,2023-04-18,-0.0004340324552991,-9.668194089248472e-05,1.151252426478805,200,False,0.0952,0.0159,21,2023-03-31,False,41,0.4214014200926578,17.62189929915776,0.0129124231625798,0.0013914547456599,0.1286968924360919,0.9278842414182332,False,-0.0190322118977702,False,-0.0081694133228202
139740,WEST BANK,6,2023-04-18,2023-04-18,-0.0225510271703659,-0.000546719345804,0.715523970740615,200,False,0.0952,0.0159,21,2023-03-31,False,41,0.468863865512663,15.102948483741994,0.010307187184955,0.0001146512298702,0.0908786581779836,0.8514510230578476,False,-0.015774018229613,False,-0.016394526690766
494261,PACIFIC WESTERN BANK,6,2023-04-18,2023-04-18,-0.0263045312420907,-0.0001330490017174,0.8675714871817976,200,False,0.0952,0.0159,21,2023-03-31,False,41,0.236375043002749,17.60546800330454,-0.107262271103309,0.0032058859007128,0.0635765384130166,0.6883827134539907,False,-0.0199655718948071,False,-0.0051787949036572
2760232,VILLAGE BANK,6,2023-04-18,2023-04-18,-0.024809494825574,0.0008186644932927,0.1685788663982277,200,False,0.0952,0.0159,21,2023-03-31,False,51,0.3093552920070148,13.50631880202461,0.0095744101138902,0.0045415105137814,0.1000912756797994,0.9383289255172436,False,-0.0099964926062443,False,-0.0115328213065791
2328137,FIRST COMMUNITY BANK,6,2023-04-18,2023-04-18,0.0006684038097157,0.0003121724776706,0.2083183429015647,200,False,0.0952,0.0159,21,2023-03-31,False,41,0.2771577266079614,14.366602693998816,0.0090897197759037,0.004150771806139,0.0769963582336251,0.8897472256511985,False,-0.0087629933296706,False,0.000302208434484
204004,PROVIDENT BANK,6,2023-04-18,2023-04-18,-0.0333069582143601,0.0004953316876221,0.674300528321976,200,False,0.0952,0.0159,21,2023-03-31,False,41,0.4691694012503845,16.438251351087384,0.0120716551050276,0.0034677482298394,0.1160458889591853,0.8496681585016566,False,-0.0192600814394927,False,-0.0115192781932988
3465226,HTLF BANK,6,2023-04-18,2023-04-18,-0.1058431601869887,0.0008945528378698,0.7004550694903752,200,False,0.0952,0.0159,21,2023-03-31,False,41,0.4160202648309641,16.168096225143042,0.0120612016855395,0.00373866618007,0.0909434735092745,0.970588346088495,False,0.0049562238917984,False,0.0076507172583605
2953418,OPTIMUMBANK,6,2023-04-18,2023-04-18,0.0195563654591406,4.9849020756484866e-05,0.1833593889231325,200,False,0.0952,0.0159,21,2023-03-31,False,41,0.3257329113397539,13.338880220507502,0.0090582277828602,0.0,0.1002203352703939,0.9467822313872064,False,-0.0185191832208396,False,-0.016070309506327
2618780,TEXAS CAPITAL BANK,6,2023-04-18,2023-04-18,0.0166940570316567,0.0012326690854283,0.9723163814359918,200,False,0.0952,0.0159,21,2023-03-31,False,41,0.6347547858540132,17.168620273647353,0.0060478099318094,0.0048276659698273,0.1144958186359327,0.8830628086477476,False,0.0047207506463947,False,0.0051358936514617
354310,UNIVEST BANK AND TRUST CO.,6,2023-04-18,2023-04-18,-0.0443768459602202,0.0007812073288284,0.5413104563137826,200,False,0.0952,0.0159,21,2023-03-31,False,41,0.4366992751255346,15.80936411823708,0.0126692265657776,0.0021389127604448,0.1111386930352887,0.9118726772668856,False,-0.0170681702604492,False,-0.0194272369833061
703767,CENTRAL VALLEY COMMUNITY BANK,6,2023-04-18,2023-04-18,-0.2723130498985901,0.0020209089339288,0.4612983716216031,200,False,0.0952,0.0159,21,2023-03-31,False,41,0.3943334089871183,14.717192702134078,0.0126409237323358,0.0,0.1014963405288861,0.983240147753766,False,0.0067390097771998,False,0.0067237302865851
2849801,SOUTHERN FIRST BANK,6,2023-04-18,2023-04-18,-0.1054581637833877,-0.000347734885989,0.7022153295090678,200,False,0.0952,0.0159,21,2023-03-31,False,41,0.4181466537246691,15.186603967817735,0.0032185551225792,0.0013819284749092,0.0828762714308051,0.9537780309270132,False,-0.0176819572642997,False,-0.0085758726134658
2858960,"BANCORP BANK NATIONAL ASSOCIATION, THE",6,2023-04-18,2023-04-18,-0.0345238063583513,0.0032804213164481,1.1931221440137156,200,False,0.0952,0.0159,21,2023-03-31,False,41,0.1736609477725923,15.844881215703117,0.0285414051444443,0.0066106547193665,0.1063584594422401,0.9883414414418388,False,-0.0091461265900908,False,-0.027675160093887
895710,CITIZENS & NORTHERN BANK,6,2023-04-18,2023-04-18,-0.0444707234693249,-0.000197019596265,0.3110129740821528,200,False,0.0952,0.0159,21,2023-03-31,False,51,0.2287916488773889,14.69700692593139,0.0109504619985007,0.008071167398257,0.1083557326331222,0.8986485105560726,False,-0.0208720579212028,False,-0.0196418706389245
2372774,"SUMMIT COMMUNITY BANK, INC.",6,2023-04-18,2023-04-18,0.0074496968367963,-0.0001198555846157,0.5317713621093297,200,False,0.0952,0.0159,21,2023-03-31,False,41,0.2829621654345759,15.189057515066509,0.015633015591996,0.0023555332611812,0.1165383834337637,0.9487378496081352,False,-0.0204231039558303,False,-0.0274853251209306
1356768,ENTERPRISE BANK AND TRUST COMPANY,6,2023-04-18,2023-04-18,-0.0285292605340673,0.0004303326499394,0.8011515263626207,200,False,0.0952,0.0159,21,2023-03-31,False,41,0.321997018453918,15.306590744639264,0.0102965156056283,0.0023315146363524,0.0834531959474016,0.9866150062352608,False,-0.0139326283966424,False,-0.0223212012934356
1190476,ENTERPRISE BANK & TRUST,6,2023-04-18,2023-04-18,-0.0166020565456304,0.001331010768511,0.7309254493464392,200,False,0.0952,0.0159,21,2023-03-31,False,41,0.4569797267727822,16.403326020441007,0.0171918978001432,0.0018784122816821,0.1210921182700077,0.9646425875601282,False,-0.0166686178804146,False,-0.0187605060026633
633378,KEARNY BANK,6,2023-04-18,2023-04-18,-0.0400823038503522,-0.0005837312836434,0.6645404899803342,200,False,0.0952,0.0159,21,2023-03-31,False,41,0.2238547628915694,15.936962667531107,0.0049625781051111,0.0073724079102088,0.0939321683508237,0.7768607766737283,False,-0.0202467796242904,False,0.0001234972998595
1918344,PREFERRED BANK,6,2023-04-18,2023-04-18,-0.0372443409336344,0.0003254301196,0.6562507757267113,200,False,0.0952,0.0159,21,2023-03-31,False,41,0.5659401070799817,15.681475268424784,0.023566707576576,5.347865846318517e-05,0.1015976529235471,0.93181820530637,False,-0.0217295683423094,False,-0.0221508808136698
3138146,WESTERN ALLIANCE BANK,6,2023-04-18,2023-04-18,0.2292374925915746,0.0001711979631693,1.501214609042679,200,False,0.0952,0.0159,21,2023-03-31,False,41,0.5216021473876893,18.07799138702784,0.0080467282861607,0.0128062456300694,0.0827294514067299,0.7349042507433242,False,-0.0194486192675623,False,-0.0082739910871124
537449,FIRST BUSINESS BANK,6,2023-04-18,2023-04-18,-0.0157956604829045,0.0004225368379021,0.5398044078410634,200,False,0.0952,0.0159,21,2023-03-31,False,41,0.3991139511320838,14.96727807321453,0.0126443684453407,0.0013422158756758,0.0952136368521199,0.8654152161800076,False,-0.0208753934446622,False,-0.0168697480094645
310978,WATERSTONE BANK,6,2023-04-18,2023-04-18,-0.0297980962990435,0.000164214559156,0.3952846778619899,200,False,0.0952,0.0159,21,2023-03-31,False,41,0.1500766307673528,14.561946340960034,0.003915679213906,0.002615766816395,0.1503194170283692,0.6993032704111977,False,-0.0216454610665894,False,-0.0243812694350814
220527,PEOPLES BANK,6,2023-04-18,2023-04-18,-0.0725403621590803,0.0013303499602722,0.1284635851841077,200,False,0.0952,0.0159,21,2023-03-31,False,41,0.2722579432330396,14.286883249616247,0.0086980836254331,0.003466224288682,0.0801720393061505,0.9601266436911234,False,-0.0013568356008304,False,-0.0011250430244896
2954059,BCB COMMUNITY BANK,6,2023-04-18,2023-04-18,0.032810226972171,-0.0003293809696138,0.6117584333205142,200,False,0.0952,0.0159,21,2023-03-31,False,41,0.339524314307695,15.14082273334937,0.0091110071850686,0.0017029845317605,0.0886580077377662,0.8364394286627317,False,-0.021079043922725,False,-0.0202595160182626
2385514,"FIRST BANK, THE",6,2023-04-18,2023-04-18,-0.020136184565268,0.0002124804340181,0.631678795117282,200,False,0.0952,0.0159,21,2023-03-31,False,41,0.3637932540055212,15.895863184480246,0.0101477503255782,0.0034954820703242,0.1290807179256108,0.9573601120207982,False,-0.008057377130006,False,-0.0077014180970995
456045,CENTENNIAL BANK,6,2023-04-18,2023-04-18,0.0238156878445939,0.0009555028259518,0.8387709576874599,200,False,0.0952,0.0159,21,2023-03-31,False,41,0.4531073227220604,16.926879966375584,0.0207673613602562,0.0051413697701192,0.1608481719191035,0.9470770405982492,False,-0.0198930677655662,False,-0.0109563255029057
561574,SUMMIT STATE BANK,6,2023-04-18,2023-04-18,0.0793669775291468,0.000476090460959,0.1192324729197304,200,False,0.0952,0.0159,21,2023-03-31,False,51,0.2912158889068303,13.955015075904258,0.0143202076360524,0.0112810510632534,0.0805990063529395,0.9608462885475372,False,-0.0195710692615911,False,-0.018717515474195
522847,"LIMESTONE BANK, INC",6,2023-04-18,2023-04-18,0.032218646466857,0.0016787570257866,0.2884464318711053,200,False,0.0952,0.0159,21,2023-03-31,False,51,0.3009138221910583,14.212504553968904,0.0131643792605222,0.0007715886826637,0.1134509969764957,0.932304266778704,False,-0.018319304500482,False,-0.0286994288367177
663245,SIMMONS BANK,6,2023-04-18,2023-04-18,-0.0481946656306013,-0.0004017419769233,0.8253588165976528,200,False,0.0952,0.0159,21,2023-03-31,False,41,0.3620780285826314,17.131086033238912,0.0077464653964594,0.0039382197922706,0.1269192722831167,0.941096790164864,False,-0.0128627151169667,False,-0.0057483728048818
30810,DISCOVER BANK,6,2023-04-18,2023-04-18,0.0242911723853004,0.0006179799814776,1.240499531597314,200,False,0.0952,0.0159,21,2023-03-31,False,31,0.0798469858553385,18.690061359238054,0.0266791973099132,0.0131898776186747,0.0863725030589045,0.8234582650462869,False,-0.0488497303672009,True,-0.085386061965178
768074,FIRST FINANCIAL NORTHWEST BANK,6,2023-04-18,2023-04-18,-0.0004023332849719,-0.0002579902646576,0.1232165707871464,200,False,0.0952,0.0159,21,2023-03-31,False,51,0.2957849993011947,14.269009989110362,0.0062498014372764,0.0001673914745273,0.0947185492530864,0.8738304014554225,False,-0.0181562009658657,False,-0.0098608459192504
2797724,TOWNEBANK,6,2023-04-18,2023-04-18,-0.0372533118022954,0.0005082780341778,0.6622711457842924,200,False,0.0952,0.0159,21,2023-03-31,False,41,0.4596088748790422,16.632742524441106,0.0091648318912145,0.0008428245229635,0.1180286801164533,0.927656180739675,False,-0.0100030926294934,False,-0.0024450599699759
28013,NORTHFIELD BANK,6,2023-04-18,2023-04-18,-0.0227671339539992,0.0007855962108451,0.4761683723604676,200,False,0.0952,0.0159,21,2023-03-31,False,41,0.3416347935908164,15.549157216884456,0.0086185745543263,0.0029196608808582,0.1277137726029589,0.7888934520178885,False,-0.0193668149128005,False,-0.0207106394826041
836843,MIDWESTONE BANK,6,2023-04-18,2023-04-18,-0.0515056696816205,0.0003109597268764,0.7152462022904628,200,False,0.0952,0.0159,21,2023-03-31,False,41,0.3321540822592752,15.672732184146982,0.0024071506423595,0.0036823819365932,0.0947318368619997,0.9598025200592508,False,-0.0030520663856148,False,0.0041162610346105
676478,MALVERN BANK NA,6,2023-04-18,2023-04-18,-0.0276051849523941,0.0007683048767771,0.1045366277510336,200,False,0.0952,0.0159,21,2023-03-31,False,51,0.6361314734149671,13.811456350761231,0.0047030284531213,0.0184479111254067,0.1662958329400755,0.8988475680180554,False,-0.0217230514974909,False,-0.0088053985840742
23504,DIME COMMUNITY BANK,6,2023-04-18,2023-04-18,-0.0576812360019842,0.0004037263952433,0.8611356607419403,200,False,0.0952,0.0159,21,2023-03-31,False,41,0.5261648612827069,16.44210237201382,0.0112317114748521,0.0029386950792694,0.0994362591550208,0.8503747916429917,False,-0.0182802333670992,False,-0.01063833128804
785473,FIRST SAVINGS BANK,6,2023-04-18,2023-04-18,-0.0575669987986878,-0.0009765450913922,0.0800059974755109,200,False,0.0952,0.0159,21,2023-03-31,False,41,0.2697260644326868,14.619784895101382,0.0080408970799177,0.007482804696333,0.0901415344637358,0.7657308390387298,False,-0.0191524642145407,False,-0.0003234198411315
929978,"HOME BANK, NATIONAL ASSOCIATION",6,2023-04-18,2023-04-18,-0.0101087489799067,0.0006660770692133,0.5841594514281445,200,False,0.0952,0.0159,21,2023-03-31,False,41,0.3006898036520669,14.997074243043295,0.0147901482052126,0.0045531474158496,0.1189464412433075,0.8928021617367716,False,-0.0180096215997164,False,-0.0150070335005314
1864197,OAK VALLEY COMMUNITY BANK,6,2023-04-18,2023-04-18,0.0669653502400812,0.0024541025197797,0.1748802839917906,200,False,0.0952,0.0159,21,2023-03-31,False,41,0.4454299543775405,14.478463959727726,0.0193206442619613,0.0,0.0727549129998995,0.9833110380346496,False,0.0138238464255736,False,0.0171876653761752
342410,ORRSTOWN BANK,6,2023-04-18,2023-04-18,-0.0393798727502255,-4.8476657841243327e-05,0.5233106439910101,200,False,0.0952,0.0159,21,2023-03-31,False,41,0.3033107912599791,14.917760223349667,0.0134788829505282,0.0096051998291525,0.0865233754863942,0.9197837708913852,False,-0.0192904909247105,False,-0.0218270102529899
685676,OPPORTUNITY BANK OF MONTANA,6,2023-04-18,2023-04-18,0.0170176488002574,-0.0002870053145386,0.0344646098793589,200,False,0.0952,0.0159,21,2023-03-31,False,51,0.2166228919932479,14.498876558364266,0.0078059795014776,0.005134973247539,0.1048904512068216,0.9136188412190024,False,-0.015402551175442,False,-0.0079532664855848
613008,ROCKLAND TRUST COMPANY,8,2019-10-16,2019-10-16,0.1259018371657352,-0.0012182474217473,1.146853122268265,169,False,-0.6667,-0.0584,12,2019-09-30,False,41,0.2826812883175476,16.261356248504324,0.0140247015424057,0.0050954145728433,0.1551379274637888,0.9664381393740245,False,-0.0158760513078972,False,-0.0166832689695602
433608,TOMPKINS COMMUNITY BANK,8,2019-10-16,2019-10-16,0.0600940723100571,-0.0004138233385334,0.8602958118814826,169,False,-0.6667,-0.0584,12,2019-09-30,False,41,0.4239372125986348,14.532736016108014,0.0152919931476615,0.0068120733361701,0.0763312688133834,0.8737866028687892,False,-0.0148771822868522,False,-0.0175491947527171
379920,FIRST NATIONAL BANK OF PENNSYLVANIA,8,2019-10-16,2019-10-16,0.0327918256649647,-0.0004691909445356,1.2036530728735242,169,False,-0.6667,-0.0584,12,2019-09-30,False,41,0.329793024818494,17.349564412877434,0.0119813114687815,0.0052644188159177,0.1438538695069741,0.8501742527127352,False,-0.0139327318777742,False,-0.0099135656336968
491224,FIRST-CITIZENS BANK & TRUST COMPANY,8,2019-10-16,2019-10-16,0.0287063211778815,2.1214041507916178e-05,0.9824091214240612,169,False,-0.6667,-0.0584,12,2019-09-30,False,41,0.2971183982229138,17.444250680302012,0.0124964424625335,0.0050191347216487,0.0960877738688783,0.963602556588255,False,-0.0173391233094819,False,-0.0070457123459857
246022,"BANK OF SOUTH CAROLINA, THE",8,2019-10-16,2019-10-16,0.0031245652767947,0.0003299926478154,0.0422736613772714,169,False,-0.6667,-0.0584,12,2019-09-30,False,41,0.3556952227145432,13.023285308011085,0.0168213952365389,0.0064999893033637,0.1101436281567719,0.9650138103380244,False,0.0138078723296275,False,0.0211969779343315
437914,"WILMINGTON SAVINGS FUND SOCIETY, FSB",8,2019-10-16,2019-10-16,0.015186351146028,-0.0003047111146026,0.9468478616470192,169,False,-0.6667,-0.0584,12,2019-09-30,False,41,0.3477150313732023,16.32141487234085,0.0104260950712856,0.006064465586784,0.152793848793224,0.93143378943011,False,-0.0135358011532707,True,-0.0097746266517213
761806,"WEBSTER BANK, NATIONAL ASSOCIATION",8,2019-10-16,2019-10-16,-0.0196752147102364,-0.0016908099184169,1.3482267113856052,169,False,-0.6667,-0.0584,12,2019-09-30,False,31,0.2888213241917785,17.214275583846096,0.0137608082854263,0.0083237804592498,0.1058604106148811,0.8839649253236881,False,-0.0215936457984246,False,-0.0058287569871804
837000,"FIRST NATIONAL BANK OF LONG ISLAND, THE",8,2019-10-16,2019-10-16,0.012070992919175,-0.0002276609057529,0.9917097846572096,169,False,-0.6667,-0.0584,12,2019-09-30,False,41,0.4721020987713225,15.24119268559095,0.0109414412736333,0.0003540671113566,0.093235865642639,0.8555535204364686,False,-0.0209473840040695,False,-0.0106820358617879
510871,FIRSTBANK PUERTO RICO,8,2019-10-16,2019-10-16,0.0267806512638527,-0.0004696017337235,1.219949106031332,169,False,-0.6667,-0.0584,12,2019-09-30,False,31,0.3339862162305003,16.34308294154021,0.0144656777929071,0.0398825104357469,0.1864805812760898,0.9007609033547024,False,-0.0182056510092615,False,-0.0264761108037157
245276,ORIENTAL BANK,8,2019-10-16,2019-10-16,-0.113529811153296,0.0003461509156713,1.2226665696546084,169,False,-0.6667,-0.0584,12,2019-09-30,False,41,0.3394015265616624,15.653620710309465,0.0119143203413608,0.0402732940278423,0.163718584169365,0.9316725573735058,False,-0.0174995369123359,False,-0.0214603033573476
216922,FIRST BANK,8,2019-10-16,2019-10-16,0.0289965716474245,-0.0005006972702219,1.031295594481412,169,False,-0.6667,-0.0584,12,2019-09-30,False,41,0.2735432549242685,15.618792553840976,0.016186632638799,0.0047101474728251,0.1462289944781601,0.9420682351365584,False,-0.0055768569438161,False,-0.0091360140557879
645625,"WESBANCO BANK, INC.",8,2019-10-16,2019-10-16,0.0486117822233633,-0.0011602170464944,0.9133454638327216,169,False,-0.6667,-0.0584,12,2019-09-30,False,41,0.2501620935399175,16.346055266395595,0.0135679914125507,0.0051754009374471,0.1665693763531673,0.8277229167982162,False,-0.0161982088105179,False,-0.008228581129112
365325,UNITED BANK,8,2019-10-16,2019-10-16,0.0299246058092719,-2.3303393370739283e-05,1.1772463859411009,169,False,-0.6667,-0.0584,12,2019-09-30,False,41,0.3604781239773327,16.79787958980475,0.0136966136433161,0.0092897992904692,0.1789441168373397,0.8763795572974526,False,-0.0197593159230139,False,-0.0140776244579743
816603,"WASHINGTON TRUST COMPANY, OF WESTERLY, THE",8,2019-10-16,2019-10-16,0.0636091998780468,-0.0009411193361905,0.9293209385597178,169,False,-0.6667,-0.0584,12,2019-09-30,False,41,0.2995445400981166,15.46392646178942,0.0139659535320559,0.0039092223380994,0.0994974164883862,0.766288716146635,False,-0.0137346408651125,False,-0.0079113347521507
130541,HORIZON BANK,8,2019-10-16,2019-10-16,0.0361394751531726,-0.0006064609993032,0.958671287309872,169,False,-0.6667,-0.0584,12,2019-09-30,False,41,0.3964554187597565,15.46207661103278,0.012906723606205,0.0042708138785091,0.1239803204005295,0.8739959096137715,False,0.0062539149106294,False,0.0157748389957609
701062,CENTRAL PACIFIC BANK,8,2019-10-16,2019-10-16,0.0504379309506935,0.0001449915425066,0.8499828779059526,169,False,-0.6667,-0.0584,12,2019-09-30,False,41,0.3718067064042431,15.60190214586127,0.0104640191263931,0.0002580643391655,0.0938376934250845,0.9336940054184024,False,-0.0108087492314031,False,-0.014432790203365
802866,SILICON VALLEY BANK,8,2019-10-16,2019-10-16,0.040273893693543,-0.0014266884746277,1.7763821812100562,169,False,-0.6667,-0.0584,12,2019-09-30,False,31,0.8121434850951121,18.021092542946423,0.0155702059364672,0.0033788666063504,0.0733491695911044,0.9725045427848772,True,0.0358832043325153,False,0.0315062153011363
509811,"COMMUNITY TRUST BANK, INC.",8,2019-10-16,2019-10-16,0.0243018808325703,-0.0010223149567043,1.1214055952713964,169,False,-0.6667,-0.0584,12,2019-09-30,False,41,0.1953392155291378,15.277869262010295,0.0138525394365814,0.0097676894036424,0.1449711408002728,0.9230809876615468,False,-0.0195206761466614,False,-0.0348608925225716
208244,OLD NATIONAL BANK,8,2019-10-16,2019-10-16,0.0658232222893364,-0.0004603302479192,1.11521036569364,169,False,-0.6667,-0.0584,12,2019-09-30,False,31,0.3060143846337388,16.82775642842812,0.0130040075055604,0.010799226926694,0.1454394316553365,0.8333453231944765,False,-0.0209391121420312,False,-0.003593043683661
4114567,FIRST REPUBLIC BANK,8,2019-10-16,2019-10-16,0.0873612468641453,-0.0007775268922658,1.072769776983677,169,False,-0.6667,-0.0584,12,2019-09-30,False,41,0.6239715254173858,18.525299599648424,0.0082140777940653,0.001585991964488,0.0849438300814649,0.8437264158265109,True,-0.0043878506876333,False,0.003577575785238
5210,ACNB BANK,8,2019-10-16,2019-10-16,0.0144946590660347,-0.001392969734163,0.7675182667829762,169,False,-0.6667,-0.0584,12,2019-09-30,False,51,0.1601541518771833,14.358988833855465,0.0142362752465273,0.0037768286874803,0.1006361259615351,0.9208583759714648,False,-0.0115874644665386,False,-0.0165860703831197
3938186,"BANKUNITED, NATIONAL ASSOCIATION",8,2019-10-16,2019-10-16,0.0365357008390692,-0.0005447375234087,1.071149859068156,169,False,-0.6667,-0.0584,12,2019-09-30,False,41,0.5476098519200814,17.30818666757229,0.0096973667341124,0.0244230243239929,0.0931190683013137,0.8127346447106001,False,-0.0201652274367269,False,0.0105771378911857
680813,"FARMERS NATIONAL BANK OF CANFIELD, THE",8,2019-10-16,2019-10-16,0.0310558692814332,-0.0002952388562237,0.8938153588242842,169,False,-0.6667,-0.0584,12,2019-09-30,False,41,0.2443776191518639,14.695645475081973,0.0138767638855768,0.0037789221365104,0.1142576905929558,0.958206210165733,False,-0.0099194211626943,False,-0.0097386462864818
785923,LCNB NATIONAL BANK,8,2019-10-16,2019-10-16,0.0331875037482517,0.000256240911213,0.617312166879515,169,False,-0.6667,-0.0584,12,2019-09-30,False,51,0.2534455700235408,14.311285486101752,0.0114729834264239,0.0028746414855468,0.1351644871084256,0.954982949047161,False,-0.0176609426194181,False,-0.0188215942518553
2787770,BANK OF THE JAMES,8,2019-10-16,2019-10-16,0.0309504764870337,0.000593833911772,0.1832048591276052,169,False,-0.6667,-0.0584,12,2019-09-30,False,41,0.1472834952497846,13.470833352459158,0.0082377136533469,0.0031545628944316,0.0924639600027666,0.9858821077451656,False,-0.0030290183498984,False,-0.0056170292577375
258771,HOMESTREET BANK,8,2019-10-16,2019-10-16,0.1155848238136548,0.0003969609087535,1.0545478978511609,169,False,-0.6667,-0.0584,12,2019-09-30,False,41,0.2602220233258489,15.731680092536914,0.0023925854379691,0.006237843704709,0.1096445986324116,0.9621728374165416,False,-0.0167110496780003,False,-0.0052553282359346
212577,HOMETRUST BANK,8,2019-10-16,2019-10-16,0.0461516195045304,-0.0007992534297291,0.6567179757218433,169,False,-0.6667,-0.0584,12,2019-09-30,False,41,0.1621634942148629,15.111033846926109,0.007334067543101,0.0040120081384203,0.107164513085058,0.7714157375028553,False,-0.0213705102815928,False,-0.0239529209178922
4210227,NBH BANK,8,2019-10-16,2019-10-16,0.0151069237804981,-0.000525686350202,0.977753121065276,169,False,-0.6667,-0.0584,12,2019-09-30,False,41,0.2038564857254265,15.60433071163365,0.0139574094411542,0.0059407114135424,0.1060275241166156,0.9087100595876062,False,-0.0119147957329298,False,-0.0077307592546284
884303,CHEMUNG CANAL TRUST COMPANY,8,2019-10-16,2019-10-16,0.007595651853936,-0.0008881825885489,1.1030519856309688,169,False,-0.6667,-0.0584,12,2019-09-30,False,41,0.2343755630790824,14.3973629833782,0.00807593073835,0.018022860201078,0.0970335596725067,0.9789462543680164,False,-0.0085911947550186,False,-0.0048366081969081
2758613,FIRST INTERNET BANK OF INDIANA,8,2019-10-16,2019-10-16,0.0425773008872189,-0.0009558617139699,1.2293823728337978,169,False,-0.6667,-0.0584,12,2019-09-30,False,41,0.226632622377107,15.22478924411356,0.0070780973639071,0.0019768297639529,0.0783056055188832,0.8453761527179479,False,-0.020298052885544,False,-0.0152702481698545
122854,INDEPENDENT BANK DBA INDEPENDENT FINANCIAL,8,2019-10-16,2019-10-16,0.0300654849114414,-0.0006619179312436,1.2672334651582071,169,False,-0.6667,-0.0584,12,2019-09-30,False,41,0.4659994380551187,16.52050522901879,0.0159717499016053,0.0019618956046555,0.1712409666905774,0.9470968516537634,False,-0.0184669659146515,False,-0.0158229175258816
2354985,CUSTOMERS BANK,8,2019-10-16,2019-10-16,0.0533731683186816,-0.0008449709216702,1.1710777648837978,169,False,-0.6667,-0.0584,12,2019-09-30,False,41,0.5481346859776348,16.27717186610988,0.0062329948588994,0.0020043548988622,0.0946988354842982,0.8441246173213901,False,-0.0190602511457525,False,-0.0094280908314003
3475083,TRISTATE CAPITAL BANK,8,2019-10-16,2019-10-16,0.0759188147846332,-0.0009905311452311,1.1442284944780046,169,False,-0.6667,-0.0584,12,2019-09-30,False,41,0.6318293214317864,15.77757284183348,0.0082059984306025,3.0581649680554726e-05,0.0690010082959152,0.9258621816847098,False,-0.0185889579861068,False,0.0124416484874461
697978,COMMUNITY BANK OF THE CHESAPEAKE,8,2019-10-16,2019-10-16,0.0325564056850337,-4.364840969451212e-05,0.5253751202862992,169,False,-0.6667,-0.0584,12,2019-09-30,False,41,0.2012110403483948,14.433020520747151,0.0099293266210251,0.0114243499318391,0.1072844003548499,0.9443730604754113,False,-0.010933342505794,False,-0.016683625523652
3401970,FIRST BANK,8,2019-10-16,2019-10-16,0.045186319912807,-0.0013493391391278,0.5863681616159483,169,False,-0.6667,-0.0584,12,2019-09-30,False,41,0.3206943207342576,14.530878518163297,0.0053465327490616,0.0090831052522023,0.1083215685162247,0.906319306273678,False,-0.0192515173594626,False,-0.0189595438596672
3284070,ALLY BANK,8,2019-10-16,2019-10-16,-0.0379698375739565,0.0008618776268279,1.252466542055523,169,False,-0.6667,-0.0584,12,2019-09-30,False,31,0.076462432216709,18.933941400617904,0.0130402079729619,0.0060338863054916,0.1016382060536412,0.8096833941848999,False,-0.0294560301544673,False,-0.0387197045696588
3109043,BANKWELL BANK,8,2019-10-16,2019-10-16,0.0223591729932833,-0.0012021872609359,0.7711480065839227,169,False,-0.6667,-0.0584,12,2019-09-30,False,41,0.3646075042572423,14.433861452613847,0.0124750453292669,0.0063090472992911,0.1049052598114625,0.8890664740319352,False,-0.0153850129592315,False,-0.005712033725532
762447,"FIRST MID BANK & TRUST, NATIONAL ASSOCIATION",8,2019-10-16,2019-10-16,0.0072508095161033,-0.0007272079861511,0.938741903092761,169,False,-0.6667,-0.0584,12,2019-09-30,False,41,0.2718969211896385,15.15288485897862,0.0119481019090867,0.0081679154796654,0.1321788308778956,0.9146639778603056,False,-0.0168473340840939,False,-0.0128396486254592
1216022,SYNCHRONY BANK,8,2019-10-16,2019-10-16,0.0369980762318276,0.0009697920852535,1.1243440021154467,169,False,-0.6667,-0.0584,12,2019-09-30,False,41,0.111839213502901,18.33661411783391,0.0369383382098611,0.0226801532952189,0.1357995148851931,0.8590343855409556,False,-0.047934451814912,True,-0.1002527597244508
3303298,"CITIZENS BANK, NATIONAL ASSOCIATION",8,2019-10-16,2019-10-16,0.0264102769177026,-0.0002304348604121,1.2140195432925769,169,False,-0.6667,-0.0584,12,2019-09-30,False,31,0.4007849155847424,18.919347161274743,0.0110381707173343,0.0081852906731965,0.131726641122875,0.886498076306929,False,-0.0218017994438813,False,-0.0004142515464024
177920,"MIDDLEFIELD BANKING COMPANY, THE",8,2019-10-16,2019-10-16,-0.0003338719794175,0.000322202747186,0.5403793335738574,169,False,-0.6667,-0.0584,12,2019-09-30,False,41,0.2849471405655089,14.062595610587096,0.0118535829438376,0.010052276236111,0.1074820665350296,0.905607869219729,False,-0.0186648885024873,False,-0.0198468963121079
371924,COMMUNITY BANK,8,2019-10-16,2019-10-16,-0.0191618471603411,-1.9927658688146928e-05,0.2852552521935115,169,False,-0.6667,-0.0584,12,2019-09-30,False,41,0.2562778902776189,14.097844856529123,0.0096172938366779,0.0063441457716064,0.108846784324193,0.9539220572196364,False,-0.0121522991519625,False,-0.0120508153561997
3221468,VERITEX COMMUNITY BANK,8,2019-10-16,2019-10-16,0.0322428437091716,-0.000379654991106,1.1158011913034374,169,False,-0.6667,-0.0584,12,2019-09-30,False,41,0.4978235229230129,15.889811785838978,0.0115503869443286,0.0072323996040227,0.1583482462520651,0.8796568046418615,False,-0.0209814377105824,False,-0.0086052226471792
3637685,FIRST FOUNDATION BANK,8,2019-10-16,2019-10-16,0.0670841542959177,-0.0003977862133885,1.0455060765811168,169,False,-0.6667,-0.0584,12,2019-09-30,False,41,0.7129889905765754,15.662711198897124,0.0089071220658039,0.0044164683511386,0.096775312553167,0.9052226424369724,False,-0.0173971685792301,False,0.0035112101082296
866000,GLENS FALLS NATIONAL BANK AND TRUST COMPANY,8,2019-10-16,2019-10-16,0.0377754438084407,-0.0006705340685588,0.9394096727257736,169,False,-0.6667,-0.0584,12,2019-09-30,False,41,0.2978160158835208,14.74229246450822,0.0115987416972309,0.0023734399785324,0.0961812342313029,0.9211691638487508,False,-0.0146716748439502,False,-0.0219885339084974
766164,"TBK BANK, SSB",8,2019-10-16,2019-10-16,0.0429741198357695,-0.0009978505491469,1.2528634088687378,169,False,-0.6667,-0.0584,12,2019-09-30,False,41,0.1785264418999839,15.427867406157386,0.0124531968150701,0.0116620593308454,0.138054838097274,0.8566419361436116,False,-0.0363793567989745,False,-0.0521960723942373
403179,FIRST FED BANK,8,2019-10-16,2019-10-16,0.0041770833565469,4.4461465323169434e-05,0.4728350232561844,169,False,-0.6667,-0.0584,12,2019-09-30,False,41,0.1593799783570795,14.025651541084494,0.0075287257574922,0.0016110007668082,0.1189818551981923,0.9002480115836864,False,-0.0167498272849897,False,-0.0144618606651352
917742,"ASSOCIATED BANK, NATIONAL ASSOCIATION",8,2019-10-16,2019-10-16,0.0303426582971648,-0.0011390512921824,1.167840378975555,169,False,-0.6667,-0.0584,12,2019-09-30,False,31,0.5892759648554043,17.298387368678934,0.0107692311315563,0.0061271061367944,0.1145010248903972,0.8543839279856694,False,-0.0002128891994825,False,0.0040417383286524
3650808,LIVE OAK BANKING COMPANY,8,2019-10-16,2019-10-16,0.0353747410870338,0.0002965371507085,1.1248165282994669,169,False,-0.6667,-0.0584,12,2019-09-30,False,41,0.088750105146509,15.336936593075162,0.0048700336700336,0.0242441961968856,0.1044239148239148,0.9828006454635264,False,-0.0247462205687162,False,-0.0165406023079826
139656,EQUITY BANK,8,2019-10-16,2019-10-16,0.0934461815514495,-0.0026012240466657,0.8159514149649201,169,False,-0.6667,-0.0584,12,2019-09-30,False,41,0.3238681361082306,15.219855031230203,0.0059935010387469,0.0195558277017965,0.1172410711304303,0.8650131419750511,False,-0.0178871622627896,False,-0.0266035158492072
422433,FIRST GUARANTY BANK,8,2019-10-16,2019-10-16,0.0078029283790986,-0.0016551576740896,0.7773280317758341,169,False,-0.6667,-0.0584,12,2019-09-30,False,41,0.4325914908976598,14.403772665381242,0.0086144218823344,0.0087268187833501,0.1006038239592727,0.9938000213622048,False,-0.0279736975134564,False,-0.0130070534494394
3532641,SMARTBANK,8,2019-10-16,2019-10-16,-0.0062981510281409,-0.0004778494417828,0.8931431642823695,169,False,-0.6667,-0.0584,12,2019-09-30,False,41,0.248447737268077,14.68798356258835,0.0101135855962481,0.0016981428035309,0.1376910349750357,0.9783434810655096,False,-0.0125732367854023,False,-0.0069871880539602
2941068,NICOLET NATIONAL BANK,8,2019-10-16,2019-10-16,0.0420544655902626,0.0009624174405181,0.6868668308324162,169,False,-0.6667,-0.0584,12,2019-09-30,False,41,0.2609407784745864,14.946501617243053,0.018138206906107,0.0040870066105274,0.1291175792890368,0.9821057152396384,False,-0.0172684102631888,False,-0.0101589706565715
773247,MIDLAND STATES BANK,8,2019-10-16,2019-10-16,0.0047153317016988,9.211076347329157e-06,1.1353710728028574,169,False,-0.6667,-0.0584,12,2019-09-30,False,41,0.358690702672391,15.558214752884307,0.0109950145034695,0.0106295600693798,0.1352973889553773,0.8468999450995254,False,-0.0237662866376212,False,-0.0227526364041967
40499,HARBORONE BANK,8,2019-10-16,2019-10-16,0.0183827817129101,0.0002376779252821,0.473976743889668,169,False,-0.6667,-0.0584,12,2019-09-30,False,41,0.1736286551462604,15.155435011230152,0.0056576903554517,0.0085042706458622,0.136942275689328,0.8897077073104425,False,-0.0192199627253947,False,-0.0123964720199993
980661,FIRST HAWAIIAN BANK,8,2019-10-16,2019-10-16,0.0433536612578386,4.054992187972526e-05,0.9120136892134404,169,False,-0.6667,-0.0584,12,2019-09-30,False,31,0.4470137492591981,16.840867117052625,0.0143865659800562,0.0008843136506918,0.1281169014708697,0.9395953717320952,False,0.0061477846368594,False,0.0001840616889916
436159,FIRSTBANK,8,2019-10-16,2019-10-16,0.0205956679403769,-0.0006140433814698,0.9640673098534406,169,False,-0.6667,-0.0584,12,2019-09-30,False,41,0.365620448068759,15.62127351901829,0.0140018788379604,0.0045404730374339,0.1253134957496057,0.9263048539982504,False,-0.0209846227674282,False,-0.014065983209214
795968,BANK OF HAWAII,8,2019-10-16,2019-10-16,0.0266578891451052,0.0005192052098965,0.835740435921479,169,False,-0.6667,-0.0584,12,2019-09-30,False,31,0.4425465088515373,16.685876867997557,0.0127479764007251,0.0022711997727059,0.0696684554294277,0.9371803927383744,False,0.0071351648481746,False,0.0058707162537273
321273,AFFINITY BANK,8,2019-10-16,2019-10-16,0.0068981780300637,-0.0009024223980105,0.1187382253115597,169,False,-0.6667,-0.0584,12,2019-09-30,False,51,0.1523794940135001,12.645327076794413,0.0019937052195116,0.0086688239586307,0.1994586059102188,0.9726708424578128,False,-0.0176297373009046,False,-0.0167765926497299
214414,"FARMERS & MERCHANTS STATE BANK, THE",8,2019-10-16,2019-10-16,0.0048829433384486,-0.0027953481655625,0.6621491638089191,169,False,-0.6667,-0.0584,12,2019-09-30,False,41,0.1493898337957937,14.254537448922118,0.0112343349469259,0.0028310138341864,0.1311026259076055,0.9486857031779208,False,-0.0165106488576748,False,-0.0137132409585269
129732,BYLINE BANK,8,2019-10-16,2019-10-16,0.0108827826920178,-0.0007474224944594,0.937856132283112,169,False,-0.6667,-0.0584,12,2019-09-30,False,41,0.2065768972054057,15.50799650370726,0.0108733651514119,0.0160202549797226,0.1399267803797922,0.8749126852869572,False,-0.0206185594181874,False,-0.0162382297812275
3835454,ROYAL BUSINESS BANK,8,2019-10-16,2019-10-16,0.070912059766136,-0.0005355675617466,1.1132664015204097,169,False,-0.6667,-0.0584,12,2019-09-30,False,41,0.4263713578791211,14.850723232249786,0.0157203968455502,0.0028262691684138,0.1663707668239393,0.977017546998912,False,-0.0328617197550671,False,-0.0379092588116365
3595271,"BANK OF PRINCETON, THE",8,2019-10-16,2019-10-16,-0.0291428812837242,-0.0005774600976774,0.4283145677913781,169,False,-0.6667,-0.0584,12,2019-09-30,False,41,0.3511155828843458,14.137302710348209,0.0065265388903144,0.0021190996699463,0.1399806320391882,0.9700307042422088,False,-0.0235065068072767,False,-0.0405136883519649
736206,CAMBRIDGE TRUST COMPANY,8,2019-10-16,2019-10-16,0.0610071007250557,-0.0008104482229984,0.3482385017321912,169,False,-0.6667,-0.0584,12,2019-09-30,False,51,0.4129095756743568,14.859967565929434,0.0085460611701394,0.0015958100133641,0.0841534842558821,0.9267438505277014,False,-0.0005387905119894,False,0.0035568111673182
1007819,"FIDELITY DEPOSIT AND DISCOUNT BANK, THE",8,2019-10-16,2019-10-16,-0.0042626905699624,-0.0013142314900201,0.7916231179139599,169,False,-0.6667,-0.0584,12,2019-09-30,False,41,0.3614578507550212,13.829886723908782,0.012642273217149,0.0051466975246582,0.1032440264963331,0.9372172959116936,False,-0.0128377640774666,False,-0.0219647953902307
963945,MERCHANTS BANK OF INDIANA,8,2019-10-16,2019-10-16,0.0316247697704256,-0.0021906116688459,1.0746283616319847,169,False,-0.6667,-0.0584,12,2019-09-30,False,41,0.4879611910490358,15.631191285454856,0.010650380070834,0.001593467370908,0.0992130843001221,0.9673155491902548,False,-0.0215677708144528,False,-0.0271061366199602
2705895,METROPOLITAN COMMERCIAL BANK,8,2019-10-16,2019-10-16,0.0203870743818274,0.000106813593501,0.9104494219492664,169,False,-0.6667,-0.0584,12,2019-09-30,False,51,0.761055756337483,14.99142210217251,0.0100389909257033,0.0018858074388182,0.1025221098048314,0.9362041960772988,False,-0.0105273360784501,False,0.0033972790141251
3579589,ALLEGIANCE BANK,8,2019-10-16,2019-10-16,0.0050835168883141,-0.0015800336567156,1.123906934498898,169,False,-0.6667,-0.0584,12,2019-09-30,False,51,0.4817524553510538,15.405190154120447,0.0110503263379393,0.0089076079180566,0.1522594650785834,0.9526762156276508,False,-0.0042399287363297,False,0.0084652460862542
3271799,MERIDIAN BANK,8,2019-10-16,2019-10-16,0.0040530047506876,0.0003728392187475,-0.0072488056459222,169,False,-0.6667,-0.0584,12,2019-09-30,False,51,0.4306699227097358,13.935013890838295,0.0086890394050421,0.003991983528243,0.1042844453594122,0.8507016440215373,False,-0.0275954517703872,False,-0.0191142633229745
979375,"STERLING BANK AND TRUST, FSB",8,2019-10-16,2019-10-16,-0.0147536056693969,0.000947634296959,1.0151467524270936,169,False,-0.6667,-0.0584,12,2019-09-30,False,41,0.2197264120192023,15.016364704327886,0.0185678164669146,0.0034072877149411,0.101065798683942,0.9037744420456246,False,-0.012992095091303,False,-0.0189081896242658
497570,LUTHER BURBANK SAVINGS,8,2019-10-16,2019-10-16,-0.0023484108086972,0.0002913777118992,0.7433222782335493,169,False,-0.6667,-0.0584,12,2019-09-30,False,41,0.3041147457284297,15.783830157686976,0.0076712927335189,0.0020672481907185,0.1041772337387689,0.8426506384816782,False,-0.0206103322269363,False,-0.011896844667198
2757205,"MVB BANK, INC.",8,2019-10-16,2019-10-16,0.0050314955512759,-8.938024387909381e-05,0.5575759521178034,169,False,-0.6667,-0.0584,12,2019-09-30,False,41,0.3936834283222943,14.487575562955191,0.0184883616226577,0.0036483619652267,0.1045199427864393,0.8318702462023794,False,-0.0182877610934261,False,-0.0080488330456518
3378773,BRIDGEWATER BANK,8,2019-10-16,2019-10-16,0.0176865509379848,-0.0005774964489014,0.9150586212898651,169,False,-0.6667,-0.0584,12,2019-09-30,False,41,0.4063285643830163,14.61627730061414,0.0139191205170386,0.0004500763172885,0.1090614965194715,0.9216732406375718,False,-0.0190759016985453,False,-0.0141154525588042
3357219,OPEN BANK,8,2019-10-16,2019-10-16,-0.0128316423194439,-0.0006333258058773,1.433319663391653,169,False,-0.6667,-0.0584,12,2019-09-30,False,51,0.4274523583564584,13.95668280973329,0.015311723830918,0.001283251290248,0.1166683888737894,0.981962418838749,False,-0.0164107384096482,False,-0.0202277083294347
3281510,UNITED BUSINESS BANK,8,2019-10-16,2019-10-16,-0.0226725027037545,-0.0009783664321782,0.6994878950661916,169,False,-0.6667,-0.0584,12,2019-09-30,False,51,0.4602081492613038,14.386408745308236,0.0098087076010703,0.0055551603494771,0.1381959888262096,0.9846807350047762,False,-0.0261948218685169,False,-0.0213806827921396
667757,ORIGIN BANK,8,2019-10-16,2019-10-16,0.0391180350746402,-0.001119204026728,0.8181138995024175,169,False,-0.6667,-0.0584,12,2019-09-30,False,41,0.4170611832470728,15.495570201240024,0.0102628784812271,0.0134650243513398,0.1043372973956163,0.8936988336490835,False,-0.0176354809055602,False,-0.0042836610348775
2562164,COASTAL COMMUNITY BANK,8,2019-10-16,2019-10-16,-0.0194834878365667,-0.0006384411698924,0.5496545460438325,169,False,-0.6667,-0.0584,12,2019-09-30,False,41,0.3786973972074728,13.901162427909512,0.0124224324652623,0.0014872202023992,0.1093538162722238,0.9652445547432016,False,-0.0224857956758294,False,-0.030389411780631
3158546,FIRST WESTERN TRUST BANK,8,2019-10-16,2019-10-16,0.0137458339434565,0.0011286458063826,0.0880739257095659,169,False,-0.6667,-0.0584,12,2019-09-30,False,51,0.4031285982139906,14.047697890726022,0.0075823161740222,0.0075681633401472,0.0886831314870663,0.9738876637131958,False,-0.0185709159554571,True,-0.0071984362115709
661308,AMALGAMATED BANK,8,2019-10-16,2019-10-16,0.0175801075122728,-0.001860120260387,0.8358222770779313,169,False,-0.6667,-0.0584,12,2019-09-30,False,41,0.5548259152637764,15.431117602113892,0.0093273471768667,0.0052569688040817,0.0966375872823791,0.9519996021677456,False,-0.0046339871545251,False,0.0160749086018026
83638,"AMERANT BANK, NATIONAL ASSOCIATION",8,2019-10-16,2019-10-16,-0.0181340846909677,0.0016714204847243,0.4632183845183521,169,False,-0.6667,-0.0584,12,2019-09-30,False,41,0.2192809731999419,15.876650899641652,0.0080408182283668,0.0057048418680889,0.1126636267043772,0.8207491566549936,False,-0.0183678101811775,False,-0.0028351996177821
18854,BANK7,8,2019-10-16,2019-10-16,-0.0152060071657036,0.0008312874190858,1.1202992226162471,169,False,-0.6667,-0.0584,12,2019-09-30,False,41,0.2694032071645592,13.624132111080064,0.0057655824917455,0.0051868157931796,0.1205686469206364,0.994758017878092,False,-0.0205095416077293,False,-0.0312840545434896
2808602,"CAPITAL BANK, NATIONAL ASSOCIATION",8,2019-10-16,2019-10-16,0.0328061389679699,-0.0002606782436772,0.8030737964458982,169,False,-0.6667,-0.0584,12,2019-09-30,False,41,0.5332596583900558,14.057778859809291,0.0119108164277596,0.0055519062284061,0.0820618835038018,0.9523965054062234,False,-0.0246130620058959,False,-0.0362754382775354
3614976,FVCBANK,8,2019-10-16,2019-10-16,-0.0152542133142992,-0.0007603832157796,0.4164076769945763,169,False,-0.6667,-0.0584,12,2019-09-30,False,51,0.4425161116835009,14.261532025314766,0.0117637644558394,0.0083995158456013,0.1220599391198302,0.9653402283915103,False,-0.0173853761208054,False,-0.0120945788755664
594947,"BANK FIRST, NATIONAL ASSOCIATION",8,2019-10-16,2019-10-16,0.0405616199707157,0.0010122033681151,0.258432279551998,169,False,-0.6667,-0.0584,12,2019-09-30,False,41,0.2518613047165383,14.584431037536817,0.0123869259621142,0.0030782174889133,0.1156330940987357,0.9635192469463538,False,-0.0178475088290392,False,-0.0200720636949577
3476192,CARTER BANK & TRUST,8,2019-10-16,2019-10-16,0.0085633742491401,-4.6184831643276485e-05,0.5113056576606301,112,False,-0.6667,-0.0584,12,2019-09-30,False,41,0.0713416682259217,15.206811365889134,0.0076180980989745,0.0161085966661138,0.1179201587233674,0.9932186096669288,False,-0.0140827677356284,False,-0.0235622245033708
395238,SYNOVUS BANK,8,2019-10-16,2019-10-16,-0.0162632874011177,-0.00058735426936,1.3790261205033094,169,False,-0.6667,-0.0584,12,2019-09-30,False,41,0.384345463424081,17.6777641178835,0.0120915952776409,0.0036001349595719,0.110359132739844,0.8948057393268362,False,-0.0182898230034854,False,-0.0151256607115287
933966,CITIZENS BUSINESS BANK,8,2019-10-16,2019-10-16,0.0411942059073386,-0.0007735055614875,1.0405631243204514,169,False,-0.6667,-0.0584,12,2019-09-30,False,41,0.5523001420450683,16.242992081877244,0.0188724446016236,0.0008822527494008,0.1744314873616443,0.9434912402762984,False,-0.0114576352659936,False,0.0035792853852453
60143,COMERICA BANK,8,2019-10-16,2019-10-16,0.0048286939605326,-0.0016583376036674,1.1869870485012268,169,False,-0.6667,-0.0584,12,2019-09-30,False,31,0.5823496153648465,18.10453060752106,0.0170473512129318,0.0048742596368579,0.1044378901159201,0.8940749364296438,False,-0.007938919964386,False,0.0021572639562136
601050,COMMERCE BANK,8,2019-10-16,2019-10-16,0.077058682380598,-0.000790912617686,0.9692460769982604,169,False,-0.6667,-0.0584,12,2019-09-30,False,41,0.3589379706158655,17.065184959924803,0.0160596113310927,0.0019361777375396,0.1102697686411854,0.8911235602626049,False,-0.0054987344605712,False,-0.0029589553183859
682563,FROST BANK,8,2019-10-16,2019-10-16,0.0710177651260564,-0.0013457130088224,1.1774554810980615,169,False,-0.6667,-0.0584,12,2019-09-30,False,41,0.4626952591737389,17.317204977726966,0.0139666013407267,0.007642063278506,0.1169298952649601,0.9300008213606196,False,0.0467918441200626,False,0.0340513330383314
723112,"FIFTH THIRD BANK, NATIONAL ASSOCIATION",8,2019-10-16,2019-10-16,0.0347241711258527,-0.0002383201049334,1.0671816545966737,169,False,-0.6667,-0.0584,12,2019-09-30,False,31,0.5709018441967042,18.94830141206185,0.0152206261723183,0.0081504439994706,0.1364238366677615,0.8873284115945012,False,-0.0161464794397291,False,0.0010314327573429
233031,REGIONS BANK,8,2019-10-16,2019-10-16,0.0439463342085726,-0.0005735172836702,1.2925092098771604,169,False,-0.6667,-0.0584,12,2019-09-30,False,31,0.3496886739052128,18.663964120607066,0.0139560775581568,0.008219934240526,0.1325513748304493,0.8782324177264387,False,-0.0210332882656712,False,-0.0112862146352079
342634,TRUSTMARK NATIONAL BANK,8,2019-10-16,2019-10-16,-0.0061558979731112,-2.4668848605847e-05,0.985682952154438,169,False,-0.6667,-0.0584,12,2019-09-30,False,41,0.3659967835387605,16.424309543572836,0.0116450833735314,0.0103169876400785,0.1244613011465737,0.9476399833033472,False,-0.0174494348928205,False,0.0001680113718093
501105,MANUFACTURERS AND TRADERS TRUST COMPANY,8,2019-10-16,2019-10-16,0.0015557305900314,-0.000675348301671,0.9476262467505282,169,False,-0.6667,-0.0584,12,2019-09-30,False,31,0.4700769035648033,18.644148994546057,0.0156426533503724,0.0181654367491945,0.1217663601310147,0.8805843081923269,False,-0.0179179133996263,False,0.0054370534718825
165628,FIRST FINANCIAL BANK,8,2019-10-16,2019-10-16,-0.0136027970670345,-0.0011515463479651,1.2787137288850725,169,False,-0.6667,-0.0584,12,2019-09-30,False,41,0.3047373338530146,16.483397852855358,0.0149920600959339,0.0067104234238774,0.159368885541713,0.83623496280514,False,-0.0162486443400032,False,-0.0080278584183262
991340,1ST SOURCE BANK,8,2019-10-16,2019-10-16,0.1064876349653009,-0.0004384799852926,1.1604296912784908,169,False,-0.6667,-0.0584,12,2019-09-30,False,41,0.3156437070639876,15.71356630488826,0.0146614739281085,0.0023093873093873,0.1190215720042895,0.9203538327644184,False,-0.0110883852153092,False,-0.0164207658248645
485559,FIRST HORIZON BANK,8,2019-10-16,2019-10-16,-0.0050867771905691,0.0002686637169631,0.9567702240620204,169,False,-0.6667,-0.0584,12,2019-09-30,False,41,0.3988478359352546,17.589022845908815,0.0115847025264259,0.0062907508881758,0.120853461499375,0.8441193494688564,False,-0.0232749450417866,False,-0.0185634787728411
451965,"WELLS FARGO BANK, NATIONAL ASSOCIATION",8,2019-10-16,2019-10-16,0.0255328856754611,-0.0006314415668656,0.9512937450851934,169,False,-0.6667,-0.0584,12,2019-09-30,False,31,0.4986205850867546,21.258909723944985,0.0126516785012771,0.0143007199364223,0.0980756759540849,0.8882654187166539,False,0.0009953449257133,False,0.011787045213705
12311,"HUNTINGTON NATIONAL BANK, THE",8,2019-10-16,2019-10-16,0.018983653760484,-0.0003531175743737,1.1255632198388017,169,False,-0.6667,-0.0584,12,2019-09-30,False,31,0.3461885404042495,18.504933901382667,0.0150354895962797,0.0081274856554037,0.1136380133888067,0.8972761135097829,False,-0.0196137334610456,False,-0.0086016140460914
852218,"JPMORGAN CHASE BANK, NATIONAL ASSOCIATION",8,2019-10-16,2019-10-16,0.0601281193093972,-0.0001365595264849,1.0392863389697578,169,False,-0.6667,-0.0584,12,2019-09-30,False,31,0.4623186594454473,21.584942820453783,0.0134480884774384,0.0095660045885627,0.1035592936078207,0.7635939733467305,False,0.0216376799561287,False,0.0164136327788163
541101,"BANK OF NEW YORK MELLON, THE",8,2019-10-16,2019-10-16,0.0603541026673593,-0.0014241082826494,0.9499386388068172,169,False,-0.6667,-0.0584,12,2019-09-30,False,31,0.5070693609493393,19.53285399899318,0.0087472377144059,0.0029157919290879,0.0855091813111648,0.9187717777865678,False,0.0571386032941642,True,0.0434632170387002
210434,"NORTHERN TRUST COMPANY, THE",8,2019-10-16,2019-10-16,0.074146845211516,-0.0007983478936176,1.2841162878393744,169,False,-0.6667,-0.0584,12,2019-09-30,False,31,0.2490749534897355,18.634373836016778,0.0118527664575447,0.0040549881723432,0.0807557843856071,0.8732299973277806,False,0.055495193514558,True,0.0346222704766125
1394676,AMERICAN EXPRESS NATIONAL BANK,8,2019-10-16,2019-10-16,-0.0146408878744378,0.0003877374168216,1.042060532521513,169,False,-0.6667,-0.0584,12,2019-09-30,False,31,0.1306935523697882,18.60442898255168,0.0477412176413512,0.0081301399040477,0.1030745238356531,0.7222633927654422,False,-0.0481072437163041,True,-0.0773555259626459
480228,"BANK OF AMERICA, NATIONAL ASSOCIATION",8,2019-10-16,2019-10-16,0.0626434504801326,-0.0004620933256511,1.2759789050595134,169,False,-0.6667,-0.0584,12,2019-09-30,False,31,0.4084427539792624,21.318235530903983,0.015050024563664,0.006443459955254,0.116729620248696,0.9035812551753596,False,0.0192779335923647,False,0.0203466162755536
817824,"PNC BANK, NATIONAL ASSOCIATION",8,2019-10-16,2019-10-16,0.0377527093853738,-0.0002444251517275,1.0093634990903466,169,False,-0.6667,-0.0584,12,2019-09-30,False,31,0.4168984497632421,19.7963766341717,0.0113117744385775,0.0107976206440836,0.1054055662087839,0.8269847921120468,False,0.0086365182701514,False,0.0091081113083805
280110,KEYBANK NATIONAL ASSOCIATION,8,2019-10-16,2019-10-16,0.0225819434206676,-0.0002071498666878,1.1626210830165469,169,False,-0.6667,-0.0584,12,2019-09-30,False,31,0.4653027539871519,18.79350980274712,0.0125333060428339,0.0082244544515398,0.1160817707706325,0.9049499872013808,False,-0.0019787040505335,False,0.0016467550483433
504713,U.S. BANK NATIONAL ASSOCIATION,8,2019-10-16,2019-10-16,0.0487042382452972,5.525934522158085e-05,0.9110451963672064,169,False,-0.6667,-0.0584,12,2019-09-30,False,31,0.4920485637715065,19.983851876303792,0.0151730059308188,0.0102938352906511,0.1039627499827945,0.8722574963818246,False,0.0027980295778043,False,0.0131967365792054
34537,SEACOAST NATIONAL BANK,8,2019-10-16,2019-10-16,0.0514204930173823,-0.0019661691068693,1.3424979330324374,169,False,-0.6667,-0.0584,12,2019-09-30,False,41,0.265485926996332,15.745665819417878,0.0142652722992839,0.0051625185989307,0.1429926072986599,0.9606943144759654,False,-0.0111252915042104,False,-0.0010058837248918
476810,"CITIBANK, N.A.",8,2019-10-16,2019-10-16,0.0122100589294506,5.0556404534817005e-06,1.5118949569434768,169,False,-0.6667,-0.0584,12,2019-09-30,False,31,0.3439105882651862,21.110509267398683,0.011807877576099,0.0083587582052995,0.101536748556434,0.8330917978480284,False,-0.0050324835890505,False,0.0116646538052422
852320,TRUIST BANK,8,2019-10-16,2019-10-16,0.0176670001973481,-0.0002571508460791,1.0082662130496267,169,False,-0.6667,-0.0584,12,2019-09-30,False,31,0.4452061912212132,19.253094091837415,0.0150161384338324,0.0053617824825466,0.1310258127941675,0.86738342280266,False,-0.0183357470944674,False,0.0032705543300937
35301,STATE STREET BANK AND TRUST COMPANY,8,2019-10-16,2019-10-16,0.1231393841366566,-0.0022639741710711,1.1446556297460586,169,False,-0.6667,-0.0584,12,2019-09-30,False,31,0.5856285009828317,19.301816725432143,0.0094297409721416,0.0007739082365948,0.1090676322898195,0.8185584940406159,False,0.0566793351014206,True,0.0520928789157411
17147,FIRST MERCHANTS BANK,8,2019-10-16,2019-10-16,0.0360435856616623,-0.0009158886862148,1.255396119360795,169,False,-0.6667,-0.0584,12,2019-09-30,False,41,0.4087852554830057,16.32553241396421,0.0135614222898792,0.0027458207789174,0.1433590793614959,0.9375078798425636,False,-0.0092493134954156,False,-0.0016787549661584
572374,GREAT SOUTHERN BANK,8,2019-10-16,2019-10-16,0.0546854384022673,0.0002675313794741,1.1078559139381727,169,False,-0.6667,-0.0584,12,2019-09-30,False,41,0.5124635564868203,15.420168665308632,0.0161482010820395,0.0025682467551139,0.1301616628732448,0.9239765271231865,False,-0.0163287107142866,False,-0.016151722612214
489623,"PARK NATIONAL BANK, THE",8,2019-10-16,2019-10-16,0.0308195943937479,-0.0003411186030696,0.9825678192988612,169,False,-0.6667,-0.0584,12,2019-09-30,False,41,0.1788314246418179,15.97661802764396,0.0133662859543791,0.0140326665309778,0.1031175200841033,0.9292079784638556,False,-0.0168652279662799,False,-0.0209391885593584
595869,CATHAY BANK,8,2019-10-16,2019-10-16,0.0324756682688557,-0.0010025939737121,1.150991394265262,169,False,-0.6667,-0.0584,12,2019-09-30,False,31,0.341934275340187,16.70428181351738,0.0158670044958194,0.0032280411561595,0.1309635509320628,0.9406836756385728,False,-0.0175115904929237,False,-0.0235458270594542
1718188,NORTHRIM BANK,8,2019-10-16,2019-10-16,0.0170249242958395,-0.000187207444186,1.0274517653820294,169,False,-0.6667,-0.0584,12,2019-09-30,False,51,0.3183271348824829,14.287870159725964,0.0138415179861169,0.0154047387103013,0.1164484522133417,0.9650879276677696,False,0.0148891585658208,False,0.0113720258742129
463735,HANCOCK WHITNEY BANK,8,2019-10-16,2019-10-16,0.0574509201107028,-0.0011649419805257,1.4270460777528815,169,False,-0.6667,-0.0584,12,2019-09-30,False,41,0.4060729413216233,17.234201661620993,0.010516410247961,0.0113616399519111,0.1123974509972001,0.9038847849983316,False,-0.0157795073807248,False,-0.0155692598983987
339858,"BOKF, NATIONAL ASSOCIATION",8,2019-10-16,2019-10-16,0.0287737384578318,-0.0007885115351997,1.1991230243662088,169,False,-0.6667,-0.0584,12,2019-09-30,False,41,0.5676289756832601,17.577452747090437,0.0121856826548211,0.0118581480623466,0.1070051694880179,0.6872816378925359,False,-0.0063143454787441,False,0.0013103411290852
693345,"FIRST FINANCIAL BANK, NATIONAL ASSOCIATION",8,2019-10-16,2019-10-16,0.0237957082925553,-0.0006479226440287,0.9558142394908228,169,False,-0.6667,-0.0584,12,2019-09-30,False,51,0.2387719293805294,15.173514749288076,0.0114119898587902,0.0034900653811004,0.1365473167156368,0.941431214148983,False,-0.0124169311769676,False,-0.0191186015823432
702117,"NBT BANK, NATIONAL ASSOCIATION",8,2019-10-16,2019-10-16,0.0224350170561369,-0.0007312921397261,0.9509711931083534,169,False,-0.6667,-0.0584,12,2019-09-30,False,41,0.3589275811877872,16.07637429379937,0.0122799280325264,0.0046879921840724,0.117560056592541,0.9210657804460806,False,-0.0179239399073129,False,-0.0207440969472271
677176,TRUSTCO BANK,8,2019-10-16,2019-10-16,0.0633084132863419,2.764358236092418e-05,0.8113722212286028,169,False,-0.6667,-0.0584,12,2019-09-30,False,41,0.0806342716501015,15.46841764604092,0.011655504893046,0.0052655746589985,0.0976636202138625,0.9467446328896978,False,-0.0164898487972195,False,-0.0190407467546969
749242,RENASANT BANK,8,2019-10-16,2019-10-16,-0.048208592372319,-0.0005873905297429,1.1936009636722955,169,False,-0.6667,-0.0584,12,2019-09-30,False,41,0.3767528647383565,16.38204527346601,0.0141612238920002,0.0037311080139028,0.1767673075011908,0.9614619080782218,False,-0.0155650417444293,False,-0.0026753710834391
936426,S & T BANK,8,2019-10-16,2019-10-16,0.029365992669617,-0.0012982155687344,0.901128585555089,169,False,-0.6667,-0.0584,12,2019-09-30,False,41,0.2578182668802284,15.837754170317552,0.0140188480683052,0.0080563997952333,0.1288054132374319,0.9099241746439852,False,-0.0221855271434924,False,-0.0236860984177549
42420,FIRST COMMONWEALTH BANK,8,2019-10-16,2019-10-16,0.0261524039634203,-0.000733245413634,1.0406388643361992,169,False,-0.6667,-0.0584,12,2019-09-30,False,41,0.2298819260236452,15.911347458199074,0.0136813405992245,0.0047966971663946,0.131063086646195,0.9485008434979756,False,-0.01801497024699,False,-0.0268659372053303
143662,UMPQUA BANK,8,2019-10-16,2019-10-16,0.0420559569502859,-0.0011030760159607,1.10752645829967,169,False,-0.6667,-0.0584,12,2019-09-30,False,41,0.3349980014588021,17.179508542237322,0.0130842742473034,0.003449988987792,0.1578936443158371,0.927108856449368,False,-0.0177515037841208,False,-0.0202754042232133
61122,FIRST UNITED BANK & TRUST,8,2019-10-16,2019-10-16,-0.0182942647384662,0.0012992209342049,0.8219224923968709,169,False,-0.6667,-0.0584,12,2019-09-30,False,41,0.2929746401344001,14.167730292178256,0.0099534460537427,0.0117679617842059,0.102946025969241,0.8925230971093635,False,-0.0132566422493648,False,-0.0184389132514813
936855,"UMB BANK, NATIONAL ASSOCIATION",8,2019-10-16,2019-10-16,0.0331237721474828,-0.0008825175558163,1.1506332131288188,169,False,-0.6667,-0.0584,12,2019-09-30,False,41,0.6464967066058014,16.99209384926615,0.0099358224993924,0.0056918427771866,0.0951906703905276,0.8986889763347399,False,-0.0050632364366289,False,0.0016994790342028
577128,PEOPLES BANK,8,2019-10-16,2019-10-16,0.0471995937070186,-0.0005408593229338,0.8778798203627989,169,False,-0.6667,-0.0584,12,2019-09-30,False,41,0.2956130416465487,15.295501752690578,0.0130598409360058,0.0072561034986923,0.1295527084912109,0.8839555687361819,False,-0.0194090168351926,False,-0.0186474197793858
317342,STOCK YARDS BANK & TRUST COMPANY,8,2019-10-16,2019-10-16,0.0588833744316689,-0.0001392684979573,0.9335576445087234,169,False,-0.6667,-0.0584,12,2019-09-30,False,41,0.210973871846292,15.076784349299457,0.0185424672643203,0.0011211984039164,0.1061954749618616,0.938343052131596,False,-0.0165353018399241,False,-0.0142483483717924
584724,UNIFIED BANK,8,2019-10-16,2019-10-16,0.0056048848020727,0.0001063493386118,0.0662242164809346,169,False,-0.6667,-0.0584,12,2019-09-30,False,51,0.1543177709815027,13.422060479434316,0.0135719490656687,0.006219363108732,0.1117551595094297,0.9285741697687884,False,-0.0113754410039844,False,-0.0157388867743249
1386251,BANCFIRST,8,2019-10-16,2019-10-16,0.0495008243380449,-0.0005303306037841,1.0797227927144084,169,False,-0.6667,-0.0584,12,2019-09-30,False,41,0.2712585069726727,15.837556142887196,0.0170703485764685,0.0058007340469295,0.1121312945961621,0.9940561357009388,False,0.0132440846463141,False,-0.0010210759786549
100562,TRI COUNTIES BANK,8,2019-10-16,2019-10-16,0.034926002455673,-0.0005944258126392,0.9928946207089516,169,False,-0.6667,-0.0584,12,2019-09-30,False,41,0.2485301877726036,15.66916991394404,0.0149282967277573,0.0044308383485061,0.1484541686804368,0.9751588252998972,False,-0.0104064797452014,False,-0.0081463231299411
37640,GERMAN AMERICAN BANK,8,2019-10-16,2019-10-16,0.0265652297849607,-0.00020273927367,0.9743606772241096,169,False,-0.6667,-0.0584,12,2019-09-30,False,41,0.3217560076074201,15.284264012636717,0.0139600724431991,0.0043926278492995,0.1339538475032442,0.9196782728938692,False,-0.0014414126931096,False,-0.0067365011630953
981275,PREMIER BANK,8,2019-10-16,2019-10-16,0.1027739147724572,-0.0004730496946109,1.0404936367708737,169,False,-0.6667,-0.0584,12,2019-09-30,False,41,0.1662324782064922,15.016296991197397,0.0143115292680604,0.0055576015266664,0.1250830266326263,0.9579572441653434,False,-0.0186401943296893,False,-0.0209313244201479
435077,"PATHWARD, NATIONAL ASSOCIATION",8,2019-10-16,2019-10-16,0.0145773648962594,0.0021562225518992,0.8934504857111927,169,False,-0.6667,-0.0584,12,2019-09-30,False,41,0.0965331464700179,15.638478115862178,0.0183046290957811,0.006965763154598,0.1500998109754432,0.8257820135643749,False,-0.0374390185993839,False,-0.0425033270272743
2142155,QUAD CITY BANK AND TRUST COMPANY,8,2019-10-16,2019-10-16,0.0231248890936502,-0.0004230824254598,1.1484586429286363,169,False,-0.6667,-0.0584,12,2019-09-30,False,41,0.6806745968391578,14.324038143261353,0.0124028695467576,0.0053015241882041,0.101220140710988,0.9178302447327852,False,-0.016200078707045,False,-0.0066736054253526
921178,RIVERVIEW BANK,8,2019-10-16,2019-10-16,-0.01028900212502,-0.001140786855449,1.1433487848940798,169,False,-0.6667,-0.0584,12,2019-09-30,False,41,0.2157643585084133,13.974375820944086,0.0156915604543102,0.0016843877108887,0.1379438311522121,0.981352518839963,False,0.0069605353144279,False,0.0026833739988246
693224,ATLANTIC UNION BANK,8,2019-10-16,2019-10-16,0.0012560687633627,0.0004432503065046,1.2046312324225652,169,False,-0.6667,-0.0584,12,2019-09-30,False,41,0.3207061414317791,16.671736366505986,0.0117080718039067,0.004074978966743,0.1599568469260419,0.8985508218300754,False,-0.0190622552134037,False,-0.0138660327559413
470050,"FIRST FINANCIAL BANK, NATIONAL ASSOCIATION",8,2019-10-16,2019-10-16,0.0615672519932816,-0.0006190074454904,1.0951123562004252,169,False,-0.6667,-0.0584,12,2019-09-30,False,41,0.3954007691873761,15.90512196085417,0.0193902972292964,0.0062354874583868,0.1343707458288242,0.9299591756220142,False,-0.0127317215769752,False,-0.0205081710026149
936136,OLD SECOND NATIONAL BANK,8,2019-10-16,2019-10-16,0.0508469202214798,-0.0016045750824739,1.0607756432582438,169,False,-0.6667,-0.0584,12,2019-09-30,False,41,0.1805241805246597,14.775282912410376,0.0180414246551839,0.0071717111813091,0.1369601800312665,0.9260154826857068,False,-0.0102529154140186,False,-0.0137274033387048
694904,"FLAGSTAR BANK, NATIONAL ASSOCIATION",8,2019-10-16,2019-10-16,0.0087469807666378,0.0009013236988311,0.6702766845451524,169,False,-0.6667,-0.0584,12,2019-09-30,False,41,0.2978461001615468,17.776588568678825,0.0081203887848931,0.0013757883000336,0.1363226532796855,0.7000850026229702,False,0.0019322331588067,False,0.0039885188949872
229801,VALLEY NATIONAL BANK,8,2019-10-16,2019-10-16,0.0220311789873422,-3.9252140035916175e-05,1.194315959610002,169,False,-0.6667,-0.0584,12,2019-09-30,False,41,0.3518871294549967,17.33409418546103,0.0116918679235445,0.0066537811955301,0.110553368860909,0.8544529485953488,False,-0.0224982521293608,False,-0.0103947298661955
481177,LANDMARK NATIONAL BANK,8,2019-10-16,2019-10-16,0.015132176709518,0.0001101155471585,0.134585318536946,169,False,-0.6667,-0.0584,12,2019-09-30,False,41,0.2657831586702318,13.82107902523263,0.0103634637517435,0.0109666254817983,0.123952847300673,0.95222597705403,False,-0.0053705372663357,False,-0.006494138539343
272272,SOUTHERN BANK,8,2019-10-16,2019-10-16,0.0143281527377123,-0.0007665778642751,0.8976057688374451,169,False,-0.6667,-0.0584,12,2019-09-30,False,51,0.134679675966677,14.621105678946432,0.0140010163709599,0.0073981364568619,0.1075071446827296,0.940744679146741,False,-0.0153940507113896,False,-0.0360019485125489
764030,AMERIS BANK,8,2019-10-16,2019-10-16,0.0621044296884906,-0.0006690151249863,1.3511447908588916,169,False,-0.6667,-0.0584,12,2019-09-30,False,41,0.3045348499968119,16.687673424558767,0.0090046286683542,0.0077008185125627,0.1455469316736676,0.9065841759788392,False,-0.023457124015108,False,-0.018971813129853
2236821,"PATRIOT BANK, NATIONAL ASSOCIATION",8,2019-10-16,2019-10-16,-0.0062739011625395,-0.0001780524604816,-0.0207498736845904,169,False,-0.6667,-0.0584,12,2019-09-30,False,51,0.1531099666007913,13.7872746503117,-6.994740572272642e-05,0.0238558158962526,0.09934691753098,0.874377983026089,False,-0.0249252383667196,False,-0.0065660369198314
268677,CARVER FEDERAL SAVINGS BANK,8,2019-10-16,2019-10-16,0.0534160690698099,0.0005280199132348,0.8001537748086041,169,False,-0.6667,-0.0584,12,2019-09-30,False,41,0.145795317091825,13.287501473887696,-0.0067437804281158,0.0189183076227139,0.1129018037295389,0.919652669866263,False,-0.0172337850810435,False,-0.0004582383491034
112837,"CAPITAL ONE, NATIONAL ASSOCIATION",8,2019-10-16,2019-10-16,0.031519353297757,-0.0002897940056629,1.309644409071371,169,False,-0.6667,-0.0584,12,2019-09-30,False,31,0.2854192115728922,19.578119957979844,0.0090602509890242,0.0079835750330257,0.1350892100638455,0.920787043424598,False,-0.0323533217727303,True,-0.038154888354481
1002878,NORTHWEST BANK,8,2019-10-16,2019-10-16,0.0550493475013453,-0.0008598142216777,0.6771949695312444,169,False,-0.6667,-0.0584,12,2019-09-30,False,41,0.1481159514393581,16.188078232520642,0.0109890120136374,0.007403051405563,0.1307381564108553,0.9449230709162604,False,-0.0184023696378016,False,-0.0132439230463765
697763,WESTAMERICA BANK,8,2019-10-16,2019-10-16,0.054491793834306,-0.0001945009136927,0.9415267208356948,169,False,-0.6667,-0.0584,12,2019-09-30,False,41,0.3180814726731477,15.536366223894785,0.0144969619679284,0.0041068486598913,0.1006693313967791,0.954778910830442,False,0.0100093683837332,False,0.033136373748524
749635,AUBURNBANK,8,2019-10-16,2019-10-16,-0.0170470351261058,0.0012297059319422,0.6551689910053105,169,False,-0.6667,-0.0584,12,2019-09-30,False,51,0.3517084181946296,13.62404007710493,0.0114191969100996,0.0005748864706475,0.115472834195586,0.992894236390546,False,0.0033150997456149,False,-0.0033009133191314
959304,FLUSHING BANK,8,2019-10-16,2019-10-16,0.0565412704635374,-0.0012961100387898,0.8143386462814692,169,False,-0.6667,-0.0584,12,2019-09-30,False,41,0.2853749441795206,15.777135297792656,0.0064672808717806,0.0030901374198002,0.0947633559939422,0.7747324422275459,False,-0.021327681267691,False,-0.0145366293770362
352772,BANNER BANK,8,2019-10-16,2019-10-16,0.0419523463995954,-0.0007947227152174,1.0578111811386728,169,False,-0.6667,-0.0584,12,2019-09-30,False,41,0.2496657868577109,16.283149305325097,0.0130501927272032,0.0020247872477213,0.1319640980370279,0.9289217096327884,False,-0.0086181809217554,False,-0.0087680812898825
498317,"OHIO VALLEY BANK COMPANY, THE",8,2019-10-16,2019-10-16,0.0486109790080331,-0.0015583342539129,1.325253707772193,169,False,-0.6667,-0.0584,12,2019-09-30,False,41,0.2742904690285205,13.84554691606078,0.007421697596876,0.0117766745446348,0.1168616544330281,0.9468489682627762,False,-0.0162120185493118,False,-0.019627042356901
506922,SANDY SPRING BANK,8,2019-10-16,2019-10-16,0.0371412761833134,-0.0004094335595272,1.0049230741546875,169,False,-0.6667,-0.0584,12,2019-09-30,False,41,0.3849086972732699,15.946720206290475,0.0141498632095485,0.0076587537945473,0.1352112722865093,0.894513916625148,False,-0.022098088772084,False,-0.0208093804480615
3317932,CONNECTONE BANK,8,2019-10-16,2019-10-16,0.0102092946216724,-0.0003149276187223,1.1136745200667375,169,False,-0.6667,-0.0584,12,2019-09-30,False,41,0.5697204324514666,15.633768163315214,0.0123196335381339,0.0105797054114185,0.1300857280030851,0.8901603670842879,False,-0.014934968098158,False,-0.0061087658151687
276579,"ZIONS BANCORPORATION, NATIONAL ASSOCIATION",8,2019-10-16,2019-10-16,0.075969141161817,-0.0009680258118332,1.1619982643051276,169,False,-0.6667,-0.0584,12,2019-09-30,False,41,0.4648232003738003,18.069147473213647,0.0119875764992244,0.0049031884895538,0.1067190581170402,0.8931944903392972,False,-0.0139818542631828,False,0.0038995069733252
1412712,"COMMUNITY WEST BANK, NATIONAL ASSOCIATION",8,2019-10-16,2019-10-16,0.0017167138129685,-7.427608477788204e-05,0.0651083916667947,169,False,-0.6667,-0.0584,12,2019-09-30,False,51,0.3931986815510269,13.713566422051908,0.0078501720039568,0.0086363158474749,0.087277982017097,0.9249630881480502,False,-0.0263008405057456,False,-0.0234271038061045
1929247,"SOUTHSTATE BANK, N.A.",8,2019-10-16,2019-10-16,0.0098478586721922,0.0002181527500754,1.1647032721241533,169,False,-0.6667,-0.0584,12,2019-09-30,False,41,0.3750198029947962,16.672503443655994,0.0120924518179585,0.0042316086341259,0.1684079880765785,0.9234609628641208,False,-0.0178741044247954,False,-0.009323603043626
1890525,UNITY BANK,8,2019-10-16,2019-10-16,-0.0087115295404438,-0.0008377049062796,0.675813750629409,169,False,-0.6667,-0.0584,12,2019-09-30,False,41,0.280055068945944,14.321580290386256,0.0134678997973786,0.0041742017988023,0.0950475626658242,0.8497060151968759,False,-0.0245520414788516,False,-0.0208676245435652
876634,CAPITAL CITY BANK,8,2019-10-16,2019-10-16,0.0517852309588407,-0.0006685857205893,1.0836127777997802,169,False,-0.6667,-0.0584,12,2019-09-30,False,41,0.2974518759482143,14.88428337834114,0.0109082433661972,0.002679230584949,0.1219113649132977,0.9834845757741446,False,0.0047691869752582,False,0.0089786878002194
2239288,"WINTRUST BANK, NATIONAL ASSOCIATION",8,2019-10-16,2019-10-16,0.0249369813267636,-0.0014856849520158,1.2449087589643306,169,False,-0.6667,-0.0584,12,2019-09-30,False,41,0.4604537810059282,15.6787759383483,0.0155016170533924,0.0026174814976727,0.1094843598980689,0.970988028188156,False,-0.0162611795397977,False,-0.0221513265062217
556815,"PEOPLES BANK, A CODORUS VALLEY COMPANY",8,2019-10-16,2019-10-16,0.0185902515787293,-0.0005078037119053,1.0150084475799843,169,False,-0.6667,-0.0584,12,2019-09-30,False,41,0.1961224408839227,14.439166707262004,0.0105288151545475,0.021386849443618,0.1048266717120365,0.9358048759458686,False,-0.0186136608102238,False,-0.022322255958766
729310,PATHFINDER BANK,8,2019-10-16,2019-10-16,0.0021572665333441,-0.0007334236139949,-0.1092040178657492,169,False,-0.6667,-0.0584,12,2019-09-30,False,41,0.2327122294004306,13.866479299690306,0.0038747240146094,0.0073356201181964,0.076618612739834,0.9082430546119352,False,-0.0145740731177756,False,-0.0023522987072022
431172,PACIFIC PREMIER BANK,8,2019-10-16,2019-10-16,0.0721303038186106,-0.0002514495808597,1.292474963123148,169,False,-0.6667,-0.0584,12,2019-09-30,False,41,0.4231489909477078,16.28458436044244,0.0143460162814178,0.0009252024743261,0.1858255622358612,0.9244538337418448,False,-0.0118134031195093,False,-0.0055643399086109
107244,BANK OZK,8,2019-10-16,2019-10-16,0.0637639426491436,-0.0004752944447586,1.6000400327516515,169,False,-0.6667,-0.0584,12,2019-09-30,False,41,0.3967996773115602,16.96836106095426,0.0185220959816893,0.0036040900484588,0.1742673990443572,0.954394572478327,False,-0.0344947924036653,False,-0.0396220930297663
874845,LAKE CITY BANK,8,2019-10-16,2019-10-16,0.056409151593647,-0.0005677195338286,1.0541954399779017,169,False,-0.6667,-0.0584,12,2019-09-30,False,41,0.5020051466362523,15.412254846154385,0.0181716057317366,0.0047052022691157,0.120221400614511,0.9879444728789204,False,-0.0144595414005938,False,-0.0177543177818393
522605,BAR HARBOR BANK AND TRUST COMPANY,8,2019-10-16,2019-10-16,-0.0159125031689,-0.0009618301462757,1.087044567433436,169,False,-0.6667,-0.0584,12,2019-09-30,False,41,0.2028779952020114,15.09921666825782,0.0078855163378849,0.0067648156641081,0.1158173670094742,0.7852600994895194,False,-0.0157274800260288,False,-0.0116096774991141
593007,CAMDEN NATIONAL BANK,8,2019-10-16,2019-10-16,0.0121147229278527,-2.73053321706515e-05,1.0873611610950362,169,False,-0.6667,-0.0584,12,2019-09-30,False,41,0.2552065090064534,15.31969661550342,0.0130616917406086,0.0032378417841803,0.1124979974398337,0.913477641165562,False,-0.0136864885143256,False,-0.0141826131463913
786612,MID PENN BANK,8,2019-10-16,2019-10-16,0.0215806808511775,-0.0005527446256674,1.0655186108018455,169,False,-0.6667,-0.0584,12,2019-09-30,False,41,0.3053210145291707,14.625821026621196,0.0087663201112155,0.0028680387761637,0.1119591426866245,0.9466565908173556,False,-0.023900306148765,False,-0.0247657829200462
881478,HERITAGE BANK,8,2019-10-16,2019-10-16,0.0466096978467251,-0.0017350009446568,1.130901765568138,169,False,-0.6667,-0.0584,12,2019-09-30,False,41,0.3751780987435308,15.522232700482707,0.0130251713523169,0.0111064900975604,0.1470753790509952,0.9747621190314348,False,-0.0014860248589772,False,0.0056831326935307
671464,BANK OF HOPE,8,2019-10-16,2019-10-16,0.019393986272435,-0.0001687040031514,1.1943434290499146,169,False,-0.6667,-0.0584,12,2019-09-30,False,41,0.3893534967572641,16.54859315132358,0.0120543533444189,0.0078343737412426,0.1499485865778946,0.9374232731848644,False,-0.0201186931337842,False,-0.0121094505116801
606046,CADENCE BANK,8,2019-10-16,2019-10-16,0.0227457897233756,-0.0006709596514254,1.14569746248187,169,False,-0.6667,-0.0584,12,2019-09-30,False,41,0.3194345756090711,16.804367450158406,0.0113049257569682,0.006481561593644,0.1253300866879686,0.9116334802752024,False,-0.0192973281889898,False,-0.0052697501118349
782306,BROOKLINE BANK,8,2019-10-16,2019-10-16,0.0485995608090782,-0.0005993292228153,0.8697200023650248,169,False,-0.6667,-0.0584,12,2019-09-30,False,41,0.292857533815257,15.420745851754766,0.0130127060198393,0.0038594594619178,0.1089693958523254,0.7989250009410637,False,-0.0219106774770163,False,-0.017530312898505
1001152,INTERNATIONAL BANK OF COMMERCE,8,2019-10-16,2019-10-16,0.0426582739366931,-0.0009618330881392,1.3378548127775205,169,False,-0.6667,-0.0584,12,2019-09-30,False,41,0.3402099097756227,15.958608239410216,0.0193068722604988,0.0014050934061684,0.1719889976397542,0.8885514221905295,False,-0.0161250543999092,False,-0.0230882275212746
59316,WAYNE BANK,8,2019-10-16,2019-10-16,0.0212726996238708,-0.0012147231397853,0.9770181726991204,169,False,-0.6667,-0.0584,12,2019-09-30,False,51,0.227716010766879,14.011544337711705,0.0119385024100584,0.0015352811131726,0.1094817552327531,0.901532801169677,False,-0.0168216655280655,False,-0.0282524499556764
491934,COLONY BANK,8,2019-10-16,2019-10-16,-0.0135389076762708,0.0003883230785471,0.255705823985826,169,False,-0.6667,-0.0584,12,2019-09-30,False,51,0.1868227359631792,14.203150402503397,0.0084452042383469,0.0104903024429797,0.1115630210811137,0.9572939193085996,False,-0.012140360619186,False,-0.0016234677211804
361167,SOUTHSIDE BANK,8,2019-10-16,2019-10-16,0.0201090241542695,-0.0006551117827985,1.053567934933241,169,False,-0.6667,-0.0584,12,2019-09-30,False,41,0.3105310331609053,15.69305819803693,0.0130587044628338,0.0048987165362674,0.1441022979438628,0.8065557885052179,False,-0.0151619802943948,False,-0.0199236568396881
316840,REPUBLIC BANK & TRUST COMPANY,8,2019-10-16,2019-10-16,0.0244774435902028,-0.0005322552065449,1.2013236704201888,169,False,-0.6667,-0.0584,12,2019-09-30,False,41,0.3029890839751468,15.622690025569186,0.014273529816746,0.0042812886495195,0.1115382513432515,0.73468045709996,False,-0.0232605946407203,False,-0.0313312003272455
2209553,HERITAGE BANK OF COMMERCE,8,2019-10-16,2019-10-16,0.0308084022682351,-0.0007347570831433,1.07604797419262,169,False,-0.6667,-0.0584,12,2019-09-30,False,41,0.5574928398959779,14.972747666255117,0.0156711510242265,0.0075823940716077,0.129976373190424,0.9790967821191908,False,0.0119731658589815,False,0.0106509226185249
821906,SALISBURY BANK AND TRUST COMPANY,8,2019-10-16,2019-10-16,-0.0108213955947065,0.0002441421151075,0.538908253335951,169,False,-0.6667,-0.0584,12,2019-09-30,False,51,0.2999734698449173,13.950251219128782,0.0101493859097159,0.0058089535770497,0.1039012794518632,0.94475750766566,False,-0.0141076648511813,False,-0.0140953952543984
416245,BUSEY BANK,8,2019-10-16,2019-10-16,0.0543180360419532,-0.0007808345190191,0.9785966791120798,169,False,-0.6667,-0.0584,12,2019-09-30,False,41,0.2984310005542955,15.870109947748292,0.0133374151520133,0.0051814680905765,0.1459186533176331,0.9573997254915376,False,8.197239884405274e-05,False,-0.0021780171512724
399517,CNB BANK,8,2019-10-16,2019-10-16,0.1043483217896008,-4.1072644988336275e-05,1.127340493036639,169,False,-0.6667,-0.0584,12,2019-09-30,False,41,0.2923281159162283,15.074494422215142,0.0112725134382841,0.005358503964017,0.0972482857687215,0.9066948636635478,False,-0.0189990846826227,False,-0.0231166179595208
664756,PROSPERITY BANK,8,2019-10-16,2019-10-16,0.0452732820415137,-0.0007728346666519,1.1371755559454817,169,False,-0.6667,-0.0584,12,2019-09-30,False,41,0.3544888249759467,16.910325386957847,0.0153409884311939,0.0047139865444231,0.1862710793646322,0.9442298887955652,False,0.0021494546583666,False,0.0019362759216056
767974,CFBANK NATIONAL ASSOCIATION,8,2019-10-16,2019-10-16,0.0629787431775327,-5.931454631644805e-05,0.1616445561487467,169,False,-0.6667,-0.0584,12,2019-09-30,False,51,0.2053547282069773,13.57345683100042,0.0131734380957961,0.0033657592683397,0.0951868374321986,0.9682876454861458,False,-0.0202953631945948,False,-0.0184817794181348
716374,FIRST HARRISON BANK,8,2019-10-16,2019-10-16,0.0242245062286966,0.0015392874235977,0.272911883724719,169,False,-0.6667,-0.0584,12,2019-09-30,False,51,0.2353637457306027,13.61460783558596,0.012011527415101,0.0040766834612087,0.1092162270535653,0.9926181939968266,False,0.0070742222925307,False,0.0123611944077624
197478,EAST WEST BANK,8,2019-10-16,2019-10-16,0.0030454829807614,-0.0016522677702322,1.544466945476339,169,False,-0.6667,-0.0584,12,2019-09-30,False,31,0.4894736847817392,17.582357190407034,0.0153471434900705,0.0039016883627962,0.1123778477901192,0.9601951360984196,False,-0.01286575047623,False,-0.0139063912017444
958727,AMERICAN NATIONAL BANK AND TRUST COMPANY,8,2019-10-16,2019-10-16,0.0177166866734409,2.2643936251157348e-05,1.1005177803104764,169,False,-0.6667,-0.0584,12,2019-09-30,False,41,0.3400476791145892,14.70815469997548,0.0086119203558465,0.0012817021003893,0.1363045277703713,0.973298292519036,False,-0.0104652809653532,False,-0.0051935105132805
968070,CAPITOL FEDERAL SAVINGS BANK,8,2019-10-16,2019-10-16,0.0358096209596899,-5.214230356964043e-06,0.6075884991744871,169,False,-0.6667,-0.0584,12,2019-09-30,False,41,0.1212702089557594,16.051792907829245,0.0099170003659784,0.0010196116346143,0.1249120182508368,0.7078430656662461,False,-0.0177135245805628,False,-0.0070058531830319
202907,"COMMUNITY BANK, NATIONAL ASSOCIATION",8,2019-10-16,2019-10-16,0.0613474165963055,-0.0006406582275638,1.0647973899035863,169,False,-0.6667,-0.0584,12,2019-09-30,False,41,0.3660303476532535,16.248375124320237,0.012279600745599,0.0041837731932108,0.1372838985531889,0.9557606138911302,False,0.0082339654928668,False,0.007491222392422
601416,FIVE STAR BANK,8,2019-10-16,2019-10-16,0.0245271203939953,6.49759802210903e-05,0.8624853481937325,169,False,-0.6667,-0.0584,12,2019-09-30,False,41,0.3089217923626207,15.273974871633335,0.0123131733960528,0.0030947085795009,0.1013041035021091,0.9318866610935838,False,-0.0130083048243531,False,-0.0247835618124001
662369,BANK OF THE SIERRA,8,2019-10-16,2019-10-16,0.0225965583646563,-0.000620052798255,1.0430708997860294,169,False,-0.6667,-0.0584,12,2019-09-30,False,41,0.2944476923097855,14.784669982633991,0.0143332948872822,0.0037548469792947,0.1250364225747118,0.956075129056247,False,-0.0014938907324026,False,0.0063714246354098
439404,FIRST NATIONAL BANK,8,2019-10-16,2019-10-16,0.0263863690048027,-0.000863382465219,0.8439740754945889,169,False,-0.6667,-0.0584,12,2019-09-30,False,41,0.1604538027652221,14.50922507755699,0.0128293859901172,0.0133471906833049,0.0897785506724933,0.8917592106621224,False,-0.012853950463783,False,-0.0214266815987469
2608754,MERCANTILE BANK,8,2019-10-16,2019-10-16,0.0631015514638929,-0.0003281157245726,0.9995566835082924,169,False,-0.6667,-0.0584,12,2019-09-30,False,41,0.3466302402763865,15.121835417064364,0.0147784736481305,0.0009307831466198,0.1168327385365996,0.8501105280539488,False,-0.0213916887997085,False,-0.0243758251356513
29636,"CITIZENS BANK OF PHILADELPHIA, THE",8,2019-10-16,2019-10-16,0.0233782467993569,4.232856245670556e-05,0.1411051859660335,169,False,-0.6667,-0.0584,12,2019-09-30,False,51,0.3399749275839285,13.86372722438197,0.0052944640641586,0.0266526996946132,0.0924539593176278,0.8359021689940013,False,-0.0077057562247196,False,-0.0078398205359504
2652092,EAGLEBANK,8,2019-10-16,2019-10-16,0.0712611507854576,-0.0015856479584677,0.8677619430018076,169,False,-0.6667,-0.0584,12,2019-09-30,False,41,0.4325299901663685,16.012141514698197,0.0172408981819099,0.0075742048727165,0.14791855922498,0.9747004964130548,False,-0.012250394119973,False,-0.0046747916396503
1436204,BANK OF MARIN,8,2019-10-16,2019-10-16,0.0696193720265648,-0.0008347657835753,0.9069561005684988,169,False,-0.6667,-0.0584,12,2019-09-30,False,41,0.4337249307599235,14.767960397981463,0.013414854331626,0.0002346151921676,0.1239948118324786,0.9860383652089204,False,0.0090072586962107,False,0.0184998197182493
2634351,MACATAWA BANK,8,2019-10-16,2019-10-16,0.0184176172973703,-0.0005228582281226,0.9097668364981916,169,False,-0.6667,-0.0584,12,2019-09-30,False,51,0.4011572886910935,14.57770980825892,0.0159030585389344,0.0001530600401583,0.1141996393813486,0.9624776637081616,False,0.0242106096454786,False,0.0348317759561162
754929,"NATIONAL BANK OF BLACKSBURG, THE",8,2019-10-16,2019-10-16,0.0646913337704459,-0.0007523634046464,0.5580426269847095,169,False,-0.6667,-0.0584,12,2019-09-30,False,41,0.3048477160924328,14.053990306320388,0.0137606704282667,0.005917584389059,0.1461099582610504,0.9855857501628442,False,0.0031870364014207,False,-0.0097890894922004
687009,LAKELAND BANK,8,2019-10-16,2019-10-16,0.0303146266538161,-0.0007410434440781,0.9570440471570416,169,False,-0.6667,-0.0584,12,2019-09-30,False,41,0.4151377753564857,15.685434202297126,0.0113363526409025,0.0044291159772746,0.1218842871413596,0.919549274711078,False,-0.0193635880804353,False,-0.0113337315963972
2634191,GLACIER BANK,8,2019-10-16,2019-10-16,0.0537259151186844,-0.0009302714878274,1.121611095367753,169,False,-0.6667,-0.0584,12,2019-09-30,False,41,0.2183849459894781,16.43343041405812,0.0160029987201598,0.0049710995009194,0.1499701506823321,0.9382424411318944,False,-0.0059205939404313,False,0.0038236957035506
186221,"OLD POINT NATIONAL BANK OF PHOEBUS, THE",8,2019-10-16,2019-10-16,-0.0161582655906536,0.0008624039524414,-0.132928891702289,169,False,-0.6667,-0.0584,12,2019-09-30,False,41,0.1900777502640738,13.858808524733874,0.007385211764627,0.0122496592078535,0.0991880289088139,0.9208682728942712,False,-0.0137825305117136,False,-0.0105365029205011
474919,"FULTON BANK, NATIONAL ASSOCIATION",8,2019-10-16,2019-10-16,0.0599873811343336,-0.0008604974973992,1.1347464556761178,169,False,-0.6667,-0.0584,12,2019-09-30,False,41,0.3279132876881852,16.88655538501534,0.0117280212750427,0.0081236347742279,0.1170318870591569,0.9171032689052876,False,-0.0187881229994057,False,-0.0116237099122019
473501,BERKSHIRE BANK,8,2019-10-16,2019-10-16,0.0413643057938591,-0.0003696385823656,1.1049466668752,169,False,-0.6667,-0.0584,12,2019-09-30,False,41,0.2673302075841028,16.418555143387174,0.0073971767453607,0.0063257278603719,0.1302707216816075,0.8941663084447653,False,-0.006071137505635,False,-0.0052978606373965
508346,HAWTHORN BANK,8,2019-10-16,2019-10-16,0.0053398702219426,1.9894794407211657e-06,0.6671456584026204,169,False,-0.6667,-0.0584,12,2019-09-30,False,41,0.2140536488203036,14.181189246270652,0.0130318679072331,0.0041345424040266,0.1114602092831593,0.889388307361751,False,-0.0179785636070978,False,-0.0224477178060989
236706,PEAPACK-GLADSTONE BANK,8,2019-10-16,2019-10-16,0.0210322691680251,-0.0003750921331052,0.9928481015915088,169,False,-0.6667,-0.0584,12,2019-09-30,False,41,0.4926057042729736,15.408980254342362,0.0104327358076906,0.0070503322651738,0.1167539459595232,0.9346613041647588,False,-0.0165559182455959,False,-0.0163614481640267
657365,HANMI BANK,8,2019-10-16,2019-10-16,0.0184461349422728,-0.0014507880038272,1.1845711593327286,169,False,-0.6667,-0.0584,12,2019-09-30,False,41,0.3169513908981496,15.522550385805824,0.008727370178615,0.0140270756604212,0.1216561492822195,0.9700589119109454,False,-0.0176250759068114,False,-0.018884309570469
636771,INDEPENDENT BANK,8,2019-10-16,2019-10-16,0.0592360116684095,-0.001284848370349,1.0101094065349396,169,False,-0.6667,-0.0584,12,2019-09-30,False,41,0.150882567180789,15.08240717423628,0.0126725710052634,0.002501319301976,0.1016865930347434,0.968225849444157,False,-0.0050151155965604,False,-0.0082808602508762
2353595,FIRST COMMUNITY BANK,8,2019-10-16,2019-10-16,0.0057336968560276,-0.0006843853541944,1.0094973842431598,169,False,-0.6667,-0.0584,12,2019-09-30,False,51,0.1352614566245061,14.604935631761007,0.0181412238756718,0.0100659294469907,0.1422822449174208,0.981753552244116,False,-0.0151104451513525,False,-0.0217290485170049
780218,"UNION BANK COMPANY, THE",8,2019-10-16,2019-10-16,-0.0133877472300243,-0.0003622652733245,0.3778553118134652,169,False,-0.6667,-0.0584,12,2019-09-30,False,41,0.1379792891127903,13.68256185268736,0.0114340974593855,0.0020559106161132,0.1274354376306381,0.9260608504082132,False,-0.0012814562830589,False,-0.0055661017586011
542528,CIVISTA BANK,8,2019-10-16,2019-10-16,0.0359366586161022,0.0001937584101833,1.0348260761805537,169,False,-0.6667,-0.0584,12,2019-09-30,False,41,0.2394551723221158,14.63161182566305,0.0157877787677072,0.0037228006609464,0.1407104942597599,0.8566491970443987,False,-0.0170280420963275,False,-0.010426509256074
933023,"SHORE UNITED BANK, NATIONAL ASSOCIATION",8,2019-10-16,2019-10-16,-0.0004697566866675,-0.0003783308083925,0.8987778816628442,169,False,-0.6667,-0.0584,12,2019-09-30,False,41,0.1523172390660231,14.261639568096731,0.0105744716124725,0.0107219633451683,0.1144699354073892,0.9697510954719528,False,-0.0148514407767525,False,-0.0091831107214406
1162017,UNITED SECURITY BANK,8,2019-10-16,2019-10-16,-0.0098015206488726,5.913015796235975e-05,0.7283305955629749,169,False,-0.6667,-0.0584,12,2019-09-30,False,51,0.4857042862836977,13.77073597056384,0.0161107758766439,0.0229727428046658,0.1291971558638086,0.9882679034867228,False,-0.0127012428542406,False,-0.0117799094349245
628123,"BANK OF GLEN BURNIE, THE",8,2019-10-16,2019-10-16,-0.012255607694147,0.0003920581024684,0.1172265444265071,169,False,-0.6667,-0.0584,12,2019-09-30,False,41,0.0671941618943103,12.856948865658929,0.0041622766297034,0.014974162436727,0.0921360094303209,0.9344929118251152,False,0.006400903483846,False,0.0161945903378815
333203,UNION BANK,8,2019-10-16,2019-10-16,0.0144632445167541,-0.0039146791619045,0.933944067375326,169,False,-0.6667,-0.0584,12,2019-09-30,False,41,0.1162177437160738,13.646179063789797,0.0129601486484512,0.0029072145018699,0.0832143885130693,0.9304294572060928,False,-0.0066791957447105,False,-0.0030754724709081
2925666,PINNACLE BANK,8,2019-10-16,2019-10-16,0.047454129077569,-0.0004009120930777,1.2417771271697504,169,False,-0.6667,-0.0584,12,2019-09-30,False,41,0.4148793471145374,17.126693111334554,0.0149161995354626,0.0038947024474696,0.1672661675674711,0.8849855819058865,False,-0.0190322118977702,False,-0.0081694133228202
139740,WEST BANK,8,2019-10-16,2019-10-16,0.0241443963392456,-0.0004209247696452,1.1718845686257024,169,False,-0.6667,-0.0584,12,2019-09-30,False,41,0.40668286252614,14.714187473347195,0.0120764499861786,0.0002836562804549,0.0943464513011373,0.911848990583938,False,-0.015774018229613,False,-0.016394526690766
494261,PACIFIC WESTERN BANK,8,2019-10-16,2019-10-16,-0.0138910207567468,-0.0003970752241457,1.187595345978473,169,False,-0.6667,-0.0584,12,2019-09-30,False,41,0.5480849457721251,17.09952436175932,0.0184493370856333,0.0052873444689896,0.1951030588895251,0.923748470965562,False,-0.0199655718948071,False,-0.0051787949036572
2760232,VILLAGE BANK,8,2019-10-16,2019-10-16,0.013270728903721,0.0006742640228611,0.1933767999575771,169,False,-0.6667,-0.0584,12,2019-09-30,False,51,0.2370637333249762,13.231013277101711,0.0089034648639662,0.0109754145225843,0.093658613599911,0.9474506217561196,False,-0.0099964926062443,False,-0.0115328213065791
2328137,FIRST COMMUNITY BANK,8,2019-10-16,2019-10-16,0.0308078506517703,-0.0007439736064386,0.4642857380356871,169,False,-0.6667,-0.0584,12,2019-09-30,False,41,0.2187799934893782,13.937529055818244,0.0105283500401997,0.0030958008926739,0.1154353743001925,0.9529008094188376,False,-0.0087629933296706,False,0.000302208434484
204004,PROVIDENT BANK,8,2019-10-16,2019-10-16,0.0221442989735628,-0.0005223156765071,0.7098996804869799,169,False,-0.6667,-0.0584,12,2019-09-30,False,41,0.5252587318568847,16.109810725547334,0.0116253842242859,0.0055017246470824,0.1360051375887031,0.818049812797331,False,-0.0192600814394927,False,-0.0115192781932988
3465226,HTLF BANK,8,2019-10-16,2019-10-16,0.0277724936002092,-0.0012179101093993,1.240975767553582,169,False,-0.6667,-0.0584,12,2019-09-30,False,41,0.5330952046897137,14.663869712122818,0.012234437346743,0.0018220889358944,0.1592371985575887,0.965390151960702,False,0.0049562238917984,False,0.0076507172583605
2953418,OPTIMUMBANK,8,2019-10-16,2019-10-16,0.0421989957853821,0.0011130521079028,0.2100717673768742,169,False,-0.6667,-0.0584,12,2019-09-30,False,41,0.1566507740933197,11.682955118234924,-0.001732273721745,0.0086214218975622,0.0911721531374964,0.8664030373072674,False,-0.0185191832208396,False,-0.016070309506327
2618780,TEXAS CAPITAL BANK,8,2019-10-16,2019-10-16,0.0289947251319858,-0.0010204810514169,1.3738431185184978,169,False,-0.6667,-0.0584,12,2019-09-30,False,41,0.7373096721285662,17.32725161945098,0.0102375990878282,0.0058222570806023,0.0831870087267106,0.8951080789381848,False,0.0047207506463947,False,0.0051358936514617
354310,UNIVEST BANK AND TRUST CO.,8,2019-10-16,2019-10-16,0.0176072823539171,0.0001536401589659,0.937474830771466,169,False,-0.6667,-0.0584,12,2019-09-30,False,41,0.4426740691305123,15.489420551828877,0.013659657513496,0.0095007410408792,0.1265864725887726,0.9483397654219844,False,-0.0170681702604492,False,-0.0194272369833061
703767,CENTRAL VALLEY COMMUNITY BANK,8,2019-10-16,2019-10-16,-0.0084730834610272,-0.0002883618306077,0.6583751274250257,169,False,-0.6667,-0.0584,12,2019-09-30,False,41,0.3687082599781478,14.275444911783216,0.0147241845910381,0.0022885868798295,0.149301438789876,0.9733280098198044,False,0.0067390097771998,False,0.0067237302865851
2942690,SIGNATURE BANK,8,2019-10-16,2019-10-16,0.0332180774330765,-2.993281559677656e-05,0.9031312080998316,169,False,-0.6667,-0.0584,12,2019-09-30,False,41,0.7691376918858667,17.715965591663462,0.0118888440667079,0.00090257043142,0.0959406035827989,0.8741783830151177,True,-0.0061966218590513,False,0.0125920275589539
2849801,SOUTHERN FIRST BANK,8,2019-10-16,2019-10-16,0.0291851491973486,0.0004937760917234,0.6919479700862605,169,False,-0.6667,-0.0584,12,2019-09-30,False,41,0.4668015585180913,14.60465268382313,0.01282394287186,0.0037401739276669,0.1031257225164398,0.9694354195419036,False,-0.0176819572642997,False,-0.0085758726134658
2858960,"BANCORP BANK NATIONAL ASSOCIATION, THE",8,2019-10-16,2019-10-16,0.0295011029898427,-0.0002999681520299,1.2060593061822866,169,False,-0.6667,-0.0584,12,2019-09-30,False,41,0.2273151058275101,15.414302199435056,0.0149476256999708,0.0192058220829054,0.0961196882748934,0.9748270283495044,False,-0.0091461265900908,False,-0.027675160093887
895710,CITIZENS & NORTHERN BANK,8,2019-10-16,2019-10-16,0.0309114165606605,-0.0011615026113523,0.8051966426381028,169,False,-0.6667,-0.0584,12,2019-09-30,False,51,0.2254753044421134,14.302170940055404,0.0118788138069287,0.0100005869814522,0.1394797630302039,0.930183619794308,False,-0.0208720579212028,False,-0.0196418706389245
2372774,"SUMMIT COMMUNITY BANK, INC.",8,2019-10-16,2019-10-16,0.0044459012675423,0.0005912081076741,0.9567324514507738,169,False,-0.6667,-0.0584,12,2019-09-30,False,41,0.1200030095619015,14.65781238751869,0.0134073881048625,0.0068745584669378,0.1126008687580894,0.8902454473398991,False,-0.0204231039558303,False,-0.0274853251209306
1356768,ENTERPRISE BANK AND TRUST COMPANY,8,2019-10-16,2019-10-16,0.0698573537929278,-0.0017495119949328,1.4561987623814323,169,False,-0.6667,-0.0584,12,2019-09-30,False,41,0.3092695209944888,14.959326905867254,0.0111191681715244,0.0049211731637302,0.0972328245490842,0.9827671210928248,False,-0.0139326283966424,False,-0.0223212012934356
1190476,ENTERPRISE BANK & TRUST,8,2019-10-16,2019-10-16,0.0771018781111359,-0.0006004799131743,1.0419644259968002,169,False,-0.6667,-0.0584,12,2019-09-30,False,41,0.3773377417657746,15.80537525283095,0.0125933573804008,0.0038715815596942,0.1336844784856034,0.8906015895475303,False,-0.0166686178804146,False,-0.0187605060026633
633378,KEARNY BANK,8,2019-10-16,2019-10-16,0.0241950862091413,-0.0007960484004043,0.818797976502901,169,False,-0.6667,-0.0584,12,2019-09-30,False,41,0.183987023087018,15.705800924005958,0.0063661301096719,0.0047193716980269,0.1488880340706971,0.7607183796886146,False,-0.0202467796242904,False,0.0001234972998595
1918344,PREFERRED BANK,8,2019-10-16,2019-10-16,-0.0050680659895626,-4.909699568342218e-05,1.1114002748318,169,False,-0.6667,-0.0584,12,2019-09-30,False,41,0.5708587409667012,15.318939077598635,0.0174201887846805,0.0018491678203086,0.1020839962633539,0.9582890147872672,False,-0.0217295683423094,False,-0.0221508808136698
3138146,WESTERN ALLIANCE BANK,8,2019-10-16,2019-10-16,0.0789840907521984,-0.0007053169438181,1.3731084745987785,169,False,-0.6667,-0.0584,12,2019-09-30,False,41,0.6616464810245213,17.086776231784253,0.0189626776511056,0.0024882819367433,0.1110566535262437,0.9692123613599128,False,-0.0194486192675623,False,-0.0082739910871124
537449,FIRST BUSINESS BANK,8,2019-10-16,2019-10-16,0.0356883426755531,0.0001558212741077,0.9080309169710808,169,False,-0.6667,-0.0584,12,2019-09-30,False,41,0.4680342392319895,14.547991426064884,0.0134215605448422,0.0132216531330717,0.1051818664718168,0.8107446310152614,False,-0.0208753934446622,False,-0.0168697480094645
310978,WATERSTONE BANK,8,2019-10-16,2019-10-16,0.007931179808833,-9.61794517748871e-05,0.4308606558251212,169,False,-0.6667,-0.0584,12,2019-09-30,False,41,0.090836200818633,14.509830550511298,0.0180128619065526,0.0038894587842437,0.1715996278367336,0.6729491272015892,False,-0.0216454610665894,False,-0.0243812694350814
220527,PEOPLES BANK,8,2019-10-16,2019-10-16,0.0003332045875698,-0.0001518331285566,1.1308491477358331,169,False,-0.6667,-0.0584,12,2019-09-30,False,41,0.2480142626884545,14.015793178134947,0.013051245701514,0.0038335635667908,0.1217075861798014,0.8990757204683464,False,-0.0013568356008304,False,-0.0011250430244896
2954059,BCB COMMUNITY BANK,8,2019-10-16,2019-10-16,-0.0160502398981361,0.0004353498498048,0.8894132460429317,169,False,-0.6667,-0.0584,12,2019-09-30,False,41,0.2619690860452542,14.853617780168925,0.0082638452873311,0.0052424082381327,0.0917851301070482,0.8826963852772161,False,-0.021079043922725,False,-0.0202595160182626
2385514,"FIRST BANK, THE",8,2019-10-16,2019-10-16,0.0332727172259893,-0.0003972446545396,0.698710165685142,169,False,-0.6667,-0.0584,12,2019-09-30,False,41,0.303326338839015,15.060502265422691,0.0143054068648369,0.0157939765108488,0.1564076309580507,0.9452520499420252,False,-0.008057377130006,False,-0.0077014180970995
456045,CENTENNIAL BANK,8,2019-10-16,2019-10-16,-0.0079369420098373,-0.0006885720815189,1.353404878424069,169,False,-0.6667,-0.0584,12,2019-09-30,False,41,0.4532375462667466,16.515832170315512,0.0211356077054919,0.0054403349737981,0.1835338571259076,0.9171368843397416,False,-0.0198930677655662,False,-0.0109563255029057
561574,SUMMIT STATE BANK,8,2019-10-16,2019-10-16,0.0443165468288771,9.788814517835172e-05,0.4313362794281821,169,False,-0.6667,-0.0584,12,2019-09-30,False,51,0.3941962884008395,13.43108260892191,0.009090731057713,0.0010558758061754,0.0976793372892309,0.9850147150744868,False,-0.0195710692615911,False,-0.018717515474195
522847,"LIMESTONE BANK, INC",8,2019-10-16,2019-10-16,0.0024274225191,0.0002161595315074,0.2072010470502266,169,False,-0.6667,-0.0584,12,2019-09-30,False,51,0.1252444708659653,13.934220275229706,0.0105904777467053,0.0029729867628044,0.1211499028012251,0.9382724532473478,False,-0.018319304500482,False,-0.0286994288367177
663245,SIMMONS BANK,8,2019-10-16,2019-10-16,0.021988455033197,-0.0010890590590342,1.1564325828154385,169,False,-0.6667,-0.0584,12,2019-09-30,False,41,0.3717784024048592,16.689981622774752,0.0147701840174953,0.0053565603403854,0.1564376846736329,0.9081670541312166,False,-0.0128627151169667,False,-0.0057483728048818
30810,DISCOVER BANK,8,2019-10-16,2019-10-16,0.0137376961687199,0.0006620363225279,1.3169677687888697,169,False,-0.6667,-0.0584,12,2019-09-30,False,31,0.0750242935425038,18.50840381429486,0.0265896173883102,0.0127653106983946,0.1033012100478438,0.7500965509407217,False,-0.0488497303672009,True,-0.085386061965178
768074,FIRST FINANCIAL NORTHWEST BANK,8,2019-10-16,2019-10-16,-0.0077768306394811,-0.0011872778080266,0.6738302289914089,169,False,-0.6667,-0.0584,12,2019-09-30,False,51,0.2348863527380838,14.08411607446627,0.0087992687831084,0.0001248967550546,0.1026718108702515,0.8882887641310923,False,-0.0181562009658657,False,-0.0098608459192504
2797724,TOWNEBANK,8,2019-10-16,2019-10-16,0.0301709119645915,-0.0004068563902566,1.1152098499887813,169,False,-0.6667,-0.0584,12,2019-09-30,False,41,0.4013932025846436,16.30219196527139,0.0115025676057429,0.0017967323153586,0.1352081585743191,0.9153894399400854,False,-0.0100030926294934,False,-0.0024450599699759
28013,NORTHFIELD BANK,8,2019-10-16,2019-10-16,0.0243290431179726,0.0001779863830887,0.8361556791294655,169,False,-0.6667,-0.0584,12,2019-09-30,False,41,0.2387660712388283,15.38628040450746,0.0083223327477903,0.0043187364611039,0.1310590705458023,0.8105742807912911,False,-0.0193668149128005,False,-0.0207106394826041
836843,MIDWESTONE BANK,8,2019-10-16,2019-10-16,0.0318759051074113,-7.438226346952794e-05,1.160124371621913,169,False,-0.6667,-0.0584,12,2019-09-30,False,41,0.2699731154741493,15.3502958268612,0.0097909724360779,0.009116143931129,0.1206328258190313,0.9134602589403936,False,-0.0030520663856148,False,0.0041162610346105
676478,MALVERN BANK NA,8,2019-10-16,2019-10-16,0.0095861027474121,-0.0002652199245827,0.8066895779991773,169,False,-0.6667,-0.0584,12,2019-09-30,False,51,0.5034168070751408,14.049875710932316,0.0089950262609833,0.0022823535653546,0.1206520655704505,0.8708335544882146,False,-0.0217230514974909,False,-0.0088053985840742
23504,DIME COMMUNITY BANK,8,2019-10-16,2019-10-16,0.0146402172526476,-0.0005443999037291,1.099110653498286,169,False,-0.6667,-0.0584,12,2019-09-30,False,41,0.5725443166600961,15.370661647239592,0.0113250793283446,0.004882738446027,0.1186639559677537,0.8976424834092609,False,-0.0182802333670992,False,-0.01063833128804
785473,FIRST SAVINGS BANK,8,2019-10-16,2019-10-16,-0.0069838928934245,0.0005183095578588,0.4424929340138085,169,False,-0.6667,-0.0584,12,2019-09-30,False,51,0.2207053793074057,14.013227987736183,0.0146690759532519,0.0055703470368742,0.1076974080474767,0.7770040067257067,False,-0.0191524642145407,False,-0.0003234198411315
929978,"HOME BANK, NATIONAL ASSOCIATION",8,2019-10-16,2019-10-16,0.0125818108417732,-0.0002141014673122,0.785877494356627,169,False,-0.6667,-0.0584,12,2019-09-30,False,41,0.274482022775895,14.610192595673457,0.0129133075277987,0.0160270563029391,0.1377756255598564,0.9643638886007404,False,-0.0180096215997164,False,-0.0150070335005314
1864197,OAK VALLEY COMMUNITY BANK,8,2019-10-16,2019-10-16,0.0222009224482078,-0.0015738606238628,1.013829196110905,169,False,-0.6667,-0.0584,12,2019-09-30,False,41,0.3673849746251017,13.911781185481903,0.011781406412202,0.001640574693315,0.0990929624896803,0.9860698623922576,False,0.0138238464255736,False,0.0171876653761752
342410,ORRSTOWN BANK,8,2019-10-16,2019-10-16,0.0104951081661937,0.0003827975100007,0.8171808558259022,169,False,-0.6667,-0.0584,12,2019-09-30,False,41,0.2013077887611935,14.653364392161611,0.0094447768546724,0.0064252537147462,0.1038686060964756,0.9352316084581852,False,-0.0192904909247105,False,-0.0218270102529899
119528,"FARMERS NATIONAL BANK OF EMLENTON, THE",8,2019-10-16,2019-10-16,-0.0045867541858151,0.000565741901095,0.4332917055169186,169,False,-0.6667,-0.0584,12,2019-09-30,False,51,0.248141199532701,13.749477587359836,0.0098080689385037,0.0077249575551782,0.0900320478581348,0.9486124432245742,False,,,
685676,OPPORTUNITY BANK OF MONTANA,8,2019-10-16,2019-10-16,0.0506851279822857,5.799212632563473e-06,0.1455700354633873,169,False,-0.6667,-0.0584,12,2019-09-30,False,51,0.1226156382227151,13.827739478976843,0.0139905272197548,0.0047669756872678,0.1293119458186473,0.8961130020422056,False,-0.015402551175442,False,-0.0079532664855848
613008,ROCKLAND TRUST COMPANY,9,2020-02-05,2020-02-05,-0.0050600212511955,-0.0004691654418398,1.313537403020974,200,False,-0.1111,-0.0152,18,2019-12-31,False,41,0.2794505187457108,16.248916698914837,0.0150088114747985,0.0053945538684078,0.1527986763573294,0.9621770459152532,False,-0.0158760513078972,False,-0.0166832689695602
433608,TOMPKINS COMMUNITY BANK,9,2020-02-05,2020-02-05,-0.0334789407031654,0.0004196586925503,0.8890033535652577,200,False,-0.1111,-0.0152,18,2019-12-31,False,41,0.4266428834751154,14.540002808516848,0.0153715468897112,0.0072203652054191,0.0741659450603605,0.8623658560856426,False,-0.0148771822868522,False,-0.0175491947527171
379920,FIRST NATIONAL BANK OF PENNSYLVANIA,9,2020-02-05,2020-02-05,-0.0402502220645298,-0.0002815607591311,1.3734672952771263,200,False,-0.1111,-0.0152,18,2019-12-31,False,41,0.3388888904403515,17.35737998946725,0.0118374825843356,0.005131535747931,0.1445743329414293,0.8508742489618727,False,-0.0139327318777742,False,-0.0099135656336968
491224,FIRST-CITIZENS BANK & TRUST COMPANY,9,2020-02-05,2020-02-05,-0.0413083421348724,0.0003907375949402,1.109212440063735,200,False,-0.1111,-0.0152,18,2019-12-31,False,41,0.3003428216329726,17.499067522728406,0.0113784507993004,0.0051432046317342,0.0946008494190134,0.9564920823416372,False,-0.0173391233094819,False,-0.0070457123459857
246022,"BANK OF SOUTH CAROLINA, THE",9,2020-02-05,2020-02-05,-0.0078821273760105,0.0002594154668679,0.1334290085900227,200,False,-0.1111,-0.0152,18,2019-12-31,False,41,0.3542959696872553,13.00598011161284,0.0169367758112823,0.0059684382109015,0.1139873322443587,0.965082987814929,False,0.0138078723296275,False,0.0211969779343315
437914,"WILMINGTON SAVINGS FUND SOCIETY, FSB",9,2020-02-05,2020-02-05,-0.0113627387914852,-0.0004338171732301,1.09584315446894,200,False,-0.1111,-0.0152,18,2019-12-31,False,41,0.343146363523309,16.318840370953314,0.0115998140246763,0.0045666668848393,0.1562346525565839,0.937098383927659,False,-0.0135358011532707,True,-0.0097746266517213
761806,"WEBSTER BANK, NATIONAL ASSOCIATION",9,2020-02-05,2020-02-05,-0.0041177254201269,-0.0011591991513593,1.713779032956411,200,False,-0.1111,-0.0152,18,2019-12-31,False,31,0.2926845862715244,17.230357788453265,0.0133120467726498,0.0075395297426351,0.1011991429915715,0.8721517604571846,False,-0.0215936457984246,False,-0.0058287569871804
837000,"FIRST NATIONAL BANK OF LONG ISLAND, THE",9,2020-02-05,2020-02-05,-0.0085137366166616,-5.9741499493104426e-05,1.0576024298282556,200,False,-0.1111,-0.0152,18,2019-12-31,False,41,0.4763230976398438,15.225719424149329,0.0108113359390999,0.0002785227879001,0.0949433596033597,0.8484229303582164,False,-0.0209473840040695,False,-0.0106820358617879
510871,FIRSTBANK PUERTO RICO,9,2020-02-05,2020-02-05,-0.0590486993674168,-0.0009065438582111,1.3369684715915835,200,False,-0.1111,-0.0152,18,2019-12-31,False,31,0.3272120221668125,16.348997826159003,0.0138086868994773,0.0373007695262,0.1875141299446868,0.9174491071331742,False,-0.0182056510092615,False,-0.0264761108037157
245276,ORIENTAL BANK,9,2020-02-05,2020-02-05,-0.0255025893802173,-3.820099016685131e-05,1.5237792135613533,200,False,-0.1111,-0.0152,18,2019-12-31,False,41,0.3013394871146022,16.040537919838126,0.0060641453354623,0.0438650718870073,0.1110507150841562,0.9377282217020892,False,-0.0174995369123359,False,-0.0214603033573476
216922,FIRST BANK,9,2020-02-05,2020-02-05,0.0034649109131186,-0.0001761256707322,1.0720112295980844,200,False,-0.1111,-0.0152,18,2019-12-31,False,41,0.282177590756086,15.631095434600669,0.0155183297912385,0.005729260047331,0.1472697715694694,0.9416845667107846,False,-0.0055768569438161,False,-0.0091360140557879
645625,"WESBANCO BANK, INC.",9,2020-02-05,2020-02-05,-0.0037065796488578,-0.000742136644354,0.9572669299531112,200,False,-0.1111,-0.0152,18,2019-12-31,False,41,0.25072510350735,16.567536878102082,0.0107793229976009,0.0054830509427516,0.1641480631969622,0.8399295650212629,False,-0.0161982088105179,False,-0.008228581129112
365325,UNITED BANK,9,2020-02-05,2020-02-05,-0.0398992650212211,-0.0005290846286717,1.3289676004421105,200,False,-0.1111,-0.0152,18,2019-12-31,False,41,0.361875583656509,16.793310402310915,0.0136708159434363,0.0085881607073313,0.179167319095354,0.8669737552274379,False,-0.0197593159230139,False,-0.0140776244579743
816603,"WASHINGTON TRUST COMPANY, OF WESTERLY, THE",9,2020-02-05,2020-02-05,-0.0174369174628045,-0.0001188718479572,1.011341644817337,200,False,-0.1111,-0.0152,18,2019-12-31,False,41,0.2587636931142911,15.481689797269643,0.0132729014665782,0.0044520227413514,0.0986352753542671,0.7339967098125533,False,-0.0137346408651125,False,-0.0079113347521507
130541,HORIZON BANK,9,2020-02-05,2020-02-05,-0.0388087864183478,9.349297292571472e-05,1.0652797104678613,200,False,-0.1111,-0.0152,18,2019-12-31,False,41,0.400716028932471,15.471148043788045,0.0132949686780101,0.0048973764662809,0.1265017663795683,0.8705643046426969,False,0.0062539149106294,False,0.0157748389957609
701062,CENTRAL PACIFIC BANK,9,2020-02-05,2020-02-05,-0.026684226500376,-0.0002180173195124,0.9489081274476768,200,False,-0.1111,-0.0152,18,2019-12-31,False,41,0.3761398007446445,15.607868514729596,0.0103251520089972,0.0005752897251012,0.0940203797992935,0.9432574903495632,False,-0.0108087492314031,False,-0.014432790203365
802866,SILICON VALLEY BANK,9,2020-02-05,2020-02-05,0.0126505723672323,-0.0010816245970188,2.033965152190223,200,False,-0.1111,-0.0152,18,2019-12-31,False,31,0.7984415514346841,18.06319016747583,0.0148209120610319,0.0031081498153973,0.0719743235231112,0.9697255076250484,True,0.0358832043325153,False,0.0315062153011363
509811,"COMMUNITY TRUST BANK, INC.",9,2020-02-05,2020-02-05,-0.0501402902788268,6.658465064737715e-05,1.1992015683055817,200,False,-0.1111,-0.0152,18,2019-12-31,False,41,0.2080027132198482,15.284470952059792,0.0139762875179873,0.0103448456242801,0.1461428088740438,0.922763882475638,False,-0.0195206761466614,False,-0.0348608925225716
208244,OLD NATIONAL BANK,9,2020-02-05,2020-02-05,-0.0289555353501727,-0.0002105519178525,1.1632537281608608,200,False,-0.1111,-0.0152,18,2019-12-31,False,31,0.3039159075877208,16.826699509233396,0.0125518332317079,0.0099585242345052,0.1460537571384929,0.8417011536320149,False,-0.0209391121420312,False,-0.003593043683661
4114567,FIRST REPUBLIC BANK,9,2020-02-05,2020-02-05,0.0059106384267893,-5.1168687787337726e-05,1.1652402354858185,200,False,-0.1111,-0.0152,18,2019-12-31,False,41,0.6305165132963257,18.571370877275207,0.0080018916319095,0.0015765336618361,0.0847307680060989,0.847017250140108,True,-0.0043878506876333,False,0.003577575785238
5210,ACNB BANK,9,2020-02-05,2020-02-05,0.0499504755736122,-0.0004834701056704,0.9616627056356748,200,False,-0.1111,-0.0152,18,2019-12-31,False,51,0.1498340075127882,14.349717105164132,0.0138286636023571,0.0040297817972764,0.1035634613333145,0.9286258381527456,False,-0.0115874644665386,False,-0.0165860703831197
3938186,"BANKUNITED, NATIONAL ASSOCIATION",9,2020-02-05,2020-02-05,-0.0457882945856353,-0.0004660327025412,1.2445746028874585,200,False,-0.1111,-0.0152,18,2019-12-31,False,41,0.54898582320058,17.30539621261751,0.0102410152534306,0.0317362880748835,0.0947056968326011,0.8298051543224374,False,-0.0201652274367269,False,0.0105771378911857
680813,"FARMERS NATIONAL BANK OF CANFIELD, THE",9,2020-02-05,2020-02-05,-0.0294822803166937,1.2906805187861743e-05,1.020327614676784,200,False,-0.1111,-0.0152,18,2019-12-31,False,41,0.2512852324616788,14.70426687314506,0.0141457824771401,0.0034983789815009,0.1067500019530422,0.9371854971010036,False,-0.0099194211626943,False,-0.0097386462864818
785923,LCNB NATIONAL BANK,9,2020-02-05,2020-02-05,-0.000645972269921,0.0004462319342369,0.6235320995654462,200,False,-0.1111,-0.0152,18,2019-12-31,False,51,0.2178224414960208,14.30801720927373,0.0115514848635399,0.0025815251264424,0.1357029062956601,0.9555866024486196,False,-0.0176609426194181,False,-0.0188215942518553
2787770,BANK OF THE JAMES,9,2020-02-05,2020-02-05,0.0109965926968706,0.0001863993708213,0.012335414052922,200,False,-0.1111,-0.0152,18,2019-12-31,False,41,0.1517825137805784,13.4948726933618,0.008281818858294,0.0022341475979908,0.091302574391679,0.985714913963444,False,-0.0030290183498984,False,-0.0056170292577375
258771,HOMESTREET BANK,9,2020-02-05,2020-02-05,-0.0046678700792571,0.0006269585933552,1.0584545410889072,200,False,-0.1111,-0.0152,18,2019-12-31,False,41,0.2864436654519307,15.728204240816298,0.0034545783205125,0.0061104654901908,0.1109427371744054,0.89076634734074,False,-0.0167110496780003,False,-0.0052553282359346
212577,HOMETRUST BANK,9,2020-02-05,2020-02-05,-0.0133502750528509,-0.0004843015199973,0.7904244505996374,200,False,-0.1111,-0.0152,18,2019-12-31,False,41,0.1582332112878167,15.059205968704765,0.0085013091024207,0.0054944211845659,0.1156274335739721,0.8383240463146858,False,-0.0213705102815928,False,-0.0239529209178922
4210227,NBH BANK,9,2020-02-05,2020-02-05,-0.0339010848390678,-0.000242746344417,1.121376510164354,200,False,-0.1111,-0.0152,18,2019-12-31,False,41,0.2068377560904891,15.589410321201552,0.0142283585460161,0.0051645212173356,0.1110503880947294,0.9268621716775912,False,-0.0119147957329298,False,-0.0077307592546284
884303,CHEMUNG CANAL TRUST COMPANY,9,2020-02-05,2020-02-05,-0.0612292300432678,-0.0006069938579657,1.021206731938253,200,False,-0.1111,-0.0152,18,2019-12-31,False,41,0.2409482550899023,14.393962680154562,0.0084098030815196,0.0137736253656317,0.0983969951931164,0.980867094661918,False,-0.0085911947550186,False,-0.0048366081969081
2758613,FIRST INTERNET BANK OF INDIANA,9,2020-02-05,2020-02-05,-0.0338533435995019,0.0002512227174316,1.2441056540957685,200,False,-0.1111,-0.0152,18,2019-12-31,False,51,0.2219291876052935,15.22588880985563,0.0074110952884743,0.0022271891760988,0.0811108223174834,0.8478449614132546,False,-0.020298052885544,False,-0.0152702481698545
122854,INDEPENDENT BANK DBA INDEPENDENT FINANCIAL,9,2020-02-05,2020-02-05,-0.0173556650693523,-0.0006052647694611,1.3939651163343678,200,False,-0.1111,-0.0152,18,2019-12-31,False,41,0.4758463727884698,16.52043989422997,0.015933181125721,0.0031937873342459,0.1730904832792314,0.9664185010052168,False,-0.0184669659146515,False,-0.0158229175258816
2354985,CUSTOMERS BANK,9,2020-02-05,2020-02-05,-0.0342815178857501,0.0003070334244526,1.3895176438676513,200,False,-0.1111,-0.0152,18,2019-12-31,False,41,0.5669292432020764,16.258876986619025,0.0072477383718814,0.0024270045596126,0.1023448345596043,0.8432131298759199,False,-0.0190602511457525,False,-0.0094280908314003
3475083,TRISTATE CAPITAL BANK,9,2020-02-05,2020-02-05,-0.0747295750586129,0.0002879757426709,1.2813266941580412,200,False,-0.1111,-0.0152,18,2019-12-31,False,41,0.6395211179366128,15.855038676622735,0.0076064972711653,2.7973903388779945e-05,0.0694563964708641,0.9300659814504848,False,-0.0185889579861068,False,0.0124416484874461
697978,COMMUNITY BANK OF THE CHESAPEAKE,9,2020-02-05,2020-02-05,-0.0197012109954422,0.0008769193637636,0.3537096637083733,200,False,-0.1111,-0.0152,18,2019-12-31,False,41,0.1998372067723031,14.4010446878131,0.0104034076672513,0.0129916236679791,0.1128116038865224,0.9576463618071656,False,-0.010933342505794,False,-0.016683625523652
3401970,FIRST BANK,9,2020-02-05,2020-02-05,-0.0227104417305966,-0.0004157007357807,0.727664019908048,200,False,-0.1111,-0.0152,18,2019-12-31,False,41,0.3326546270965288,14.514435017861478,0.0066837742122144,0.0131969964736065,0.1125444176441696,0.9191528096370424,False,-0.0192515173594626,False,-0.0189595438596672
3284070,ALLY BANK,9,2020-02-05,2020-02-05,-0.0223631678409164,3.801495985321115e-05,1.3901727105491846,200,False,-0.1111,-0.0152,18,2019-12-31,False,31,0.07829235761514,18.936446146894763,0.0128961383230243,0.0068610911556499,0.1012167745325149,0.8167916619613522,False,-0.0294560301544673,False,-0.0387197045696588
3109043,BANKWELL BANK,9,2020-02-05,2020-02-05,0.0204089924253544,-0.0004279114877347,0.8348901046551154,200,False,-0.1111,-0.0152,18,2019-12-31,False,41,0.3880545517036562,14.446361501587402,0.0115404938992948,0.0087047203823886,0.107012046025748,0.8929057732176239,False,-0.0153850129592315,False,-0.005712033725532
762447,"FIRST MID BANK & TRUST, NATIONAL ASSOCIATION",9,2020-02-05,2020-02-05,-0.034758553191238,-0.0002449011380768,1.006975471429819,200,False,-0.1111,-0.0152,18,2019-12-31,False,41,0.2599949369528465,15.152668770068878,0.0119247750778187,0.0093190227454943,0.1319364026000694,0.8914248618928261,False,-0.0168473340840939,False,-0.0128396486254592
1216022,SYNCHRONY BANK,9,2020-02-05,2020-02-05,-0.0073528182164112,-0.0001160488752765,1.3288169916553567,200,False,-0.1111,-0.0152,18,2019-12-31,False,41,0.1303900988367007,18.329453218760452,0.0353633286226049,0.0224711808079759,0.1304871769590604,0.864281214564697,False,-0.047934451814912,True,-0.1002527597244508
3303298,"CITIZENS BANK, NATIONAL ASSOCIATION",9,2020-02-05,2020-02-05,-0.0199049356502065,-7.252755346885134e-05,1.3935979201228883,200,False,-0.1111,-0.0152,18,2019-12-31,False,31,0.4001139596291688,18.92594543032731,0.0109312090635869,0.0079166459785199,0.1325702287337238,0.8845599857316454,False,-0.0218017994438813,False,-0.0004142515464024
177920,"MIDDLEFIELD BANKING COMPANY, THE",9,2020-02-05,2020-02-05,-0.0209540158636924,0.0012701568678482,0.568559964807001,200,False,-0.1111,-0.0152,18,2019-12-31,False,41,0.3015785041631254,13.982608487820071,0.012855051740039,0.0088170321234648,0.1193904574953252,0.9846891616367176,False,-0.0186648885024873,False,-0.0198468963121079
371924,COMMUNITY BANK,9,2020-02-05,2020-02-05,0.0143713900202209,0.0010307924335043,0.3230513375432451,200,False,-0.1111,-0.0152,18,2019-12-31,False,41,0.2717098788316845,14.092999102492875,0.0107227474236841,0.0032798037997009,0.1077745222611419,0.9551873393406246,False,-0.0121522991519625,False,-0.0120508153561997
3221468,VERITEX COMMUNITY BANK,9,2020-02-05,2020-02-05,-0.0451381197262623,-0.0003307274184281,1.2899572172062177,200,False,-0.1111,-0.0152,18,2019-12-31,False,41,0.4859645688080468,15.888845240680952,0.0125701552476867,0.0125972046835156,0.162017528216162,0.8915381781152611,False,-0.0209814377105824,False,-0.0086052226471792
3637685,FIRST FOUNDATION BANK,9,2020-02-05,2020-02-05,-0.013601208014577,0.000198263694135,1.2027483584643703,200,False,-0.1111,-0.0152,18,2019-12-31,False,41,0.6673262378984915,15.655778405632145,0.0092302196253706,0.002643016202408,0.0970063787813233,0.8627573890189946,False,-0.0173971685792301,False,0.0035112101082296
866000,GLENS FALLS NATIONAL BANK AND TRUST COMPANY,9,2020-02-05,2020-02-05,-0.0338570416997934,0.0002988733200929,0.9462269928660114,200,False,-0.1111,-0.0152,18,2019-12-31,False,41,0.2346492023139494,14.757205844060156,0.0115609370887075,0.0021141716397307,0.0972813508428143,0.8936739079157799,False,-0.0146716748439502,False,-0.0219885339084974
766164,"TBK BANK, SSB",9,2020-02-05,2020-02-05,0.0047003588451392,0.0003376966274429,1.284129451522985,200,False,-0.1111,-0.0152,18,2019-12-31,False,41,0.2020134298494641,15.432441130185255,0.013358136129795,0.0094288784756491,0.1416046199740988,0.8830097015532845,False,-0.0363793567989745,False,-0.0521960723942373
403179,FIRST FED BANK,9,2020-02-05,2020-02-05,0.0427410572462337,0.0003589100828624,0.6091831806310122,200,False,-0.1111,-0.0152,18,2019-12-31,False,41,0.167311496076684,14.074285310913538,0.0071579551963882,0.0021175618109766,0.114057909030974,0.8819760926735669,False,-0.0167498272849897,False,-0.0144618606651352
917742,"ASSOCIATED BANK, NATIONAL ASSOCIATION",9,2020-02-05,2020-02-05,-0.0281000902165555,-0.0008463907730708,1.3569626358963611,200,False,-0.1111,-0.0152,18,2019-12-31,False,31,0.5841795059792637,17.291912160679693,0.0105675922697522,0.0056005993195407,0.1149423730771379,0.8380933789350581,False,-0.0002128891994825,False,0.0040417383286524
3650808,LIVE OAK BANKING COMPANY,9,2020-02-05,2020-02-05,-0.0201059791931002,0.0005418097025445,0.9891165377980992,200,False,-0.1111,-0.0152,18,2019-12-31,False,41,0.0844804654793695,15.382337585100032,0.0053071938366509,0.0212295001445868,0.1011555862029239,0.9839279901141048,False,-0.0247462205687162,False,-0.0165406023079826
139656,EQUITY BANK,9,2020-02-05,2020-02-05,-0.0102024882746824,-0.0006403170738466,0.951614132540487,200,False,-0.1111,-0.0152,18,2019-12-31,False,41,0.3434003084840951,15.188243375644628,0.0073434158109738,0.015051598288447,0.1239853324278025,0.8872959527709982,False,-0.0178871622627896,False,-0.0266035158492072
422433,FIRST GUARANTY BANK,9,2020-02-05,2020-02-05,0.0102510434409324,0.0002624739580749,0.8577111283618298,200,False,-0.1111,-0.0152,18,2019-12-31,False,41,0.4132980516870723,14.563622136158765,0.0076114312974028,0.0121652714865387,0.1063300340841436,0.9816372138344464,False,-0.0279736975134564,False,-0.0130070534494394
3532641,SMARTBANK,9,2020-02-05,2020-02-05,-0.04755771361496,0.0002340691685289,1.0175596646643263,200,False,-0.1111,-0.0152,18,2019-12-31,False,41,0.2551738322254173,14.71120217743218,0.0104665971697354,0.0020507049002547,0.1378109446641914,0.9763213903120302,False,-0.0125732367854023,False,-0.0069871880539602
2941068,NICOLET NATIONAL BANK,9,2020-02-05,2020-02-05,-0.0187965478146678,0.0008470618348526,0.8275865115050004,200,False,-0.1111,-0.0152,18,2019-12-31,False,41,0.2717974737364721,15.088200235693192,0.0153238687748271,0.0054665751506008,0.1346465970749288,0.980451468510646,False,-0.0172684102631888,False,-0.0101589706565715
773247,MIDLAND STATES BANK,9,2020-02-05,2020-02-05,-0.035122371953803,0.0002764063834376,1.194769008109009,200,False,-0.1111,-0.0152,18,2019-12-31,False,41,0.3071962633489882,15.61949944212755,0.0106170294280689,0.0095750390292452,0.1358589897275638,0.8760195730591698,False,-0.0237662866376212,False,-0.0227526364041967
40499,HARBORONE BANK,9,2020-02-05,2020-02-05,-0.0046057643289621,0.0005485554650394,0.4328357013161497,200,False,-0.1111,-0.0152,18,2019-12-31,False,41,0.145065529748665,15.183636620544888,0.0053493103203348,0.0092114523888596,0.1347712044578604,0.8679237122065413,False,-0.0192199627253947,False,-0.0123964720199993
980661,FIRST HAWAIIAN BANK,9,2020-02-05,2020-02-05,-0.0508473516333064,-4.508373082174126e-05,1.062757758983229,200,False,-0.1111,-0.0152,18,2019-12-31,False,31,0.4269040468144409,16.819587914253763,0.0143636327574922,0.0013336558548786,0.1298096451734465,0.9384487474993092,False,0.0061477846368594,False,0.0001840616889916
436159,FIRSTBANK,9,2020-02-05,2020-02-05,-0.0148481399858432,0.000173640884201,1.0906932560455738,200,False,-0.1111,-0.0152,18,2019-12-31,False,41,0.3719899457690199,15.627089321016287,0.0140112043884235,0.005855107701791,0.1278679669064339,0.9254478235935414,False,-0.0209846227674282,False,-0.014065983209214
795968,BANK OF HAWAII,9,2020-02-05,2020-02-05,-0.0409400104448568,0.0001202601964679,1.0374914497470438,200,False,-0.1111,-0.0152,18,2019-12-31,False,31,0.4560602136151365,16.70954067146535,0.0125724767298696,0.002337815733411,0.0680713480609484,0.9397335360077776,False,0.0071351648481746,False,0.0058707162537273
321273,AFFINITY BANK,9,2020-02-05,2020-02-05,-0.017713603739992,0.0003965756627052,-0.0604442831560725,200,False,-0.1111,-0.0152,18,2019-12-31,False,51,0.1741294327871342,12.673579410202322,0.0026315624588818,0.0101816999115497,0.1960357391244415,0.9747727246158822,False,-0.0176297373009046,False,-0.0167765926497299
214414,"FARMERS & MERCHANTS STATE BANK, THE",9,2020-02-05,2020-02-05,-0.0243699995616616,-0.0004006434032937,0.6445000498246726,200,False,-0.1111,-0.0152,18,2019-12-31,False,41,0.1554643327275082,14.274790013267497,0.0110693251072534,0.0027794877077156,0.1292594190657469,0.9353033103972652,False,-0.0165106488576748,False,-0.0137132409585269
129732,BYLINE BANK,9,2020-02-05,2020-02-05,-0.019385736840052,-0.0006136205164407,1.0589282907747768,200,False,-0.1111,-0.0152,18,2019-12-31,False,41,0.2241521519385255,15.523251621338256,0.0109547998490343,0.0157568626686782,0.139544811679029,0.8765996676841479,False,-0.0206185594181874,False,-0.0162382297812275
3835454,ROYAL BUSINESS BANK,9,2020-02-05,2020-02-05,-0.0117588674494462,-0.0005085149497787,1.1870746318211205,200,False,-0.1111,-0.0152,18,2019-12-31,False,41,0.4464213261622861,14.839142083450948,0.0162847197770691,0.0049280446438248,0.1726852164565312,0.9922530412610892,False,-0.0328617197550671,False,-0.0379092588116365
3595271,"BANK OF PRINCETON, THE",9,2020-02-05,2020-02-05,0.0024894011778006,-0.0004552683233918,0.6212619844540186,200,False,-0.1111,-0.0152,18,2019-12-31,False,41,0.2857214407407437,14.1904436037002,0.0069709545850075,0.00205803281728,0.1346661681194643,0.9832577291418612,False,-0.0235065068072767,False,-0.0405136883519649
736206,CAMBRIDGE TRUST COMPANY,9,2020-02-05,2020-02-05,-0.0171512975325255,-0.0002759185135879,0.5560241924456385,200,False,-0.1111,-0.0152,18,2019-12-31,False,51,0.4113612120524045,14.864775027002043,0.0088784997636182,0.0025355959525605,0.0997594158743499,0.9182613796650072,False,-0.0005387905119894,False,0.0035568111673182
1007819,"FIDELITY DEPOSIT AND DISCOUNT BANK, THE",9,2020-02-05,2020-02-05,-0.0442703780808082,0.0002123628013315,0.9335352650616576,200,False,-0.1111,-0.0152,18,2019-12-31,False,41,0.3436986643917975,13.829032720048376,0.0127030605338916,0.0048618225812002,0.105676322544874,0.9220076359709168,False,-0.0128377640774666,False,-0.0219647953902307
963945,MERCHANTS BANK OF INDIANA,9,2020-02-05,2020-02-05,0.0352497199834666,-0.0007682910982339,1.316686961804287,200,False,-0.1111,-0.0152,18,2019-12-31,False,41,0.5004001345445351,15.634802992403246,0.012775531322046,0.0005556028189787,0.1027138579646543,0.9605540724025236,False,-0.0215677708144528,False,-0.0271061366199602
2705895,METROPOLITAN COMMERCIAL BANK,9,2020-02-05,2020-02-05,-0.0470411320635639,0.0006268375215437,1.037995860437185,200,False,-0.1111,-0.0152,18,2019-12-31,False,51,0.7571837672254487,15.026016872354916,0.0098039361787419,0.0016779074891512,0.1015873053720169,0.9308193272223196,False,-0.0105273360784501,False,0.0033972790141251
3579589,ALLEGIANCE BANK,9,2020-02-05,2020-02-05,-0.045500330234348,-0.0009449727222389,1.1579332035324088,200,False,-0.1111,-0.0152,18,2019-12-31,False,51,0.4980535120071804,15.422082367045308,0.011154123100313,0.00724642493187,0.1523941520632049,0.9660010885255212,False,-0.0042399287363297,False,0.0084652460862542
3271799,MERIDIAN BANK,9,2020-02-05,2020-02-05,-0.0054621273228264,0.0005362364704327,-0.0050632609036573,200,False,-0.1111,-0.0152,18,2019-12-31,False,51,0.4412767996842535,13.955254239303136,0.0091845155433273,0.0033883739611023,0.1388225350202047,0.859623400542846,False,-0.0275954517703872,False,-0.0191142633229745
979375,"STERLING BANK AND TRUST, FSB",9,2020-02-05,2020-02-05,-0.0513957443925801,-0.0014913019693588,0.9634086281780716,200,False,-0.1111,-0.0152,18,2019-12-31,False,41,0.2202720790421992,14.992147827756424,0.0124111709479631,0.0050685312882291,0.1003410258647507,0.890233989193961,False,-0.012992095091303,False,-0.0189081896242658
497570,LUTHER BURBANK SAVINGS,9,2020-02-05,2020-02-05,-0.0312534547979069,0.0001757965951553,0.7739677646078005,200,False,-0.1111,-0.0152,18,2019-12-31,False,41,0.297029305347705,15.767568910877674,0.0078375220248836,0.001016360466611,0.1070053683213666,0.8393177659383166,False,-0.0206103322269363,False,-0.011896844667198
2757205,"MVB BANK, INC.",9,2020-02-05,2020-02-05,-0.0618367231439972,0.0018464569576123,0.5076935638752917,200,False,-0.1111,-0.0152,18,2019-12-31,False,41,0.4057784470251724,14.478151107234607,0.0168564694820579,0.0033544061365399,0.1088438214595743,0.8412788118195632,False,-0.0182877610934261,False,-0.0080488330456518
3378773,BRIDGEWATER BANK,9,2020-02-05,2020-02-05,-0.0117251519900273,0.0006679871132971,0.9050742114613132,200,False,-0.1111,-0.0152,18,2019-12-31,False,41,0.4207554747622823,14.63258673788327,0.014154516754709,0.0002418951990361,0.1111706453238722,0.9193885284477896,False,-0.0190759016985453,False,-0.0141154525588042
3357219,OPEN BANK,9,2020-02-05,2020-02-05,-0.0459432608947517,-0.0001722770955129,1.3298490645132393,200,False,-0.1111,-0.0152,18,2019-12-31,False,51,0.4235787625534128,13.980497738821906,0.0148213719435159,0.0012285358956218,0.1172677462187695,0.9825699397257642,False,-0.0164107384096482,False,-0.0202277083294347
3281510,UNITED BUSINESS BANK,9,2020-02-05,2020-02-05,-0.0109399094926664,-0.0006117463095606,0.8677170713932181,200,False,-0.1111,-0.0152,18,2019-12-31,False,51,0.4413947855945483,14.505045723043336,0.0088980820347763,0.0048580167208387,0.1306681239207964,0.9824197137488851,False,-0.0261948218685169,False,-0.0213806827921396
667757,ORIGIN BANK,9,2020-02-05,2020-02-05,-0.0294804873966673,-9.142603427732256e-05,0.9548330461471584,200,False,-0.1111,-0.0152,18,2019-12-31,False,41,0.4497098865019388,15.482104117567827,0.0103265841257716,0.0142950433837005,0.107734020286345,0.8975330606120394,False,-0.0176354809055602,False,-0.0042836610348775
2562164,COASTAL COMMUNITY BANK,9,2020-02-05,2020-02-05,-0.0928539766603472,-0.0003687362304521,0.6524210292519176,200,False,-0.1111,-0.0152,18,2019-12-31,False,41,0.3980112930363683,13.936092340139972,0.0123617984440053,0.0010967901318703,0.1090747442944352,0.9768620037807184,False,-0.0224857956758294,False,-0.030389411780631
3158546,FIRST WESTERN TRUST BANK,9,2020-02-05,2020-02-05,0.0768201200085959,0.0012120155542839,0.1541166656466651,200,False,-0.1111,-0.0152,18,2019-12-31,False,51,0.410429057582557,14.03166252501453,0.0077532182219962,0.006917671558734,0.0921774185102445,0.9737059754790252,False,-0.0185709159554571,True,-0.0071984362115709
661308,AMALGAMATED BANK,9,2020-02-05,2020-02-05,-0.0002808237493954,0.0001868325553241,1.0106007841522373,200,False,-0.1111,-0.0152,18,2019-12-31,False,41,0.5528605983241616,15.487912940867924,0.0088643169084375,0.0090525173779728,0.0920967258816757,0.9602705691977144,False,-0.0046339871545251,False,0.0160749086018026
83638,"AMERANT BANK, NATIONAL ASSOCIATION",9,2020-02-05,2020-02-05,0.0075019879503462,0.0019315493555183,0.6610401713333143,200,False,-0.1111,-0.0152,18,2019-12-31,False,31,0.2348078452666318,15.891862331222027,0.0078638850854887,0.005732078138146,0.1022158358536083,0.8189661987072107,False,-0.0183678101811775,False,-0.0028351996177821
18854,BANK7,9,2020-02-05,2020-02-05,-0.018368003623927,0.0005908654291954,0.8537538165743805,200,False,-0.1111,-0.0152,18,2019-12-31,False,41,0.291032850033717,13.670920529114449,0.0093034596482226,0.0034178694856678,0.1144922964210974,0.9888815955171428,False,-0.0205095416077293,False,-0.0312840545434896
2808602,"CAPITAL BANK, NATIONAL ASSOCIATION",9,2020-02-05,2020-02-05,-0.0294483747462313,0.0010079935957516,0.664007708144181,200,False,-0.1111,-0.0152,18,2019-12-31,False,41,0.5402174311217117,14.149790393028573,0.011546715879204,0.0038681173483081,0.0820546997925456,0.9579867255084384,False,-0.0246130620058959,False,-0.0362754382775354
3614976,FVCBANK,9,2020-02-05,2020-02-05,0.0369015532030542,-0.0003681952167465,0.5797132554569971,200,False,-0.1111,-0.0152,18,2019-12-31,False,51,0.4293772489780365,14.243395127906467,0.0117769843592834,0.008367636090141,0.1270618360126961,0.9641899939884772,False,-0.0173853761208054,False,-0.0120945788755664
594947,"BANK FIRST, NATIONAL ASSOCIATION",9,2020-02-05,2020-02-05,-0.008477571967519,0.0007558641894252,0.4867296545203716,200,False,-0.1111,-0.0152,18,2019-12-31,False,41,0.2668779432753769,14.606892274591242,0.0126198592032515,0.0031371460779341,0.1152524674328772,0.9442930724920536,False,-0.0178475088290392,False,-0.0200720636949577
3476192,CARTER BANK & TRUST,9,2020-02-05,2020-02-05,-0.016500861406579,0.0008287945762349,0.4793216319807111,188,False,-0.1111,-0.0152,18,2019-12-31,False,41,0.0835478112974406,15.203330754405156,0.0066336204615552,0.0145062110945849,0.1180974152469179,0.991861866851288,False,-0.0140827677356284,False,-0.0235622245033708
3248849,MAINSTREET BANK,9,2020-02-05,2020-02-05,-0.0263638077082152,5.91404269021212e-05,0.4656680339413749,169,False,-0.1111,-0.0152,18,2019-12-31,False,41,0.3936674090364189,14.06021049196394,0.0115710619320753,0.0,0.1164473653305022,0.9513357028356936,False,-0.0276418258549044,False,-0.0391955855938327
289515,FARMERS AND MERCHANTS TRUST COMPANY OF CHAMBERSBURG,9,2020-02-05,2020-02-05,0.0032935094480143,-6.60010170651518e-05,0.4501942440965887,162,False,-0.1111,-0.0152,18,2019-12-31,False,41,0.1731716222663062,14.055382211139817,0.0128693101804283,0.0041692691233858,0.0991309793357805,0.9830116969789064,False,-0.0057933264054638,False,-0.0077979796831682
2743244,RED RIVER BANK,9,2020-02-05,2020-02-05,0.020480355030602,0.000417108021909,0.0813939465470372,160,False,-0.1111,-0.0152,18,2019-12-31,False,41,0.3024177856727542,14.502738755856518,0.0127592990030665,0.003683484843973,0.1134726588964775,0.9913723603490544,False,0.0093723696773624,False,-0.0019570509126027
575254,CITY BANK,9,2020-02-05,2020-02-05,-0.0566325201708269,0.0007159473252896,0.5095801647976107,156,False,-0.1111,-0.0152,18,2019-12-31,False,41,0.4173414564797593,14.989582143430786,0.0108953621143827,0.0027569278929956,0.115077625745795,0.9434974846708484,False,-0.0137513269515693,False,-0.0263853853089051
419675,FIRST BANK RICHMOND,9,2020-02-05,2020-02-05,-0.0147494750751975,0.0010008614994081,0.2921575747307695,119,False,-0.1111,-0.0152,18,2019-12-31,False,51,0.251535271213627,13.79873971017655,-0.0071702484011596,0.0054894877246354,0.1437781748255232,0.786356477929457,False,-0.0161523227049218,False,-0.0201327602174933
395238,SYNOVUS BANK,9,2020-02-05,2020-02-05,-0.0042187089635968,-0.000891947324057,1.6895693613555427,200,False,-0.1111,-0.0152,18,2019-12-31,False,41,0.4065551259365178,17.688864146247564,0.0121418771861094,0.0031541442435854,0.1101855200153585,0.9060106417911044,False,-0.0182898230034854,False,-0.0151256607115287
933966,CITIZENS BUSINESS BANK,9,2020-02-05,2020-02-05,-0.0201000184168743,-0.000519292746378,1.1381042018008536,200,False,-0.1111,-0.0152,18,2019-12-31,False,41,0.5594412214401058,16.238491536813363,0.0189003294757812,0.0006975935336503,0.1776411988084862,0.9418097163342528,False,-0.0114576352659936,False,0.0035792853852453
60143,COMERICA BANK,9,2020-02-05,2020-02-05,-0.0311348285186004,-0.0014898142924275,1.4250807244982049,200,False,-0.1111,-0.0152,18,2019-12-31,False,31,0.5774980833120368,18.11056217862375,0.0163357696083778,0.0044665012406947,0.1053098069161121,0.8945635773398565,False,-0.007938919964386,False,0.0021572639562136
601050,COMMERCE BANK,9,2020-02-05,2020-02-05,-0.011719351426787,0.0001240478604627,1.1028105957001,200,False,-0.1111,-0.0152,18,2019-12-31,False,41,0.3625198221478185,17.071892896816294,0.0160542273383694,0.00203902946021,0.1035562485886885,0.8954752268506755,False,-0.0054987344605712,False,-0.0029589553183859
682563,FROST BANK,9,2020-02-05,2020-02-05,-0.0157211431924752,-0.0009214056285445,1.3828742060508887,200,False,-0.1111,-0.0152,18,2019-12-31,False,41,0.4706248080297446,17.344963502001207,0.0132980191791277,0.0074386875888836,0.1140525498892327,0.917381167313156,False,0.0467918441200626,False,0.0340513330383314
723112,"FIFTH THIRD BANK, NATIONAL ASSOCIATION",9,2020-02-05,2020-02-05,-0.0273518019541222,-3.113785149380873e-06,1.3351468118055327,200,False,-0.1111,-0.0152,18,2019-12-31,False,31,0.587150451899502,18.9385520882326,0.0161874013599443,0.0091761661877484,0.1372690891780576,0.9142365557798356,False,-0.0161464794397291,False,0.0010314327573429
233031,REGIONS BANK,9,2020-02-05,2020-02-05,-0.0162853624600862,-0.0002781878019253,1.496197876478797,200,False,-0.1111,-0.0152,18,2019-12-31,False,31,0.3702447013101486,18.648939191851692,0.0142071457565603,0.0088995215311004,0.1306977817750575,0.9140816700238052,False,-0.0210332882656712,False,-0.0112862146352079
342634,TRUSTMARK NATIONAL BANK,9,2020-02-05,2020-02-05,-0.0336782013253245,-0.0005579600105712,1.0824258175198438,200,False,-0.1111,-0.0152,18,2019-12-31,False,41,0.3625345254316034,16.41789975382174,0.0113565972117252,0.0100495340947022,0.1263926406333636,0.955141221201823,False,-0.0174494348928205,False,0.0001680113718093
501105,MANUFACTURERS AND TRADERS TRUST COMPANY,9,2020-02-05,2020-02-05,-0.0346904518017563,-0.0006335439341337,1.119180990844962,200,False,-0.1111,-0.0152,18,2019-12-31,False,31,0.4650808089835371,18.59825860887654,0.0164206768355962,0.0179197550625111,0.1266410903500361,0.9245926065641576,False,-0.0179179133996263,False,0.0054370534718825
165628,FIRST FINANCIAL BANK,9,2020-02-05,2020-02-05,-0.0273595043901513,-0.0006690782013239,1.3854667776831024,200,False,-0.1111,-0.0152,18,2019-12-31,False,41,0.3148942502158,16.485118638731134,0.0148516960733352,0.0052484198909536,0.1573784851940629,0.8442935149245344,False,-0.0162486443400032,False,-0.0080278584183262
991340,1ST SOURCE BANK,9,2020-02-05,2020-02-05,-0.0390084050455311,2.7121460238105902e-06,1.209015254272463,200,False,-0.1111,-0.0152,18,2019-12-31,False,41,0.319287591912245,15.705937292945311,0.0145507667096433,0.0022603687881477,0.1217409215133232,0.9244579074314964,False,-0.0110883852153092,False,-0.0164207658248645
485559,FIRST HORIZON BANK,9,2020-02-05,2020-02-05,-0.0152966603389959,4.643323046585178e-05,1.1059197854901264,200,False,-0.1111,-0.0152,18,2019-12-31,False,41,0.4065971329677619,17.57964042425589,0.0119802679412896,0.0061380940214291,0.1236772415000787,0.8681870978230636,False,-0.0232749450417866,False,-0.0185634787728411
451965,"WELLS FARGO BANK, NATIONAL ASSOCIATION",9,2020-02-05,2020-02-05,-0.0149326471627773,-0.0002269810175081,1.096902061631483,200,False,-0.1111,-0.0152,18,2019-12-31,False,31,0.5179169880286918,21.261464769706304,0.0114150172892004,0.014215036467423,0.0976963884456883,0.8942832407866319,False,0.0009953449257133,False,0.011787045213705
12311,"HUNTINGTON NATIONAL BANK, THE",9,2020-02-05,2020-02-05,-0.0257260145986208,-0.0002133840173582,1.3545272614832868,200,False,-0.1111,-0.0152,18,2019-12-31,False,31,0.3475430187705909,18.504464549599476,0.0146444096820197,0.0084244623623995,0.1144863822928985,0.8932560218882891,False,-0.0196137334610456,False,-0.0086016140460914
852218,"JPMORGAN CHASE BANK, NATIONAL ASSOCIATION",9,2020-02-05,2020-02-05,-0.0152315322190907,0.000724682900439,1.1776443259052467,200,False,-0.1111,-0.0152,18,2019-12-31,False,31,0.4564880006056476,21.57258223015338,0.0134039164294317,0.0079199450130718,0.1052574626354976,0.7893212112462348,False,0.0216376799561287,False,0.0164136327788163
541101,"BANK OF NEW YORK MELLON, THE",9,2020-02-05,2020-02-05,-0.0050302658884788,-0.0006321189762603,1.0438072996087746,200,False,-0.1111,-0.0152,18,2019-12-31,False,31,0.5315136382552113,19.556547069543484,0.0082951439848163,0.0030246348549369,0.0835070185974366,0.9262257169287696,False,0.0571386032941642,True,0.0434632170387002
210434,"NORTHERN TRUST COMPANY, THE",9,2020-02-05,2020-02-05,-0.0060837942338762,-2.3781582627499595e-05,1.4556339469762,200,False,-0.1111,-0.0152,18,2019-12-31,False,31,0.2530464767214206,18.727322684266568,0.0107751947186274,0.0028976506024403,0.0687866594206606,0.8830643689691181,False,0.055495193514558,True,0.0346222704766125
1394676,AMERICAN EXPRESS NATIONAL BANK,9,2020-02-05,2020-02-05,-0.0257207067919269,-3.043490167726887e-05,1.1388096096351237,200,False,-0.1111,-0.0152,18,2019-12-31,False,31,0.138766459463113,18.61896717294522,0.0483598700148499,0.008375403452763,0.1121806198856848,0.723740334734479,False,-0.0481072437163041,True,-0.0773555259626459
480228,"BANK OF AMERICA, NATIONAL ASSOCIATION",9,2020-02-05,2020-02-05,0.0034100068437904,0.0001056869975055,1.4284554464713255,200,False,-0.1111,-0.0152,18,2019-12-31,False,31,0.416175074473213,21.34006260989562,0.0144394201134063,0.0062241575369827,0.1144899872260026,0.9128663934301342,False,0.0192779335923647,False,0.0203466162755536
817824,"PNC BANK, NATIONAL ASSOCIATION",9,2020-02-05,2020-02-05,-0.0099271175318103,0.0004864246523354,1.1639607942861403,200,False,-0.1111,-0.0152,18,2019-12-31,False,31,0.4107900637192975,19.801216717335592,0.011030226294547,0.010562177381846,0.1050656677537351,0.8319332172081604,False,0.0086365182701514,False,0.0091081113083805
280110,KEYBANK NATIONAL ASSOCIATION,9,2020-02-05,2020-02-05,-0.016794785075398,0.0001504762281517,1.4405438305532017,200,False,-0.1111,-0.0152,18,2019-12-31,False,31,0.4804879270028069,18.781080624691977,0.0132396222786917,0.0085138066768581,0.1183446276957608,0.9161100268338356,False,-0.0019787040505335,False,0.0016467550483433
504713,U.S. BANK NATIONAL ASSOCIATION,9,2020-02-05,2020-02-05,-0.0191496237476878,0.0002337089289965,1.0156148054223766,200,False,-0.1111,-0.0152,18,2019-12-31,False,31,0.4770097649430674,20.00172786495464,0.0143531860690427,0.0099302189862376,0.099982415790546,0.8572923204440709,False,0.0027980295778043,False,0.0131967365792054
34537,SEACOAST NATIONAL BANK,9,2020-02-05,2020-02-05,-0.0463878328374895,-0.0005513140073279,1.5243881589548476,200,False,-0.1111,-0.0152,18,2019-12-31,False,41,0.2769348092608777,15.776781551414429,0.0142836121319753,0.005186039563984,0.1411703353067854,0.9148310917229712,False,-0.0111252915042104,False,-0.0010058837248918
476810,"CITIBANK, N.A.",9,2020-02-05,2020-02-05,-0.0077214302091627,0.0001380344726415,1.6343931292640772,200,False,-0.1111,-0.0152,18,2019-12-31,False,31,0.3336684138390873,21.097582840540973,0.0119704428754372,0.0087790454456171,0.1032477348662102,0.8285670878150364,False,-0.0050324835890505,False,0.0116646538052422
852320,TRUIST BANK,9,2020-02-05,2020-02-05,-0.0077130613993286,-6.636576420083322e-05,1.1868935350076522,200,False,-0.1111,-0.0152,18,2019-12-31,False,31,0.4463704965780036,19.949463761364488,0.0073429939122743,0.0081608994773467,0.138820958426557,0.8750988540486084,False,-0.0183357470944674,False,0.0032705543300937
35301,STATE STREET BANK AND TRUST COMPANY,9,2020-02-05,2020-02-05,0.0072126333498812,6.591589960733491e-05,1.285535605595669,200,False,-0.1111,-0.0152,18,2019-12-31,False,31,0.5762220469419514,19.305059667436023,0.0092133736392619,0.0,0.1051051423096618,0.8658910829406959,False,0.0566793351014206,True,0.0520928789157411
17147,FIRST MERCHANTS BANK,9,2020-02-05,2020-02-05,-0.0251514483002052,-0.0004120379287672,1.4080343088686822,200,False,-0.1111,-0.0152,18,2019-12-31,False,41,0.4213953425825497,16.335651540325237,0.0140912375026638,0.0018915143652001,0.1437615307502629,0.9362344143188844,False,-0.0092493134954156,False,-0.0016787549661584
572374,GREAT SOUTHERN BANK,9,2020-02-05,2020-02-05,-0.0386131402163302,0.0001096878725939,1.1280652736979546,200,False,-0.1111,-0.0152,18,2019-12-31,False,41,0.5441430826591852,15.427942184760411,0.0158913545408157,0.0025278819960133,0.1296772018135226,0.922492219803524,False,-0.0163287107142866,False,-0.016151722612214
489623,"PARK NATIONAL BANK, THE",9,2020-02-05,2020-02-05,0.0007783439420061,-0.0001128547792691,1.005568496388231,200,False,-0.1111,-0.0152,18,2019-12-31,False,41,0.1763168321167207,15.958964857592434,0.0133195010627461,0.0140671269256766,0.1049073684980668,0.9333258144467154,False,-0.0168652279662799,False,-0.0209391885593584
595869,CATHAY BANK,9,2020-02-05,2020-02-05,-0.0396125372345265,-0.0004707556812581,1.2921148122593276,200,False,-0.1111,-0.0152,18,2019-12-31,False,31,0.3488245072171327,16.709571557786536,0.0157225552290647,0.003103539054222,0.130916458828367,0.9378607140302764,False,-0.0175115904929237,False,-0.0235458270594542
1718188,NORTHRIM BANK,9,2020-02-05,2020-02-05,-0.0351617922576809,-0.0003278181900423,1.08585189383185,200,False,-0.1111,-0.0152,18,2019-12-31,False,51,0.3202368207205232,14.305194870796848,0.0126945626335564,0.013521509731683,0.1121601224659134,0.9632158964313372,False,0.0148891585658208,False,0.0113720258742129
463735,HANCOCK WHITNEY BANK,9,2020-02-05,2020-02-05,-0.042538171775575,-0.0007256456032945,1.6248365188525855,200,False,-0.1111,-0.0152,18,2019-12-31,False,41,0.4311134262404604,17.236417294599025,0.011012857212238,0.0122590435441877,0.1151750885523767,0.882113241707632,False,-0.0157795073807248,False,-0.0155692598983987
339858,"BOKF, NATIONAL ASSOCIATION",9,2020-02-05,2020-02-05,-0.0366497379856759,-0.0007813014889091,1.3835844346112631,200,False,-0.1111,-0.0152,18,2019-12-31,False,41,0.566537970162029,17.554942099339616,0.0120453535439146,0.0133024019438234,0.1094017630718172,0.7449198233870384,False,-0.0063143454787441,False,0.0013103411290852
693345,"FIRST FINANCIAL BANK, NATIONAL ASSOCIATION",9,2020-02-05,2020-02-05,0.005698147015058,-0.0002282804029905,1.0527088007474934,200,False,-0.1111,-0.0152,18,2019-12-31,False,51,0.1833185031498313,15.181211319051512,0.0120769137326118,0.0040415173344848,0.1371814188606363,0.9500110472660308,False,-0.0124169311769676,False,-0.0191186015823432
702117,"NBT BANK, NATIONAL ASSOCIATION",9,2020-02-05,2020-02-05,-0.0161895868187098,-2.746721997669037e-05,1.05736266049506,200,False,-0.1111,-0.0152,18,2019-12-31,False,41,0.3587304203265639,16.081736080828925,0.0120727765975815,0.0040419265765871,0.1184184068439743,0.8993453031713554,False,-0.0179239399073129,False,-0.0207440969472271
677176,TRUSTCO BANK,9,2020-02-05,2020-02-05,-0.0322667383844594,0.000185260431234,0.8267881504169253,200,False,-0.1111,-0.0152,18,2019-12-31,False,41,0.0913975860836893,15.468063130750672,0.0115715837900131,0.0051302287899872,0.0999542553974033,0.947117568210096,False,-0.0164898487972195,False,-0.0190407467546969
749242,RENASANT BANK,9,2020-02-05,2020-02-05,-0.0343662594809313,-0.0009206325129575,1.425084914786642,200,False,-0.1111,-0.0152,18,2019-12-31,False,41,0.3789026931391829,16.409834458721097,0.0133890239523592,0.0036293292006023,0.171988296872919,0.9236593230115488,False,-0.0155650417444293,False,-0.0026753710834391
936426,S & T BANK,9,2020-02-05,2020-02-05,-0.0166182285512816,-0.00040754706297,1.0894350065316236,200,False,-0.1111,-0.0152,18,2019-12-31,False,41,0.2541866337766557,15.98433074535748,0.0116796413151093,0.0080944689802094,0.1370565721802245,0.9331158385119496,False,-0.0221855271434924,False,-0.0236860984177549
42420,FIRST COMMONWEALTH BANK,9,2020-02-05,2020-02-05,-0.0198146440043584,-0.0001047561096517,1.1265481474058312,200,False,-0.1111,-0.0152,18,2019-12-31,False,41,0.2319171936563334,15.930363523389063,0.0134778057004473,0.0043106310204276,0.130147591196191,0.9293318571648912,False,-0.01801497024699,False,-0.0268659372053303
143662,UMPQUA BANK,9,2020-02-05,2020-02-05,-0.0345044491066142,-1.1713268029027844e-05,1.3075169054595244,200,False,-0.1111,-0.0152,18,2019-12-31,False,41,0.3485384694882888,17.176465187035394,0.0128698347592837,0.0032654117494018,0.159313525527761,0.9334252711334722,False,-0.0177515037841208,False,-0.0202754042232133
61122,FIRST UNITED BANK & TRUST,9,2020-02-05,2020-02-05,-0.0336878275060626,0.0014020243397978,0.7225700459322044,200,False,-0.1111,-0.0152,18,2019-12-31,False,41,0.2928045752599321,14.16859125031262,0.0095865947847687,0.0110006672255393,0.0999616423805328,0.8931316717089878,False,-0.0132566422493648,False,-0.0184389132514813
936855,"UMB BANK, NATIONAL ASSOCIATION",9,2020-02-05,2020-02-05,-0.0321948381034786,-0.000592584542033,1.3080585269175382,200,False,-0.1111,-0.0152,18,2019-12-31,False,41,0.6776054358073414,17.087268544301942,0.0100052603353828,0.0043465954496467,0.0887302294003236,0.9060264001922484,False,-0.0050632364366289,False,0.0016994790342028
577128,PEOPLES BANK,9,2020-02-05,2020-02-05,-0.0379219569784684,-0.0001265336487072,1.0099582974970085,200,False,-0.1111,-0.0152,18,2019-12-31,False,41,0.2931548180047826,15.285960158693824,0.0135271009707457,0.007539173284667,0.131786676337582,0.877693989192543,False,-0.0194090168351926,False,-0.0186474197793858
317342,STOCK YARDS BANK & TRUST COMPANY,9,2020-02-05,2020-02-05,-0.0273519244400628,0.0004343111686747,0.9712307679525112,200,False,-0.1111,-0.0152,18,2019-12-31,False,41,0.2499935688499865,15.12924444125092,0.0178269684341934,0.0042213180239452,0.1032613107715566,0.9438937354874334,False,-0.0165353018399241,False,-0.0142483483717924
584724,UNIFIED BANK,9,2020-02-05,2020-02-05,-0.0239554773444654,0.00125861497569,0.0820094777443417,200,False,-0.1111,-0.0152,18,2019-12-31,False,51,0.1504895059514045,13.436991618840716,0.013951450994707,0.0038002663357098,0.1093484212447526,0.9094371173061632,False,-0.0113754410039844,False,-0.0157388867743249
1386251,BANCFIRST,9,2020-02-05,2020-02-05,-0.022342253405211,-2.7199088903513174e-05,1.1958560559266045,200,False,-0.1111,-0.0152,18,2019-12-31,False,41,0.2806840752745542,15.859950632938784,0.0167194574587512,0.0055220458351932,0.1117140152691993,0.9939606753853912,False,0.0132440846463141,False,-0.0010210759786549
100562,TRI COUNTIES BANK,9,2020-02-05,2020-02-05,-0.0306148962577977,-0.0003824293587253,1.0558041020666538,200,False,-0.1111,-0.0152,18,2019-12-31,False,41,0.2598813254350985,15.682596399651995,0.0146837056080487,0.0039101420919155,0.1480107323443105,0.9746236896241984,False,-0.0104064797452014,False,-0.0081463231299411
37640,GERMAN AMERICAN BANK,9,2020-02-05,2020-02-05,-0.0337353518915606,0.0002845772202647,1.0234042178789569,200,False,-0.1111,-0.0152,18,2019-12-31,False,41,0.3308329516011589,15.293810782005163,0.0140684553703866,0.0045211263782779,0.1316458726913899,0.9120437356262378,False,-0.0014414126931096,False,-0.0067365011630953
981275,PREMIER BANK,9,2020-02-05,2020-02-05,-0.1054577216562105,-0.0003888784357422,1.0125537501363178,200,False,-0.1111,-0.0152,18,2019-12-31,False,41,0.1824229255869769,15.05093028382476,0.0140050851468477,0.0049953980811804,0.1219528219774162,0.9598463874429448,False,-0.0186401943296893,False,-0.0209313244201479
435077,"PATHWARD, NATIONAL ASSOCIATION",9,2020-02-05,2020-02-05,-0.0139810226199511,0.0022979107933206,0.9976114168902216,200,False,-0.1111,-0.0152,18,2019-12-31,False,41,0.0874184802215961,15.638801316458608,0.0173812159228655,0.0062216906976864,0.1500033429142008,0.9144451294017965,False,-0.0374390185993839,False,-0.0425033270272743
2142155,QUAD CITY BANK AND TRUST COMPANY,9,2020-02-05,2020-02-05,-0.0358209423216841,0.0004476597757335,1.184850077763226,200,False,-0.1111,-0.0152,18,2019-12-31,False,41,0.6900831007458568,14.34729872429985,0.012695266023609,0.0048154913974701,0.1019105473471083,0.95424801965818,False,-0.016200078707045,False,-0.0066736054253526
921178,RIVERVIEW BANK,9,2020-02-05,2020-02-05,-0.06060488365436,-0.0003730627537092,1.2075058273276966,200,False,-0.1111,-0.0152,18,2019-12-31,False,41,0.2191596655504982,13.98379488556817,0.0153607831835933,0.0017111582860894,0.1400488306586899,0.9803499522828082,False,0.0069605353144279,False,0.0026833739988246
693224,ATLANTIC UNION BANK,9,2020-02-05,2020-02-05,-0.0337218712207347,-0.000292335620728,1.4568752627972434,200,False,-0.1111,-0.0152,18,2019-12-31,False,41,0.3416313210493467,16.678628503975272,0.012133895895286,0.0043280849615528,0.1584768283453763,0.9034063861013244,False,-0.0190622552134037,False,-0.0138660327559413
470050,"FIRST FINANCIAL BANK, NATIONAL ASSOCIATION",9,2020-02-05,2020-02-05,-0.0323632098068361,0.0001596707549866,1.2139613112837269,200,False,-0.1111,-0.0152,18,2019-12-31,False,41,0.4103774502589506,15.92308099656299,0.019149206645515,0.005857647654135,0.1316686002547815,0.9424333157401852,False,-0.0127317215769752,False,-0.0205081710026149
936136,OLD SECOND NATIONAL BANK,9,2020-02-05,2020-02-05,-0.0380700977584001,-0.0008962119230454,1.1201412012509049,200,False,-0.1111,-0.0152,18,2019-12-31,False,41,0.1854780846798256,14.783601015967776,0.0177070103368437,0.0092762037631219,0.133293478855351,0.943622637011484,False,-0.0102529154140186,False,-0.0137274033387048
694904,"FLAGSTAR BANK, NATIONAL ASSOCIATION",9,2020-02-05,2020-02-05,0.0183308179765283,-0.0002362701577981,0.6528424968424421,200,False,-0.1111,-0.0152,18,2019-12-31,False,41,0.2761839869171224,17.797383043885095,0.0080182272383608,0.0014618507044717,0.1337055189125577,0.6854937362325733,False,0.0019322331588067,False,0.0039885188949872
229801,VALLEY NATIONAL BANK,9,2020-02-05,2020-02-05,-0.0189756422567436,-7.452188951356663e-05,1.3450523563417307,200,False,-0.1111,-0.0152,18,2019-12-31,False,41,0.3333086276938616,17.438292356121384,0.009553924249667,0.0058937064020233,0.1220501710691787,0.8914944094832332,False,-0.0224982521293608,False,-0.0103947298661955
481177,LANDMARK NATIONAL BANK,9,2020-02-05,2020-02-05,0.0066763136979097,0.0003889386238917,0.213554232026009,200,False,-0.1111,-0.0152,18,2019-12-31,False,41,0.296837081619584,13.810822586577624,0.0113541031403875,0.0101362712558302,0.127775606511655,0.9659227433205284,False,-0.0053705372663357,False,-0.006494138539343
272272,SOUTHERN BANK,9,2020-02-05,2020-02-05,-0.0052883495493792,5.824051620884329e-05,0.8296895322366924,200,False,-0.1111,-0.0152,18,2019-12-31,False,51,0.1376774382195278,14.647882145148571,0.0137286820221649,0.0053611854291006,0.1071889067342276,0.93648537636148,False,-0.0153940507113896,False,-0.0360019485125489
764030,AMERIS BANK,9,2020-02-05,2020-02-05,-0.0329341404109581,-0.0002019171763638,1.369988649522967,200,False,-0.1111,-0.0152,18,2019-12-31,False,41,0.3395352987913375,16.71456567282388,0.0102542928254427,0.0055873544155249,0.1437168987509542,0.9088534142688774,False,-0.023457124015108,False,-0.018971813129853
2236821,"PATRIOT BANK, NATIONAL ASSOCIATION",9,2020-02-05,2020-02-05,0.0510044061082156,-0.0006636764466867,-0.2074092838821109,200,False,-0.1111,-0.0152,18,2019-12-31,False,51,0.1285857697122857,13.795318054676326,-0.0011040703666289,0.0218370481734781,0.0978194100060203,0.875417634644052,False,-0.0249252383667196,False,-0.0065660369198314
268677,CARVER FEDERAL SAVINGS BANK,9,2020-02-05,2020-02-05,-0.0620151469622274,-0.0006403645396219,0.616007051565844,200,False,-0.1111,-0.0152,18,2019-12-31,False,41,0.1516744882126444,13.25687154283094,-0.0073148515613117,0.0182563849989818,0.1141424542865484,0.9323345812800105,False,-0.0172337850810435,False,-0.0004582383491034
112837,"CAPITAL ONE, NATIONAL ASSOCIATION",9,2020-02-05,2020-02-05,-0.0215021004169576,0.0002778777809585,1.4379135524955216,200,False,-0.1111,-0.0152,18,2019-12-31,False,31,0.28343332073939,19.611565390792254,0.0077467824830127,0.0093560461731817,0.1308660900651868,0.8981638502352459,False,-0.0323533217727303,True,-0.038154888354481
1002878,NORTHWEST BANK,9,2020-02-05,2020-02-05,-0.0057395990532254,-0.0005604779326149,0.7264373220591185,200,False,-0.1111,-0.0152,18,2019-12-31,False,41,0.1535894260571645,16.17869655484643,0.010833480474078,0.0078186971277557,0.1233953972367156,0.948683676084582,False,-0.0184023696378016,False,-0.0132439230463765
697763,WESTAMERICA BANK,9,2020-02-05,2020-02-05,-0.0185465842673783,1.0787029055096288e-05,0.9859908283499254,200,False,-0.1111,-0.0152,18,2019-12-31,False,41,0.3175630845599848,15.538123036686796,0.0145786752494179,0.0043313711985117,0.1025034750891074,0.9582653925033124,False,0.0100093683837332,False,0.033136373748524
749635,AUBURNBANK,9,2020-02-05,2020-02-05,-0.0151721027803774,0.0020547310045235,0.3777456776565074,200,False,-0.1111,-0.0152,18,2019-12-31,False,51,0.3593744636268641,13.62736487381891,0.0116283280265155,0.0004037978592235,0.1144703522294669,0.9926600477608034,False,0.0033150997456149,False,-0.0033009133191314
959304,FLUSHING BANK,9,2020-02-05,2020-02-05,-0.0233430802396703,-0.0003512248336535,0.7831880422778676,200,False,-0.1111,-0.0152,18,2019-12-31,False,41,0.2841052543708985,15.76393098221218,0.0071379164995866,0.002748862393338,0.0975609304271521,0.8020393652185214,False,-0.021327681267691,False,-0.0145366293770362
352772,BANNER BANK,9,2020-02-05,2020-02-05,-0.0073610682654782,-0.0006078095623232,1.3121245460052644,200,False,-0.1111,-0.0152,18,2019-12-31,False,41,0.2680821130412313,16.325493649109983,0.0121378605709255,0.0041985020991974,0.1346638306822372,0.9243011720536254,False,-0.0086181809217554,False,-0.0087680812898825
498317,"OHIO VALLEY BANK COMPANY, THE",9,2020-02-05,2020-02-05,-0.0305195837859246,-2.730548316619004e-05,1.4044920868186204,200,False,-0.1111,-0.0152,18,2019-12-31,False,41,0.2674574133408542,13.813719955792632,0.0089860760901252,0.0129624086211242,0.123013070382915,0.943709112343032,False,-0.0162120185493118,False,-0.019627042356901
506922,SANDY SPRING BANK,9,2020-02-05,2020-02-05,-0.0248383373275609,-6.114072266885667e-05,1.1799064791350884,200,False,-0.1111,-0.0152,18,2019-12-31,False,41,0.3823003088696046,15.969171770916397,0.0138404360920004,0.0076515035731231,0.1441711899485942,0.8853458813650663,False,-0.022098088772084,False,-0.0208093804480615
3317932,CONNECTONE BANK,9,2020-02-05,2020-02-05,-0.0407940123156446,0.000480570579063,1.1852914125413911,200,False,-0.1111,-0.0152,18,2019-12-31,False,41,0.6161016209452876,15.635837561591174,0.012816743838596,0.0102176566033461,0.1313121398434079,0.8929294081935094,False,-0.014934968098158,False,-0.0061087658151687
276579,"ZIONS BANCORPORATION, NATIONAL ASSOCIATION",9,2020-02-05,2020-02-05,-0.037874300910477,-0.0004823241981546,1.3144465672022485,200,False,-0.1111,-0.0152,18,2019-12-31,False,41,0.4806829623788617,18.052100237797944,0.0117979425992928,0.0051821293761783,0.1063045542190523,0.9234399211327404,False,-0.0139818542631828,False,0.0038995069733252
1412712,"COMMUNITY WEST BANK, NATIONAL ASSOCIATION",9,2020-02-05,2020-02-05,0.0245613976354038,0.0005933764177544,0.1832280498140232,200,False,-0.1111,-0.0152,18,2019-12-31,False,51,0.3861463697493297,13.725257568986711,0.0089143044763051,0.0034555542231901,0.0888376928970121,0.9031565266795512,False,-0.0263008405057456,False,-0.0234271038061045
1929247,"SOUTHSTATE BANK, N.A.",9,2020-02-05,2020-02-05,-0.0278445222768488,0.0003954510046898,1.2586608836021822,200,False,-0.1111,-0.0152,18,2019-12-31,False,41,0.3545650008512435,16.65670660237642,0.0134502013830447,0.004179381405043,0.1731440760460471,0.9277493189633944,False,-0.0178741044247954,False,-0.009323603043626
1890525,UNITY BANK,9,2020-02-05,2020-02-05,-0.0445996783791002,0.0001908727976221,0.7116231473747585,200,False,-0.1111,-0.0152,18,2019-12-31,False,41,0.3021231227513946,14.353387765855707,0.0131642263812451,0.0046075881282644,0.0952744970707231,0.8082535567829809,False,-0.0245520414788516,False,-0.0208676245435652
876634,CAPITAL CITY BANK,9,2020-02-05,2020-02-05,-0.025538673687816,0.0006608036814102,1.1272119892654549,200,False,-0.1111,-0.0152,18,2019-12-31,False,41,0.347002131146624,14.940732320057585,0.0107822389561491,0.0024243567109813,0.1160959459898081,0.9847368189129044,False,0.0047691869752582,False,0.0089786878002194
2239288,"WINTRUST BANK, NATIONAL ASSOCIATION",9,2020-02-05,2020-02-05,-0.0375495894847276,-0.0008863093368318,1.4496458836955284,200,False,-0.1111,-0.0152,18,2019-12-31,False,41,0.518909826537348,15.739641539081852,0.0144462253514793,0.0049244533166402,0.1066586812988506,0.9727798599302986,False,-0.0162611795397977,False,-0.0221513265062217
556815,"PEOPLES BANK, A CODORUS VALLEY COMPANY",9,2020-02-05,2020-02-05,-0.0275894907490209,-0.0001526992701322,0.9336290385160592,200,False,-0.1111,-0.0152,18,2019-12-31,False,41,0.200803104500836,14.448451154317883,0.010286011661374,0.0165003447734844,0.1047596036407277,0.9454000710615276,False,-0.0186136608102238,False,-0.022322255958766
729310,PATHFINDER BANK,9,2020-02-05,2020-02-05,0.0039971962364105,0.0001236590506002,0.0637690118007609,200,False,-0.1111,-0.0152,18,2019-12-31,False,41,0.2072343925832838,13.901688254205329,0.0046559633027522,0.0067130669348822,0.0808605504587156,0.8969427771587855,False,-0.0145740731177756,False,-0.0023522987072022
431172,PACIFIC PREMIER BANK,9,2020-02-05,2020-02-05,-0.0401240960967302,0.000144585335072,1.455917697708672,200,False,-0.1111,-0.0152,18,2019-12-31,False,41,0.4576458757361126,16.281748357487945,0.0145674344110554,0.000977420519962,0.1883081344860763,0.9337504049361574,False,-0.0118134031195093,False,-0.0055643399086109
107244,BANK OZK,9,2020-02-05,2020-02-05,-0.0213544870403869,-0.0009344995034867,1.73315313307411,200,False,-0.1111,-0.0152,18,2019-12-31,False,41,0.4174518176886012,16.975035449530335,0.0180779646340738,0.0032675598616772,0.1761653947044491,0.95199029863652,False,-0.0344947924036653,False,-0.0396220930297663
874845,LAKE CITY BANK,9,2020-02-05,2020-02-05,-0.0441091397026369,-0.0003486183020024,1.158682100527506,200,False,-0.1111,-0.0152,18,2019-12-31,False,41,0.4834418670556809,15.411723606107705,0.0182700279735103,0.0045993531276755,0.1180861927835517,0.9503700752008252,False,-0.0144595414005938,False,-0.0177543177818393
522605,BAR HARBOR BANK AND TRUST COMPANY,9,2020-02-05,2020-02-05,-0.0170899597865939,-0.000355574471829,1.0710598537921965,200,False,-0.1111,-0.0152,18,2019-12-31,False,41,0.2155162511866968,15.114479947474337,0.0073433024591074,0.0045015470873411,0.1165611835929283,0.8415016088887242,False,-0.0157274800260288,False,-0.0116096774991141
593007,CAMDEN NATIONAL BANK,9,2020-02-05,2020-02-05,-0.0431500599248711,-0.0002606671008039,1.069202676144001,200,False,-0.1111,-0.0152,18,2019-12-31,False,41,0.2646819625086526,15.299441935158653,0.0134867637889008,0.0026251450009591,0.1154467433818944,0.9146879304073388,False,-0.0136864885143256,False,-0.0141826131463913
786612,MID PENN BANK,9,2020-02-05,2020-02-05,-0.0334435017803664,0.0001515137003891,1.1498904453866934,200,False,-0.1111,-0.0152,18,2019-12-31,False,41,0.3031376317148706,14.617878892319206,0.0088196347707432,0.0064764806247593,0.1142311923249678,0.9680438504465358,False,-0.023900306148765,False,-0.0247657829200462
881478,HERITAGE BANK,9,2020-02-05,2020-02-05,-0.0193593571006984,-0.0010182412236715,1.2286209761915956,200,False,-0.1111,-0.0152,18,2019-12-31,False,41,0.3810721945484092,15.529432802319311,0.0130048696648524,0.0118007257092519,0.1453365257292336,0.9735059566118855,False,-0.0014860248589772,False,0.0056831326935307
671464,BANK OF HOPE,9,2020-02-05,2020-02-05,-0.0357494275207233,-0.0001700772015542,1.3738855296905133,200,False,-0.1111,-0.0152,18,2019-12-31,False,41,0.3974127283033664,16.567037977358048,0.0118541786787295,0.0083886193310985,0.1464378580520284,0.9396915340648716,False,-0.0201186931337842,False,-0.0121094505116801
606046,CADENCE BANK,9,2020-02-05,2020-02-05,-0.0447228526506602,-0.0003133560038881,1.2867090881612904,200,False,-0.1111,-0.0152,18,2019-12-31,False,41,0.3287451473749502,16.862942473335515,0.0111228768291703,0.0067344893020435,0.1274864931645831,0.885487134398129,False,-0.0192973281889898,False,-0.0052697501118349
782306,BROOKLINE BANK,9,2020-02-05,2020-02-05,-0.026253615319287,2.2258596217508147e-05,0.9613716431587104,200,False,-0.1111,-0.0152,18,2019-12-31,False,41,0.2984468014468582,15.418153436356455,0.0130733326084242,0.0033883977725479,0.1096197449125477,0.805170709444874,False,-0.0219106774770163,False,-0.017530312898505
1001152,INTERNATIONAL BANK OF COMMERCE,9,2020-02-05,2020-02-05,-0.0311740688098764,-0.0004059262924444,1.4472348549181089,200,False,-0.1111,-0.0152,18,2019-12-31,False,41,0.3387962666280788,15.98168743853873,0.0189828746900811,0.0115348030176251,0.1727092823452606,0.8712504670615776,False,-0.0161250543999092,False,-0.0230882275212746
59316,WAYNE BANK,9,2020-02-05,2020-02-05,-0.0582694610416324,0.0007464755004307,1.188017356349088,200,False,-0.1111,-0.0152,18,2019-12-31,False,51,0.2214057604461581,14.02390182749128,0.0118698216685137,0.0008594696801799,0.1099557926272332,0.8760461677535409,False,-0.0168216655280655,False,-0.0282524499556764
491934,COLONY BANK,9,2020-02-05,2020-02-05,-0.0204659626936516,-0.0003037893341315,0.3395322926103704,200,False,-0.1111,-0.0152,18,2019-12-31,False,51,0.2248387875683402,14.228546931568756,0.0081335185920338,0.010026662852823,0.1088236072515548,0.9623935723173692,False,-0.012140360619186,False,-0.0016234677211804
361167,SOUTHSIDE BANK,9,2020-02-05,2020-02-05,-0.0210051643095168,-9.250638420505943e-05,1.1664342665014993,200,False,-0.1111,-0.0152,18,2019-12-31,False,41,0.340499849775172,15.724092601753588,0.0123772154601751,0.0013913069794851,0.1408285287209054,0.8134391008381315,False,-0.0151619802943948,False,-0.0199236568396881
316840,REPUBLIC BANK & TRUST COMPANY,9,2020-02-05,2020-02-05,-0.0429340060246195,-1.433986137218517e-05,1.195108918344697,200,False,-0.1111,-0.0152,18,2019-12-31,False,41,0.3041803339842192,15.540254485214527,0.0162136228935442,0.0052609488879442,0.1247363254586814,0.7914618447956885,False,-0.0232605946407203,False,-0.0313312003272455
2209553,HERITAGE BANK OF COMMERCE,9,2020-02-05,2020-02-05,-0.033499370357982,-0.0006034223767007,1.1230953285982903,200,False,-0.1111,-0.0152,18,2019-12-31,False,41,0.5741465355896559,15.228463159537313,0.0107734367526138,0.003877082136703,0.1448048437379429,0.9777496236336172,False,0.0119731658589815,False,0.0106509226185249
821906,SALISBURY BANK AND TRUST COMPANY,9,2020-02-05,2020-02-05,-0.0109743510725771,0.0004319002681957,0.2704694846328585,200,False,-0.1111,-0.0152,18,2019-12-31,False,51,0.2673666898464816,13.922074449275094,0.0107106033624912,0.0038648787154082,0.1087933019850797,0.9297544335308274,False,-0.0141076648511813,False,-0.0140953952543984
416245,BUSEY BANK,9,2020-02-05,2020-02-05,-0.0157275453465022,-0.0003086903097376,1.1157738523981786,200,False,-0.1111,-0.0152,18,2019-12-31,False,41,0.3393741390693184,16.085481029453348,0.0125635453241334,0.0043669046435083,0.1464949016516489,0.958550927507398,False,8.197239884405274e-05,False,-0.0021780171512724
399517,CNB BANK,9,2020-02-05,2020-02-05,-0.0555948544562224,0.000323736098814,1.231493424393262,200,False,-0.1111,-0.0152,18,2019-12-31,False,41,0.3046734544563805,15.134731989043813,0.010767521416877,0.0057529101495677,0.0933849092155397,0.9169010663090434,False,-0.0189990846826227,False,-0.0231166179595208
664756,PROSPERITY BANK,9,2020-02-05,2020-02-05,-0.0150181836302676,-0.000770382786664,1.2598108001405264,200,False,-0.1111,-0.0152,18,2019-12-31,False,41,0.4165581829365102,17.28699291820558,0.0108342186479319,0.0029547878823769,0.1866603389665358,0.9283343053113088,False,0.0021494546583666,False,0.0019362759216056
767974,CFBANK NATIONAL ASSOCIATION,9,2020-02-05,2020-02-05,0.0563544924937638,0.0003500378734722,0.050895984136479,200,False,-0.1111,-0.0152,18,2019-12-31,False,51,0.2233718397253944,13.686810902247643,0.0127485390758816,0.003025484027826,0.1004472054210577,0.957680982044983,False,-0.0202953631945948,False,-0.0184817794181348
716374,FIRST HARRISON BANK,9,2020-02-05,2020-02-05,-0.0255238000634469,0.0011000017795241,0.5442617074253365,200,False,-0.1111,-0.0152,18,2019-12-31,False,51,0.2385861419225904,13.620718770033603,0.0118018580666483,0.0037289981102766,0.110611587278829,0.992736385162878,False,0.0070742222925307,False,0.0123611944077624
197478,EAST WEST BANK,9,2020-02-05,2020-02-05,-0.0202660170581337,-0.0014370302320728,1.8458568927655827,200,False,-0.1111,-0.0152,18,2019-12-31,False,31,0.499795236853188,17.603816775296096,0.0156093829582936,0.0034651972040692,0.1128903650018425,0.9574536935488096,False,-0.01286575047623,False,-0.0139063912017444
958727,AMERICAN NATIONAL BANK AND TRUST COMPANY,9,2020-02-05,2020-02-05,-0.0066891365466628,9.559123504234502e-05,1.1258359875582626,200,False,-0.1111,-0.0152,18,2019-12-31,False,41,0.3506211126067582,14.717645568714175,0.0096208303919898,0.0012576097666902,0.1367623313291627,0.9720194006842876,False,-0.0104652809653532,False,-0.0051935105132805
968070,CAPITOL FEDERAL SAVINGS BANK,9,2020-02-05,2020-02-05,-0.0071003485905995,0.0002514404849236,0.7148138947348184,200,False,-0.1111,-0.0152,18,2019-12-31,False,41,0.1120075647331331,16.040746462502767,0.0099351035354992,0.000959446808156,0.1269182574219942,0.7087816251375302,False,-0.0177135245805628,False,-0.0070058531830319
202907,"COMMUNITY BANK, NATIONAL ASSOCIATION",9,2020-02-05,2020-02-05,-0.0211979252403664,0.0001105813391745,1.1630543227362529,200,False,-0.1111,-0.0152,18,2019-12-31,False,41,0.3611381376099171,16.232314654100467,0.0127085017844819,0.0035206694394544,0.1390592629279491,0.9581321550799428,False,0.0082339654928668,False,0.007491222392422
601416,FIVE STAR BANK,9,2020-02-05,2020-02-05,-0.0423460309991199,4.668184988405231e-05,0.9615951053462232,200,False,-0.1111,-0.0152,18,2019-12-31,False,41,0.2754187270607587,15.284908169285016,0.0123631809205137,0.0026779643254348,0.101641598889803,0.9129367873227382,False,-0.0130083048243531,False,-0.0247835618124001
662369,BANK OF THE SIERRA,9,2020-02-05,2020-02-05,-0.0460450084667492,3.7661632696217335e-05,1.166319746156864,200,False,-0.1111,-0.0152,18,2019-12-31,False,41,0.2955511365492879,14.768478771718929,0.0146792082659185,0.0032744969871908,0.1308897677022714,0.9640586047498012,False,-0.0014938907324026,False,0.0063714246354098
439404,FIRST NATIONAL BANK,9,2020-02-05,2020-02-05,-0.0390366962210615,0.0003801457801621,0.8932422809085212,200,False,-0.1111,-0.0152,18,2019-12-31,False,41,0.1670808371087027,14.526955312226605,0.0128241885345215,0.0140376140218881,0.0901620672658684,0.8911204902880194,False,-0.012853950463783,False,-0.0214266815987469
2608754,MERCANTILE BANK,9,2020-02-05,2020-02-05,-0.029306714663234,-0.0001305044199364,1.1437662411184917,200,False,-0.1111,-0.0152,18,2019-12-31,False,41,0.3365802190303475,15.100590518621823,0.0153669877677659,0.000831038409447,0.1217015859386432,0.8492663489984759,False,-0.0213916887997085,False,-0.0243758251356513
29636,"CITIZENS BANK OF PHILADELPHIA, THE",9,2020-02-05,2020-02-05,-0.0055451790971243,0.0007677997282745,-0.0641187247415291,200,False,-0.1111,-0.0152,18,2019-12-31,False,51,0.3224532935434735,13.993875129541587,0.0052515726690655,0.0213164155981887,0.0927755527872155,0.83065005487057,False,-0.0077057562247196,False,-0.0078398205359504
2652092,EAGLEBANK,9,2020-02-05,2020-02-05,-0.0297308426774562,-0.0010734860526936,1.06493364650414,200,False,-0.1111,-0.0152,18,2019-12-31,False,41,0.4232859955721466,16.00718330794347,0.0173507280083555,0.0064096400439068,0.149003393454338,0.9541872282075676,False,-0.012250394119973,False,-0.0046747916396503
1436204,BANK OF MARIN,9,2020-02-05,2020-02-05,-0.0478832109265706,-0.0001474659084715,1.0242279928588385,200,False,-0.1111,-0.0152,18,2019-12-31,False,41,0.4562500959035134,14.811477530371084,0.0130696502583161,0.0001226071266206,0.1219103910442016,0.9868842142811473,False,0.0090072586962107,False,0.0184998197182493
2634351,MACATAWA BANK,9,2020-02-05,2020-02-05,-0.0222059103218165,-0.0001474880918469,0.9157566543671226,200,False,-0.1111,-0.0152,18,2019-12-31,False,51,0.3693007547495603,14.54209928441346,0.0166309318989136,0.0001461566208589,0.1113653002349113,0.9580319843892586,False,0.0242106096454786,False,0.0348317759561162
754929,"NATIONAL BANK OF BLACKSBURG, THE",9,2020-02-05,2020-02-05,-0.0574604952480804,0.0003579373841282,0.788773457032882,200,False,-0.1111,-0.0152,18,2019-12-31,False,41,0.3311186728823593,14.092076575370385,0.0136592461364149,0.0049104249165255,0.137670882773621,0.9849603627594624,False,0.0031870364014207,False,-0.0097890894922004
687009,LAKELAND BANK,9,2020-02-05,2020-02-05,-0.0127983323981828,-0.0001002373081917,1.0879000067551028,200,False,-0.1111,-0.0152,18,2019-12-31,False,41,0.4137665954467323,15.71857732563468,0.0111929894146364,0.0047949573952353,0.1194139057590998,0.9015784877681126,False,-0.0193635880804353,False,-0.0113337315963972
2634191,GLACIER BANK,9,2020-02-05,2020-02-05,-0.025996784531807,-5.16803734030061e-05,1.24309480386042,200,False,-0.1111,-0.0152,18,2019-12-31,False,41,0.2197885916506042,16.43093642248724,0.0165146911754359,0.0033703805592233,0.1508816109484958,0.9331840543364752,False,-0.0059205939404313,False,0.0038236957035506
186221,"OLD POINT NATIONAL BANK OF PHOEBUS, THE",9,2020-02-05,2020-02-05,0.0052659591222234,0.0015179706668678,-0.1571563642450696,200,False,-0.1111,-0.0152,18,2019-12-31,False,41,0.2028720219568467,13.86254489585825,0.0074273153474953,0.0100927911497685,0.0991587146212689,0.9442325126241232,False,-0.0137825305117136,False,-0.0105365029205011
474919,"FULTON BANK, NATIONAL ASSOCIATION",9,2020-02-05,2020-02-05,-0.0319133263613206,-0.0003129528577986,1.2442169975390849,200,False,-0.1111,-0.0152,18,2019-12-31,False,41,0.3211021052131393,16.895563988943373,0.0111167663507979,0.0083562105511921,0.1174429268232154,0.9094505303402804,False,-0.0187881229994057,False,-0.0116237099122019
473501,BERKSHIRE BANK,9,2020-02-05,2020-02-05,-0.0413209480967793,-0.0002517609156819,1.345421907805353,200,False,-0.1111,-0.0152,18,2019-12-31,False,41,0.3025680060371944,16.394317227080847,0.0076698990752043,0.0069122975495225,0.1324361700908985,0.9108978414535877,False,-0.006071137505635,False,-0.0052978606373965
508346,HAWTHORN BANK,9,2020-02-05,2020-02-05,0.0159231059684191,0.0001481605848781,0.705653896355347,200,False,-0.1111,-0.0152,18,2019-12-31,False,41,0.2503775177660365,14.210048177956578,0.0126845220523314,0.0043362056062776,0.1098188445357478,0.9005027408461794,False,-0.0179785636070978,False,-0.0224477178060989
236706,PEAPACK-GLADSTONE BANK,9,2020-02-05,2020-02-05,0.0053088836924294,-7.893740071918985e-05,1.0876008700823447,200,False,-0.1111,-0.0152,18,2019-12-31,False,41,0.5271137738332748,15.45992152114717,0.0100166880425279,0.0065464782730408,0.1096887789184889,0.9236446737064964,False,-0.0165559182455959,False,-0.0163614481640267
657365,HANMI BANK,9,2020-02-05,2020-02-05,-0.0038967856154073,-0.0008192947475109,1.294494642662216,200,False,-0.1111,-0.0152,18,2019-12-31,False,41,0.3339265536303873,15.52582078915189,0.0074728645335824,0.0138125299084457,0.1190566724471525,0.96795172953235,False,-0.0176250759068114,False,-0.018884309570469
636771,INDEPENDENT BANK,9,2020-02-05,2020-02-05,0.0027983618283794,-0.0006858607856182,1.1037000996893265,200,False,-0.1111,-0.0152,18,2019-12-31,False,41,0.1428604466860432,15.086308205300918,0.0134812360432741,0.0036388454799196,0.1029440238134924,0.9603351191632468,False,-0.0050151155965604,False,-0.0082808602508762
2353595,FIRST COMMUNITY BANK,9,2020-02-05,2020-02-05,0.0091654024371121,-0.0011195181467848,0.985756855959544,200,False,-0.1111,-0.0152,18,2019-12-31,False,51,0.1427182857458441,14.844051536696815,0.0141234373335259,0.007803119261456,0.1427588736716932,0.98174157771987,False,-0.0151104451513525,False,-0.0217290485170049
780218,"UNION BANK COMPANY, THE",9,2020-02-05,2020-02-05,-0.0210108224808557,0.0002209265855586,0.4515117873990769,200,False,-0.1111,-0.0152,18,2019-12-31,False,41,0.1193028941558982,13.68538137126815,0.0113829212899581,0.001791369654198,0.1298750999451013,0.9267743869395276,False,-0.0012814562830589,False,-0.0055661017586011
542528,CIVISTA BANK,9,2020-02-05,2020-02-05,-0.0204582538548891,-7.707696703801774e-05,0.984714426842078,200,False,-0.1111,-0.0152,18,2019-12-31,False,41,0.2558359949334174,14.650157300797918,0.0150164930555555,0.0035734008081787,0.1387647569444444,0.8632071598237214,False,-0.0170280420963275,False,-0.010426509256074
933023,"SHORE UNITED BANK, NATIONAL ASSOCIATION",9,2020-02-05,2020-02-05,-0.0380468995714819,6.811276913792788e-05,0.9625957698870248,200,False,-0.1111,-0.0152,18,2019-12-31,False,51,0.1405515929412829,14.259519868392578,0.0106277001433661,0.0095430759842198,0.1175044661614104,0.9804435650933808,False,-0.0148514407767525,False,-0.0091831107214406
1162017,UNITED SECURITY BANK,9,2020-02-05,2020-02-05,-0.0129453551179729,-0.0002690793277414,0.664681587547603,200,False,-0.1111,-0.0152,18,2019-12-31,False,51,0.4914577526784703,13.770333259528664,0.0155362680314868,0.0202546286595536,0.1304240930376595,0.9880962263810434,False,-0.0127012428542406,False,-0.0117799094349245
628123,"BANK OF GLEN BURNIE, THE",9,2020-02-05,2020-02-05,0.0021974227921344,0.0003519165729092,-0.0336489492293574,200,False,-0.1111,-0.0152,18,2019-12-31,False,41,0.0543140829035529,12.860847952570518,0.0046058886793335,0.01456777809776,0.0925775831164175,0.920347547272441,False,0.006400903483846,False,0.0161945903378815
333203,UNION BANK,9,2020-02-05,2020-02-05,-0.0447974472563822,-0.0015970256227873,1.220123896050274,200,False,-0.1111,-0.0152,18,2019-12-31,False,41,0.1180098260017926,13.6788737771806,0.0126827523510037,0.0051596439816185,0.0819684347009642,0.9320668292567188,False,-0.0066791957447105,False,-0.0030754724709081
2925666,PINNACLE BANK,9,2020-02-05,2020-02-05,-0.0305501093152254,-0.0002397737667169,1.3884665895324553,200,False,-0.1111,-0.0152,18,2019-12-31,False,41,0.4308388027902821,17.135706503074754,0.0147596103502772,0.0031789162128296,0.16819737284748,0.8852077524673938,False,-0.0190322118977702,False,-0.0081694133228202
139740,WEST BANK,9,2020-02-05,2020-02-05,-0.0360447115979162,0.0001504629750842,1.1851711944464622,200,False,-0.1111,-0.0152,18,2019-12-31,False,41,0.3883826693091907,14.72102705567012,0.0122128780867286,0.0002770820683094,0.0966950225395427,0.9036351721662156,False,-0.015774018229613,False,-0.016394526690766
494261,PACIFIC WESTERN BANK,9,2020-02-05,2020-02-05,-0.0113409522232817,-0.0001020243618825,1.3093854325338985,200,False,-0.1111,-0.0152,18,2019-12-31,False,41,0.5464378883250977,17.101386870840965,0.0182665978363334,0.0048448398966264,0.1958931109814307,0.8999667235881099,False,-0.0199655718948071,False,-0.0051787949036572
2760232,VILLAGE BANK,9,2020-02-05,2020-02-05,0.1623280376490333,0.0005604945657833,0.0939672823772246,200,False,-0.1111,-0.0152,18,2019-12-31,False,51,0.1914707775981846,13.195083959005284,0.0096538128934472,0.0100335507457857,0.0999934909757027,0.9178980342888788,False,-0.0099964926062443,False,-0.0115328213065791
2328137,FIRST COMMUNITY BANK,9,2020-02-05,2020-02-05,0.002961598882595,0.0001749542379466,0.4552230272498144,200,False,-0.1111,-0.0152,18,2019-12-31,False,41,0.2470310417217034,13.972579261929264,0.010113018299666,0.0031128747913277,0.1124567976780995,0.9550011410765408,False,-0.0087629933296706,False,0.000302208434484
204004,PROVIDENT BANK,9,2020-02-05,2020-02-05,-0.0240507830755,-0.0006499776246975,0.7618533441293984,200,False,-0.1111,-0.0152,18,2019-12-31,False,41,0.5303638595495322,16.098677125885434,0.0114523422849503,0.0054811987369227,0.139084461088077,0.8478921711039716,False,-0.0192600814394927,False,-0.0115192781932988
3465226,HTLF BANK,9,2020-02-05,2020-02-05,-0.0182294829796633,-0.0004332015362487,1.346522159658574,200,False,-0.1111,-0.0152,18,2019-12-31,False,41,0.5246485244779597,14.6463475354882,0.0123716963680035,0.0015357563845186,0.1603623849193918,0.9491731135152132,False,0.0049562238917984,False,0.0076507172583605
2953418,OPTIMUMBANK,9,2020-02-05,2020-02-05,0.0021101309700526,0.000104853766176,0.0223092676319738,200,False,-0.1111,-0.0152,18,2019-12-31,False,41,0.1862381257075355,11.748621898155887,-0.0019513505399789,0.0077895665854454,0.084769195522164,0.876874206941795,False,-0.0185191832208396,False,-0.016070309506327
2618780,TEXAS CAPITAL BANK,9,2020-02-05,2020-02-05,-0.0199199919743372,-0.0008886116092581,1.5715830819029928,200,False,-0.1111,-0.0152,18,2019-12-31,False,41,0.7479732001059883,17.29765098034005,0.0102733002894562,0.0092299985554643,0.0880675049802833,0.8949683158873069,False,0.0047207506463947,False,0.0051358936514617
354310,UNIVEST BANK AND TRUST CO.,9,2020-02-05,2020-02-05,-0.0146644800664679,-0.0002670719949137,1.023051894965606,200,False,-0.1111,-0.0152,18,2019-12-31,False,41,0.419335510364306,15.494733268228869,0.0131479037047689,0.0088756790230264,0.1278376285837974,0.9501171941830624,False,-0.0170681702604492,False,-0.0194272369833061
703767,CENTRAL VALLEY COMMUNITY BANK,9,2020-02-05,2020-02-05,-0.0148076195208349,-4.339382122673255e-06,0.8794246225102096,200,False,-0.1111,-0.0152,18,2019-12-31,False,41,0.3805736646988189,14.283249123889814,0.0138012252721783,0.0017946108673069,0.145025620466305,0.9780908574041076,False,0.0067390097771998,False,0.0067237302865851
2942690,SIGNATURE BANK,9,2020-02-05,2020-02-05,-0.024879095132967,-0.0004993601309132,0.9960773005884674,200,False,-0.1111,-0.0152,18,2019-12-31,False,41,0.7787152085872209,17.739880268171397,0.0116339881727724,0.001513570420872,0.0942258694101095,0.8808063598753354,True,-0.0061966218590513,False,0.0125920275589539
2849801,SOUTHERN FIRST BANK,9,2020-02-05,2020-02-05,0.0089962175460765,0.0002488371689529,0.9687768596836344,200,False,-0.1111,-0.0152,18,2019-12-31,False,41,0.4780883194469272,14.634173025350648,0.012689060250103,0.0034477316473245,0.1031574908543241,0.9298072984358948,False,-0.0176819572642997,False,-0.0085758726134658
2858960,"BANCORP BANK NATIONAL ASSOCIATION, THE",9,2020-02-05,2020-02-05,0.0331189782594373,0.0014715515802798,1.3146472276047223,200,False,-0.1111,-0.0152,18,2019-12-31,False,41,0.2341303348267034,15.549299048016447,0.0104255268043596,0.0120499764473654,0.0840681066127122,0.9767091233912416,False,-0.0091461265900908,False,-0.027675160093887
895710,CITIZENS & NORTHERN BANK,9,2020-02-05,2020-02-05,0.0091348197392692,-0.0004388412031798,1.0095452635152131,200,False,-0.1111,-0.0152,18,2019-12-31,False,51,0.2009559804357492,14.309160520934174,0.0123842921103471,0.0088124234460337,0.1394220175366313,0.8933009521431733,False,-0.0208720579212028,False,-0.0196418706389245
2372774,"SUMMIT COMMUNITY BANK, INC.",9,2020-02-05,2020-02-05,-0.021997579583353,0.0001372864886355,0.8713240321173837,200,False,-0.1111,-0.0152,18,2019-12-31,False,41,0.146030201335274,14.691787718456114,0.0134362167930019,0.0060110120068789,0.1112150548244107,0.8972287450540072,False,-0.0204231039558303,False,-0.0274853251209306
1356768,ENTERPRISE BANK AND TRUST COMPANY,9,2020-02-05,2020-02-05,-0.0718096799357157,-0.0002119305625755,1.4905806401180188,200,False,-0.1111,-0.0152,18,2019-12-31,False,41,0.3061578381977997,14.989554632633956,0.0108282749349391,0.0057562956439054,0.0961472299183103,0.9531718107474398,False,-0.0139326283966424,False,-0.0223212012934356
1190476,ENTERPRISE BANK & TRUST,9,2020-02-05,2020-02-05,-0.0184869557736218,-0.0001672118462974,1.1665064292094047,200,False,-0.1111,-0.0152,18,2019-12-31,False,41,0.3959886375822518,15.802479839134786,0.0137439404085559,0.0055995339768157,0.134088290283429,0.9184201367391552,False,-0.0166686178804146,False,-0.0187605060026633
633378,KEARNY BANK,9,2020-02-05,2020-02-05,-0.0384263503438855,-5.747817250344952e-06,0.8026696556596591,200,False,-0.1111,-0.0152,18,2019-12-31,False,41,0.1667914129174488,15.70091670292854,0.006416118912799,0.0048801317906776,0.1501563963132661,0.7604012397214466,False,-0.0202467796242904,False,0.0001234972998595
1918344,PREFERRED BANK,9,2020-02-05,2020-02-05,-0.0228024409907625,0.0003653358448969,1.2159063652016808,200,False,-0.1111,-0.0152,18,2019-12-31,False,41,0.5742030901209556,15.348103062576456,0.0169261786567001,0.0005705666702477,0.10151150121,0.9576234030022956,False,-0.0217295683423094,False,-0.0221508808136698
3138146,WESTERN ALLIANCE BANK,9,2020-02-05,2020-02-05,-0.0262388063555466,0.0003346827782996,1.567055989305229,200,False,-0.1111,-0.0152,18,2019-12-31,False,41,0.6520888643699542,17.10624826011691,0.0186601683309773,0.0026384613461838,0.112485492415442,0.9683319231582954,False,-0.0194486192675623,False,-0.0082739910871124
537449,FIRST BUSINESS BANK,9,2020-02-05,2020-02-05,-0.0338409050228706,0.0004719909536062,0.9521761796501635,200,False,-0.1111,-0.0152,18,2019-12-31,False,41,0.4775937267397067,14.549728662059076,0.013524472947215,0.0119854172481161,0.1065632300182546,0.8226384286090268,False,-0.0208753934446622,False,-0.0168697480094645
310978,WATERSTONE BANK,9,2020-02-05,2020-02-05,0.0045682943259161,0.0007124468727648,0.4835058969712096,200,False,-0.1111,-0.0152,18,2019-12-31,False,41,0.0749702862468519,14.505236894102126,0.0179533105555471,0.0043683627314299,0.1717339715127159,0.6941373514045582,False,-0.0216454610665894,False,-0.0243812694350814
220527,PEOPLES BANK,9,2020-02-05,2020-02-05,-0.003494753000287,0.0001942593509099,0.7969158945704731,200,False,-0.1111,-0.0152,18,2019-12-31,False,41,0.2499762569371036,13.958342565471751,0.0131690731802041,0.0041590043673642,0.1267667415667998,0.9616779806732016,False,-0.0013568356008304,False,-0.0011250430244896
2954059,BCB COMMUNITY BANK,9,2020-02-05,2020-02-05,-0.0367265646245734,0.0002554700100715,0.8910639108063708,200,False,-0.1111,-0.0152,18,2019-12-31,False,41,0.3017212732028567,14.882512805371135,0.0079613906441532,0.0041751056939944,0.0951093921427841,0.8981295360091978,False,-0.021079043922725,False,-0.0202595160182626
2385514,"FIRST BANK, THE",9,2020-02-05,2020-02-05,-0.026738115980469,0.0001383829783049,0.7521462218080823,200,False,-0.1111,-0.0152,18,2019-12-31,False,41,0.3003487092437149,15.185308091605652,0.0129880032145956,0.0157427633917082,0.1567666881684684,0.9290111632984672,False,-0.008057377130006,False,-0.0077014180970995
456045,CENTENNIAL BANK,9,2020-02-05,2020-02-05,-0.0255569344479721,-0.0006504479811445,1.5724501101325548,200,False,-0.1111,-0.0152,18,2019-12-31,False,41,0.4792478343100084,16.524613604630034,0.0210062719930824,0.0050458563249749,0.1834945068864458,0.928917651211812,False,-0.0198930677655662,False,-0.0109563255029057
561574,SUMMIT STATE BANK,9,2020-02-05,2020-02-05,0.0004758552792234,0.0002038158286989,0.2573144558089179,200,False,-0.1111,-0.0152,18,2019-12-31,False,51,0.3627992569331414,13.453073329621573,0.0093063286483193,0.0007885935091896,0.0967616792484819,0.9128332225110318,False,-0.0195710692615911,False,-0.018717515474195
522847,"LIMESTONE BANK, INC",9,2020-02-05,2020-02-05,-0.004871716977505,0.0007600878311314,0.0228699648289637,200,False,-0.1111,-0.0152,18,2019-12-31,False,51,0.1303147560814845,14.030196040448295,0.009169226896614,0.0016496252176738,0.1115967121483986,0.9368887645745224,False,-0.018319304500482,False,-0.0286994288367177
663245,SIMMONS BANK,9,2020-02-05,2020-02-05,-0.0346071836964015,-0.0004379655593394,1.3879224525280305,200,False,-0.1111,-0.0152,18,2019-12-31,False,41,0.3870472689638704,16.686774190675163,0.0146609843788426,0.0065720975595065,0.1594297039427171,0.8847529884163183,False,-0.0128627151169667,False,-0.0057483728048818
30810,DISCOVER BANK,9,2020-02-05,2020-02-05,-0.0420393548228868,0.0001386531160736,1.4306919134578766,200,False,-0.1111,-0.0152,18,2019-12-31,False,31,0.0770400491708794,18.53743393394414,0.0257598572439923,0.0133536272099594,0.1005637607321356,0.744259160227499,False,-0.0488497303672009,True,-0.085386061965178
768074,FIRST FINANCIAL NORTHWEST BANK,9,2020-02-05,2020-02-05,-0.0207656184764519,-0.0003054939335688,0.6855705187150357,200,False,-0.1111,-0.0152,18,2019-12-31,False,51,0.2778540186384505,14.109647751222017,0.0085948398173428,8.55859068540047e-05,0.1010873582678573,0.8776991358786118,False,-0.0181562009658657,False,-0.0098608459192504
2797724,TOWNEBANK,9,2020-02-05,2020-02-05,-0.0133815826183317,-0.0002627401313085,1.1969958901708266,200,False,-0.1111,-0.0152,18,2019-12-31,False,41,0.3983303045933288,16.296055626537203,0.0116157192447966,0.0020732844094782,0.1373271592409465,0.9064590612799724,False,-0.0100030926294934,False,-0.0024450599699759
28013,NORTHFIELD BANK,9,2020-02-05,2020-02-05,-0.0416021636408575,0.0005037083455623,0.8863300082459866,200,False,-0.1111,-0.0152,18,2019-12-31,False,41,0.2383325446501569,15.436770316201144,0.0079083538559451,0.0041232614264703,0.1269584105813664,0.7836672319057462,False,-0.0193668149128005,False,-0.0207106394826041
836843,MIDWESTONE BANK,9,2020-02-05,2020-02-05,-0.0498296191258164,0.0002392343757859,1.338408504383499,200,False,-0.1111,-0.0152,18,2019-12-31,False,41,0.2668744051386924,15.35139686652004,0.0104620853004052,0.0120399216933537,0.1238866234658883,0.9187662303040368,False,-0.0030520663856148,False,0.0041162610346105
676478,MALVERN BANK NA,9,2020-02-05,2020-02-05,-0.0151843642547632,0.0001328881342138,0.7659118437958777,200,False,-0.1111,-0.0152,18,2019-12-31,False,51,0.5623342673128721,14.044549497278632,0.0076873462590395,0.0086276371644696,0.1223947045906961,0.8687159773555428,False,-0.0217230514974909,False,-0.0088053985840742
23504,DIME COMMUNITY BANK,9,2020-02-05,2020-02-05,-0.0079401310593322,-0.0003048876025332,1.1987295920127088,200,False,-0.1111,-0.0152,18,2019-12-31,False,41,0.561312465462469,15.40908267161358,0.0112450030957286,0.0046995229801393,0.11651603225735,0.8782230330597217,False,-0.0182802333670992,False,-0.01063833128804
785473,FIRST SAVINGS BANK,9,2020-02-05,2020-02-05,-0.0085757338002353,0.0010977229684076,0.3344614434499636,200,False,-0.1111,-0.0152,18,2019-12-31,False,51,0.2287430080639492,14.069923292644145,0.0130836222885251,0.0055404851162422,0.1041254427372482,0.7759100294793709,False,-0.0191524642145407,False,-0.0003234198411315
929978,"HOME BANK, NATIONAL ASSOCIATION",9,2020-02-05,2020-02-05,-0.0227203480979164,0.0001869967020808,0.8167809020897889,200,False,-0.1111,-0.0152,18,2019-12-31,False,41,0.2703340446711401,14.602082505691012,0.012789545398241,0.0154767970042135,0.1390532894688904,0.9681774542915554,False,-0.0180096215997164,False,-0.0150070335005314
1864197,OAK VALLEY COMMUNITY BANK,9,2020-02-05,2020-02-05,-0.1098514729776313,2.4496608033152735e-06,0.8369769041163237,200,False,-0.1111,-0.0152,18,2019-12-31,False,51,0.3978656534108176,13.953302735538935,0.0113937252175367,0.0014702883124742,0.0979083187176156,0.9852361101989252,False,0.0138238464255736,False,0.0171876653761752
342410,ORRSTOWN BANK,9,2020-02-05,2020-02-05,-0.0146185714783802,0.0005492629867547,0.8160766270414522,200,False,-0.1111,-0.0152,18,2019-12-31,False,41,0.1917598439570723,14.683293165891914,0.0090211553125094,0.0077951312030229,0.1016285526178775,0.8820284139479515,False,-0.0192904909247105,False,-0.0218270102529899
119528,"FARMERS NATIONAL BANK OF EMLENTON, THE",9,2020-02-05,2020-02-05,-0.0421535896576997,0.0006697789952535,0.4728404761393973,200,False,-0.1111,-0.0152,18,2019-12-31,False,51,0.2417269568641898,13.721128447370464,0.0094666102523806,0.0045818231553032,0.0923857198591108,0.9531342705268384,False,,,
685676,OPPORTUNITY BANK OF MONTANA,9,2020-02-05,2020-02-05,0.0109476335304572,0.0011379543060363,0.1668302093025748,200,False,-0.1111,-0.0152,18,2019-12-31,False,51,0.1351321954794844,13.853870323685577,0.0131892349666299,0.0067714817493035,0.1252664552667921,0.8901214601623869,False,-0.015402551175442,False,-0.0079532664855848
613008,ROCKLAND TRUST COMPANY,10,2020-08-13,2020-08-13,-0.0986209512799277,-0.0003779533972337,1.1445230091397318,200,False,0.0,0.0,2,2020-06-30,False,41,0.3247670000003699,16.381660578956176,0.0083000284734847,0.0051901942394096,0.1314115088503673,0.9563362610674576,False,-0.0158760513078972,False,-0.0166832689695602
433608,TOMPKINS COMMUNITY BANK,10,2020-08-13,2020-08-13,-0.0536280499900767,-0.0010800549109822,1.1431245472443303,200,False,0.0,0.0,2,2020-06-30,False,41,0.4439306836634704,14.66656108257672,0.011826108638977,0.0060587320521545,0.0705002250111651,0.9221871365995136,False,-0.0148771822868522,False,-0.0175491947527171
379920,FIRST NATIONAL BANK OF PENNSYLVANIA,10,2020-08-13,2020-08-13,-0.123402555973013,-0.0015647770812222,1.6194895701362109,200,False,0.0,0.0,2,2020-06-30,False,41,0.3632446945822769,17.44445095052413,0.007701084257515,0.0066594090225873,0.1334341945798299,0.8828550685657787,False,-0.0139327318777742,False,-0.0099135656336968
491224,FIRST-CITIZENS BANK & TRUST COMPANY,10,2020-08-13,2020-08-13,-0.0951857915068747,-0.0007570926388767,1.1632659940307504,200,False,0.0,0.0,2,2020-06-30,False,41,0.2676838010581449,17.683134825779376,0.0087752055918482,0.0061781714436675,0.090755194854763,0.957238637748817,False,-0.0173391233094819,False,-0.0070457123459857
246022,"BANK OF SOUTH CAROLINA, THE",10,2020-08-13,2020-08-13,-0.0501989308004303,-0.0001954824111523,0.4224994077366262,200,False,0.0,0.0,2,2020-06-30,False,41,0.3387855674177855,13.20438934788064,0.011644575138832,0.0055422338748052,0.0970166303694941,0.970533803181884,False,0.0138078723296275,False,0.0211969779343315
437914,"WILMINGTON SAVINGS FUND SOCIETY, FSB",10,2020-08-13,2020-08-13,-0.0978415098969985,-0.0020274900075804,1.485372969309646,200,False,0.0,0.0,2,2020-06-30,False,41,0.3727719316470625,16.421185708395768,0.0008745702848165,0.0036753589356424,0.1372508154138249,0.9557201060989252,False,-0.0135358011532707,True,-0.0097746266517213
761806,"WEBSTER BANK, NATIONAL ASSOCIATION",10,2020-08-13,2020-08-13,-0.0781301219464684,-0.0021155221564056,1.7591977954114666,200,False,0.0,0.0,2,2020-06-30,False,31,0.3311727989019324,17.303596789665495,0.0063921498293125,0.0079349229325226,0.0982051820443456,0.9059237160538806,False,-0.0215936457984246,False,-0.0058287569871804
837000,"FIRST NATIONAL BANK OF LONG ISLAND, THE",10,2020-08-13,2020-08-13,-0.0574840056115066,-0.0015513075365589,1.2225868882240505,200,False,0.0,0.0,2,2020-06-30,False,41,0.4927375736611513,15.261768145756456,0.0098667589629849,0.0022090677727654,0.0915723101627193,0.8617739071834947,False,-0.0209473840040695,False,-0.0106820358617879
510871,FIRSTBANK PUERTO RICO,10,2020-08-13,2020-08-13,-0.0671332588312463,-0.0024467152116484,1.7480712363737316,200,False,0.0,0.0,2,2020-06-30,False,31,0.3197032851766894,16.460461699185053,0.0034646624947089,0.0385347549477108,0.1666015397411174,0.9150565396230648,False,-0.0182056510092615,False,-0.0264761108037157
245276,ORIENTAL BANK,10,2020-08-13,2020-08-13,-0.0863967421452737,-0.0021714278158858,1.5024866945953488,200,False,0.0,0.0,2,2020-06-30,False,41,0.3139043776145805,16.107413903685366,0.0051927726905599,0.0534866602485619,0.1042455990655111,0.96565772297278,False,-0.0174995369123359,False,-0.0214603033573476
216922,FIRST BANK,10,2020-08-13,2020-08-13,-0.0976537502180447,-0.0014943654969738,1.3076227882085174,200,False,0.0,0.0,2,2020-06-30,False,41,0.3081689201082936,15.744565016095004,0.0104387636842603,0.0074351748167327,0.1311331005568938,0.9793711467942834,False,-0.0055768569438161,False,-0.0091360140557879
645625,"WESBANCO BANK, INC.",10,2020-08-13,2020-08-13,-0.0423273141543228,-0.0027693417791756,1.1839056026384116,200,False,0.0,0.0,2,2020-06-30,False,41,0.2583334830858806,16.63202794402607,0.0038082306902074,0.006510033828029,0.1526558712565851,0.8602622525614231,False,-0.0161982088105179,False,-0.008228581129112
365325,UNITED BANK,10,2020-08-13,2020-08-13,-0.1072867485103788,-0.0014422093430596,1.3199791299400674,200,False,0.0,0.0,2,2020-06-30,False,41,0.3414153862754585,17.081624714961745,0.0079355050208139,0.0074643419682028,0.1679584983892738,0.9179411706575896,False,-0.0197593159230139,False,-0.0140776244579743
816603,"WASHINGTON TRUST COMPANY, OF WESTERLY, THE",10,2020-08-13,2020-08-13,-0.0734086592001175,-0.001846982226349,1.223634733435483,200,False,0.0,0.0,2,2020-06-30,False,41,0.2448183255686389,15.586409620644885,0.0113867382874522,0.0037083343336725,0.0904611773659348,0.7709027027795677,False,-0.0137346408651125,False,-0.0079113347521507
130541,HORIZON BANK,10,2020-08-13,2020-08-13,-0.0531827012488995,-0.0020917663242569,1.4989486533617618,200,False,0.0,0.0,2,2020-06-30,False,41,0.3077682605782657,15.561065342787698,0.0095544152908347,0.0065182967206978,0.1122958856039513,0.8716374276480039,False,0.0062539149106294,False,0.0157748389957609
701062,CENTRAL PACIFIC BANK,10,2020-08-13,2020-08-13,-0.0750972277079153,-0.0025537168360408,1.3823340505458328,200,False,0.0,0.0,2,2020-06-30,False,41,0.3760725603420199,15.706670014140556,0.0056559119535576,0.0011789270626885,0.0875480304352707,0.959704823752222,False,-0.0108087492314031,False,-0.014432790203365
802866,SILICON VALLEY BANK,10,2020-08-13,2020-08-13,-0.0757871675796808,8.008754481310894e-05,1.596186140384072,200,False,0.0,0.0,2,2020-06-30,False,31,0.8268930242505816,18.2521393037241,0.00764567247162,0.0025714328363055,0.0688986843059133,0.9671202545479474,True,0.0358832043325153,False,0.0315062153011363
509811,"COMMUNITY TRUST BANK, INC.",10,2020-08-13,2020-08-13,-0.0717854828730593,-0.0011293461874446,1.240421285965846,200,False,0.0,0.0,2,2020-06-30,False,41,0.2445736461255838,15.425068663174931,0.0102919629060586,0.0101343785465209,0.1300257709023375,0.9189310209604004,False,-0.0195206761466614,False,-0.0348608925225716
208244,OLD NATIONAL BANK,10,2020-08-13,2020-08-13,-0.0794581596153573,-0.0011667260319514,1.0769608538272744,200,False,0.0,0.0,2,2020-06-30,False,31,0.3292687358862913,16.9065870561976,0.0075879234838777,0.009578240213454,0.1341234791597322,0.8594223328461225,False,-0.0209391121420312,False,-0.003593043683661
4114567,FIRST REPUBLIC BANK,10,2020-08-13,2020-08-13,-0.0756741140638918,0.0005734565955578,1.120841699028336,200,False,0.0,0.0,2,2020-06-30,False,31,0.6411063389606351,18.66991212530777,0.0074113732813098,0.001681410010616,0.0824287420068575,0.8369631295485213,True,-0.0043878506876333,False,0.003577575785238
5210,ACNB BANK,10,2020-08-13,2020-08-13,-0.0980283462351931,-0.0006515952292445,1.8519274461741144,200,False,0.0,0.0,2,2020-06-30,False,51,0.1970850238137237,14.690352015285852,0.0043518956679084,0.0045176211947607,0.1028949403688563,0.948477066062122,False,-0.0115874644665386,False,-0.0165860703831197
3938186,"BANKUNITED, NATIONAL ASSOCIATION",10,2020-08-13,2020-08-13,-0.0636320759972468,-0.0019722246186146,1.496270175936171,200,False,0.0,0.0,2,2020-06-30,False,41,0.5478812331786334,17.359833522961075,0.0033734454298489,0.0367263580192429,0.0874745181026443,0.8368436418128515,False,-0.0201652274367269,False,0.0105771378911857
680813,"FARMERS NATIONAL BANK OF CANFIELD, THE",10,2020-08-13,2020-08-13,-0.0409811004628509,-0.0009543380867477,1.0205310902783111,200,False,0.0,0.0,2,2020-06-30,False,41,0.2690341365470055,14.870084922660968,0.0134487362723299,0.005678466419245,0.1113362939967318,0.9589386523796868,False,-0.0099194211626943,False,-0.0097386462864818
785923,LCNB NATIONAL BANK,10,2020-08-13,2020-08-13,0.0407653296379803,0.0003125389001652,1.4713199095979492,200,False,0.0,0.0,2,2020-06-30,False,51,0.2475552949969506,14.3648860930232,0.0116062444181319,0.0029301226038778,0.1346939765184846,0.96049194754143,False,-0.0176609426194181,False,-0.0188215942518553
2787770,BANK OF THE JAMES,10,2020-08-13,2020-08-13,-0.0204360392960224,-0.0016460219379923,0.3819690563811537,200,False,0.0,0.0,2,2020-06-30,False,41,0.1962991555962783,13.626027821017512,0.0048876765044652,0.0081559475037547,0.0838374303681348,0.987695591546936,False,-0.0030290183498984,False,-0.0056170292577375
258771,HOMESTREET BANK,10,2020-08-13,2020-08-13,-0.041687352857232,-0.0005408862270068,1.168941472971116,200,False,0.0,0.0,2,2020-06-30,False,41,0.3412693433103329,15.803927635526696,0.0076950006455399,0.0071042974819311,0.1027291622369938,0.8682034834724496,False,-0.0167110496780003,False,-0.0052553282359346
212577,HOMETRUST BANK,10,2020-08-13,2020-08-13,-0.0811486625580232,-0.0022748044864324,1.1419100261141129,200,False,0.0,0.0,2,2020-06-30,False,41,0.174235182929255,15.129927534242888,0.0028211616674456,0.0055278880087974,0.1065570115350106,0.8389206211948418,False,-0.0213705102815928,False,-0.0239529209178922
4210227,NBH BANK,10,2020-08-13,2020-08-13,-0.0726491471316839,-0.0013653767492338,1.0409928466695315,200,False,0.0,0.0,2,2020-06-30,False,41,0.2186334126947952,15.669099256511062,0.0115888550960693,0.0045000842149164,0.1082306440362706,0.9674956367682956,False,-0.0119147957329298,False,-0.0077307592546284
884303,CHEMUNG CANAL TRUST COMPANY,10,2020-08-13,2020-08-13,0.0559715356686058,-0.0015995946583094,1.6079495229789615,200,False,0.0,0.0,2,2020-06-30,False,41,0.2663248278163779,14.531109305260776,0.0076199844432243,0.0115405981637744,0.0923061428729971,0.9763746574398042,False,-0.0085911947550186,False,-0.0048366081969081
2758613,FIRST INTERNET BANK OF INDIANA,10,2020-08-13,2020-08-13,-0.0333081826362668,-0.0005107178970124,1.6210702475640102,200,False,0.0,0.0,2,2020-06-30,False,51,0.2798766618809883,15.27919549758554,0.0060552688474581,0.0027176373169574,0.0785019213967332,0.8573217073747634,False,-0.020298052885544,False,-0.0152702481698545
122854,INDEPENDENT BANK DBA INDEPENDENT FINANCIAL,10,2020-08-13,2020-08-13,-0.0785575360564841,-0.0007972244152868,1.5888625075976586,200,False,0.0,0.0,2,2020-06-30,False,41,0.458717080315409,16.647623826571074,0.0123382714489206,0.0025823045340685,0.156165640705319,0.9284485643932912,False,-0.0184669659146515,False,-0.0158229175258816
2354985,CUSTOMERS BANK,10,2020-08-13,2020-08-13,-0.095208483357661,-0.0022457953538905,1.5733010212202174,200,False,0.0,0.0,2,2020-06-30,False,41,0.4969171151199887,16.69989364171665,0.003356820607666,0.0057555816303526,0.0617483523567326,0.6587636942588654,False,-0.0190602511457525,False,-0.0094280908314003
3475083,TRISTATE CAPITAL BANK,10,2020-08-13,2020-08-13,-0.0884376929074534,-0.0006910515353226,1.396553919960903,200,False,0.0,0.0,2,2020-06-30,False,41,0.6236749033307487,16.019101052010072,0.0054615656723793,0.0009455051549554,0.0713481327469153,0.9329936054627842,False,-0.0185889579861068,False,0.0124416484874461
697978,COMMUNITY BANK OF THE CHESAPEAKE,10,2020-08-13,2020-08-13,0.0150943684124051,-0.0008858858618214,1.0132565048751765,200,False,0.0,0.0,2,2020-06-30,False,41,0.2224883600404327,14.55352402386427,0.0071699837841145,0.0147719839555692,0.0947042130706155,0.8834145862333367,False,-0.010933342505794,False,-0.016683625523652
3401970,FIRST BANK,10,2020-08-13,2020-08-13,-0.0108579759022792,-0.0023202136238711,1.4165996061856745,200,False,0.0,0.0,2,2020-06-30,False,41,0.4047848815504459,14.648677908425343,0.006389654150189,0.0072030432627606,0.0984311008374358,0.9272577024546028,False,-0.0192515173594626,False,-0.0189595438596672
3284070,ALLY BANK,10,2020-08-13,2020-08-13,-0.0375807578725339,-0.0021297642717185,1.6444013613075807,200,False,0.0,0.0,2,2020-06-30,False,31,0.0813915216074086,18.968281785880972,0.005644554970794,0.0111679248216414,0.0963854028107107,0.8555912547041806,False,-0.0294560301544673,False,-0.0387197045696588
3109043,BANKWELL BANK,10,2020-08-13,2020-08-13,-0.0042441222813868,-0.002513571690789,1.0635665511011383,200,False,0.0,0.0,2,2020-06-30,False,41,0.3781618125205133,14.52938297929735,0.0044811578332353,0.0066271093100517,0.0923436847263041,0.8778769866963646,False,-0.0153850129592315,False,-0.005712033725532
762447,"FIRST MID BANK & TRUST, NATIONAL ASSOCIATION",10,2020-08-13,2020-08-13,-0.0424137926721643,-0.0012486850352072,1.260482899271232,200,False,0.0,0.0,2,2020-06-30,False,41,0.2729581120062734,15.303734505830692,0.0074450998392042,0.0063767018109596,0.115797311582034,0.87526025641353,False,-0.0168473340840939,False,-0.0128396486254592
1216022,SYNCHRONY BANK,10,2020-08-13,2020-08-13,-0.0654902670616821,-0.0015812032636626,1.7982687033299725,200,False,0.0,0.0,2,2020-06-30,False,41,0.1263942048920519,18.2612628835187,0.0097344717583036,0.0184492286437946,0.1089322574591855,0.8803306307254922,False,-0.047934451814912,True,-0.1002527597244508
3303298,"CITIZENS BANK, NATIONAL ASSOCIATION",10,2020-08-13,2020-08-13,-0.1113682358756254,-0.0012494478067511,1.7516354412882678,200,False,0.0,0.0,2,2020-06-30,False,31,0.4430148472738904,19.00758493069626,0.003143884296517,0.0132540231702442,0.1230383529862986,0.9288694330065712,False,-0.0218017994438813,False,-0.0004142515464024
177920,"MIDDLEFIELD BANKING COMPANY, THE",10,2020-08-13,2020-08-13,-0.0365588840768426,-0.0005623675089524,0.8925680901833051,200,False,0.0,0.0,2,2020-06-30,False,41,0.3091537341549417,14.110074644936065,0.0076139201707806,0.008593792763698,0.1088488172800681,0.9690280982976528,False,-0.0186648885024873,False,-0.0198468963121079
371924,COMMUNITY BANK,10,2020-08-13,2020-08-13,-0.0093932384939134,-0.0004513290330505,0.4179908174194939,200,False,0.0,0.0,2,2020-06-30,False,51,0.2839983949425674,14.157290824890866,0.0056783504363562,0.0031060519556037,0.1043624254059288,0.9509315267360272,False,-0.0121522991519625,False,-0.0120508153561997
3221468,VERITEX COMMUNITY BANK,10,2020-08-13,2020-08-13,-0.0920966260146774,-0.001282059016547,1.5864463082980724,200,False,0.0,0.0,2,2020-06-30,False,41,0.5283876388892959,15.965465081843789,0.0073970804014878,0.0161078434865532,0.1498346781652631,0.8417401126877976,False,-0.0209814377105824,False,-0.0086052226471792
3637685,FIRST FOUNDATION BANK,10,2020-08-13,2020-08-13,-0.1078421923448451,0.0006130003520148,1.4164017295267102,200,False,0.0,0.0,2,2020-06-30,False,41,0.6530776861677544,15.779100494449487,0.0088683860270076,0.0027505030202397,0.090483615184525,0.8731495872951599,False,-0.0173971685792301,False,0.0035112101082296
866000,GLENS FALLS NATIONAL BANK AND TRUST COMPANY,10,2020-08-13,2020-08-13,-0.0602029863595323,-0.0005365807364138,1.361819424376132,200,False,0.0,0.0,2,2020-06-30,False,41,0.2901745957689383,14.8542192564768,0.0101048781022987,0.0025954507826572,0.0924317464182397,0.9344677193677554,False,-0.0146716748439502,False,-0.0219885339084974
766164,"TBK BANK, SSB",10,2020-08-13,2020-08-13,-0.0834366025929548,-0.0010079283087185,1.577042800095562,200,False,0.0,0.0,2,2020-06-30,False,41,0.2129490834059476,15.537997295119483,0.0051492980267871,0.0125672619169536,0.1281299606514894,0.8421782189982723,False,-0.0363793567989745,False,-0.0521960723942373
403179,FIRST FED BANK,10,2020-08-13,2020-08-13,0.0345725751708341,-0.0009013700913346,1.5157700939823084,200,False,0.0,0.0,2,2020-06-30,False,51,0.1971200798896439,14.201874392770035,0.0040730623394626,0.0034836214890535,0.103799214471127,0.89594326038941,False,-0.0167498272849897,False,-0.0144618606651352
917742,"ASSOCIATED BANK, NATIONAL ASSOCIATION",10,2020-08-13,2020-08-13,-0.0726326503660582,-0.0016510877956084,1.3375302982160768,200,False,0.0,0.0,2,2020-06-30,False,31,0.5811883492984103,17.383697109362153,0.0113505367953577,0.0070562711246914,0.1143494047936711,0.8468716189452417,False,-0.0002128891994825,False,0.0040417383286524
3650808,LIVE OAK BANKING COMPANY,10,2020-08-13,2020-08-13,-0.0126098960804968,-0.0009211197462973,1.4481537903019968,200,False,0.0,0.0,2,2020-06-30,False,41,0.0768708188471706,15.9181113421012,-0.0009419310270028,0.0154665742493313,0.0615120533461269,0.7655121612845711,False,-0.0247462205687162,False,-0.0165406023079826
139656,EQUITY BANK,10,2020-08-13,2020-08-13,-0.0578846601285491,-0.0021120390891663,1.237588720539914,200,False,0.0,0.0,2,2020-06-30,False,41,0.3675314041731786,15.251017375028251,0.0023466278767016,0.0172987005964848,0.1211086079356005,0.8843470841232494,False,-0.0178871622627896,False,-0.0266035158492072
422433,FIRST GUARANTY BANK,10,2020-08-13,2020-08-13,0.0493726739960755,-0.0012083024756773,1.5098259261693376,200,False,0.0,0.0,2,2020-06-30,False,41,0.3953882945224869,14.70577020188943,0.0084400692678512,0.0186367613972909,0.0964392251788146,0.964618360376562,False,-0.0279736975134564,False,-0.0130070534494394
3532641,SMARTBANK,10,2020-08-13,2020-08-13,-0.0400157902401805,-0.0009608407959621,1.398460822041566,200,False,0.0,0.0,2,2020-06-30,False,41,0.2587432762874523,14.999039197252692,0.0064717665509856,0.0019692588546243,0.1140517190170606,0.8816779158353203,False,-0.0125732367854023,False,-0.0069871880539602
2941068,NICOLET NATIONAL BANK,10,2020-08-13,2020-08-13,-0.0383823965617812,-0.0010093902270681,1.136291874284423,200,False,0.0,0.0,2,2020-06-30,False,41,0.2677393728744709,15.326268037666509,0.0110927624868078,0.0042102071732132,0.1107126214719521,0.8952096440091694,False,-0.0172684102631888,False,-0.0101589706565715
773247,MIDLAND STATES BANK,10,2020-08-13,2020-08-13,-0.0659206124208996,-0.0026202633967754,1.302445649057939,200,False,0.0,0.0,2,2020-06-30,False,41,0.3064411154249945,15.706959241378543,0.0053836458632682,0.0118739872893654,0.1167821824372281,0.8552520828992181,False,-0.0237662866376212,False,-0.0227526364041967
40499,HARBORONE BANK,10,2020-08-13,2020-08-13,-0.0479714985712957,-0.0008391858117474,0.9746004494680188,200,False,0.0,0.0,2,2020-06-30,False,41,0.2511502374609058,15.313412481250964,0.0071954092484039,0.010479724298911,0.1229216491931661,0.8803447957631686,False,-0.0192199627253947,False,-0.0123964720199993
980661,FIRST HAWAIIAN BANK,10,2020-08-13,2020-08-13,-0.1083351138630361,-0.0020754907414111,1.0837935869814923,200,False,0.0,0.0,2,2020-06-30,False,31,0.4669103562985736,16.950717819682524,0.0053933735161666,0.003109494283817,0.1166620805682465,0.9542654420328982,False,0.0061477846368594,False,0.0001840616889916
436159,FIRSTBANK,10,2020-08-13,2020-08-13,-0.0803035515121684,-0.0019165112487188,1.249540508544909,200,False,0.0,0.0,2,2020-06-30,False,41,0.3980035371806261,15.796584989686243,0.0068786705080415,0.0066175746821568,0.1163488898534162,0.9292003450009974,False,-0.0209846227674282,False,-0.014065983209214
795968,BANK OF HAWAII,10,2020-08-13,2020-08-13,-0.0805458688710967,-0.0015328357347165,1.1965096191347984,200,False,0.0,0.0,2,2020-06-30,False,31,0.4578391189606113,16.79822785292577,0.0064760393988527,0.0024589718267615,0.065024762444503,0.9466652630976716,False,0.0071351648481746,False,0.0058707162537273
321273,AFFINITY BANK,10,2020-08-13,2020-08-13,-0.0271497685032632,-0.0006428596627224,0.2349264995670386,199,False,0.0,0.0,2,2020-06-30,False,51,0.165944091579447,13.721118556505171,0.0003274991592722,0.0061847694009118,0.0866729821985524,0.7579753567732775,False,-0.0176297373009046,False,-0.0167765926497299
214414,"FARMERS & MERCHANTS STATE BANK, THE",10,2020-08-13,2020-08-13,-0.0426750767881607,-0.0004022858011735,1.510587794510979,200,False,0.0,0.0,2,2020-06-30,False,41,0.1633461125822307,14.381074335769542,0.0095782872463702,0.006966688492871,0.1213645452273295,0.956319721228225,False,-0.0165106488576748,False,-0.0137132409585269
129732,BYLINE BANK,10,2020-08-13,2020-08-13,-0.0815807115302605,-0.0014097331030835,1.2137636888286405,200,False,0.0,0.0,2,2020-06-30,False,41,0.268017671779317,15.669913316011174,0.0042687075309155,0.0159332185292592,0.1249251316790134,0.8983728616471746,False,-0.0206185594181874,False,-0.0162382297812275
3835454,ROYAL BUSINESS BANK,10,2020-08-13,2020-08-13,-0.0352181582853066,-0.0017450311812664,1.277957942119769,200,False,0.0,0.0,2,2020-06-30,False,41,0.3789169015095177,14.958125058895256,0.0104505520655167,0.0057724744861503,0.1626416208977867,0.9343605809963246,False,-0.0328617197550671,False,-0.0379092588116365
3595271,"BANK OF PRINCETON, THE",10,2020-08-13,2020-08-13,-0.0007622883413099,-0.0012532244394117,1.4432165119213811,200,False,0.0,0.0,2,2020-06-30,False,41,0.2898265702384659,14.281208681809456,0.0077307130760529,0.0017806509558596,0.1269209089550983,0.9789916781997592,False,-0.0235065068072767,False,-0.0405136883519649
736206,CAMBRIDGE TRUST COMPANY,10,2020-08-13,2020-08-13,-0.053469554257011,-0.0012816466118972,1.0876247084539397,200,False,0.0,0.0,2,2020-06-30,False,51,0.4618948031281231,15.207405456754264,0.0027823734948594,0.0030733032748623,0.0955946167337689,0.902712772259238,False,-0.0005387905119894,False,0.0035568111673182
1007819,"FIDELITY DEPOSIT AND DISCOUNT BANK, THE",10,2020-08-13,2020-08-13,-0.0035381664486107,-0.0001876584375896,1.3735015082758388,200,False,0.0,0.0,2,2020-06-30,False,51,0.2336939547231688,14.393759662367376,0.0048942349434689,0.0038381061607557,0.0879588134929671,0.8821006942415892,False,-0.0128377640774666,False,-0.0219647953902307
963945,MERCHANTS BANK OF INDIANA,10,2020-08-13,2020-08-13,-0.0242797856093097,0.0009151467355597,1.2771970367479843,200,False,0.0,0.0,2,2020-06-30,False,41,0.5617625590554339,16.03690652806857,0.0145949222537966,0.0008531545266127,0.0747570034596889,0.7891569478036305,False,-0.0215677708144528,False,-0.0271061366199602
2705895,METROPOLITAN COMMERCIAL BANK,10,2020-08-13,2020-08-13,-0.095138406030172,-0.0003604050587402,1.6446506326571475,200,False,0.0,0.0,2,2020-06-30,False,51,0.7672595134079704,15.194017929020976,0.0091832320350881,0.0029216730174781,0.0908512101241303,0.9469804652328034,False,-0.0105273360784501,False,0.0033972790141251
3579589,ALLEGIANCE BANK,10,2020-08-13,2020-08-13,-0.1101070814225202,-0.0008230789718931,1.1506744392312866,200,False,0.0,0.0,2,2020-06-30,False,51,0.4919053873528943,15.579239997449054,0.0052689721133566,0.0072481442760975,0.1364728911041959,0.9374265450378536,False,-0.0042399287363297,False,0.0084652460862542
3271799,MERIDIAN BANK,10,2020-08-13,2020-08-13,-0.0712178129893144,-0.0004096995310838,0.4237297055358643,200,False,0.0,0.0,2,2020-06-30,False,51,0.4660537688416368,14.272354856770797,0.0118499154255982,0.0053952496597639,0.1041401876912106,0.8247331294176528,False,-0.0275954517703872,False,-0.0191142633229745
979375,"STERLING BANK AND TRUST, FSB",10,2020-08-13,2020-08-13,-0.1043352061754094,-0.003621817646442,1.4846487185975772,200,False,0.0,0.0,2,2020-06-30,False,41,0.1921039606316451,15.134040132477898,0.0007057399019401,0.0195912979397363,0.1009398004933758,0.875331189281965,False,-0.012992095091303,False,-0.0189081896242658
497570,LUTHER BURBANK SAVINGS,10,2020-08-13,2020-08-13,-0.1148295144609277,-0.0003912346630126,0.9424806791302224,200,False,0.0,0.0,2,2020-06-30,False,41,0.3093606003228519,15.784925436655934,0.0055215376247369,0.0007788385180543,0.1032032174224396,0.8426309010377978,False,-0.0206103322269363,False,-0.011896844667198
2757205,"MVB BANK, INC.",10,2020-08-13,2020-08-13,0.0441686169909976,-0.0012861643864338,1.2365997536054525,200,False,0.0,0.0,2,2020-06-30,False,41,0.3470234510135099,14.608949127843054,0.0205365389016484,0.0106658313953387,0.1018970721659929,0.9398169807719522,False,-0.0182877610934261,False,-0.0080488330456518
3378773,BRIDGEWATER BANK,10,2020-08-13,2020-08-13,-0.0921357896044003,-0.0006223425306194,1.0548264679935062,200,False,0.0,0.0,2,2020-06-30,False,41,0.4026916461304747,14.826866712419422,0.0112783964948512,0.0002757991302706,0.1060837797759233,0.931555441988096,False,-0.0190759016985453,False,-0.0141154525588042
3357219,OPEN BANK,10,2020-08-13,2020-08-13,-0.0345628167031299,-0.0015137796513197,0.8295407503086305,200,False,0.0,0.0,2,2020-06-30,False,51,0.4236794330311745,14.068407067427833,0.0097037468452727,0.0006566562228867,0.1069687439332168,0.9756834994056528,False,-0.0164107384096482,False,-0.0202277083294347
3281510,UNITED BUSINESS BANK,10,2020-08-13,2020-08-13,-0.0121634429300267,-0.0023878369451653,1.0498885332077648,200,False,0.0,0.0,2,2020-06-30,False,51,0.4281478782344987,14.598678956394933,0.0058234459501141,0.0047684373974443,0.1207122114609108,0.9812350816872628,False,-0.0261948218685169,False,-0.0213806827921396
667757,ORIGIN BANK,10,2020-08-13,2020-08-13,-0.056818606841675,-0.0020226629747499,1.0083367101806062,200,False,0.0,0.0,2,2020-06-30,False,41,0.4387050923237514,15.704386302296912,0.0016751535973379,0.0115381040849434,0.0882329231808378,0.8932358592236497,False,-0.0176354809055602,False,-0.0042836610348775
2562164,COASTAL COMMUNITY BANK,10,2020-08-13,2020-08-13,-0.0328501219087325,0.000603954045899,1.8226161483108552,200,False,0.0,0.0,2,2020-06-30,False,41,0.4255749303103229,14.333291338455064,0.0080665006652569,0.003065354378046,0.0820181624370866,0.851749393761586,False,-0.0224857956758294,False,-0.030389411780631
3158546,FIRST WESTERN TRUST BANK,10,2020-08-13,2020-08-13,-0.0401184730286518,-0.00041902484122,0.5115869816795802,200,False,0.0,0.0,2,2020-06-30,False,51,0.3421755673882805,14.40370547285436,0.0122061269426095,0.0039119064745783,0.0764398981526987,0.8498689485276477,False,-0.0185709159554571,True,-0.0071984362115709
661308,AMALGAMATED BANK,10,2020-08-13,2020-08-13,-0.0617028251049142,-0.0004684938290869,1.151557734337736,200,False,0.0,0.0,2,2020-06-30,False,41,0.6293692350032102,15.684394789493318,0.0061468330571182,0.0123573221266054,0.077698389198929,0.984181977358228,False,-0.0046339871545251,False,0.0160749086018026
83638,"AMERANT BANK, NATIONAL ASSOCIATION",10,2020-08-13,2020-08-13,-0.0645502924663917,-0.000879513925698,1.4038406769751173,200,False,0.0,0.0,2,2020-06-30,False,31,0.2676635809151123,15.910085632881245,-0.0022186683582063,0.0131567497480957,0.1022349328471141,0.8425225164930774,False,-0.0183678101811775,False,-0.0028351996177821
18854,BANK7,10,2020-08-13,2020-08-13,-0.1108452417037166,-0.0012607706659843,1.2920241431349484,200,False,0.0,0.0,2,2020-06-30,False,41,0.3077360764262287,13.818607756688747,0.0201096199588875,0.0085014825116108,0.1002540120546066,0.9911637971628864,False,-0.0205095416077293,False,-0.0312840545434896
2808602,"CAPITAL BANK, NATIONAL ASSOCIATION",10,2020-08-13,2020-08-13,-0.0316671207371424,6.302430491880381e-05,2.046068299023751,200,False,0.0,0.0,2,2020-06-30,False,41,0.5281671336453149,14.397446809188216,0.0082157027102542,0.0036440656874932,0.0691377479742944,0.9667266586543946,False,-0.0246130620058959,False,-0.0362754382775354
3614976,FVCBANK,10,2020-08-13,2020-08-13,0.0390457338534554,-0.0021650032642231,1.5689132844543645,200,False,0.0,0.0,2,2020-06-30,False,51,0.4145728147031524,14.39114085494623,0.0087636672213315,0.0057458122479906,0.114059263849704,0.9642667851532126,False,-0.0173853761208054,False,-0.0120945788755664
594947,"BANK FIRST, NATIONAL ASSOCIATION",10,2020-08-13,2020-08-13,-0.0235221602885913,9.831009413366272e-05,1.1733093909217711,200,False,0.0,0.0,2,2020-06-30,False,41,0.2846692412511668,14.79296073331814,0.0131739406420132,0.0109227343405608,0.1096836290120184,0.95711800683637,False,-0.0178475088290392,False,-0.0200720636949577
3476192,CARTER BANK & TRUST,10,2020-08-13,2020-08-13,-0.0742895217246742,-0.0036629709771508,1.6893999013887926,200,False,0.0,0.0,2,2020-06-30,False,41,0.0910961162079425,15.239036395401738,0.0042767682796557,0.0136846160821036,0.1177963515476549,0.9847196337976024,False,-0.0140827677356284,False,-0.0235622245033708
3248849,MAINSTREET BANK,10,2020-08-13,2020-08-13,0.0145643163326261,-0.0019454623616777,1.1115552191472209,200,False,0.0,0.0,2,2020-06-30,False,41,0.4222412061272908,14.239776484536138,0.0042120607039205,0.0010253436669118,0.0997606753952323,0.9774794383958568,False,-0.0276418258549044,False,-0.0391955855938327
289515,FARMERS AND MERCHANTS TRUST COMPANY OF CHAMBERSBURG,10,2020-08-13,2020-08-13,-0.0067850755374383,-0.0008392152043284,1.1279974653402434,200,False,0.0,0.0,2,2020-06-30,False,51,0.1723911364264362,14.167885670864903,0.0076938110657587,0.0040898649784301,0.0934737585082555,0.987907537993968,False,-0.0057933264054638,False,-0.0077979796831682
2743244,RED RIVER BANK,10,2020-08-13,2020-08-13,-0.0306247849344811,0.0006284176067594,1.17643741706354,200,False,0.0,0.0,2,2020-06-30,False,41,0.3256261223601111,14.67491088713911,0.0119471034963992,0.0021118170952882,0.1041425319594333,0.989872794318518,False,0.0093723696773624,False,-0.0019570509126027
575254,CITY BANK,10,2020-08-13,2020-08-13,-0.0443095064447525,-0.0002845211231717,1.1403940364804164,200,False,0.0,0.0,2,2020-06-30,False,41,0.4009207822586924,15.091565018566158,0.0081234296828702,0.0043192588956852,0.1106577934764131,0.9271705887670242,False,-0.0137513269515693,False,-0.0263853853089051
419675,FIRST BANK RICHMOND,10,2020-08-13,2020-08-13,-0.0299059818300966,-0.0008590866031848,0.8472886722782543,200,False,0.0,0.0,2,2020-06-30,False,51,0.2303858231187145,13.947249094382151,0.0091163296254415,0.0056553969394014,0.1317230739562241,0.7899305327705421,False,-0.0161523227049218,False,-0.0201327602174933
3594005,CROSSFIRST BANK,10,2020-08-13,2020-08-13,-0.0527447091291057,-0.0009618704645359,0.9190015305347452,200,False,0.0,0.0,2,2020-06-30,False,41,0.4405619862785738,15.513144312299069,-0.0011829313625135,0.0085547436522596,0.1021561945500923,0.8885520974951939,False,-0.0162377752323538,False,-0.0086419462971801
933256,"ALERUS FINANCIAL, NATIONAL ASSOCIATION",10,2020-08-13,2020-08-13,-0.0245745154107293,-0.0003017295184454,0.5651342965595701,200,False,0.0,0.0,2,2020-06-30,False,41,0.58104819165079,14.87116141236437,0.0133772002317452,0.0024944427486062,0.1021714810645668,0.97949205881669,False,-0.0046525286417989,False,0.0052765551333734
426534,HEARTLAND BANK AND TRUST COMPANY,10,2020-08-13,2020-08-13,-0.060621362650577,-0.0004937781280832,1.1837912046770611,180,False,0.0,0.0,2,2020-06-30,False,41,0.1551932284787558,14.962963168274069,0.0088725708361294,0.0065089434646942,0.1087418472343292,0.966223513002546,False,-0.0026586241954371,False,-0.0109718862904319
3437456,METRO CITY BANK,10,2020-08-13,2020-08-13,-0.0525970503325019,0.0006982082323181,1.2343721103705592,186,False,0.0,0.0,2,2020-06-30,False,41,0.222793696739283,14.36127137901022,0.0204435776608547,0.007545439477675,0.1237999885278642,0.9183687639361694,False,-0.0279866350216795,False,-0.0321839397211946
395238,SYNOVUS BANK,10,2020-08-13,2020-08-13,-0.0887126027645644,-0.0020812411398539,1.9020256131907471,200,False,0.0,0.0,2,2020-06-30,False,41,0.4369527327280778,17.805229649131878,0.0052563571449415,0.003817888286954,0.0985520887446706,0.9169456711000482,False,-0.0182898230034854,False,-0.0151256607115287
933966,CITIZENS BUSINESS BANK,10,2020-08-13,2020-08-13,-0.0771052073552717,-0.0005060333153324,1.0369318315503353,200,False,0.0,0.0,2,2020-06-30,False,41,0.6026633300059943,16.436311608356377,0.0119581884594962,0.0008113028760133,0.143121299165598,0.935015133775992,False,-0.0114576352659936,False,0.0035792853852453
60143,COMERICA BANK,10,2020-08-13,2020-08-13,-0.0927910591885257,-0.00203936968601,1.588533256382787,200,False,0.0,0.0,2,2020-06-30,False,31,0.6118361999073431,18.251587308498976,0.0011368615515791,0.0057616401967936,0.0968345511173217,0.9056722523798284,False,-0.007938919964386,False,0.0021572639562136
601050,COMMERCE BANK,10,2020-08-13,2020-08-13,-0.0568506791078176,0.0001868000163696,1.0961272986329385,200,False,0.0,0.0,2,2020-06-30,False,41,0.4022108632095137,17.230161960366942,0.0068320602000608,0.0028777708021147,0.0966512979460736,0.9033822334671474,False,-0.0054987344605712,False,-0.0029589553183859
682563,FROST BANK,10,2020-08-13,2020-08-13,-0.1093007804012657,-0.0006223885944071,1.4450642562935343,200,False,0.0,0.0,2,2020-06-30,False,41,0.4961686960767262,17.49030480464317,0.0077880270455722,0.0055900779760732,0.1032376051839654,0.9313025205213388,False,0.0467918441200626,False,0.0340513330383314
723112,"FIFTH THIRD BANK, NATIONAL ASSOCIATION",10,2020-08-13,2020-08-13,-0.1017494314174469,-0.0013014088247429,1.784556062874504,200,False,0.0,0.0,2,2020-06-30,False,31,0.6055620323165025,19.12024444454704,0.0037135453515403,0.0091514108642208,0.1198400218036466,0.917992441804375,False,-0.0161464794397291,False,0.0010314327573429
233031,REGIONS BANK,10,2020-08-13,2020-08-13,-0.0893687207690952,-0.0014642333115951,1.624817822484527,200,False,0.0,0.0,2,2020-06-30,False,31,0.3960804032682084,18.781448301710597,0.0002370279483836,0.0091494002181025,0.1239307599534309,0.9536851321235276,False,-0.0210332882656712,False,-0.0112862146352079
342634,TRUSTMARK NATIONAL BANK,10,2020-08-13,2020-08-13,-0.0580182215641911,-0.001583687575581,1.083762563665089,200,False,0.0,0.0,2,2020-06-30,False,41,0.4209283328836313,16.568532403866435,0.0071167745158006,0.0097739979212533,0.1096109598149085,0.9677802290306924,False,-0.0174494348928205,False,0.0001680113718093
501105,MANUFACTURERS AND TRADERS TRUST COMPANY,10,2020-08-13,2020-08-13,-0.0988921133030191,-0.0018618321925714,1.3393197039751237,200,False,0.0,0.0,2,2020-06-30,False,31,0.4995678781714221,18.751087206621666,0.0071531006200195,0.0173015046032966,0.1120288060305722,0.9419835006063286,False,-0.0179179133996263,False,0.0054370534718825
165628,FIRST FINANCIAL BANK,10,2020-08-13,2020-08-13,-0.0731725159172439,-0.0024427344658042,1.457496060898132,200,False,0.0,0.0,2,2020-06-30,False,41,0.344349345935513,16.57555707960656,0.0094930704433723,0.0066502302393947,0.1413159695803533,0.8794878239334886,False,-0.0162486443400032,False,-0.0080278584183262
991340,1ST SOURCE BANK,10,2020-08-13,2020-08-13,-0.0943114954931853,-0.0012827850856174,1.2609896335106583,200,False,0.0,0.0,2,2020-06-30,False,41,0.3458002208223681,15.812754029177444,0.010069868346127,0.0114686593946757,0.1133040003170158,0.9225514621558089,False,-0.0110883852153092,False,-0.0164207658248645
485559,FIRST HORIZON BANK,10,2020-08-13,2020-08-13,-0.0784976678608135,-0.0018388678060116,1.7124611049204028,200,False,0.0,0.0,2,2020-06-30,False,41,0.4483508178953931,17.696357336023784,0.0042478281907504,0.0074303093335289,0.1109046469740775,0.9056775228511046,False,-0.0232749450417866,False,-0.0185634787728411
451965,"WELLS FARGO BANK, NATIONAL ASSOCIATION",10,2020-08-13,2020-08-13,-0.0670812301781404,-0.0028929758287924,1.4601737309104117,200,False,0.0,0.0,2,2020-06-30,False,31,0.5286912273315889,21.31101916795963,-0.0009333644454815,0.0198942771678108,0.0935697856595219,0.9201465165542132,False,0.0009953449257133,False,0.011787045213705
12311,"HUNTINGTON NATIONAL BANK, THE",10,2020-08-13,2020-08-13,-0.0997861977044399,-0.0019791726807325,1.3657002031940877,200,False,0.0,0.0,2,2020-06-30,False,31,0.3774235146824459,18.58860233376257,0.0047727685715002,0.0108602789179865,0.101487029742032,0.9307553422428452,False,-0.0196137334610456,False,-0.0086016140460914
852218,"JPMORGAN CHASE BANK, NATIONAL ASSOCIATION",10,2020-08-13,2020-08-13,-0.0789121369419529,-0.0010727105215546,1.3784665375888197,200,False,0.0,0.0,2,2020-06-30,False,31,0.4712123014025923,21.760720549303063,0.0026073475607055,0.0103025927034195,0.0895725587122722,0.7985938496198342,False,0.0216376799561287,False,0.0164136327788163
541101,"BANK OF NEW YORK MELLON, THE",10,2020-08-13,2020-08-13,-0.0737974863744108,-0.0008739371447381,1.166257395379464,200,False,0.0,0.0,2,2020-06-30,False,31,0.5804124480305104,19.695934599883255,0.0074253899167786,0.0025940811107051,0.0797014199870935,0.9360199859758188,False,0.0571386032941642,True,0.0434632170387002
210434,"NORTHERN TRUST COMPANY, THE",10,2020-08-13,2020-08-13,-0.0481462294397923,-0.0009587626732435,1.269466812548818,200,False,0.0,0.0,2,2020-06-30,False,31,0.2935152951674646,18.832287241728864,0.0089221967105665,0.0032960269433798,0.0711760550968012,0.8926834595627761,False,0.055495193514558,True,0.0346222704766125
1394676,AMERICAN EXPRESS NATIONAL BANK,10,2020-08-13,2020-08-13,-0.0843708331541207,-0.0009125044945078,1.5668072493321876,200,False,0.0,0.0,2,2020-06-30,False,31,0.143374378939435,18.747342471659152,0.0221732530474436,0.0081478159586545,0.1028685226467037,0.8167907989955348,False,-0.0481072437163041,True,-0.0773555259626459
480228,"BANK OF AMERICA, NATIONAL ASSOCIATION",10,2020-08-13,2020-08-13,-0.0870843959455699,-0.0010221010514648,1.4978051803548282,200,False,0.0,0.0,2,2020-06-30,False,31,0.3609951486175318,21.494140431570383,0.0053921623051956,0.0065833444391782,0.0971458918532828,0.9328065995439756,False,0.0192779335923647,False,0.0203466162755536
817824,"PNC BANK, NATIONAL ASSOCIATION",10,2020-08-13,2020-08-13,-0.0738972351973563,-0.0011881452545494,1.467783391376871,200,False,0.0,0.0,2,2020-06-30,False,31,0.4242843964613599,19.936480045532004,0.0005799617432582,0.0110578312141628,0.098834762723278,0.8901353028863396,False,0.0086365182701514,False,0.0091081113083805
280110,KEYBANK NATIONAL ASSOCIATION,10,2020-08-13,2020-08-13,-0.1056850224434515,-0.0014300965795039,1.7904298679357784,200,False,0.0,0.0,2,2020-06-30,False,31,0.5013010901546044,18.950163480339523,0.0052371605153085,0.0085193801312836,0.1029786312887836,0.9205568157991076,False,-0.0019787040505335,False,0.0016467550483433
504713,U.S. BANK NATIONAL ASSOCIATION,10,2020-08-13,2020-08-13,-0.0815634495098166,-0.0018101346737546,1.3817398677018062,200,False,0.0,0.0,2,2020-06-30,False,31,0.4957119872515964,20.10018812733219,0.0066641985306248,0.0103373778554521,0.0957957300321605,0.8784650197670041,False,0.0027980295778043,False,0.0131967365792054
34537,SEACOAST NATIONAL BANK,10,2020-08-13,2020-08-13,-0.0998764393433891,-0.0008640270226639,1.4425392571933409,200,False,0.0,0.0,2,2020-06-30,False,41,0.2728836294090569,15.905360246475627,0.0067189529547113,0.0053459793004834,0.129360688793498,0.9473240820678488,False,-0.0111252915042104,False,-0.0010058837248918
476810,"CITIBANK, N.A.",10,2020-08-13,2020-08-13,-0.1002713336797846,-0.0012228596768655,1.73046803460433,200,False,0.0,0.0,2,2020-06-30,False,31,0.3523838338544667,21.214129744762293,0.0024434927010449,0.0110445639728236,0.0938712526633886,0.8409543227205117,False,-0.0050324835890505,False,0.0116646538052422
852320,TRUIST BANK,10,2020-08-13,2020-08-13,-0.0933653947494821,-0.0013218559715462,1.567411599246575,200,False,0.0,0.0,2,2020-06-30,False,31,0.4565271291674015,20.01804405085865,0.0080202591503221,0.0069474721816768,0.1308848803337658,0.911435667092229,False,-0.0183357470944674,False,0.0032705543300937
35301,STATE STREET BANK AND TRUST COMPANY,10,2020-08-13,2020-08-13,-0.0608037610008928,0.0004912942703411,1.412151064855862,200,False,0.0,0.0,2,2020-06-30,False,31,0.6004902078635207,19.438834683024247,0.0100213866651252,0.0,0.0932848761596485,0.828623907309571,False,0.0566793351014206,True,0.0520928789157411
17147,FIRST MERCHANTS BANK,10,2020-08-13,2020-08-13,-0.104557444383546,-0.0014604343525737,1.2107269403342078,200,False,0.0,0.0,2,2020-06-30,False,41,0.4175644636249254,16.43996978038503,0.0103931902845458,0.0059232586213237,0.1364638582671401,0.9231104057777944,False,-0.0092493134954156,False,-0.0016787549661584
572374,GREAT SOUTHERN BANK,10,2020-08-13,2020-08-13,-0.0789735353779161,-0.0016658259909954,1.1583137740387213,200,False,0.0,0.0,2,2020-06-30,False,41,0.555943216548005,15.532832000576626,0.0112309882774135,0.0023162970390864,0.1235943758876326,0.950667524931543,False,-0.0163287107142866,False,-0.016151722612214
489623,"PARK NATIONAL BANK, THE",10,2020-08-13,2020-08-13,-0.0396688999645132,-0.0014487228365394,1.0167014303979516,200,False,0.0,0.0,2,2020-06-30,False,41,0.192704023694493,16.08549001783803,0.0117071634624424,0.0140572371237353,0.0955500257149298,0.9401148274332978,False,-0.0168652279662799,False,-0.0209391885593584
595869,CATHAY BANK,10,2020-08-13,2020-08-13,-0.1096919188740352,-0.0012282487540763,1.5017584365054422,200,False,0.0,0.0,2,2020-06-30,False,31,0.3676208802272738,16.772257066762446,0.0108946640154283,0.0049704847326123,0.1259193519743504,0.9699994522158878,False,-0.0175115904929237,False,-0.0235458270594542
1718188,NORTHRIM BANK,10,2020-08-13,2020-08-13,-0.0597575507547778,-0.0017922867168393,1.517611877986709,200,False,0.0,0.0,2,2020-06-30,False,51,0.3457450421178134,14.51002080912126,0.0127276394997223,0.0098751028458613,0.0955057301840289,0.9672379566492368,False,0.0148891585658208,False,0.0113720258742129
463735,HANCOCK WHITNEY BANK,10,2020-08-13,2020-08-13,-0.0803689869597528,-0.0024492521406855,1.6960593345324546,200,False,0.0,0.0,2,2020-06-30,False,41,0.4396556333614506,17.318025041694156,-0.0133640874338173,0.0082472980345962,0.1007733255619739,0.9240394745379475,False,-0.0157795073807248,False,-0.0155692598983987
339858,"BOKF, NATIONAL ASSOCIATION",10,2020-08-13,2020-08-13,-0.1105903886780488,-0.0013329007790476,1.5864858066322227,200,False,0.0,0.0,2,2020-06-30,False,41,0.5615678917027318,17.635898159321464,0.0062588378630888,0.020015365711066,0.1078495699257339,0.8381588904629198,False,-0.0063143454787441,False,0.0013103411290852
693345,"FIRST FINANCIAL BANK, NATIONAL ASSOCIATION",10,2020-08-13,2020-08-13,-0.0651715174019379,-0.0006946341639143,1.1911570011058383,200,False,0.0,0.0,2,2020-06-30,False,51,0.3143254548047531,15.260999342183222,0.0109007555739661,0.0068015333984737,0.133359299855841,0.9494227640928026,False,-0.0124169311769676,False,-0.0191186015823432
702117,"NBT BANK, NATIONAL ASSOCIATION",10,2020-08-13,2020-08-13,-0.0677486357156474,-0.0009356746442417,1.0352383902393776,200,False,0.0,0.0,2,2020-06-30,False,41,0.3154426925826915,16.191689826855633,0.0063257064323333,0.003613749516296,0.117967159802592,0.9330972949470062,False,-0.0179239399073129,False,-0.0207440969472271
677176,TRUSTCO BANK,10,2020-08-13,2020-08-13,-0.08560045961056,-0.0010564754820603,1.3940654878479457,200,False,0.0,0.0,2,2020-06-30,False,41,0.0983893971230264,15.551917452431294,0.0089383148470408,0.00524301141264,0.0950580676914144,0.9470629651178748,False,-0.0164898487972195,False,-0.0190407467546969
749242,RENASANT BANK,10,2020-08-13,2020-08-13,-0.0752395693356084,-0.0016293028309674,1.20036719244892,200,False,0.0,0.0,2,2020-06-30,False,41,0.402419809329976,16.51560170297578,0.0036326644933488,0.0038901650879051,0.1519828388891995,0.9406749186055966,False,-0.0155650417444293,False,-0.0026753710834391
936426,S & T BANK,10,2020-08-13,2020-08-13,-0.0766737384545443,-0.0021508111854701,1.1636867124667234,200,False,0.0,0.0,2,2020-06-30,False,41,0.2786733431286697,16.062178736726942,-0.0035028955147518,0.0122061660357509,0.1206940183120514,0.9477740670242348,False,-0.0221855271434924,False,-0.0236860984177549
42420,FIRST COMMONWEALTH BANK,10,2020-08-13,2020-08-13,-0.0734687884104998,-0.002172723287466,1.2239553411784263,200,False,0.0,0.0,2,2020-06-30,False,41,0.259617287812282,16.0498169172714,0.0067738750777435,0.0071901034351373,0.1186994519593734,0.9476746700540422,False,-0.01801497024699,False,-0.0268659372053303
143662,UMPQUA BANK,10,2020-08-13,2020-08-13,-0.1165129817714032,-0.0010231746569781,1.3460293294488512,200,False,0.0,0.0,2,2020-06-30,False,41,0.3634963397135238,17.204372942047673,-0.1208940011014361,0.0032141370994551,0.0922567976084683,0.9287800943467038,False,-0.0177515037841208,False,-0.0202754042232133
61122,FIRST UNITED BANK & TRUST,10,2020-08-13,2020-08-13,-0.0303641493911267,-0.0023717121115309,0.6303524194562707,200,False,0.0,0.0,2,2020-06-30,False,41,0.3216977650497475,14.301044834934336,0.0057143103290189,0.0095355185074374,0.0880062866028775,0.9141791422435054,False,-0.0132566422493648,False,-0.0184389132514813
936855,"UMB BANK, NATIONAL ASSOCIATION",10,2020-08-13,2020-08-13,-0.0462473292948931,-0.0011154479225093,1.2101227011070566,200,False,0.0,0.0,2,2020-06-30,False,41,0.6977692099985198,17.205778395834052,0.0042847756541868,0.0056708113381744,0.0865532365665866,0.9072260428657224,False,-0.0050632364366289,False,0.0016994790342028
577128,PEOPLES BANK,10,2020-08-13,2020-08-13,-0.0797920905492436,-0.001936783860466,1.3184934916785678,200,False,0.0,0.0,2,2020-06-30,False,41,0.3173270837983285,15.420723758858555,0.0026608174743081,0.0079658901584001,0.1123522546350906,0.912382498764574,False,-0.0194090168351926,False,-0.0186474197793858
317342,STOCK YARDS BANK & TRUST COMPANY,10,2020-08-13,2020-08-13,-0.0450960589589575,0.0004622897120438,1.2568311508563388,200,False,0.0,0.0,2,2020-06-30,False,41,0.2685131900328227,15.281197954227736,0.01293932667193,0.004139016970544,0.0934689352477151,0.9512314844297268,False,-0.0165353018399241,False,-0.0142483483717924
584724,UNIFIED BANK,10,2020-08-13,2020-08-13,-0.0029076475947829,0.0007799379991476,0.1579980462370625,200,False,0.0,0.0,2,2020-06-30,False,51,0.1648528405777127,13.462338044776525,0.0135496031068138,0.0035411527248261,0.1249330918947236,0.9679060347001358,False,-0.0113754410039844,False,-0.0157388867743249
1386251,BANCFIRST,10,2020-08-13,2020-08-13,-0.0458979723201342,-0.0011837806134288,1.4260650433658584,200,False,0.0,0.0,2,2020-06-30,False,41,0.280057149544559,15.983386422099812,0.0092348707621543,0.0087334241351481,0.1020215796880899,0.9929697293420976,False,0.0132440846463141,False,-0.0010210759786549
100562,TRI COUNTIES BANK,10,2020-08-13,2020-08-13,-0.1047990664377849,-0.0008281538795376,1.1473282032532246,200,False,0.0,0.0,2,2020-06-30,False,41,0.2897124328625677,15.811340844773232,0.0067689455866904,0.0044854647572705,0.1273102111762075,0.973790637172932,False,-0.0104064797452014,False,-0.0081463231299411
37640,GERMAN AMERICAN BANK,10,2020-08-13,2020-08-13,-0.064465903716339,-0.0002006960583573,1.0801891168570703,200,False,0.0,0.0,2,2020-06-30,False,41,0.3655937026406287,15.392983800376488,0.0114960567484611,0.0058182483942869,0.1186240166650697,0.9476662879784492,False,-0.0014414126931096,False,-0.0067365011630953
981275,PREMIER BANK,10,2020-08-13,2020-08-13,-0.0855010227970254,-0.0017517305555316,1.420197593061973,200,False,0.0,0.0,2,2020-06-30,False,41,0.206385072523768,15.756975699738806,0.0009622677951382,0.0070302933148091,0.131104323546977,0.9617496689673533,False,-0.0186401943296893,False,-0.0209313244201479
435077,"PATHWARD, NATIONAL ASSOCIATION",10,2020-08-13,2020-08-13,-0.0692444725119323,-0.0024657019235152,1.5104254945751154,200,False,0.0,0.0,2,2020-06-30,False,41,0.0420928322537716,15.988780500337636,0.0169073070694448,0.0109684381413026,0.104670096745522,0.9657309450686404,False,-0.0374390185993839,False,-0.0425033270272743
2142155,QUAD CITY BANK AND TRUST COMPANY,10,2020-08-13,2020-08-13,-0.1099226559981683,-0.0008505330644429,1.482505424185573,200,False,0.0,0.0,2,2020-06-30,False,41,0.7058584171934024,14.509280044851463,0.0097169511978793,0.004353382401137,0.0920721850647971,0.9400204514509192,False,-0.016200078707045,False,-0.0066736054253526
921178,RIVERVIEW BANK,10,2020-08-13,2020-08-13,-0.0438693927568105,-0.0010627856061188,1.4279618886596015,200,False,0.0,0.0,2,2020-06-30,False,41,0.2380429334578526,14.135064774235923,0.0055371757933446,0.0012845061432902,0.1209373824022131,0.9646451205522294,False,0.0069605353144279,False,0.0026833739988246
693224,ATLANTIC UNION BANK,10,2020-08-13,2020-08-13,-0.0832677204544529,-0.0022350555497443,1.2678712719449734,200,False,0.0,0.0,2,2020-06-30,False,41,0.3572242757822433,16.796472079078747,0.0045804596149665,0.0040991493006821,0.1375094409247265,0.9287660902220294,False,-0.0190622552134037,False,-0.0138660327559413
470050,"FIRST FINANCIAL BANK, NATIONAL ASSOCIATION",10,2020-08-13,2020-08-13,-0.0666964501794272,-0.0005584754840856,1.19633230223884,200,False,0.0,0.0,2,2020-06-30,False,41,0.4067407054109955,16.14816509949688,0.0170115050943396,0.0074051069690269,0.1431189370167335,0.9347847086587298,False,-0.0127317215769752,False,-0.0205081710026149
936136,OLD SECOND NATIONAL BANK,10,2020-08-13,2020-08-13,-0.0839668918946467,-0.0021297139523181,1.303436625512482,200,False,0.0,0.0,2,2020-06-30,False,41,0.2203464339372976,14.891897005724168,0.0091143392530072,0.0093042183035504,0.1145856694039449,0.957948416714238,False,-0.0102529154140186,False,-0.0137274033387048
694904,"FLAGSTAR BANK, NATIONAL ASSOCIATION",10,2020-08-13,2020-08-13,-0.1334844356858686,-0.0008507765461872,0.8852964788747147,200,False,0.0,0.0,2,2020-06-30,False,41,0.2951151947750947,17.807947414491405,0.0082636770367617,0.0012655404564665,0.1327884918928741,0.6781598775299154,False,0.0019322331588067,False,0.0039885188949872
229801,VALLEY NATIONAL BANK,10,2020-08-13,2020-08-13,-0.1193367179130636,-0.0014575366241452,1.272657196048986,200,False,0.0,0.0,2,2020-06-30,False,41,0.4293287429953807,17.546161627565716,0.0090924495183012,0.0068351337944166,0.1146683687935236,0.8539783857416139,False,-0.0224982521293608,False,-0.0103947298661955
481177,LANDMARK NATIONAL BANK,10,2020-08-13,2020-08-13,-0.0594606723493261,0.0006536263281664,0.5128920009745733,200,False,0.0,0.0,2,2020-06-30,False,41,0.2994588600857139,13.925090260322678,0.0158396284668791,0.0114857504255787,0.1216516446811237,0.9680318426559764,False,-0.0053705372663357,False,-0.006494138539343
272272,SOUTHERN BANK,10,2020-08-13,2020-08-13,-0.019617902481498,-0.0013856184242573,1.2739692125248487,200,False,0.0,0.0,2,2020-06-30,False,51,0.1536013760678022,14.743270862099326,0.0105360602236836,0.0039948003453515,0.1010744456250476,0.9631314451016568,False,-0.0153940507113896,False,-0.0360019485125489
764030,AMERIS BANK,10,2020-08-13,2020-08-13,-0.1124894285509905,-0.0020482849290118,1.552941147806382,200,False,0.0,0.0,2,2020-06-30,False,41,0.3516889630686997,16.80046607026555,0.0062625274050014,0.0057188762696315,0.1327442220416421,0.9127609424567994,False,-0.023457124015108,False,-0.018971813129853
2236821,"PATRIOT BANK, NATIONAL ASSOCIATION",10,2020-08-13,2020-08-13,-0.0939991199772128,-0.0028282455514719,0.9994475569870636,200,False,0.0,0.0,2,2020-06-30,False,51,0.1581850301051425,13.795021074836624,-0.0031886694041863,0.0280660135636775,0.0946689816161572,0.8877493038095989,False,-0.0249252383667196,False,-0.0065660369198314
268677,CARVER FEDERAL SAVINGS BANK,10,2020-08-13,2020-08-13,-0.1370435597387233,0.0117437415482008,0.4076686306046926,200,False,0.0,0.0,2,2020-06-30,False,41,0.2032321343453232,13.4164394645065,-0.0065668767689654,0.0270580282181564,0.0937859102785184,0.8971115986697762,False,-0.0172337850810435,False,-0.0004582383491034
112837,"CAPITAL ONE, NATIONAL ASSOCIATION",10,2020-08-13,2020-08-13,-0.096081015240889,-0.0015726477821356,1.737414805272808,200,False,0.0,0.0,2,2020-06-30,False,31,0.2940120499400789,19.711865581885046,-0.0042218382752159,0.0085445590206064,0.1114737370627358,0.9414838045648332,False,-0.0323533217727303,True,-0.038154888354481
1002878,NORTHWEST BANK,10,2020-08-13,2020-08-13,-0.0527920139678175,-0.002227015334121,0.9711826151278222,200,False,0.0,0.0,2,2020-06-30,False,41,0.1924435803145187,16.454696093646497,0.0006980533567303,0.0106217527721983,0.1099079082360511,0.9389432801565158,False,-0.0184023696378016,False,-0.0132439230463765
697763,WESTAMERICA BANK,10,2020-08-13,2020-08-13,-0.0616201084278423,-0.0005020345092289,0.9674576368838576,200,False,0.0,0.0,2,2020-06-30,False,41,0.3342853863007468,15.67468082563922,0.0115037854396626,0.0034359927648916,0.1056638802544368,0.9530364280780425,False,0.0100093683837332,False,0.033136373748524
749635,AUBURNBANK,10,2020-08-13,2020-08-13,-0.0910530895902433,0.0027897647411106,0.7224106857907882,200,False,0.0,0.0,2,2020-06-30,False,51,0.3834904127396815,13.756938203805207,0.0067648524562352,0.0015592404271633,0.1076597639723892,0.990840982681282,False,0.0033150997456149,False,-0.0033009133191314
959304,FLUSHING BANK,10,2020-08-13,2020-08-13,-0.061630153840592,-0.0024187653841608,1.2010801139551326,200,False,0.0,0.0,2,2020-06-30,False,41,0.2913081817732215,15.784896830858544,0.004193251251661,0.0037855522268322,0.0932927934546766,0.7872963033928081,False,-0.021327681267691,False,-0.0145366293770362
352772,BANNER BANK,10,2020-08-13,2020-08-13,-0.1040272608172418,-0.0016101634926579,1.5671112142463657,200,False,0.0,0.0,2,2020-06-30,False,41,0.3000326992397342,16.462513806414268,0.00605498166555,0.0035101224087735,0.1181905549769177,0.9545264125951064,False,-0.0086181809217554,False,-0.0087680812898825
498317,"OHIO VALLEY BANK COMPANY, THE",10,2020-08-13,2020-08-13,0.0105846979985469,-0.0014524279528622,1.532671873092254,200,False,0.0,0.0,2,2020-06-30,False,41,0.2721416067507454,13.90059132252046,0.00462525429255,0.0100015222090297,0.1163642709208719,0.952371251460335,False,-0.0162120185493118,False,-0.019627042356901
506922,SANDY SPRING BANK,10,2020-08-13,2020-08-13,-0.0761566475093569,-0.0014903448040767,1.2500790651808746,200,False,0.0,0.0,2,2020-06-30,False,41,0.4051721915537386,16.4015158294282,-7.049982341150001e-05,0.0074306018704916,0.1151506154160065,0.8617957702269281,False,-0.022098088772084,False,-0.0208093804480615
3317932,CONNECTONE BANK,10,2020-08-13,2020-08-13,-0.0832681674940996,-0.0011925414503262,1.455403584778601,200,False,0.0,0.0,2,2020-06-30,False,41,0.6068947158529148,15.845854682027172,0.006269901152821,0.0110677280449115,0.1251685275539678,0.8873661612390792,False,-0.014934968098158,False,-0.0061087658151687
276579,"ZIONS BANCORPORATION, NATIONAL ASSOCIATION",10,2020-08-13,2020-08-13,-0.0954988951947856,-0.0011774741799599,1.0880549028827655,200,False,0.0,0.0,2,2020-06-30,False,41,0.5036925447945131,18.152112800398218,0.0020976528839169,0.0064196849409057,0.0990843004782847,0.9537042269455832,False,-0.0139818542631828,False,0.0038995069733252
1412712,"COMMUNITY WEST BANK, NATIONAL ASSOCIATION",10,2020-08-13,2020-08-13,0.0208138261435142,-0.0001974007548379,0.3956448857475447,200,False,0.0,0.0,2,2020-06-30,False,51,0.4057607858698994,13.874413227483217,0.0057454142279611,0.0033713811097521,0.0786246832196946,0.7787372464511085,False,-0.0263008405057456,False,-0.0234271038061045
1929247,"SOUTHSTATE BANK, N.A.",10,2020-08-13,2020-08-13,-0.0583971702552032,-0.0020937783350251,1.1995790026158866,200,False,0.0,0.0,2,2020-06-30,False,41,0.3022405838923103,17.44574550042406,-0.0021532446144097,0.0047204932489429,0.1210712047327269,0.9050085797873167,False,-0.0178741044247954,False,-0.009323603043626
1890525,UNITY BANK,10,2020-08-13,2020-08-13,0.0113839833037622,-0.0003908705363002,1.7245438370825388,200,False,0.0,0.0,2,2020-06-30,False,51,0.3273785264530715,14.454205776584075,0.0109629948764735,0.0059400638589785,0.0896078580449501,0.8609102877126238,False,-0.0245520414788516,False,-0.0208676245435652
876634,CAPITAL CITY BANK,10,2020-08-13,2020-08-13,-0.0662519002222767,-0.0008038359132293,1.381460026224559,200,False,0.0,0.0,2,2020-06-30,False,41,0.3261258809636482,15.06554237167805,0.0081101197723849,0.0033209658721918,0.1034945597334902,0.9582489004416768,False,0.0047691869752582,False,0.0089786878002194
2239288,"WINTRUST BANK, NATIONAL ASSOCIATION",10,2020-08-13,2020-08-13,-0.1104356307200222,-0.0014681094313649,1.6146292431753655,200,False,0.0,0.0,2,2020-06-30,False,41,0.5076281280890497,15.937299530095146,0.0018926307099581,0.0050111505853487,0.0862512887825445,0.9589486083299448,False,-0.0162611795397977,False,-0.0221513265062217
556815,"PEOPLES BANK, A CODORUS VALLEY COMPANY",10,2020-08-13,2020-08-13,-0.029959632737853,-0.0018807989491459,1.2862706013311531,200,False,0.0,0.0,2,2020-06-30,False,41,0.2183696097905317,14.541933894680884,0.000439141217756,0.0129174510074054,0.0957961417478207,0.9691248969697748,False,-0.0186136608102238,False,-0.022322255958766
729310,PATHFINDER BANK,10,2020-08-13,2020-08-13,-0.052587520926138,-0.0012822242572612,0.4339438417033759,200,False,0.0,0.0,2,2020-06-30,False,51,0.2217766458096089,13.966347467600578,0.0064086301510052,0.0104017270042926,0.0820832691925659,0.9184073382321106,False,-0.0145740731177756,False,-0.0023522987072022
431172,PACIFIC PREMIER BANK,10,2020-08-13,2020-08-13,-0.1080909648061743,-0.0015379203433414,1.5198943019697475,200,False,0.0,0.0,2,2020-06-30,False,41,0.3585528084185327,16.83668745396126,-0.006335331537416,0.0022424366737872,0.1397312226870107,0.97176943195554,False,-0.0118134031195093,False,-0.0055643399086109
107244,BANK OZK,10,2020-08-13,2020-08-13,-0.136731178807818,-0.0005170452622355,1.37643946472093,200,False,0.0,0.0,2,2020-06-30,False,41,0.3940820990640717,17.08813220930308,0.0047104652547274,0.0032892517295382,0.1558226788674883,0.930701498200694,False,-0.0344947924036653,False,-0.0396220930297663
874845,LAKE CITY BANK,10,2020-08-13,2020-08-13,-0.0697819932597831,0.0003465236214915,1.085951149330192,200,False,0.0,0.0,2,2020-06-30,False,41,0.5169499067665915,15.508321503300651,0.013644085011673,0.0032832117345421,0.1135289736244778,0.9655680459776318,False,-0.0144595414005938,False,-0.0177543177818393
522605,BAR HARBOR BANK AND TRUST COMPANY,10,2020-08-13,2020-08-13,-0.0634051669664812,0.0002919085343687,1.4720983673581505,200,False,0.0,0.0,2,2020-06-30,False,41,0.2185468713037104,15.144641269936397,0.0097719335118872,0.0055304850816126,0.1192040358328934,0.8143341085052326,False,-0.0157274800260288,False,-0.0116096774991141
593007,CAMDEN NATIONAL BANK,10,2020-08-13,2020-08-13,-0.0735209003114695,-0.0010623557596368,1.173393874988078,200,False,0.0,0.0,2,2020-06-30,False,41,0.2616213229529373,15.411756234244328,0.0105729650507693,0.0025450317162459,0.1113888172837945,0.916302969307569,False,-0.0136864885143256,False,-0.0141826131463913
786612,MID PENN BANK,10,2020-08-13,2020-08-13,0.0082738935468677,-0.0008516455741413,1.6783830110427465,200,False,0.0,0.0,2,2020-06-30,False,41,0.3402480047913223,14.887518056996216,0.008434095407495,0.0059183563471372,0.089748935211715,0.8797202770904003,False,-0.023900306148765,False,-0.0247657829200462
881478,HERITAGE BANK,10,2020-08-13,2020-08-13,-0.0713432593903046,-0.0013886207017367,1.1585722910487724,200,False,0.0,0.0,2,2020-06-30,False,41,0.407545737314013,15.696959592409865,0.0026975435653895,0.0072013200528637,0.1222849339814914,0.969939159277633,False,-0.0014860248589772,False,0.0056831326935307
671464,BANK OF HOPE,10,2020-08-13,2020-08-13,-0.09300378648422,-0.0020727276186586,1.2625507938750982,200,False,0.0,0.0,2,2020-06-30,False,41,0.3976799292136257,16.658509921180706,0.0069730734443906,0.0087421711899791,0.1345546638734296,0.9519904585335582,False,-0.0201186931337842,False,-0.0121094505116801
606046,CADENCE BANK,10,2020-08-13,2020-08-13,-0.0892100556579418,-0.0010213981677163,1.3534247622237277,200,False,0.0,0.0,2,2020-06-30,False,41,0.3486082220008465,16.960325246505015,0.0073589168694381,0.0086435351665969,0.1177102345071087,0.924396634308606,False,-0.0192973281889898,False,-0.0052697501118349
782306,BROOKLINE BANK,10,2020-08-13,2020-08-13,-0.0894310375372825,-0.0017163272642112,1.1283439900356738,200,False,0.0,0.0,2,2020-06-30,False,41,0.3263269575913771,15.60158338887005,0.0009198828624381,0.0058854826545928,0.0971703377334508,0.7739732627141537,False,-0.0219106774770163,False,-0.017530312898505
1001152,INTERNATIONAL BANK OF COMMERCE,10,2020-08-13,2020-08-13,-0.0961263613259723,-0.0004240077085638,1.4472300118144854,200,False,0.0,0.0,2,2020-06-30,False,41,0.3332616182360328,16.096106144183363,0.0125883912147246,0.0099151595972788,0.1552479656284356,0.8526838348162484,False,-0.0161250543999092,False,-0.0230882275212746
59316,WAYNE BANK,10,2020-08-13,2020-08-13,0.0462819322871496,-0.0009505665470556,1.2039458205535578,200,False,0.0,0.0,2,2020-06-30,False,51,0.2370656704527579,14.11310385159356,0.0084285474530934,0.0030049614218361,0.0996120640361677,0.8965537433761521,False,-0.0168216655280655,False,-0.0282524499556764
491934,COLONY BANK,10,2020-08-13,2020-08-13,0.0152177987953332,-0.0009430878380437,0.987506245611363,200,False,0.0,0.0,2,2020-06-30,False,51,0.1834388651646787,14.387712520936372,0.0051880045029667,0.0101360973857908,0.0954352444608713,0.8896295658618198,False,-0.012140360619186,False,-0.0016234677211804
361167,SOUTHSIDE BANK,10,2020-08-13,2020-08-13,-0.0741495441827191,-0.000968107520584,1.0677981563533263,200,False,0.0,0.0,2,2020-06-30,False,41,0.3481897781886161,15.806842073906354,0.0081678777919918,0.0014626696366121,0.1306390840160261,0.7985689459673229,False,-0.0151619802943948,False,-0.0199236568396881
316840,REPUBLIC BANK & TRUST COMPANY,10,2020-08-13,2020-08-13,-0.0946350324222261,-0.0011462857109436,1.3170133509516684,200,False,0.0,0.0,2,2020-06-30,False,41,0.3097224970982534,15.679848329998208,0.0132334892931464,0.0039893895016867,0.1137570443088928,0.8951909320815566,False,-0.0232605946407203,False,-0.0313312003272455
2209553,HERITAGE BANK OF COMMERCE,10,2020-08-13,2020-08-13,-0.1174601883779455,-0.0020922006926655,1.3869380224690486,200,False,0.0,0.0,2,2020-06-30,False,41,0.5863152769492063,15.344255634770784,0.00629218939876,0.0033912931660518,0.1283938786549691,0.9752633151276944,False,0.0119731658589815,False,0.0106509226185249
821906,SALISBURY BANK AND TRUST COMPANY,10,2020-08-13,2020-08-13,-0.0497343857629558,0.0005879001673844,0.558890706824144,200,False,0.0,0.0,2,2020-06-30,False,51,0.2905622495497756,14.06793093001941,0.0081389937512479,0.0045414119112586,0.0978947850928067,0.9368358318986714,False,-0.0141076648511813,False,-0.0140953952543984
416245,BUSEY BANK,10,2020-08-13,2020-08-13,-0.0734119913199627,-0.0014102023401857,1.3483330942087135,200,False,0.0,0.0,2,2020-06-30,False,41,0.3827656901231258,16.19703085326644,0.0090522968408169,0.0034587203497859,0.125074320726579,0.9607726975549938,False,8.197239884405274e-05,False,-0.0021780171512724
399517,CNB BANK,10,2020-08-13,2020-08-13,-0.0618549823586973,-0.0021127354921371,1.469645468471159,200,False,0.0,0.0,2,2020-06-30,False,41,0.3296966148410717,15.308668554491272,0.0081156919703535,0.0095930692046672,0.0830407110104625,0.8853673155911231,False,-0.0189990846826227,False,-0.0231166179595208
664756,PROSPERITY BANK,10,2020-08-13,2020-08-13,-0.0907133706210246,-0.0005872659351963,1.3562824680334895,200,False,0.0,0.0,2,2020-06-30,False,41,0.4029326591640692,17.31128794382651,0.0161549431550234,0.0034052036858291,0.1831927140273568,0.9742239882537812,False,0.0021494546583666,False,0.0019362759216056
767974,CFBANK NATIONAL ASSOCIATION,10,2020-08-13,2020-08-13,-0.0469046211047964,-0.0005203851935847,0.3299956256340443,200,False,0.0,0.0,2,2020-06-30,False,51,0.2133341880142654,13.949858741923917,0.0224918713296397,0.0005682001551059,0.0932390620314375,0.8272903017418008,False,-0.0202953631945948,False,-0.0184817794181348
716374,FIRST HARRISON BANK,10,2020-08-13,2020-08-13,0.0302723535801825,0.0013988023034398,1.1836839109774138,200,False,0.0,0.0,2,2020-06-30,False,51,0.231987172692921,13.727056322372809,0.0096859654010236,0.0045931579132377,0.1076195314335032,0.9934654127246304,False,0.0070742222925307,False,0.0123611944077624
197478,EAST WEST BANK,10,2020-08-13,2020-08-13,-0.0855535675636972,-0.0008428390577877,1.3693204467353024,200,False,0.0,0.0,2,2020-06-30,False,31,0.5354259917632976,17.715671668464257,0.0101438545064462,0.0048026917419351,0.0948195146492311,0.9207379271230997,False,-0.01286575047623,False,-0.0139063912017444
958727,AMERICAN NATIONAL BANK AND TRUST COMPANY,10,2020-08-13,2020-08-13,-0.0567101607760998,-0.0012127926277706,1.4587052505876028,200,False,0.0,0.0,2,2020-06-30,False,41,0.3786267629491683,14.862186889641102,0.0106657996769152,0.0015347655277407,0.122466047485244,0.9743254786715826,False,-0.0104652809653532,False,-0.0051935105132805
968070,CAPITOL FEDERAL SAVINGS BANK,10,2020-08-13,2020-08-13,-0.0860506971158633,-0.0010333988505631,0.864589583899518,200,False,0.0,0.0,2,2020-06-30,False,41,0.1101942629836184,16.075226145049854,0.0049549265560264,0.0013885823065182,0.1220851316296541,0.7405366279130597,False,-0.0177135245805628,False,-0.0070058531830319
202907,"COMMUNITY BANK, NATIONAL ASSOCIATION",10,2020-08-13,2020-08-13,-0.0558417343634768,-0.0005525585911308,1.0379692758483474,200,False,0.0,0.0,2,2020-06-30,False,41,0.3645969429308087,16.399003303757787,0.0094095790079113,0.003551859147859,0.133412009517558,0.9685010861694424,False,0.0082339654928668,False,0.007491222392422
601416,FIVE STAR BANK,10,2020-08-13,2020-08-13,-0.0672631051168408,-0.001971868480394,1.6211894397635669,200,False,0.0,0.0,2,2020-06-30,False,41,0.2909645400345183,15.351361562467108,0.0063393420887494,0.0037744006757385,0.0970488950389826,0.9545142662055502,False,-0.0130083048243531,False,-0.0247835618124001
662369,BANK OF THE SIERRA,10,2020-08-13,2020-08-13,-0.0965014909369499,-0.0010352605456076,1.534421682216935,200,False,0.0,0.0,2,2020-06-30,False,41,0.3146057302904794,14.950073153730257,0.0110276727250159,0.0026481356011982,0.1116070323199497,0.9129015584550968,False,-0.0014938907324026,False,0.0063714246354098
439404,FIRST NATIONAL BANK,10,2020-08-13,2020-08-13,-0.0422433882867037,-0.0005596264180131,1.3646368698544225,200,False,0.0,0.0,2,2020-06-30,False,41,0.168229833142269,14.618714111366302,0.0119846892660934,0.0067363599352727,0.0840594406189506,0.851403713635768,False,-0.012853950463783,False,-0.0214266815987469
2608754,MERCANTILE BANK,10,2020-08-13,2020-08-13,-0.1034371845264053,-0.0016602589524873,1.2802265690054195,200,False,0.0,0.0,2,2020-06-30,False,41,0.4044207095288921,15.273274986452943,0.0103771951221783,0.0009633801532287,0.1036064616799772,0.849522033955518,False,-0.0213916887997085,False,-0.0243758251356513
29636,"CITIZENS BANK OF PHILADELPHIA, THE",10,2020-08-13,2020-08-13,-0.0026075209845784,0.0017720664859448,-0.0206804810369419,200,False,0.0,0.0,2,2020-06-30,False,51,0.3933332590748506,14.15345385490264,0.0040497524715401,0.0174333067167979,0.0835691171782112,0.8384502355061748,False,-0.0077057562247196,False,-0.0078398205359504
2652092,EAGLEBANK,10,2020-08-13,2020-08-13,-0.1123528088026025,-0.0013929567673287,1.2817648298802122,200,False,0.0,0.0,2,2020-06-30,False,41,0.3986674503180588,16.096027122445854,0.0122056093951459,0.0072880823377041,0.1377122170184176,0.9466695073238212,False,-0.012250394119973,False,-0.0046747916396503
1436204,BANK OF MARIN,10,2020-08-13,2020-08-13,-0.0862103356679089,-0.0011630961819049,1.2778754713407396,200,False,0.0,0.0,2,2020-06-30,False,41,0.4693684012457546,14.972876857200928,0.0095437968306573,0.0007520610595862,0.1066897414242083,0.9835716836640448,False,0.0090072586962107,False,0.0184998197182493
2634351,MACATAWA BANK,10,2020-08-13,2020-08-13,-0.0722885538667395,-0.0013964339909909,1.085544943838651,200,False,0.0,0.0,2,2020-06-30,False,51,0.3902383475473523,14.71174959152664,0.0119957394189448,0.0018902238288378,0.0990499393969074,0.9626169959971208,False,0.0242106096454786,False,0.0348317759561162
754929,"NATIONAL BANK OF BLACKSBURG, THE",10,2020-08-13,2020-08-13,-0.0168646397801482,-0.0009271930924335,1.464149516202306,200,False,0.0,0.0,2,2020-06-30,False,41,0.3265819152294315,14.173790413343392,0.0100358803689513,0.005126240122818,0.1354466455978407,0.9859222673112056,False,0.0031870364014207,False,-0.0097890894922004
687009,LAKELAND BANK,10,2020-08-13,2020-08-13,-0.0761951169898446,-0.0013216133188857,1.3861430514409292,200,False,0.0,0.0,2,2020-06-30,False,41,0.377294697218043,15.828302685471987,0.0073031332068889,0.006228915419969,0.1101314304763979,0.923856082208536,False,-0.0193635880804353,False,-0.0113337315963972
2634191,GLACIER BANK,10,2020-08-13,2020-08-13,-0.0832682268850052,-0.0005270678589403,1.3598686545008578,200,False,0.0,0.0,2,2020-06-30,False,41,0.248710322103775,16.642611198634523,0.0132601019589911,0.0035637468370536,0.1365129177509459,0.9210825983918656,False,-0.0059205939404313,False,0.0038236957035506
186221,"OLD POINT NATIONAL BANK OF PHOEBUS, THE",10,2020-08-13,2020-08-13,0.0078653240664784,-0.0015817022073812,0.840715876813039,200,False,0.0,0.0,2,2020-06-30,False,41,0.2299769452108556,14.009880902376098,0.0063134702185013,0.0078664631260994,0.0900715164349477,0.9176184228385288,False,-0.0137825305117136,False,-0.0105365029205011
474919,"FULTON BANK, NATIONAL ASSOCIATION",10,2020-08-13,2020-08-13,-0.0886644842946396,-0.001997655585691,1.3010959051122977,200,False,0.0,0.0,2,2020-06-30,False,41,0.3372218774088274,17.013873749941965,0.0066122530704208,0.0074361680110257,0.1182446821888644,0.926981754904068,False,-0.0187881229994057,False,-0.0116237099122019
473501,BERKSHIRE BANK,10,2020-08-13,2020-08-13,-0.113888483324071,-0.0046345564370241,1.521098618057043,200,False,0.0,0.0,2,2020-06-30,False,41,0.3085529323841194,16.38473867155601,-0.0835918721745671,0.0061358126369634,0.088328485019964,0.9150829792845212,False,-0.006071137505635,False,-0.0052978606373965
508346,HAWTHORN BANK,10,2020-08-13,2020-08-13,0.0682040833615856,3.7724576212954365e-05,1.3934055722682115,200,False,0.0,0.0,2,2020-06-30,False,41,0.2509237025110118,14.331644268875989,0.0064671803726208,0.0069064928942291,0.1008661700696552,0.8826251284406836,False,-0.0179785636070978,False,-0.0224477178060989
236706,PEAPACK-GLADSTONE BANK,10,2020-08-13,2020-08-13,-0.1051085443461408,-0.00178579310134,1.5275942866502674,200,False,0.0,0.0,2,2020-06-30,False,41,0.5323524163214153,15.652420719367996,0.0037918705621517,0.0054484418460415,0.0914235572945715,0.8528696686528024,False,-0.0165559182455959,False,-0.0163614481640267
657365,HANMI BANK,10,2020-08-13,2020-08-13,-0.0975238466208035,-0.0025409080815607,1.4829767347119769,200,False,0.0,0.0,2,2020-06-30,False,41,0.3553008776782015,15.642501544072084,0.0050151589090991,0.0120289000812414,0.1037037358830999,0.9388626620151216,False,-0.0176250759068114,False,-0.018884309570469
636771,INDEPENDENT BANK,10,2020-08-13,2020-08-13,-0.0962603804975582,-0.0010952664414627,1.3379512505456086,200,False,0.0,0.0,2,2020-06-30,False,41,0.1658173768515725,15.212288770956016,0.0097665701175313,0.0043850153965096,0.0935594766753188,0.9717923762559452,False,-0.0050151155965604,False,-0.0082808602508762
2353595,FIRST COMMUNITY BANK,10,2020-08-13,2020-08-13,-0.0861704923628519,-0.0015298957818979,1.3100622828280706,200,False,0.0,0.0,2,2020-06-30,False,51,0.1383012123027849,14.896772869130208,0.0113085101439798,0.0117249160784475,0.1365022169658855,0.984595449375004,False,-0.0151104451513525,False,-0.0217290485170049
780218,"UNION BANK COMPANY, THE",10,2020-08-13,2020-08-13,-0.0134179530453758,0.0005920521525809,0.4921659517161784,200,False,0.0,0.0,2,2020-06-30,False,41,0.1940026988811237,13.831818851888452,0.0145507564622477,0.0032502100622705,0.1188449513105519,0.9341255388586748,False,-0.0012814562830589,False,-0.0055661017586011
542528,CIVISTA BANK,10,2020-08-13,2020-08-13,-0.1149668363912838,-0.0012991138497054,1.6063217354653616,200,False,0.0,0.0,2,2020-06-30,False,41,0.2824861383116413,14.84765963001177,0.0106052811949163,0.0026661925027235,0.1185735985852975,0.8473743729050308,False,-0.0170280420963275,False,-0.010426509256074
933023,"SHORE UNITED BANK, NATIONAL ASSOCIATION",10,2020-08-13,2020-08-13,0.0123730235238682,-0.0009883041043984,1.5521380454031672,200,False,0.0,0.0,2,2020-06-30,False,51,0.1468174982087263,14.357221288506992,0.0102970135751871,0.0087070589497665,0.1127610249309896,0.9892388442838737,False,-0.0148514407767525,False,-0.0091831107214406
1162017,UNITED SECURITY BANK,10,2020-08-13,2020-08-13,-0.0966773492927452,-0.0011031056205838,1.6670137271200722,200,False,0.0,0.0,2,2020-06-30,False,51,0.4909990099971316,13.846639001460598,0.0077877664019045,0.0183334618052879,0.1215130019057441,0.9886280251979832,False,-0.0127012428542406,False,-0.0117799094349245
628123,"BANK OF GLEN BURNIE, THE",10,2020-08-13,2020-08-13,0.0618868151522896,-0.0003139479369287,0.2851607312435555,200,False,0.0,0.0,2,2020-06-30,False,41,0.0594495348470053,12.943901562215007,0.0013483855235035,0.0138930317269259,0.0856965941311759,0.8943713163578552,False,0.006400903483846,False,0.0161945903378815
333203,UNION BANK,10,2020-08-13,2020-08-13,-0.0063606817139734,-0.001841381307147,1.3453145307847163,200,False,0.0,0.0,2,2020-06-30,False,41,0.1637459558220986,13.728407904081765,0.0110737380029959,0.0043759272328719,0.0822467796151576,0.9792177100013432,False,-0.0066791957447105,False,-0.0030754724709081
2925666,PINNACLE BANK,10,2020-08-13,2020-08-13,-0.0985457638680201,-0.0012770108790634,1.4622710017164735,200,False,0.0,0.0,2,2020-06-30,False,41,0.4259914473718571,17.31791521249923,0.0059906891901381,0.0028551782663886,0.143420404511149,0.9090533262948584,False,-0.0190322118977702,False,-0.0081694133228202
139740,WEST BANK,10,2020-08-13,2020-08-13,-0.0348242361708068,-0.0008008858383901,1.1427025893709264,200,False,0.0,0.0,2,2020-06-30,False,41,0.4023250066655269,14.822621039097037,0.0122724395372868,0.0001772978713344,0.0866215505908472,0.902960444096608,False,-0.015774018229613,False,-0.016394526690766
494261,PACIFIC WESTERN BANK,10,2020-08-13,2020-08-13,-0.0824093398963539,-0.0007992546043388,1.5001581213728257,200,False,0.0,0.0,2,2020-06-30,False,41,0.5451210469081319,17.123815887127577,-0.1018289200869271,0.0084322661856275,0.1362902906042981,0.9757456014861126,False,-0.0199655718948071,False,-0.0051787949036572
2760232,VILLAGE BANK,10,2020-08-13,2020-08-13,-0.0654458952459919,-9.132526761840892e-07,0.234052223043189,200,False,0.0,0.0,2,2020-06-30,False,51,0.2580201097144117,13.49276626051606,0.0097961911679617,0.0066671567421063,0.0797946307371723,0.8710050647158132,False,-0.0099964926062443,False,-0.0115328213065791
2328137,FIRST COMMUNITY BANK,10,2020-08-13,2020-08-13,-0.076356478839633,-0.0010597532991185,0.4989297433192274,200,False,0.0,0.0,2,2020-06-30,False,41,0.2421266436232762,14.097264091305616,0.0067161994549783,0.0021225359015312,0.1069808638864327,0.9483514608154072,False,-0.0087629933296706,False,0.000302208434484
204004,PROVIDENT BANK,10,2020-08-13,2020-08-13,-0.0829265998711123,-0.0023374574042604,1.417162256584195,200,False,0.0,0.0,2,2020-06-30,False,41,0.5402732818239918,16.168065690229863,0.0055627660906229,0.0045667286130713,0.1263316184055471,0.8382081855706697,False,-0.0192600814394927,False,-0.0115192781932988
3465226,HTLF BANK,10,2020-08-13,2020-08-13,-0.0683203328234916,-0.0014198704536298,1.465321473732157,200,False,0.0,0.0,2,2020-06-30,False,41,0.5181880787449311,14.750403981813816,0.0066149916252509,0.0055978842439803,0.1436609078651967,0.9846848713873986,False,0.0049562238917984,False,0.0076507172583605
2953418,OPTIMUMBANK,10,2020-08-13,2020-08-13,-0.0368661195915922,2.28065402679525e-05,0.0720300192797762,200,False,0.0,0.0,2,2020-06-30,False,41,0.3834336303668557,12.104172801501328,-0.0046616175037647,0.0127647899729975,0.072160953140225,0.8249656900769735,False,-0.0185191832208396,False,-0.016070309506327
2618780,TEXAS CAPITAL BANK,10,2020-08-13,2020-08-13,-0.1455963270023935,-0.0023991401004393,1.6679314783494443,200,False,0.0,0.0,2,2020-06-30,False,41,0.7585915169577976,17.414354111278765,-0.0023943581254316,0.0079032308367001,0.0759327042243619,0.8955752527283484,False,0.0047207506463947,False,0.0051358936514617
354310,UNIVEST BANK AND TRUST CO.,10,2020-08-13,2020-08-13,-0.077144901267998,-0.0021791142829681,1.20507153402734,200,False,0.0,0.0,2,2020-06-30,False,41,0.3893298914629177,15.624580826973236,0.0019014642486881,0.0054855705252232,0.1102934443547331,0.9099358864009316,False,-0.0170681702604492,False,-0.0194272369833061
703767,CENTRAL VALLEY COMMUNITY BANK,10,2020-08-13,2020-08-13,-0.0856271803494712,-0.0008647096893296,1.6545346544520745,200,False,0.0,0.0,2,2020-06-30,False,41,0.415731460557724,14.464452945453909,0.0096158067139234,0.0021369741831136,0.12147794949193,0.9816217804654904,False,0.0067390097771998,False,0.0067237302865851
2942690,SIGNATURE BANK,10,2020-08-13,2020-08-13,-0.1409456090716304,-0.0003242290329127,1.3576682326490983,200,False,0.0,0.0,2,2020-06-30,False,41,0.8047193807167689,17.915668324061162,0.0071848115904527,0.0014028694297031,0.0805732803656972,0.9053454410327624,True,-0.0061966218590513,False,0.0125920275589539
2849801,SOUTHERN FIRST BANK,10,2020-08-13,2020-08-13,-0.091788263284332,-0.0013458711080835,1.485941086710305,200,False,0.0,0.0,2,2020-06-30,False,41,0.4929802770676949,14.724809705574476,0.006737340398021,0.0053787416445215,0.0980318072071738,0.984086798469103,False,-0.0176819572642997,False,-0.0085758726134658
2858960,"BANCORP BANK NATIONAL ASSOCIATION, THE",10,2020-08-13,2020-08-13,-0.1632607500391695,0.0009080206122054,1.703286845186729,200,False,0.0,0.0,2,2020-06-30,False,41,0.2134437248482914,15.643900368998017,0.0116908213026102,0.0095469702239629,0.0843117057477381,0.9753305470517956,False,-0.0091461265900908,False,-0.027675160093887
895710,CITIZENS & NORTHERN BANK,10,2020-08-13,2020-08-13,-0.0388531752783475,-0.0005597060483512,1.613466659639756,200,False,0.0,0.0,2,2020-06-30,False,51,0.2353332454001739,14.362921309392748,0.0114613213664505,0.0173617956804335,0.1253798218503202,0.932635722590604,False,-0.0208720579212028,False,-0.0196418706389245
2372774,"SUMMIT COMMUNITY BANK, INC.",10,2020-08-13,2020-08-13,-0.0460054495313906,-0.0016332115276861,1.4269390475302048,200,False,0.0,0.0,2,2020-06-30,False,41,0.2046373576835303,14.866127966141038,0.0084373872147319,0.0056337318796914,0.0989128549326156,0.9522002590252284,False,-0.0204231039558303,False,-0.0274853251209306
1356768,ENTERPRISE BANK AND TRUST COMPANY,10,2020-08-13,2020-08-13,-0.0198451739322257,-0.000518772918637,1.8515096401546816,200,False,0.0,0.0,2,2020-06-30,False,41,0.3411380789285573,15.211069123517316,0.005846584377552,0.0067125752686446,0.0820282921776297,0.9844584359355024,False,-0.0139326283966424,False,-0.0223212012934356
1190476,ENTERPRISE BANK & TRUST,10,2020-08-13,2020-08-13,-0.0978979039372292,-0.0011465169769117,1.3948937330767426,200,False,0.0,0.0,2,2020-06-30,False,41,0.4432464678234514,15.93579733389432,0.0075847837296261,0.0061326363530038,0.118738320521431,0.923528890328015,False,-0.0166686178804146,False,-0.0187605060026633
633378,KEARNY BANK,10,2020-08-13,2020-08-13,-0.0501992113392843,-0.0022940388846137,0.9262789321341468,200,False,0.0,0.0,2,2020-06-30,False,41,0.1608653258657508,15.72288315474448,0.0068198193744099,0.0081200463977362,0.1476824803511136,0.780891543552472,False,-0.0202467796242904,False,0.0001234972998595
1918344,PREFERRED BANK,10,2020-08-13,2020-08-13,-0.1058555013277649,-0.0006449249819177,1.4149415787969035,200,False,0.0,0.0,2,2020-06-30,False,41,0.6036405340369247,15.426204081788365,0.012569407796045,0.006640107576881,0.097623146279015,0.9631342454643034,False,-0.0217295683423094,False,-0.0221508808136698
3138146,WESTERN ALLIANCE BANK,10,2020-08-13,2020-08-13,-0.1311617892387878,-0.0005496454925233,1.5792864793132255,200,False,0.0,0.0,2,2020-06-30,False,41,0.6759005904717516,17.278966331995,0.011453648542482,0.0055634111974113,0.0971512650421104,0.9650857427309056,False,-0.0194486192675623,False,-0.0082739910871124
537449,FIRST BUSINESS BANK,10,2020-08-13,2020-08-13,-0.0921287172838582,-0.0013365433932394,1.341525721313052,200,False,0.0,0.0,2,2020-06-30,False,41,0.4751445680527805,14.713974533223483,0.0066975374496911,0.0116370889649293,0.0905466506612026,0.7670637633699446,False,-0.0208753934446622,False,-0.0168697480094645
310978,WATERSTONE BANK,10,2020-08-13,2020-08-13,-0.0318127028724262,-0.0004633124186913,0.7064397155681015,200,False,0.0,0.0,2,2020-06-30,False,41,0.0937757569154329,14.61167045024604,0.0243489996215625,0.003046458492003,0.1676996640972913,0.6516012462477354,False,-0.0216454610665894,False,-0.0243812694350814
220527,PEOPLES BANK,10,2020-08-13,2020-08-13,-0.020068777560665,-0.0014205079514514,1.4204506555403362,200,False,0.0,0.0,2,2020-06-30,False,41,0.2833119007994666,14.16956727734249,0.0075054251857757,0.0040925683911263,0.1036336813499939,0.9066079433123888,False,-0.0013568356008304,False,-0.0011250430244896
2954059,BCB COMMUNITY BANK,10,2020-08-13,2020-08-13,-0.0864287227937507,-0.001393097871582,1.15572621931045,200,False,0.0,0.0,2,2020-06-30,False,41,0.3246942579462673,14.910113821218276,0.0040937122761502,0.002756199975139,0.0927490891055111,0.9020600074367434,False,-0.021079043922725,False,-0.0202595160182626
2385514,"FIRST BANK, THE",10,2020-08-13,2020-08-13,-0.0619182868179893,-0.0018277122270072,1.089746873728537,200,False,0.0,0.0,2,2020-06-30,False,41,0.3536019333000157,15.439979929831871,0.0115613040501603,0.0126043558221246,0.1355893000507316,0.9650127372900034,False,-0.008057377130006,False,-0.0077014180970995
456045,CENTENNIAL BANK,10,2020-08-13,2020-08-13,-0.108187807136315,-0.000742107282091,1.5808694513027033,200,False,0.0,0.0,2,2020-06-30,False,41,0.4495574385614545,16.64057437286785,0.0094828490606197,0.0050099772134613,0.1622334594411903,0.9401028015769298,False,-0.0198930677655662,False,-0.0109563255029057
561574,SUMMIT STATE BANK,10,2020-08-13,2020-08-13,0.0234816212974375,-0.0008744261049606,0.6133607572385752,200,False,0.0,0.0,2,2020-06-30,False,51,0.387768103930664,13.65376662219891,0.0108950825183769,0.0005734906416754,0.0837421340396093,0.91025412388395,False,-0.0195710692615911,False,-0.018717515474195
522847,"LIMESTONE BANK, INC",10,2020-08-13,2020-08-13,-0.0122647322826766,-0.0003610246188859,0.7606527537163349,200,False,0.0,0.0,2,2020-06-30,False,51,0.1358687751520201,14.07632901289898,0.0077535146595664,0.0014450289466968,0.1099405851499855,0.9764994070752798,False,-0.018319304500482,False,-0.0286994288367177
663245,SIMMONS BANK,10,2020-08-13,2020-08-13,-0.1072237454065722,-0.0017179308474478,1.346515186558948,200,False,0.0,0.0,2,2020-06-30,False,41,0.3845978673263024,16.899990570991005,0.0137446302745974,0.0089911822487591,0.1422093668225057,0.8935736304494405,False,-0.0128627151169667,False,-0.0057483728048818
30810,DISCOVER BANK,10,2020-08-13,2020-08-13,-0.1205952593102595,-0.0018209932849274,2.0196714891606944,200,False,0.0,0.0,2,2020-06-30,False,31,0.0825603065522666,18.536097488816328,-0.0077847280417173,0.012363088582413,0.0783885508172662,0.7752089262952506,False,-0.0488497303672009,True,-0.085386061965178
768074,FIRST FINANCIAL NORTHWEST BANK,10,2020-08-13,2020-08-13,-0.0165007010170377,-0.0016830656157142,1.2667285971801026,200,False,0.0,0.0,2,2020-06-30,False,51,0.2917728897260883,14.164920878307257,0.0063473439799299,0.001901779305065,0.0953356681668924,0.8945607366352747,False,-0.0181562009658657,False,-0.0098608459192504
2797724,TOWNEBANK,10,2020-08-13,2020-08-13,-0.0869529886169178,-0.0017845648583535,1.2580318775488668,200,False,0.0,0.0,2,2020-06-30,False,41,0.4276298757706755,16.561514965410293,0.0078291401520706,0.0016710112254229,0.1095999391537558,0.8169390488813102,False,-0.0100030926294934,False,-0.0024450599699759
28013,NORTHFIELD BANK,10,2020-08-13,2020-08-13,-0.0574936917139365,-0.0013758224189818,1.0648524782493909,200,False,0.0,0.0,2,2020-06-30,False,41,0.2698304756748412,15.434918801051545,0.0061812625133635,0.0038026288259268,0.1293841449903675,0.8368387402142888,False,-0.0193668149128005,False,-0.0207106394826041
836843,MIDWESTONE BANK,10,2020-08-13,2020-08-13,-0.0892235762316561,-0.001727513952565,1.485688590702028,200,False,0.0,0.0,2,2020-06-30,False,41,0.302159580968029,15.468830801308552,0.0046800555175174,0.0123413483797979,0.1139680611573193,0.9235458837467438,False,-0.0030520663856148,False,0.0041162610346105
676478,MALVERN BANK NA,10,2020-08-13,2020-08-13,0.0390982676767339,-0.0024881860094237,1.007660519160131,200,False,0.0,0.0,2,2020-06-30,False,51,0.5204199113500669,13.999827622407809,0.006781454045544,0.008791716386312,0.1306282367637311,0.8583289487530253,False,-0.0217230514974909,False,-0.0088053985840742
23504,DIME COMMUNITY BANK,10,2020-08-13,2020-08-13,-0.05148584947159,-0.00108875949099,1.3501878977579522,200,False,0.0,0.0,2,2020-06-30,False,41,0.5948003965035595,15.632019873917152,0.0070805703478435,0.0038289048956255,0.0943511851029014,0.9124741020549592,False,-0.0182802333670992,False,-0.01063833128804
785473,FIRST SAVINGS BANK,10,2020-08-13,2020-08-13,-0.0502629155707069,-0.0013517949905967,0.7189579994502768,200,False,0.0,0.0,2,2020-06-30,False,51,0.2542289860915138,14.321348765219218,0.0179525137559357,0.0105882650174595,0.0926002864249641,0.6592585898962409,False,-0.0191524642145407,False,-0.0003234198411315
929978,"HOME BANK, NATIONAL ASSOCIATION",10,2020-08-13,2020-08-13,-0.0227912857792025,-0.001528438677021,1.428110505840305,200,False,0.0,0.0,2,2020-06-30,False,41,0.2941848969210491,14.783206697941004,0.0034150571037975,0.0131350528777072,0.1127702162033592,0.9750629208373,False,-0.0180096215997164,False,-0.0150070335005314
1864197,OAK VALLEY COMMUNITY BANK,10,2020-08-13,2020-08-13,0.0911990960700076,-0.000616790906781,1.099887853673012,200,False,0.0,0.0,2,2020-06-30,False,41,0.4225306721451311,14.197225176211711,0.0076106264771701,0.0009304921369901,0.0816251295403995,0.966467444228868,False,0.0138238464255736,False,0.0171876653761752
342410,ORRSTOWN BANK,10,2020-08-13,2020-08-13,-0.0390707760458514,-0.0017135488197787,1.3204256035881838,200,False,0.0,0.0,2,2020-06-30,False,41,0.2503279552212946,14.834788471365538,0.0099538357667618,0.0040454306780196,0.0884810260418527,0.8956882337455141,False,-0.0192904909247105,False,-0.0218270102529899
119528,"FARMERS NATIONAL BANK OF EMLENTON, THE",10,2020-08-13,2020-08-13,0.0337924579033421,-0.0019103095862669,0.5419833082389717,200,False,0.0,0.0,2,2020-06-30,False,51,0.2597564484755009,13.813412358282047,0.0056498420689765,0.0062594609374903,0.0853408744728951,0.951868107307432,False,,,
685676,OPPORTUNITY BANK OF MONTANA,10,2020-08-13,2020-08-13,-0.0083572694032214,0.0005392213581251,0.6050605979825914,200,False,0.0,0.0,2,2020-06-30,False,51,0.1512548221252724,14.017985987550029,0.0174350514116772,0.007279570682283,0.1264653757258479,0.8959976888167527,False,-0.015402551175442,False,-0.0079532664855848
613008,ROCKLAND TRUST COMPANY,11,2021-05-24,2021-05-24,0.0289606309330404,8.778294593761802e-05,0.9423710457935954,200,False,0.2222,0.0213,9,2021-03-31,False,41,0.331646204589714,16.43847385636046,0.0124269706783739,0.0063737016897452,0.1299169374601812,0.974249600890588,False,-0.0158760513078972,False,-0.0166832689695602
433608,TOMPKINS COMMUNITY BANK,11,2021-05-24,2021-05-24,0.000752239832441,0.0002337783445492,1.0102912567295224,200,False,0.2222,0.0213,9,2021-03-31,False,41,0.4311983588678738,14.738227000668129,0.0150406420053765,0.0087421190780074,0.0631914426838826,0.9321896839788912,False,-0.0148771822868522,False,-0.0175491947527171
379920,FIRST NATIONAL BANK OF PENNSYLVANIA,11,2021-05-24,2021-05-24,0.003733628141811,0.0015646613531193,1.1257441275439724,200,False,0.2222,0.0213,9,2021-03-31,False,41,0.3955954452691122,17.467513012281856,0.0098939123107315,0.0064237825929777,0.1314168653193689,0.9187714141819808,False,-0.0139327318777742,False,-0.0099135656336968
491224,FIRST-CITIZENS BANK & TRUST COMPANY,11,2021-05-24,2021-05-24,-0.0137009265712744,0.0022892407759468,1.1374447568469903,200,False,0.2222,0.0213,9,2021-03-31,False,41,0.3670394659261277,17.801164213074465,0.0103784326770314,0.006052816959147,0.087241621020765,0.9647902209775806,False,-0.0173391233094819,False,-0.0070457123459857
246022,"BANK OF SOUTH CAROLINA, THE",11,2021-05-24,2021-05-24,-0.0283736112975269,0.0008056269769146,0.3542561669781438,200,False,0.2222,0.0213,9,2021-03-31,False,41,0.3099139482044269,13.22458778059815,0.0136362979762231,0.0033119486290557,0.0948473861354673,0.9701708399163754,False,0.0138078723296275,False,0.0211969779343315
437914,"WILMINGTON SAVINGS FUND SOCIETY, FSB",11,2021-05-24,2021-05-24,0.0124373438597306,0.0019920300148487,1.0213011206131877,200,False,0.2222,0.0213,9,2021-03-31,False,41,0.406999700838802,16.503100875824927,0.0180862834116527,0.0045191046379386,0.1242298359714266,0.972212041329642,False,-0.0135358011532707,True,-0.0097746266517213
761806,"WEBSTER BANK, NATIONAL ASSOCIATION",11,2021-05-24,2021-05-24,-0.0115707516826492,0.0021251414925141,1.222937104002571,200,False,0.2222,0.0213,9,2021-03-31,False,31,0.3294662736914965,17.321054891802287,0.0137730327708485,0.007053561400658,0.1009663339446025,0.9620785418120392,False,-0.0215936457984246,False,-0.0058287569871804
837000,"FIRST NATIONAL BANK OF LONG ISLAND, THE",11,2021-05-24,2021-05-24,-0.0282678480865608,0.0011566450486742,0.6709416937661682,200,False,0.2222,0.0213,9,2021-03-31,False,41,0.5156566053548113,15.263299985483185,0.011003124102987,8.59146840751846e-05,0.0951037696349602,0.9188728421914636,False,-0.0209473840040695,False,-0.0106820358617879
510871,FIRSTBANK PUERTO RICO,11,2021-05-24,2021-05-24,-0.0293440095720962,0.0023968822048328,1.254001588759218,200,False,0.2222,0.0213,9,2021-03-31,False,31,0.4197023691360038,16.78121842640052,0.0122812568575202,0.0305730157116176,0.1205765307118754,0.9417693745135336,False,-0.0182056510092615,False,-0.0264761108037157
245276,ORIENTAL BANK,11,2021-05-24,2021-05-24,-0.0563438183581881,0.0019230333185078,1.0978960083049425,200,False,0.2222,0.0213,9,2021-03-31,False,41,0.3372779878661885,16.1180978509559,0.011587574507336,0.0458286893655071,0.0983763835719561,0.9735511059135854,False,-0.0174995369123359,False,-0.0214603033573476
216922,FIRST BANK,11,2021-05-24,2021-05-24,-0.000966468954154,0.0021939097406077,0.8475018702832418,200,False,0.2222,0.0213,9,2021-03-31,False,41,0.3310803111307437,15.861912891560534,0.0148537371745883,0.0084852319091557,0.1195867444530074,0.9903166865828158,False,-0.0055768569438161,False,-0.0091360140557879
645625,"WESBANCO BANK, INC.",11,2021-05-24,2021-05-24,-0.0199208306451937,0.0018587220399515,1.015242910620783,200,False,0.2222,0.0213,9,2021-03-31,False,41,0.2804290821560852,16.64969877961405,0.0176232816686266,0.0043729194633128,0.1587473417838754,0.94393480125103,False,-0.0161982088105179,False,-0.008228581129112
365325,UNITED BANK,11,2021-05-24,2021-05-24,-0.0006110926354376,0.000756257415524,1.0624416926069569,200,False,0.2222,0.0213,9,2021-03-31,False,41,0.3500073286721372,17.111076905900408,0.0155977003705854,0.0056524074522618,0.1655529641962046,0.9583811233826378,False,-0.0197593159230139,False,-0.0140776244579743
816603,"WASHINGTON TRUST COMPANY, OF WESTERLY, THE",11,2021-05-24,2021-05-24,0.0313411883567888,0.0015871234187927,0.8139404152481112,200,False,0.2222,0.0213,9,2021-03-31,False,41,0.2550744774894373,15.559283539988032,0.0144986430909548,0.0030517234115262,0.0962817894412892,0.8811989963345469,False,-0.0137346408651125,False,-0.0079113347521507
130541,HORIZON BANK,11,2021-05-24,2021-05-24,6.108590128646061e-05,0.0018788917153033,1.057845373911396,200,False,0.2222,0.0213,9,2021-03-31,False,41,0.4218501279286082,15.61318168552279,0.0142402339462271,0.0064157131598912,0.1123699067611619,0.9051455960195304,False,0.0062539149106294,False,0.0157748389957609
701062,CENTRAL PACIFIC BANK,11,2021-05-24,2021-05-24,-0.0041288974569764,0.0016687214150391,1.0884906121871212,200,False,0.2222,0.0213,9,2021-03-31,False,41,0.3693447739163452,15.75743262231373,0.01138187290873,0.0023289532756908,0.0904867215068431,0.980990521517598,False,-0.0108087492314031,False,-0.014432790203365
802866,SILICON VALLEY BANK,11,2021-05-24,2021-05-24,0.0161728233077151,0.0024825046683253,1.1956992471436714,200,False,0.2222,0.0213,9,2021-03-31,False,31,0.845760409711061,18.75901491039165,0.0080746943376876,0.0019873099460102,0.0624966486564934,0.952516237185946,True,0.0358832043325153,False,0.0315062153011363
509811,"COMMUNITY TRUST BANK, INC.",11,2021-05-24,2021-05-24,-0.0205984963718827,0.0009634647624651,0.7229663891701213,200,False,0.2222,0.0213,9,2021-03-31,False,41,0.2468321344734286,15.488152914550836,0.0173871803715315,0.0059155609140538,0.1278070782992,0.9133409708418524,False,-0.0195206761466614,False,-0.0348608925225716
208244,OLD NATIONAL BANK,11,2021-05-24,2021-05-24,-0.0359637176366154,0.0008200821242839,0.8050171873709943,200,False,0.2222,0.0213,9,2021-03-31,False,31,0.3401662297431106,16.978471562468343,0.0147005400733622,0.0105346009266888,0.1283307893930464,0.8698608010243664,False,-0.0209391121420312,False,-0.003593043683661
4114567,FIRST REPUBLIC BANK,11,2021-05-24,2021-05-24,0.0046802684016759,0.0011822211602183,0.8179056331628876,200,False,0.2222,0.0213,9,2021-03-31,False,31,0.6967084033344145,18.864070597605313,0.0085965952314138,0.0014705282328463,0.0830673906128167,0.8953543923145669,True,-0.0043878506876333,False,0.003577575785238
5210,ACNB BANK,11,2021-05-24,2021-05-24,-0.0059708557739037,-0.0002919234708198,1.1271164642379414,200,False,0.2222,0.0213,9,2021-03-31,False,51,0.2372944112184136,14.786315989922494,0.0107997136439564,0.0051561639175753,0.0951577041517838,0.963257169672231,False,-0.0115874644665386,False,-0.0165860703831197
3938186,"BANKUNITED, NATIONAL ASSOCIATION",11,2021-05-24,2021-05-24,-0.004926248873847,0.0022578333269264,1.4586928996694577,200,False,0.2222,0.0213,9,2021-03-31,False,41,0.6465012453336321,17.37232950859425,0.0126628463662302,0.0374023998541679,0.0972723036625031,0.8861733576255365,False,-0.0201652274367269,False,0.0105771378911857
680813,"FARMERS NATIONAL BANK OF CANFIELD, THE",11,2021-05-24,2021-05-24,-0.0187910945141911,0.00095259734061,0.7656767037393993,200,False,0.2222,0.0213,9,2021-03-31,False,41,0.3464386244033778,15.012932351197325,0.0164079372671797,0.0057031258421174,0.1002981065163089,0.9543817865466614,False,-0.0099194211626943,False,-0.0097386462864818
785923,LCNB NATIONAL BANK,11,2021-05-24,2021-05-24,-0.0090647851417097,0.0003882266752537,0.7462435214523154,200,False,0.2222,0.0213,9,2021-03-31,False,51,0.2680203250235929,14.41158225148154,0.0116321161448504,0.0025211556869812,0.1291643135580379,0.9734597708130872,False,-0.0176609426194181,False,-0.0188215942518553
2787770,BANK OF THE JAMES,11,2021-05-24,2021-05-24,0.1709099621579127,0.0019685313717202,0.2872792511576183,200,False,0.2222,0.0213,9,2021-03-31,False,41,0.2279073463979564,13.695242812972738,0.0087878080441375,0.003176088360656,0.0808789612522175,0.988111189641802,False,-0.0030290183498984,False,-0.0056170292577375
258771,HOMESTREET BANK,11,2021-05-24,2021-05-24,-0.0106206524167765,0.0022778651624377,0.7142959080787924,200,False,0.2222,0.0213,9,2021-03-31,False,41,0.3495306803044866,15.79227367839769,0.0171118206561073,0.007201557205981,0.1060688813945103,0.954223773124726,False,-0.0167110496780003,False,-0.0052553282359346
212577,HOMETRUST BANK,11,2021-05-24,2021-05-24,-0.0109625705547673,0.0015928534411924,0.8590807480197211,200,False,0.2222,0.0213,9,2021-03-31,False,41,0.2084990038356183,15.10977268593766,0.0088347925048988,0.0047618516015025,0.1070245536075265,0.8958974414068195,False,-0.0213705102815928,False,-0.0239529209178922
4210227,NBH BANK,11,2021-05-24,2021-05-24,-0.0135816078556411,0.0011284440733319,0.8085034854313972,200,False,0.2222,0.0213,9,2021-03-31,False,41,0.2425744025658593,15.754075943012728,0.0161006796161913,0.0038381477687994,0.1050098758414253,0.981720140502984,False,-0.0119147957329298,False,-0.0077307592546284
884303,CHEMUNG CANAL TRUST COMPANY,11,2021-05-24,2021-05-24,0.0254502738558232,0.0013638170049427,1.0889257907596284,200,False,0.2222,0.0213,9,2021-03-31,False,41,0.3657238675068658,14.706413735832198,0.0101340401176697,0.0059029510328267,0.0768521291741372,0.9836045610342328,False,-0.0085911947550186,False,-0.0048366081969081
2758613,FIRST INTERNET BANK OF INDIANA,11,2021-05-24,2021-05-24,-0.0582905660885526,0.0024188969946361,1.239258881965685,200,False,0.2222,0.0213,9,2021-03-31,False,51,0.2955055224311021,15.24735985554356,0.0116098808675832,0.0034276336875782,0.0913130363454911,0.8531906403466943,False,-0.020298052885544,False,-0.0152702481698545
122854,INDEPENDENT BANK DBA INDEPENDENT FINANCIAL,11,2021-05-24,2021-05-24,0.0348484894221892,0.0012299685008421,1.2559403763625103,200,False,0.2222,0.0213,9,2021-03-31,False,41,0.5239125953898782,16.712007463231043,0.0146658935647102,0.0045555829608927,0.1570372275537557,0.9702067015254392,False,-0.0184669659146515,False,-0.0158229175258816
2354985,CUSTOMERS BANK,11,2021-05-24,2021-05-24,0.0506182850330574,0.0042897067009201,1.1896284986932557,200,False,0.2222,0.0213,9,2021-03-31,False,41,0.6388280066767119,16.759053504234164,0.0070701216979438,0.0031321153867325,0.0693082325364775,0.715940562754729,False,-0.0190602511457525,False,-0.0094280908314003
3475083,TRISTATE CAPITAL BANK,11,2021-05-24,2021-05-24,0.0384306283802211,0.000796727013715,1.2884319550069026,200,False,0.2222,0.0213,9,2021-03-31,False,41,0.6159197704835216,16.165776724123162,0.0065501177924749,0.0027392603833091,0.0731750175265706,0.9550441704064706,False,-0.0185889579861068,False,0.0124416484874461
697978,COMMUNITY BANK OF THE CHESAPEAKE,11,2021-05-24,2021-05-24,-0.0051886314324945,0.0015536399490138,0.6082635417819914,200,False,0.2222,0.0213,9,2021-03-31,False,41,0.234850404195027,14.580076598253925,0.0130629376619483,0.0093043027078784,0.1030915308776003,0.975179784232968,False,-0.010933342505794,False,-0.016683625523652
3401970,FIRST BANK,11,2021-05-24,2021-05-24,-0.0319916288236038,0.0008971662522152,1.398460069176842,200,False,0.2222,0.0213,9,2021-03-31,False,41,0.4365162979766454,14.693299933885704,0.0160643438411424,0.0052794326142933,0.1022611632307605,0.912441730540999,False,-0.0192515173594626,False,-0.0189595438596672
3284070,ALLY BANK,11,2021-05-24,2021-05-24,0.0229740771168426,0.002885555827354,1.252858746151165,200,False,0.2222,0.0213,9,2021-03-31,False,31,0.1028794262283532,18.960309544741232,0.0207302214682546,0.0118055062797133,0.0989465829529489,0.9183121554825184,False,-0.0294560301544673,False,-0.0387197045696588
3109043,BANKWELL BANK,11,2021-05-24,2021-05-24,-0.0163082577958014,0.0026202141975395,0.4595039152093669,200,False,0.2222,0.0213,9,2021-03-31,False,41,0.4067251835301628,14.622621936136207,0.0120762515258157,0.0203403181474281,0.0861599590260477,0.9177353155270483,False,-0.0153850129592315,False,-0.005712033725532
762447,"FIRST MID BANK & TRUST, NATIONAL ASSOCIATION",11,2021-05-24,2021-05-24,0.0009508480072793,0.0016865352850695,0.9062974104810442,200,False,0.2222,0.0213,9,2021-03-31,False,41,0.3157106139213033,15.379619459521374,0.0095044067959773,0.0077456637783048,0.1095993127428237,0.9193762950372106,False,-0.0168473340840939,False,-0.0128396486254592
1216022,SYNCHRONY BANK,11,2021-05-24,2021-05-24,0.0377385246671886,0.0012068265856998,1.366501898426471,200,False,0.2222,0.0213,9,2021-03-31,False,41,0.1417682926829268,18.263219590549166,0.0396577354824361,0.0157337628717712,0.1297538364293991,0.8779490490409706,False,-0.047934451814912,True,-0.1002527597244508
3303298,"CITIZENS BANK, NATIONAL ASSOCIATION",11,2021-05-24,2021-05-24,0.0047284169763918,0.0013800224898211,1.3167046921261818,200,False,0.2222,0.0213,9,2021-03-31,False,31,0.4470443601231388,19.047594025700505,0.0129999197680918,0.0168160527578591,0.118171957696917,0.9354478662671876,False,-0.0218017994438813,False,-0.0004142515464024
177920,"MIDDLEFIELD BANKING COMPANY, THE",11,2021-05-24,2021-05-24,0.0144873795985958,-0.000717231423509,0.66163629746945,200,False,0.2222,0.0213,9,2021-03-31,False,41,0.3417338265553382,14.143517781530065,0.0135974741373535,0.0081034139634179,0.1080716813655679,0.9899109495111348,False,-0.0186648885024873,False,-0.0198468963121079
371924,COMMUNITY BANK,11,2021-05-24,2021-05-24,-0.0232034340909107,-0.0015031091870434,0.922453099940121,200,False,0.2222,0.0213,9,2021-03-31,False,51,0.3143798400859666,14.204184818810123,0.0070642918352514,0.0103456187355824,0.0866901148727071,0.9560465989782906,False,-0.0121522991519625,False,-0.0120508153561997
3221468,VERITEX COMMUNITY BANK,11,2021-05-24,2021-05-24,-0.0205008018732009,0.0021100733276195,1.151427703614411,200,False,0.2222,0.0213,9,2021-03-31,False,41,0.5778716043750901,16.03820479008881,0.014989323746278,0.0185140701811562,0.1483298998686224,0.8943875207242644,False,-0.0209814377105824,False,-0.0086052226471792
3637685,FIRST FOUNDATION BANK,11,2021-05-24,2021-05-24,0.0002178995790392,0.0006834956181412,0.9859367307301232,200,False,0.2222,0.0213,9,2021-03-31,False,41,0.659276298757163,15.766730016231906,0.0124605244310857,0.003170902084611,0.1013885510050496,0.990735900094975,False,-0.0173971685792301,False,0.0035112101082296
866000,GLENS FALLS NATIONAL BANK AND TRUST COMPANY,11,2021-05-24,2021-05-24,0.017406861307548,0.0001282358613678,0.8127575773691462,200,False,0.2222,0.0213,9,2021-03-31,False,41,0.2943492761298849,14.934967741036962,0.0131562152017291,0.0022096913779627,0.0892232968822381,0.972560884905189,False,-0.0146716748439502,False,-0.0219885339084974
766164,"TBK BANK, SSB",11,2021-05-24,2021-05-24,-0.0176820550819201,0.005634676980546,1.0626863735775445,200,False,0.2222,0.0213,9,2021-03-31,False,41,0.2710202788798845,15.62085598536049,0.0236827186524592,0.013427727777088,0.1370669403453296,0.9203520449293224,False,-0.0363793567989745,False,-0.0521960723942373
403179,FIRST FED BANK,11,2021-05-24,2021-05-24,-0.0161233682503973,-0.00019598655164,1.104137740814361,200,False,0.2222,0.0213,9,2021-03-31,False,51,0.2778870429091087,14.366349081021234,0.0074433319286772,0.0019064738404553,0.1054299083361051,0.9472257360242864,False,-0.0167498272849897,False,-0.0144618606651352
917742,"ASSOCIATED BANK, NATIONAL ASSOCIATION",11,2021-05-24,2021-05-24,-0.0006722487826577,0.0010641387933369,1.0758738894541031,200,False,0.2222,0.0213,9,2021-03-31,False,41,0.5904706806441219,17.357238282358576,0.011239823764457,0.0070113774028469,0.1158647034221809,0.9100614670422358,False,-0.0002128891994825,False,0.0040417383286524
3650808,LIVE OAK BANKING COMPANY,11,2021-05-24,2021-05-24,-0.0225860827762505,0.0062086615869547,1.4311604466063326,200,False,0.2222,0.0213,9,2021-03-31,False,41,0.1223571486233784,15.936199843520244,0.0192551603825027,0.0151151872007248,0.0646794569000736,0.8117762810033835,False,-0.0247462205687162,False,-0.0165406023079826
139656,EQUITY BANK,11,2021-05-24,2021-05-24,0.0227946942476839,0.0017114673976958,0.8876145130346095,200,False,0.2222,0.0213,9,2021-03-31,False,41,0.3149633867264398,15.249981323513044,0.0159974346164301,0.0215886111179457,0.1071223939069281,0.9777823434375238,False,-0.0178871622627896,False,-0.0266035158492072
422433,FIRST GUARANTY BANK,11,2021-05-24,2021-05-24,0.0563947945314838,0.0014424478663018,0.7058151230490844,200,False,0.2222,0.0213,9,2021-03-31,False,41,0.4435528186633141,14.757724364611814,0.0086324934568365,0.0148110893232006,0.0875597069754117,0.9911251867252,False,-0.0279736975134564,False,-0.0130070534494394
3532641,SMARTBANK,11,2021-05-24,2021-05-24,-0.0035512503236275,0.0005567170104503,0.8859853665496458,200,False,0.2222,0.0213,9,2021-03-31,False,41,0.2869172758156642,15.08318015427317,0.0116918372195405,0.0026276574169598,0.1095628396842393,0.9661679841053824,False,-0.0125732367854023,False,-0.0069871880539602
2941068,NICOLET NATIONAL BANK,11,2021-05-24,2021-05-24,0.0056902413960197,0.0011788553441511,0.7801951856869818,200,False,0.2222,0.0213,9,2021-03-31,False,41,0.2748113088607333,15.327687729486009,0.0150288861893617,0.0031310748615027,0.1133265749635685,0.9839509456852488,False,-0.0172684102631888,False,-0.0101589706565715
773247,MIDLAND STATES BANK,11,2021-05-24,2021-05-24,-0.0031143807554913,0.0027114567256014,0.7243000046366055,200,False,0.2222,0.0213,9,2021-03-31,False,41,0.3045981953552951,15.743046792912208,0.011646902310159,0.0100634718625528,0.1130798915163599,0.8871416175682386,False,-0.0237662866376212,False,-0.0227526364041967
40499,HARBORONE BANK,11,2021-05-24,2021-05-24,0.0010997052313816,0.0014908897121189,0.7414944556154632,200,False,0.2222,0.0213,9,2021-03-31,False,41,0.3032751368603496,15.343980901839496,0.0172869139328032,0.0088113392990634,0.1303221908439558,0.9438163357469364,False,-0.0192199627253947,False,-0.0123964720199993
980661,FIRST HAWAIIAN BANK,11,2021-05-24,2021-05-24,0.0008989585112701,0.0013562420836225,0.9658003223542369,200,False,0.2222,0.0213,9,2021-03-31,False,31,0.4527969603627997,16.972361904173482,0.0100707777844501,0.0015341466912913,0.113595613848311,0.967388917232964,False,0.0061477846368594,False,0.0001840616889916
436159,FIRSTBANK,11,2021-05-24,2021-05-24,-0.0175182587922521,0.0018648163364282,0.9295249475598284,200,False,0.2222,0.0213,9,2021-03-31,False,41,0.5115248799771437,16.293773436699976,0.0180102594354164,0.009806873536695,0.1127053063624052,0.9715832691843328,False,-0.0209846227674282,False,-0.014065983209214
795968,BANK OF HAWAII,11,2021-05-24,2021-05-24,-0.0258027679658204,0.0008948064345941,0.9308973330696388,200,False,0.2222,0.0213,9,2021-03-31,False,31,0.4773201402887385,16.902801437506884,0.0110272921968717,0.002135615665831,0.0590325044416318,0.9506158137543052,False,0.0071351648481746,False,0.0058707162537273
321273,AFFINITY BANK,11,2021-05-24,2021-05-24,-0.0106417024249648,0.000792215806668,0.5610984547950638,200,False,0.2222,0.0213,9,2021-03-31,False,51,0.2043009594613723,13.590366256483616,0.0110120102554981,0.0080743556165958,0.1219888251642971,0.9271659973894624,False,-0.0176297373009046,False,-0.0167765926497299
214414,"FARMERS & MERCHANTS STATE BANK, THE",11,2021-05-24,2021-05-24,-0.0096288682365017,-0.0004519953875591,1.1928541180048644,200,False,0.2222,0.0213,9,2021-03-31,False,41,0.1745934369845636,14.493205972489276,0.0091157721341326,0.0060325083939252,0.1028956997644889,0.966030979827905,False,-0.0165106488576748,False,-0.0137132409585269
129732,BYLINE BANK,11,2021-05-24,2021-05-24,0.0080925062112356,0.0015911730569456,0.9899272058196344,200,False,0.2222,0.0213,9,2021-03-31,False,41,0.3281168205040932,15.723952902338452,0.0138303183144488,0.0120266666428741,0.1217707826294334,0.8613326051430298,False,-0.0206185594181874,False,-0.0162382297812275
3835454,ROYAL BUSINESS BANK,11,2021-05-24,2021-05-24,0.0374126700602597,0.0011649200496114,0.8268836367894717,200,False,0.2222,0.0213,9,2021-03-31,False,41,0.4984106207928197,15.113835628896696,0.0152862722745086,0.0065339093626118,0.1422014241271734,0.9361022831933772,False,-0.0328617197550671,False,-0.0379092588116365
3595271,"BANK OF PRINCETON, THE",11,2021-05-24,2021-05-24,-0.0485335317888101,0.0008652189573439,0.9601871558109938,200,False,0.2222,0.0213,9,2021-03-31,False,41,0.3062560412722562,14.33700190019704,0.0115212598350408,0.0014101561479921,0.1261752480502072,0.9502177662771036,False,-0.0235065068072767,False,-0.0405136883519649
736206,CAMBRIDGE TRUST COMPANY,11,2021-05-24,2021-05-24,-0.0199193468138542,0.0008695616143745,0.8436308967440073,200,False,0.2222,0.0213,9,2021-03-31,False,51,0.4709853963270483,15.26310554765066,0.0127095230190219,0.0023127004727796,0.0951060388810014,0.9700044174202266,False,-0.0005387905119894,False,0.0035568111673182
1007819,"FIDELITY DEPOSIT AND DISCOUNT BANK, THE",11,2021-05-24,2021-05-24,-0.0385881880142752,-0.0002975627900084,1.081699947990163,200,False,0.2222,0.0213,9,2021-03-31,False,51,0.4090353091362753,14.46163164247128,0.0135819194235178,0.0034573315536757,0.0857103177202751,0.9878314481602724,False,-0.0128377640774666,False,-0.0219647953902307
963945,MERCHANTS BANK OF INDIANA,11,2021-05-24,2021-05-24,-0.0375679423586573,0.0028813141677973,1.027640601998301,200,False,0.2222,0.0213,9,2021-03-31,False,41,0.7372646913779086,16.061561066026062,0.0261937721169338,0.0004519425248706,0.0975750285333709,0.9289769812484924,False,-0.0215677708144528,False,-0.0271061366199602
2705895,METROPOLITAN COMMERCIAL BANK,11,2021-05-24,2021-05-24,0.0166384693711252,0.0018859838117309,1.066717964184174,200,False,0.2222,0.0213,9,2021-03-31,False,51,0.7876414505965369,15.409090596322343,0.0103272769833232,0.001688043713659,0.0795489273644392,0.9825987577069346,False,-0.0105273360784501,False,0.0033972790141251
3579589,ALLEGIANCE BANK,11,2021-05-24,2021-05-24,-0.0081980909490098,0.0018441100028159,0.6502140122354723,200,False,0.2222,0.0213,9,2021-03-31,False,41,0.5173237507870132,15.675454238468395,0.0118461089380582,0.0075230153703375,0.1267500340553058,0.9610323161256876,False,-0.0042399287363297,False,0.0084652460862542
3271799,MERIDIAN BANK,11,2021-05-24,2021-05-24,-0.0545958474141402,0.0020403292680339,0.4668455226053285,200,False,0.2222,0.0213,9,2021-03-31,False,51,0.5463917823656038,14.36926750205786,0.0246192471793798,0.0056204129199979,0.1047093966640552,0.8887613427272365,False,-0.0275954517703872,False,-0.0191142633229745
979375,"STERLING BANK AND TRUST, FSB",11,2021-05-24,2021-05-24,0.0826277372032346,0.0013671636160573,1.006571692460742,200,False,0.2222,0.0213,9,2021-03-31,False,41,0.1955909951756685,15.119618248096218,0.0059494083161437,0.0410805315471393,0.1001764194984257,0.8796338803912757,False,-0.012992095091303,False,-0.0189081896242658
497570,LUTHER BURBANK SAVINGS,11,2021-05-24,2021-05-24,0.014086982267847,0.0001734648875331,0.8373306296754841,200,False,0.2222,0.0213,9,2021-03-31,False,41,0.3902879352460325,15.772075598663834,0.0111683660582647,0.0010719087676971,0.1068744617478232,0.8601207055463275,False,-0.0206103322269363,False,-0.011896844667198
2757205,"MVB BANK, INC.",11,2021-05-24,2021-05-24,-0.012994824486067,0.0042558556115815,0.776795234925621,200,False,0.2222,0.0213,9,2021-03-31,False,41,0.5596333413448772,14.787154631070171,0.0160118987921439,0.0101440935796764,0.1026066453845819,0.9371905971917108,False,-0.0182877610934261,False,-0.0080488330456518
3378773,BRIDGEWATER BANK,11,2021-05-24,2021-05-24,-0.021299640121177,0.0017402499796558,0.7684105436169385,200,False,0.2222,0.0213,9,2021-03-31,False,41,0.3814793165366407,14.936824861410717,0.0147545444029346,0.0003188603847029,0.1055559266639186,0.9710085371442644,False,-0.0190759016985453,False,-0.0141154525588042
3357219,OPEN BANK,11,2021-05-24,2021-05-24,-0.0289468706018132,0.0016785670035974,0.6133540953459033,200,False,0.2222,0.0213,9,2021-03-31,False,51,0.4630297715817777,14.190694449619238,0.014218774802286,0.0009692286780244,0.0989954365511568,0.9828019478414728,False,-0.0164107384096482,False,-0.0202277083294347
3281510,UNITED BUSINESS BANK,11,2021-05-24,2021-05-24,-0.0150559611583047,0.00022427797464,1.0939104872249057,200,False,0.2222,0.0213,9,2021-03-31,False,51,0.4561873733404077,14.642806128266868,0.0092570366726785,0.0061889164707126,0.1224760343225665,0.983205838345357,False,-0.0261948218685169,False,-0.0213806827921396
667757,ORIGIN BANK,11,2021-05-24,2021-05-24,0.0034151391372299,0.0023950830169961,0.923065873073006,200,False,0.2222,0.0213,9,2021-03-31,False,41,0.4979396635409265,15.834699845990045,0.0136974298134838,0.0161650855504269,0.089349535382416,0.932332791386071,False,-0.0176354809055602,False,-0.0042836610348775
2562164,COASTAL COMMUNITY BANK,11,2021-05-24,2021-05-24,-0.026370037414917,0.0015525936172805,1.1700025585918354,200,False,0.2222,0.0213,9,2021-03-31,False,41,0.4429613510922777,14.522664681673575,0.0123734660742891,0.0003741860321618,0.0759427889899029,0.8944969621429711,False,-0.0224857956758294,False,-0.030389411780631
3158546,FIRST WESTERN TRUST BANK,11,2021-05-24,2021-05-24,-0.0051419880519613,0.0019397244419179,0.749265557897865,200,False,0.2222,0.0213,9,2021-03-31,False,51,0.4570473104313753,14.6063401024736,0.0115979095103674,0.0023414569414624,0.0744976136221927,0.8933095077221732,False,-0.0185709159554571,True,-0.0071984362115709
661308,AMALGAMATED BANK,11,2021-05-24,2021-05-24,0.0144009281649462,0.0014599776026752,0.8102497335477232,200,False,0.2222,0.0213,9,2021-03-31,False,41,0.5765998424843585,15.670395988637043,0.0076288936602072,0.0184085679210731,0.0845081948487912,0.978315920163316,False,-0.0046339871545251,False,0.0160749086018026
83638,"AMERANT BANK, NATIONAL ASSOCIATION",11,2021-05-24,2021-05-24,0.0235611606933125,-0.001208924073494,1.719384136952706,200,False,0.2222,0.0213,9,2021-03-31,False,31,0.3086981307747884,15.862111838049106,0.0086861214395834,0.0154270198396549,0.1093295976449145,0.8316245848621525,False,-0.0183678101811775,False,-0.0028351996177821
18854,BANK7,11,2021-05-24,2021-05-24,0.0387629916901015,0.0025306593521181,0.6393382473298792,200,False,0.2222,0.0213,9,2021-03-31,False,41,0.2631663324065865,13.859672887349015,0.0195340007960564,0.0190118747308189,0.1058965585866936,0.9945873293424964,False,-0.0205095416077293,False,-0.0312840545434896
2808602,"CAPITAL BANK, NATIONAL ASSOCIATION",11,2021-05-24,2021-05-24,0.0053075799031537,0.002089259155927,0.9541457576803192,200,False,0.2222,0.0213,9,2021-03-31,False,41,0.4581400627015089,14.536965272819543,0.0172740281050478,0.005419132739483,0.0701182643927552,0.9741736320152878,False,-0.0246130620058959,False,-0.0362754382775354
3614976,FVCBANK,11,2021-05-24,2021-05-24,-0.038234689915999,0.001264212043145,0.9414785809618144,200,False,0.2222,0.0213,9,2021-03-31,False,51,0.4819318691757357,14.446940301052212,0.0134383025660307,0.003479133492569,0.121135650378637,0.9695708267222422,False,-0.0173853761208054,False,-0.0120945788755664
594947,"BANK FIRST, NATIONAL ASSOCIATION",11,2021-05-24,2021-05-24,-0.0088880550920236,-7.438936266559085e-05,0.5607695496403375,200,False,0.2222,0.0213,9,2021-03-31,False,41,0.3086445070459358,14.861493572501884,0.0166748940251809,0.0061872188825684,0.1131935794982424,0.9698544863281808,False,-0.0178475088290392,False,-0.0200720636949577
3476192,CARTER BANK & TRUST,11,2021-05-24,2021-05-24,0.0407309303853201,0.0021625336266253,0.9873166927001296,200,False,0.2222,0.0213,9,2021-03-31,False,41,0.1140762787432133,15.236720706249102,0.0095574016266993,0.010602398445937,0.0935706991330547,0.9832949265797108,False,-0.0140827677356284,False,-0.0235622245033708
3248849,MAINSTREET BANK,11,2021-05-24,2021-05-24,-0.0011029453666523,0.0014920635605984,0.6759968661842262,200,False,0.2222,0.0213,9,2021-03-31,False,41,0.4333967415600756,14.371363274419156,0.0129354426655087,0.0001127718716473,0.1043404742498538,0.9884221561468752,False,-0.0276418258549044,False,-0.0391955855938327
289515,FARMERS AND MERCHANTS TRUST COMPANY OF CHAMBERSBURG,11,2021-05-24,2021-05-24,-0.0109710664061324,5.7498116569242185e-05,0.709979308907595,200,False,0.2222,0.0213,9,2021-03-31,False,51,0.2038307318765175,14.283884109354704,0.0132615998307242,0.0087865143511741,0.0871093794017005,0.9885163408642986,False,-0.0057933264054638,False,-0.0077979796831682
2743244,RED RIVER BANK,11,2021-05-24,2021-05-24,-0.0109436379699055,0.0006939694799299,0.5525073918305387,200,False,0.2222,0.0213,9,2021-03-31,False,41,0.3620925849344387,14.852112327403628,0.011597311551667,0.0017346123348153,0.0930976844743917,0.9919886403409462,False,0.0093723696773624,False,-0.0019570509126027
575254,CITY BANK,11,2021-05-24,2021-05-24,-0.0541952321670369,0.0013435524894845,1.0251255008901596,200,False,0.2222,0.0213,9,2021-03-31,False,41,0.4081693711543929,15.132090626721451,0.0176152033926609,0.0060439887539165,0.111482986435843,0.97506861779121,False,-0.0137513269515693,False,-0.0263853853089051
419675,FIRST BANK RICHMOND,11,2021-05-24,2021-05-24,0.0125299292961802,0.0003497965360111,0.6139372083480295,200,False,0.2222,0.0213,9,2021-03-31,False,51,0.2754002719043587,13.947625948530913,0.0109985629665977,0.0105809725769792,0.137142056009253,0.7999945162522036,False,-0.0161523227049218,False,-0.0201327602174933
3594005,CROSSFIRST BANK,11,2021-05-24,2021-05-24,-0.0048213409162188,0.0007465544905595,0.9614307976113662,200,False,0.2222,0.0213,9,2021-03-31,False,41,0.5503454117658146,15.606185272391851,0.008016024039396,0.0147502583396749,0.0977234485054212,0.9417723321356783,False,-0.0162377752323538,False,-0.0086419462971801
933256,"ALERUS FINANCIAL, NATIONAL ASSOCIATION",11,2021-05-24,2021-05-24,0.0100310948057246,0.000860870023219,1.1109175195564196,200,False,0.2222,0.0213,9,2021-03-31,False,41,0.5907462498577661,14.962983167070966,0.0205890316901576,0.0023591152821662,0.1000244109857689,0.985740296184785,False,-0.0046525286417989,False,0.0052765551333734
426534,HEARTLAND BANK AND TRUST COMPANY,11,2021-05-24,2021-05-24,-0.0268312645838569,0.0005940259715581,0.7337760018812328,200,False,0.2222,0.0213,9,2021-03-31,False,41,0.1793616270936954,15.166967843735746,0.016780518817898,0.0040046645912767,0.1030030408607082,0.978709981833372,False,-0.0026586241954371,False,-0.0109718862904319
3437456,METRO CITY BANK,11,2021-05-24,2021-05-24,0.0230127028060521,-0.0009353866212959,1.0111842659262935,200,False,0.2222,0.0213,9,2021-03-31,False,41,0.2959880809345154,14.5851408877104,0.0241522801634855,0.0048461037507486,0.1110683437642429,0.934129508773301,False,-0.0279866350216795,False,-0.0321839397211946
324340,CHOICEONE BANK,11,2021-05-24,2021-05-24,-0.0052717213518771,-0.0020971804947543,0.9028072462410536,200,False,0.2222,0.0213,9,2021-03-31,False,41,0.2894351100826833,14.541711881250336,0.0114202068195198,0.0048759295506398,0.105476794118458,0.9972165890642828,False,0.0122302670331337,False,0.0213263637386056
128904,EASTERN BANK,11,2021-05-24,2021-05-24,-0.0342801302998423,0.0032809861246182,0.476551630653705,120,False,0.2222,0.0213,9,2021-03-31,False,41,0.4261735465633561,16.631825692815678,0.011569867420825,0.004446152834607,0.158063490209836,0.9755470191692088,False,0.0251047172131528,False,0.0080592725149384
395238,SYNOVUS BANK,11,2021-05-24,2021-05-24,0.0115232349849271,0.0024635283345856,1.297414701736762,200,False,0.2222,0.0213,9,2021-03-31,False,41,0.4953694135670296,17.824650455563145,0.0140434046729932,0.0045871518140109,0.0943437393822687,0.9588821063714538,False,-0.0182898230034854,False,-0.0151256607115287
933966,CITIZENS BUSINESS BANK,11,2021-05-24,2021-05-24,-0.0135938141833974,0.0001409324985175,0.7942065824078763,200,False,0.2222,0.0213,9,2021-03-31,False,41,0.6350057380517626,16.512545783013017,0.0175525466237413,0.0016603045173812,0.1342623817361412,0.9457459968258636,False,-0.0114576352659936,False,0.0035792853852453
60143,COMERICA BANK,11,2021-05-24,2021-05-24,-0.0001716059106693,0.0016914495433513,1.22127760194567,200,False,0.2222,0.0213,9,2021-03-31,False,31,0.6386065704277678,18.272841770002785,0.0162769398425635,0.0073918886868527,0.0962240745678611,0.9667893838911196,False,-0.007938919964386,False,0.0021572639562136
601050,COMMERCE BANK,11,2021-05-24,2021-05-24,-0.0126621869479131,0.0006741527609078,0.6959103830268863,200,False,0.2222,0.0213,9,2021-03-31,False,41,0.4095333348219089,17.316701951326017,0.0150182194629341,0.0027399633125619,0.0890197050339031,0.9148937973603224,False,-0.0054987344605712,False,-0.0029589553183859
682563,FROST BANK,11,2021-05-24,2021-05-24,-0.0059596380729476,0.0009526756509877,0.8167340454676036,200,False,0.2222,0.0213,9,2021-03-31,False,41,0.5266552426320834,17.601789235583208,0.010670322294645,0.0037960603722901,0.0928950308325675,0.9347875423307056,False,0.0467918441200626,False,0.0340513330383314
723112,"FIFTH THIRD BANK, NATIONAL ASSOCIATION",11,2021-05-24,2021-05-24,-0.0118891915777957,0.0016050789488462,1.2462702975852231,200,False,0.2222,0.0213,9,2021-03-31,False,31,0.6018554518691002,19.14090615267232,0.0137596623790781,0.011141960162736,0.1185410397950242,0.9265319732655188,False,-0.0161464794397291,False,0.0010314327573429
233031,REGIONS BANK,11,2021-05-24,2021-05-24,0.0176739919401445,0.0013517351957565,1.290776907947954,200,False,0.2222,0.0213,9,2021-03-31,False,31,0.3932021610237392,18.842799736414964,0.0176502599676105,0.0110162809035669,0.1183721372419174,0.9745956196779832,False,-0.0210332882656712,False,-0.0112862146352079
342634,TRUSTMARK NATIONAL BANK,11,2021-05-24,2021-05-24,-0.000305413637507,0.0006461375860236,0.9369347517226924,200,False,0.2222,0.0213,9,2021-03-31,False,41,0.42361431774164,16.641420176990852,0.0126565739659945,0.0158599866310691,0.1060548915700602,0.9636457844761096,False,-0.0174494348928205,False,0.0001680113718093
501105,MANUFACTURERS AND TRADERS TRUST COMPANY,11,2021-05-24,2021-05-24,-0.005956556728921,0.0006985098062402,1.0237046003670889,200,False,0.2222,0.0213,9,2021-03-31,False,31,0.519296599790217,18.82678333549145,0.0119481141802287,0.0306248523054641,0.1075537810545386,0.9692569439906136,False,-0.0179179133996263,False,0.0054370534718825
165628,FIRST FINANCIAL BANK,11,2021-05-24,2021-05-24,-0.0193320983297785,0.0020421805311369,1.0551200226002837,200,False,0.2222,0.0213,9,2021-03-31,False,41,0.3729260645465518,16.594257777669547,0.0131201999647179,0.0085607157463781,0.1448495668010863,0.9304062483542864,False,-0.0162486443400032,False,-0.0080278584183262
991340,1ST SOURCE BANK,11,2021-05-24,2021-05-24,0.0206528981817719,0.0004922964955068,0.9029313365961532,200,False,0.2222,0.0213,9,2021-03-31,False,41,0.3444880528597923,15.83206048827252,0.0154279040333785,0.0110190158548603,0.1151817497612601,0.9286998734288602,False,-0.0110883852153092,False,-0.0164207658248645
485559,FIRST HORIZON BANK,11,2021-05-24,2021-05-24,0.0094205429988746,0.0010859444977867,1.3474863552527354,200,False,0.2222,0.0213,9,2021-03-31,False,41,0.4562311149845091,18.282733329325556,0.0118237100733575,0.0070113257650952,0.0970030115554882,0.9412985221564912,False,-0.0232749450417866,False,-0.0185634787728411
451965,"WELLS FARGO BANK, NATIONAL ASSOCIATION",11,2021-05-24,2021-05-24,0.0109462346145095,0.0006920545537206,1.050351538381087,200,False,0.2222,0.0213,9,2021-03-31,False,31,0.5077984483548043,21.29602741059753,0.010090477041796,0.0175292776356866,0.0964911736524176,0.931134334395318,False,0.0009953449257133,False,0.011787045213705
12311,"HUNTINGTON NATIONAL BANK, THE",11,2021-05-24,2021-05-24,0.0095255758721822,0.0011652835905475,1.118006260271402,200,False,0.2222,0.0213,9,2021-03-31,False,31,0.3812930561570773,18.647172459902517,0.0173761243711111,0.008203111258978,0.0966700223989589,0.9436124049749212,False,-0.0196137334610456,False,-0.0086016140460914
852218,"JPMORGAN CHASE BANK, NATIONAL ASSOCIATION",11,2021-05-24,2021-05-24,0.0089456685304283,0.0013309122117082,0.8504708234630217,200,False,0.2222,0.0213,9,2021-03-31,False,31,0.4726760633971851,21.888764201587737,0.0137364650145704,0.0115069432071648,0.0864745702366407,0.8103142590062656,False,0.0216376799561287,False,0.0164136327788163
541101,"BANK OF NEW YORK MELLON, THE",11,2021-05-24,2021-05-24,0.0184038080884872,0.0001578178662781,0.8321460520037677,200,False,0.2222,0.0213,9,2021-03-31,False,31,0.5803872963253467,19.765994243766674,0.0058238418082039,0.0028224279764568,0.0760407252193707,0.9523910200031572,False,0.0571386032941642,True,0.0434632170387002
210434,"NORTHERN TRUST COMPANY, THE",11,2021-05-24,2021-05-24,0.0102420534396158,0.0002555545756877,0.9729555391788136,200,False,0.2222,0.0213,9,2021-03-31,False,31,0.2825080996504968,18.912575962925512,0.0093951572775741,0.0043021418874661,0.0645799967011385,0.9136844496133668,False,0.055495193514558,True,0.0346222704766125
1394676,AMERICAN EXPRESS NATIONAL BANK,11,2021-05-24,2021-05-24,0.0298175088941439,0.0005968738922254,1.0919264442181984,200,False,0.2222,0.0213,9,2021-03-31,False,31,0.1801434725308661,18.73746118499248,0.0555947374270066,0.0041156852037251,0.0923391737524223,0.842473106361357,False,-0.0481072437163041,True,-0.0773555259626459
480228,"BANK OF AMERICA, NATIONAL ASSOCIATION",11,2021-05-24,2021-05-24,0.0011123290600524,0.0012141967312364,0.9430642974284384,200,False,0.2222,0.0213,9,2021-03-31,False,31,0.4594704743030972,21.563441106082237,0.0112294126355926,0.0079394017546277,0.0951413884743995,0.9349080135340576,False,0.0192779335923647,False,0.0203466162755536
817824,"PNC BANK, NATIONAL ASSOCIATION",11,2021-05-24,2021-05-24,-0.0004082083809156,0.0015220404490307,0.8908901797775713,200,False,0.2222,0.0213,9,2021-03-31,False,31,0.460491885163946,19.966751666338286,0.0139656324398588,0.0136357169863204,0.096773080358664,0.9187672916884652,False,0.0086365182701514,False,0.0091081113083805
280110,KEYBANK NATIONAL ASSOCIATION,11,2021-05-24,2021-05-24,-0.0041198145338294,0.0008274462572226,1.228950324171595,200,False,0.2222,0.0213,9,2021-03-31,False,31,0.4952590736664999,18.97461208024843,0.0144770779359894,0.0084795429114333,0.0992301200697947,0.9251090798315184,False,-0.0019787040505335,False,0.0016467550483433
504713,U.S. BANK NATIONAL ASSOCIATION,11,2021-05-24,2021-05-24,0.000853505533984,0.0009217277758048,0.9453197201180492,200,False,0.2222,0.0213,9,2021-03-31,False,31,0.4745742190006711,20.1118208165606,0.0169968615613366,0.0108040944981157,0.0931168828270148,0.9050877971235792,False,0.0027980295778043,False,0.0131967365792054
34537,SEACOAST NATIONAL BANK,11,2021-05-24,2021-05-24,-0.0297581941938227,0.0015400637307884,1.105807687715986,200,False,0.2222,0.0213,9,2021-03-31,False,41,0.3577327791832505,15.99169080407564,0.0154928522634688,0.0062996119121713,0.1299880398248867,0.9633830732602005,False,-0.0111252915042104,False,-0.0010058837248918
476810,"CITIBANK, N.A.",11,2021-05-24,2021-05-24,0.0270512348318791,0.0004534035687759,0.9660187324756456,200,False,0.2222,0.0213,9,2021-03-31,False,31,0.3544586665277984,21.23431363602964,0.0165299270502094,0.009916759982146,0.0981651876952941,0.8689409093510396,False,-0.0050324835890505,False,0.0116646538052422
852320,TRUIST BANK,11,2021-05-24,2021-05-24,-0.0023762734770323,0.0006374469271973,1.1492915746809365,200,False,0.2222,0.0213,9,2021-03-31,False,31,0.4526741971433936,20.042977624337635,0.0104566697797109,0.0111139582158902,0.1257742299164216,0.9261399823836304,False,-0.0183357470944674,False,0.0032705543300937
35301,STATE STREET BANK AND TRUST COMPANY,11,2021-05-24,2021-05-24,0.0246839382907412,-9.319032307689414e-05,1.2330655221734137,200,False,0.2222,0.0213,9,2021-03-31,False,31,0.6179755431528015,19.56261110933401,0.006894768594329,0.0,0.0834745803288421,0.8723644342283983,False,0.0566793351014206,True,0.0520928789157411
17147,FIRST MERCHANTS BANK,11,2021-05-24,2021-05-24,-0.0240188136067199,0.0017387167254921,0.999926849518275,200,False,0.2222,0.0213,9,2021-03-31,False,41,0.4509166677957538,16.497047433316727,0.014135179358914,0.0063303834593095,0.1257230005957203,0.942004885434402,False,-0.0092493134954156,False,-0.0016787549661584
572374,GREAT SOUTHERN BANK,11,2021-05-24,2021-05-24,-0.0069326837433142,0.0009459455673768,0.804222269126932,200,False,0.2222,0.0213,9,2021-03-31,False,41,0.5799756308954751,15.539515852489362,0.0151141237262885,0.0021774977753983,0.120912633109569,0.9632531389114654,False,-0.0163287107142866,False,-0.016151722612214
489623,"PARK NATIONAL BANK, THE",11,2021-05-24,2021-05-24,-0.016497806361033,0.0024958204654078,0.7570546500837801,200,False,0.2222,0.0213,9,2021-03-31,False,41,0.244492150296295,16.10577040622837,0.0182726324383164,0.0160848074773026,0.097376928422403,0.9517854140516528,False,-0.0168652279662799,False,-0.0209391885593584
595869,CATHAY BANK,11,2021-05-24,2021-05-24,0.0047644702261295,0.0011359936229111,1.073642986475341,200,False,0.2222,0.0213,9,2021-03-31,False,31,0.4106220981433051,16.771194600066142,0.0158235848896546,0.0061594861946402,0.1299447792026817,0.9820906710620912,False,-0.0175115904929237,False,-0.0235458270594542
1718188,NORTHRIM BANK,11,2021-05-24,2021-05-24,-0.0262783646560535,0.0023403769609804,0.866078648747299,200,False,0.2222,0.0213,9,2021-03-31,False,51,0.3471445556502843,14.66367233078593,0.0220969019633031,0.0086250029072038,0.0869021774038152,0.9730482465087508,False,0.0148891585658208,False,0.0113720258742129
463735,HANCOCK WHITNEY BANK,11,2021-05-24,2021-05-24,-0.0108084136390271,0.0015179624435299,1.5588789529733404,200,False,0.2222,0.0213,9,2021-03-31,False,41,0.4628808399111372,17.372285429647167,0.0126570136685408,0.0052927594424839,0.0991752233539459,0.9321165893902508,False,-0.0157795073807248,False,-0.0155692598983987
339858,"BOKF, NATIONAL ASSOCIATION",11,2021-05-24,2021-05-24,0.005215860576847,0.0008924652261985,1.0120886724874414,200,False,0.2222,0.0213,9,2021-03-31,False,41,0.6133604010693584,17.67072849652984,0.0126537209970822,0.0129136807037729,0.1077929379024,0.9026800432693598,False,-0.0063143454787441,False,0.0013103411290852
693345,"FIRST FINANCIAL BANK, NATIONAL ASSOCIATION",11,2021-05-24,2021-05-24,0.0009756187037249,0.0004712916073028,0.6142317070967179,200,False,0.2222,0.0213,9,2021-03-31,False,51,0.3013391210540111,15.331503130698367,0.0100010123104415,0.0062863258274457,0.1224755096631729,0.9566119554285792,False,-0.0124169311769676,False,-0.0191186015823432
702117,"NBT BANK, NATIONAL ASSOCIATION",11,2021-05-24,2021-05-24,-0.0234878609432263,0.0004689903546275,0.8273722623895728,200,False,0.2222,0.0213,9,2021-03-31,False,41,0.3228574803345197,16.252858684801314,0.0134835828325172,0.0059666624491109,0.1145845859562675,0.9735074871410996,False,-0.0179239399073129,False,-0.0207440969472271
677176,TRUSTCO BANK,11,2021-05-24,2021-05-24,-0.0315549156790837,0.0002426028867005,0.787970792133491,200,False,0.2222,0.0213,9,2021-03-31,False,41,0.100367160860455,15.615075154450288,0.0099189451190289,0.0050616372448802,0.0916506890839015,0.941766686978101,False,-0.0164898487972195,False,-0.0190407467546969
749242,RENASANT BANK,11,2021-05-24,2021-05-24,-0.012629159170349,0.002104621622073,0.7336377228201676,200,False,0.2222,0.0213,9,2021-03-31,False,41,0.4330001781069008,16.56411545386535,0.0156957148995469,0.0050136679531849,0.1499699375653934,0.9691603586940069,False,-0.0155650417444293,False,-0.0026753710834391
936426,S & T BANK,11,2021-05-24,2021-05-24,-0.0123663635128283,0.0010836257875484,0.9554451130554886,200,False,0.2222,0.0213,9,2021-03-31,False,41,0.3012337125989725,16.047672006403566,0.0141751240264339,0.0187898435261331,0.1267571238549745,0.9687162949367054,False,-0.0221855271434924,False,-0.0236860984177549
42420,FIRST COMMONWEALTH BANK,11,2021-05-24,2021-05-24,-0.0139186295924383,0.0019784821097469,1.0118681512405567,200,False,0.2222,0.0213,9,2021-03-31,False,41,0.2355975927603806,16.05550264940295,0.0175721797029507,0.0066242080820873,0.1180487236748659,0.9521561982309876,False,-0.01801497024699,False,-0.0268659372053303
143662,UMPQUA BANK,11,2021-05-24,2021-05-24,-0.0223997999174887,0.0012156310038606,1.0788586731378886,200,False,0.2222,0.0213,9,2021-03-31,False,41,0.3726341778855302,17.21800759470877,0.0147221871289721,0.0024327183243452,0.0969321064622125,0.9596429718139716,False,-0.0177515037841208,False,-0.0202754042232133
61122,FIRST UNITED BANK & TRUST,11,2021-05-24,2021-05-24,-0.0432223794427856,-5.2480386481061664e-05,0.6792330505806645,200,False,0.2222,0.0213,9,2021-03-31,False,41,0.320065049092629,14.383291208221742,0.0132128203805713,0.0065758626863931,0.0835838981787596,0.9100908171065684,False,-0.0132566422493648,False,-0.0184389132514813
936855,"UMB BANK, NATIONAL ASSOCIATION",11,2021-05-24,2021-05-24,-0.0266352572628572,0.0017823057471136,0.9811644197095588,200,False,0.2222,0.0213,9,2021-03-31,False,31,0.7644441784010527,17.353836969652498,0.009436523003501,0.0047541054810603,0.0817916757582052,0.901514108720932,False,-0.0050632364366289,False,0.0016994790342028
577128,PEOPLES BANK,11,2021-05-24,2021-05-24,-0.0150584038656105,0.0014957313747349,0.9217289230771656,200,False,0.2222,0.0213,9,2021-03-31,False,41,0.3859117470539658,15.451303894872437,0.0130319707943599,0.0075583184587923,0.1089474706386191,0.9456154940575972,False,-0.0194090168351926,False,-0.0186474197793858
317342,STOCK YARDS BANK & TRUST COMPANY,11,2021-05-24,2021-05-24,0.0338432363991682,0.0006733413975295,0.7315447251473807,200,False,0.2222,0.0213,9,2021-03-31,False,41,0.3046913628422857,15.382123846954745,0.0188109670242361,0.0039236122932896,0.0897614540089266,0.9638331677523458,False,-0.0165353018399241,False,-0.0142483483717924
584724,UNIFIED BANK,11,2021-05-24,2021-05-24,-0.0101818656214168,0.0015032811394864,-0.0505775805366212,200,False,0.2222,0.0213,9,2021-03-31,False,51,0.1587480087744496,13.508864466486084,0.0145180599284424,0.0066261512993433,0.116788579053717,0.9426476810289784,False,-0.0113754410039844,False,-0.0157388867743249
1386251,BANCFIRST,11,2021-05-24,2021-05-24,-0.0447446431811923,0.0018822928232531,1.0609405189898016,200,False,0.2222,0.0213,9,2021-03-31,False,41,0.2820856459848744,16.065275507318947,0.0162998157399299,0.0069586507949292,0.0990169633544061,0.9942666282873952,False,0.0132440846463141,False,-0.0010210759786549
100562,TRI COUNTIES BANK,11,2021-05-24,2021-05-24,0.0169120326939284,0.0017166982375377,0.8828762243683161,200,False,0.2222,0.0213,9,2021-03-31,False,41,0.294495822796108,15.897612682153468,0.0170490791220838,0.0058222013722869,0.1228706572103594,0.9761761716518644,False,-0.0104064797452014,False,-0.0081463231299411
37640,GERMAN AMERICAN BANK,11,2021-05-24,2021-05-24,0.0369236128710484,0.0015295926204956,0.6349525155289522,200,False,0.2222,0.0213,9,2021-03-31,False,41,0.3822124793607803,15.466150680627477,0.0156197879820678,0.0066951643271541,0.1128968426854888,0.9617778639341632,False,-0.0014414126931096,False,-0.0067365011630953
981275,PREMIER BANK,11,2021-05-24,2021-05-24,-0.0227916861593651,0.0013929268638386,1.2862386404385269,200,False,0.2222,0.0213,9,2021-03-31,False,41,0.2344992054590007,15.82690850958979,0.0208050621922732,0.0086874432451683,0.1320069501849002,0.9893637749588804,False,-0.0186401943296893,False,-0.0209313244201479
435077,"PATHWARD, NATIONAL ASSOCIATION",11,2021-05-24,2021-05-24,0.0214223556265111,0.0036696233327718,1.0493120012208634,200,False,0.2222,0.0213,9,2021-03-31,False,41,0.0179090368895575,16.09717707522324,0.0247605761143152,0.0116655204090233,0.0941978172747497,0.9747000281980204,False,-0.0374390185993839,False,-0.0425033270272743
2142155,QUAD CITY BANK AND TRUST COMPANY,11,2021-05-24,2021-05-24,0.0189035376083318,0.0011829474375567,0.9219444644280932,200,False,0.2222,0.0213,9,2021-03-31,False,41,0.765606257001685,14.560728705446085,0.0136010187474399,0.0030099506929263,0.0954529899601357,0.9662764699801816,False,-0.016200078707045,False,-0.0066736054253526
921178,RIVERVIEW BANK,11,2021-05-24,2021-05-24,-0.0091636636789454,0.0007932979730193,0.6625077721742196,200,False,0.2222,0.0213,9,2021-03-31,False,41,0.2533522871308726,14.25254086838599,0.0092112734101025,0.0006053634566147,0.1085612520613938,0.983403689437888,False,0.0069605353144279,False,0.0026833739988246
693224,ATLANTIC UNION BANK,11,2021-05-24,2021-05-24,-0.0218354243615716,0.0015498450031868,1.0870720483384022,200,False,0.2222,0.0213,9,2021-03-31,False,41,0.3809613242340046,16.801232545367814,0.0119997214252984,0.0036059419488174,0.1450719675722078,0.9684592379379018,False,-0.0190622552134037,False,-0.0138660327559413
470050,"FIRST FINANCIAL BANK, NATIONAL ASSOCIATION",11,2021-05-24,2021-05-24,0.0102808763951374,0.0010743182716491,0.9490576041404558,200,False,0.2222,0.0213,9,2021-03-31,False,41,0.4282632305012648,16.305878186096464,0.0182653139960007,0.0073012696625647,0.12636934532909,0.9050630515678104,False,-0.0127317215769752,False,-0.0205081710026149
936136,OLD SECOND NATIONAL BANK,11,2021-05-24,2021-05-24,-0.0107423375489528,0.0019518052744443,0.8262035392561821,200,False,0.2222,0.0213,9,2021-03-31,False,41,0.2313487700618864,14.969171480896186,0.0164945409391704,0.0106187295644602,0.1141891414409093,0.9601420602872974,False,-0.0102529154140186,False,-0.0137274033387048
694904,"FLAGSTAR BANK, NATIONAL ASSOCIATION",11,2021-05-24,2021-05-24,0.0150067734239807,0.0003117756007307,0.707439665141264,200,False,0.2222,0.0213,9,2021-03-31,False,41,0.3554462533028021,17.869607717501054,0.0107325119697695,0.0007668275106129,0.1266049065618639,0.6822423510332627,False,0.0019322331588067,False,0.0039885188949872
229801,VALLEY NATIONAL BANK,11,2021-05-24,2021-05-24,-0.0096100468342049,0.0018530376979778,1.043142654288846,200,False,0.2222,0.0213,9,2021-03-31,False,41,0.490020101286844,17.532924139033863,0.0114994470672087,0.0063615930794382,0.1233013762517218,0.9059389269204702,False,-0.0224982521293608,False,-0.0103947298661955
481177,LANDMARK NATIONAL BANK,11,2021-05-24,2021-05-24,-0.0488017405824625,-0.0007332074109749,0.9756985448144456,200,False,0.2222,0.0213,9,2021-03-31,False,41,0.2790668292986542,14.03510140589471,0.0172162557293184,0.0148635428262996,0.1173040069301771,0.97908240158551,False,-0.0053705372663357,False,-0.006494138539343
272272,SOUTHERN BANK,11,2021-05-24,2021-05-24,-0.02093292418373,0.0016841737598872,0.8663814651421828,200,False,0.2222,0.0213,9,2021-03-31,False,51,0.1621240034398046,14.815657026361231,0.0172127650183177,0.0031136641795446,0.1004432298026983,0.9690444948840922,False,-0.0153940507113896,False,-0.0360019485125489
764030,AMERIS BANK,11,2021-05-24,2021-05-24,-0.0467134909333438,0.0026477168384532,1.1605563496335567,200,False,0.2222,0.0213,9,2021-03-31,False,41,0.4023055014904123,16.875999094573345,0.0245946441319489,0.0047355157410924,0.1386340290240233,0.9810906631293068,False,-0.023457124015108,False,-0.018971813129853
2236821,"PATRIOT BANK, NATIONAL ASSOCIATION",11,2021-05-24,2021-05-24,-0.0318182972504991,0.0020249196618721,0.7665244114633109,200,False,0.2222,0.0213,9,2021-03-31,False,51,0.3064842354030311,13.69488072402011,0.0054830870456991,0.0361719192647589,0.1043670644725292,0.8762821925918461,False,-0.0249252383667196,False,-0.0065660369198314
268677,CARVER FEDERAL SAVINGS BANK,11,2021-05-24,2021-05-24,0.0739364488434363,-9.420282765793236e-06,1.250333888641148,200,False,0.2222,0.0213,9,2021-03-31,False,41,0.2020560883715932,13.43516772622534,-0.0028904651220621,0.0147224267290941,0.0928415641863179,0.9304370821629326,False,-0.0172337850810435,False,-0.0004582383491034
112837,"CAPITAL ONE, NATIONAL ASSOCIATION",11,2021-05-24,2021-05-24,0.0210964905407639,0.0017728170715807,1.1863475539855888,200,False,0.2222,0.0213,9,2021-03-31,False,31,0.3046195242545087,19.7287661816548,0.0146971056192061,0.0073131903976736,0.1144901625396638,0.9362841099348728,False,-0.0323533217727303,True,-0.038154888354481
1002878,NORTHWEST BANK,11,2021-05-24,2021-05-24,-0.0078583889592861,0.0010838507339893,0.797497800957959,200,False,0.2222,0.0213,9,2021-03-31,False,41,0.2092516043390933,16.482924441751596,0.0116953282425194,0.0216151867827314,0.1083153725481809,0.9683335431811038,False,-0.0184023696378016,False,-0.0132439230463765
697763,WESTAMERICA BANK,11,2021-05-24,2021-05-24,-0.0145084550917161,8.841129018933815e-05,0.6309613457567957,200,False,0.2222,0.0213,9,2021-03-31,False,41,0.3466448328622157,15.742271234942518,0.0115318711521051,0.0031713862583052,0.0998708503823012,0.958680187459364,False,0.0100093683837332,False,0.033136373748524
749635,AUBURNBANK,11,2021-05-24,2021-05-24,0.0255665151289779,-0.0029679606986979,0.621092253945273,200,False,0.2222,0.0213,9,2021-03-31,False,51,0.3768551696074331,13.80843659639186,0.0075331008277347,0.0016905750978072,0.1002134042868177,0.9902019600556946,False,0.0033150997456149,False,-0.0033009133191314
959304,FLUSHING BANK,11,2021-05-24,2021-05-24,-0.0006627931613572,0.0027762247921505,0.7668502076527742,200,False,0.2222,0.0213,9,2021-03-31,False,41,0.390266070758839,15.914767349409646,0.010438103538644,0.0035125114968668,0.0923692997502605,0.8672466636782441,False,-0.021327681267691,False,-0.0145366293770362
352772,BANNER BANK,11,2021-05-24,2021-05-24,-0.0078914965252807,0.0007942530228248,1.1648264870840424,200,False,0.2222,0.0213,9,2021-03-31,False,41,0.3182080154401064,16.595310839290875,0.0121783576144705,0.003629093044106,0.1069496262115903,0.9492683652831116,False,-0.0086181809217554,False,-0.0087680812898825
498317,"OHIO VALLEY BANK COMPANY, THE",11,2021-05-24,2021-05-24,0.0073629450401147,-0.0008341306922986,1.021940785678096,200,False,0.2222,0.0213,9,2021-03-31,False,41,0.3057696669063255,14.0060375247822,0.0095050198902872,0.0073453765328262,0.109614368945199,0.9618747830155226,False,-0.0162120185493118,False,-0.019627042356901
506922,SANDY SPRING BANK,11,2021-05-24,2021-05-24,-0.0023055243382433,0.0015684216048912,1.0921816863606024,200,False,0.2222,0.0213,9,2021-03-31,False,41,0.4270542917552687,16.36970583549903,0.0240781665672183,0.0091558932588515,0.1266669652450138,0.956077379325953,False,-0.022098088772084,False,-0.0208093804480615
3317932,CONNECTONE BANK,11,2021-05-24,2021-05-24,-0.0141083226744511,0.0017451291669153,0.9659870232217314,200,False,0.2222,0.0213,9,2021-03-31,False,41,0.5510973333393498,15.823655863161868,0.0186584635078276,0.0123059962053382,0.1376502653605187,0.931427675689408,False,-0.014934968098158,False,-0.0061087658151687
276579,"ZIONS BANCORPORATION, NATIONAL ASSOCIATION",11,2021-05-24,2021-05-24,-0.0068834294004471,0.0010480913791113,1.1752242734420013,200,False,0.2222,0.0213,9,2021-03-31,False,41,0.5343011281723313,18.25958275737803,0.0151163405691854,0.0062085013051304,0.0931973013526436,0.9567992135962468,False,-0.0139818542631828,False,0.0038995069733252
1412712,"COMMUNITY WEST BANK, NATIONAL ASSOCIATION",11,2021-05-24,2021-05-24,-0.0137327312850911,0.0026592648145919,0.18142946650546,200,False,0.2222,0.0213,9,2021-03-31,False,51,0.3971077594455089,13.833209012256027,0.0120842240945674,0.0021940692550977,0.0898378552565392,0.8686980119039652,False,-0.0263008405057456,False,-0.0234271038061045
1929247,"SOUTHSTATE BANK, N.A.",11,2021-05-24,2021-05-24,-0.0167209822391782,0.0013156137441176,1.0862926106464246,200,False,0.2222,0.0213,9,2021-03-31,False,41,0.346643226834887,17.494560939622946,0.01541759837337,0.0040652214504812,0.1236809894820497,0.9375350188153748,False,-0.0178741044247954,False,-0.009323603043626
1890525,UNITY BANK,11,2021-05-24,2021-05-24,0.0045446524310043,0.0012914153534682,0.8509263369023815,200,False,0.2222,0.0213,9,2021-03-31,False,51,0.329216391985682,14.507509079067466,0.0160624396807535,0.0085764001745448,0.0922599143817102,0.8984711557762342,False,-0.0245520414788516,False,-0.0208676245435652
876634,CAPITAL CITY BANK,11,2021-05-24,2021-05-24,0.0304797230437502,0.0004476937951034,0.8803440548580912,200,False,0.2222,0.0213,9,2021-03-31,False,41,0.3379750852971515,15.182698804166913,0.0103855438204154,0.0025072342939179,0.0881056269638847,0.9508912553359632,False,0.0047691869752582,False,0.0089786878002194
2239288,"WINTRUST BANK, NATIONAL ASSOCIATION",11,2021-05-24,2021-05-24,0.0409144491049226,0.0014779076368678,1.0440795913568326,200,False,0.2222,0.0213,9,2021-03-31,False,41,0.526806540653079,15.934373513809442,0.0155540895036693,0.0027852641194088,0.0973612267729914,0.9637070652823644,False,-0.0162611795397977,False,-0.0221513265062217
556815,"PEOPLES BANK, A CODORUS VALLEY COMPANY",11,2021-05-24,2021-05-24,0.0086210725806465,0.0003422866314813,0.603690797409679,200,False,0.2222,0.0213,9,2021-03-31,False,41,0.2367512028117533,14.637606208081118,0.0076281291437517,0.0252870690510488,0.0990109714789015,0.9691783411309438,False,-0.0186136608102238,False,-0.022322255958766
729310,PATHFINDER BANK,11,2021-05-24,2021-05-24,0.039707929482097,0.0023016715678002,-0.0817305164538561,200,False,0.2222,0.0213,9,2021-03-31,False,51,0.2699003260380307,14.078721387071704,0.008405189143656,0.0246661050227835,0.0844853704670121,0.919721078570091,False,-0.0145740731177756,False,-0.0023522987072022
431172,PACIFIC PREMIER BANK,11,2021-05-24,2021-05-24,-0.0089499313434797,0.0022929650284869,1.1565874145435942,200,False,0.2222,0.0213,9,2021-03-31,False,41,0.5307495407605511,16.819821380324367,0.0145772107694761,0.0029640600576204,0.1479600575224184,0.9800170622878231,False,-0.0118134031195093,False,-0.0055643399086109
107244,BANK OZK,11,2021-05-24,2021-05-24,-0.0070022308560877,0.0018526049474457,0.7765011077053021,200,False,0.2222,0.0213,9,2021-03-31,False,41,0.3065327532176501,17.121550454830295,0.0217643564376762,0.0035062129629906,0.1606929777776735,0.9303582176128936,False,-0.0344947924036653,False,-0.0396220930297663
874845,LAKE CITY BANK,11,2021-05-24,2021-05-24,-0.0127904280501051,0.0014676883089199,0.6718702824985127,200,False,0.2222,0.0213,9,2021-03-31,False,41,0.528968572999068,15.607841530519854,0.0157350048222432,0.0026091945121685,0.1058176742295654,0.9743488909984814,False,-0.0144595414005938,False,-0.0177543177818393
522605,BAR HARBOR BANK AND TRUST COMPANY,11,2021-05-24,2021-05-24,-0.0136301333340482,0.0009887354080221,0.8441518039079098,200,False,0.2222,0.0213,9,2021-03-31,False,41,0.2020069088058173,15.131547140796949,0.0116783340941164,0.0055672861129808,0.123531424813617,0.8937877542102801,False,-0.0157274800260288,False,-0.0116096774991141
593007,CAMDEN NATIONAL BANK,11,2021-05-24,2021-05-24,0.0021214955757116,0.0009239193314882,0.8703543097417001,200,False,0.2222,0.0213,9,2021-03-31,False,41,0.2235268307562354,15.43850950253978,0.0161846248431663,0.00232567058625,0.1078713887804253,0.94257583578714,False,-0.0136864885143256,False,-0.0141826131463913
786612,MID PENN BANK,11,2021-05-24,2021-05-24,0.004759255060833,0.0009149366241564,0.8371133339455161,200,False,0.2222,0.0213,9,2021-03-31,False,41,0.3660612370168457,15.033791806518895,0.0124127166170171,0.0023277763598218,0.0873305531986877,0.8683897404922889,False,-0.023900306148765,False,-0.0247657829200462
881478,HERITAGE BANK,11,2021-05-24,2021-05-24,0.0061820194548832,0.001308951910666,0.7706246760548635,200,False,0.2222,0.0213,9,2021-03-31,False,41,0.4217527909730265,15.764688504804928,0.0151321844841569,0.0114863763858803,0.1189587737963967,0.9765143293508256,False,-0.0014860248589772,False,0.0056831326935307
671464,BANK OF HOPE,11,2021-05-24,2021-05-24,-0.0288847475355669,0.0015754130508808,1.0720797580477328,200,False,0.2222,0.0213,9,2021-03-31,False,41,0.5345605543077468,16.66003637986112,0.0107869273588871,0.0098522106460133,0.1358417448924017,0.9639663875364776,False,-0.0201186931337842,False,-0.0121094505116801
606046,CADENCE BANK,11,2021-05-24,2021-05-24,-0.0189559173651844,0.0007476231131426,1.0324918291506064,200,False,0.2222,0.0213,9,2021-03-31,False,41,0.3661968011544043,17.065991982158884,0.0126428340473202,0.0060591488523837,0.1094920895862337,0.9083521527807064,False,-0.0192973281889898,False,-0.0052697501118349
782306,BROOKLINE BANK,11,2021-05-24,2021-05-24,-0.011396512989235,0.0015095086977904,0.7925451072636867,200,False,0.2222,0.0213,9,2021-03-31,False,41,0.4235664390927738,15.515624291769718,0.0143792115179822,0.00543167766656,0.1084830406771673,0.894470064777965,False,-0.0219106774770163,False,-0.017530312898505
1001152,INTERNATIONAL BANK OF COMMERCE,11,2021-05-24,2021-05-24,-0.0352468370227686,0.0007835921716147,1.1186902395736231,200,False,0.2222,0.0213,9,2021-03-31,False,41,0.3571676529385442,16.172269961231205,0.0138535900376311,0.0016697872766233,0.1474007088967124,0.9035084571368004,False,-0.0161250543999092,False,-0.0230882275212746
59316,WAYNE BANK,11,2021-05-24,2021-05-24,-0.0252663038326858,-0.0002021463778671,0.7888602284072361,200,False,0.2222,0.0213,9,2021-03-31,False,51,0.296755203887515,14.514040724224955,0.0112492820004028,0.008275919304336,0.0972292053640475,0.9286724358186887,False,-0.0168216655280655,False,-0.0282524499556764
491934,COLONY BANK,11,2021-05-24,2021-05-24,0.0427885663918055,-5.176375888314521e-05,0.9928142426681538,200,False,0.2222,0.0213,9,2021-03-31,False,51,0.3033529787594696,14.401038006090284,0.0114658746571429,0.0097836884762152,0.0951363577139077,0.9438679596499616,False,-0.012140360619186,False,-0.0016234677211804
361167,SOUTHSIDE BANK,11,2021-05-24,2021-05-24,0.0033829038229208,0.0010834440601488,0.6680031458811775,200,False,0.2222,0.0213,9,2021-03-31,False,41,0.3744882881011254,15.760642976093852,0.0211478695294255,0.0014287968986987,0.1482142259739643,0.8677029439237042,False,-0.0151619802943948,False,-0.0199236568396881
316840,REPUBLIC BANK & TRUST COMPANY,11,2021-05-24,2021-05-24,0.0221214687826003,0.0008338102771602,0.8936821831557201,200,False,0.2222,0.0213,9,2021-03-31,False,41,0.3335526567033499,15.682363430316093,0.016000843549283,0.0047450622045397,0.1206454821797894,0.943814466069518,False,-0.0232605946407203,False,-0.0313312003272455
2209553,HERITAGE BANK OF COMMERCE,11,2021-05-24,2021-05-24,-0.0120060403890659,0.0016911765716687,1.0038782146477654,200,False,0.2222,0.0213,9,2021-03-31,False,41,0.6231358783554655,15.424793058322544,0.0099847516304033,0.0020657120243054,0.1199668428473784,0.9772691421399156,False,0.0119731658589815,False,0.0106509226185249
821906,SALISBURY BANK AND TRUST COMPANY,11,2021-05-24,2021-05-24,-0.0173984626674134,-0.0003169891510051,0.6257225093878939,200,False,0.2222,0.0213,9,2021-03-31,False,51,0.324672627941992,14.154215300688202,0.0134356855285579,0.005384982764083,0.1028964549945158,0.9755988471120602,False,-0.0141076648511813,False,-0.0140953952543984
416245,BUSEY BANK,11,2021-05-24,2021-05-24,0.0579625673063294,0.0007779365649035,0.932523507132594,200,False,0.2222,0.0213,9,2021-03-31,False,41,0.3628211348909858,16.189501661814333,0.0151349531460017,0.003351445755483,0.1329281318772176,0.9646868225839652,False,8.197239884405274e-05,False,-0.0021780171512724
399517,CNB BANK,11,2021-05-24,2021-05-24,-0.0214113183934663,0.000834396816598,0.9432616506977852,200,False,0.2222,0.0213,9,2021-03-31,False,41,0.307832774509483,15.400680162777917,0.0119808553848789,0.0096063901226422,0.09296556088079,0.9885369208860624,False,-0.0189990846826227,False,-0.0231166179595208
664756,PROSPERITY BANK,11,2021-05-24,2021-05-24,0.0078601991455738,0.0001960636811387,0.8449644472681073,200,False,0.2222,0.0213,9,2021-03-31,False,41,0.429409575022258,17.386842451820318,0.0153684931718314,0.0022067443132976,0.1742655317976818,0.9811995779388676,False,0.0021494546583666,False,0.0019362759216056
767974,CFBANK NATIONAL ASSOCIATION,11,2021-05-24,2021-05-24,-0.0408515116165795,0.0033011992379155,0.2375466175037094,200,False,0.2222,0.0213,9,2021-03-31,False,51,0.2085872237171516,14.284197070192088,0.0167645663604719,0.0004532146066613,0.0826093595695334,0.9030222533295404,False,-0.0202953631945948,False,-0.0184817794181348
716374,FIRST HARRISON BANK,11,2021-05-24,2021-05-24,0.0083769496672895,-0.0036227220451827,1.0851023978233365,200,False,0.2222,0.0213,9,2021-03-31,False,51,0.2465990645574017,13.865516173649343,0.0101286340327049,0.0037602667844451,0.097463370738635,0.9951955813683844,False,0.0070742222925307,False,0.0123611944077624
197478,EAST WEST BANK,11,2021-05-24,2021-05-24,-0.0383601664818483,0.0021942636693971,1.1479650374464254,200,False,0.2222,0.0213,9,2021-03-31,False,31,0.6335043690548986,17.85608280820386,0.0145532963537035,0.0057361266977698,0.0893261493004319,0.9643628229625144,False,-0.01286575047623,False,-0.0139063912017444
958727,AMERICAN NATIONAL BANK AND TRUST COMPANY,11,2021-05-24,2021-05-24,-0.0051367401154654,7.045116782551398e-05,1.2052991697475617,200,False,0.2222,0.0213,9,2021-03-31,False,41,0.3931859486436059,14.933065627242147,0.0155126791981343,0.0012446351716369,0.1156752372136836,0.9776691861695124,False,-0.0104652809653532,False,-0.0051935105132805
968070,CAPITOL FEDERAL SAVINGS BANK,11,2021-05-24,2021-05-24,-0.0166746459349965,0.0004373868879618,0.5639398078813352,200,False,0.2222,0.0213,9,2021-03-31,False,41,0.1395986123602723,16.089501610184733,0.0084341511296076,0.0021950430041221,0.1198067442956237,0.7961506995592843,False,-0.0177135245805628,False,-0.0070058531830319
202907,"COMMUNITY BANK, NATIONAL ASSOCIATION",11,2021-05-24,2021-05-24,-0.0006409924839254,0.000869039153099,0.771682373707291,200,False,0.2222,0.0213,9,2021-03-31,False,41,0.4186206297034012,16.484783062433557,0.0118937163864946,0.0102391755251953,0.1112212868832031,0.9698761831284226,False,0.0082339654928668,False,0.007491222392422
601416,FIVE STAR BANK,11,2021-05-24,2021-05-24,-0.0020836704438674,0.001849428787681,0.978401952960142,200,False,0.2222,0.0213,9,2021-03-31,False,41,0.3126767816386457,15.481635940028172,0.0162566319419837,0.0026466699689705,0.0910548272033638,0.9867293775600092,False,-0.0130083048243531,False,-0.0247835618124001
662369,BANK OF THE SIERRA,11,2021-05-24,2021-05-24,0.0018701151003976,0.0011709948685016,1.00771461342637,200,False,0.2222,0.0213,9,2021-03-31,False,41,0.3129989753158221,15.017450196809332,0.0138677668211905,0.0037899080512895,0.1116864463411635,0.9699553168967376,False,-0.0014938907324026,False,0.0063714246354098
439404,FIRST NATIONAL BANK,11,2021-05-24,2021-05-24,0.0440005630766675,0.0011298537562796,0.7820605780072387,200,False,0.2222,0.0213,9,2021-03-31,False,41,0.1989154429162307,14.69219605476607,0.0152780656217721,0.0046214745305842,0.0828070990236054,0.8869172206359239,False,-0.012853950463783,False,-0.0214266815987469
2608754,MERCANTILE BANK,11,2021-05-24,2021-05-24,0.0049258182982945,0.0010429985290904,0.9295643081736196,200,False,0.2222,0.0213,9,2021-03-31,False,41,0.4430820046330795,15.361260147739628,0.0132486778712165,0.0008183047209797,0.0981835823055675,0.863997390601438,False,-0.0213916887997085,False,-0.0243758251356513
29636,"CITIZENS BANK OF PHILADELPHIA, THE",11,2021-05-24,2021-05-24,-0.0095360309972757,-0.001794297590203,0.5875342893689111,200,False,0.2222,0.0213,9,2021-03-31,False,51,0.413170915851129,14.25251050818808,0.0050670001602009,0.0106997803408159,0.0671836160965753,0.8530198358507866,False,-0.0077057562247196,False,-0.0078398205359504
2652092,EAGLEBANK,11,2021-05-24,2021-05-24,-0.0059302577128565,0.0017518069979141,0.9288602435848426,200,False,0.2222,0.0213,9,2021-03-31,False,41,0.3976725756588321,16.222642765895454,0.0166617471667688,0.0068166363167526,0.1233877228558223,0.9548188249398878,False,-0.012250394119973,False,-0.0046747916396503
1436204,BANK OF MARIN,11,2021-05-24,2021-05-24,-0.0278630015311585,7.493102962336343e-05,0.9416170875148904,200,False,0.2222,0.0213,9,2021-03-31,False,41,0.4495770157960704,14.933208223301769,0.0132866506246635,0.0043383549222065,0.1083136078613228,0.9811322069504776,False,0.0090072586962107,False,0.0184998197182493
2634351,MACATAWA BANK,11,2021-05-24,2021-05-24,-0.0303663264431102,0.0006606056048922,0.7991178707065909,200,False,0.2222,0.0213,9,2021-03-31,False,51,0.4116916944331606,14.82111973682763,0.0117823858307006,0.0003770831148645,0.0932355174840831,0.966340098422322,False,0.0242106096454786,False,0.0348317759561162
754929,"NATIONAL BANK OF BLACKSBURG, THE",11,2021-05-24,2021-05-24,-0.0088374738346787,0.0003957027086862,0.665788650247675,200,False,0.2222,0.0213,9,2021-03-31,False,41,0.3419391385829626,14.25504982507284,0.011775833896051,0.0047487509361566,0.1096539157418337,0.9862434053885846,False,0.0031870364014207,False,-0.0097890894922004
687009,LAKELAND BANK,11,2021-05-24,2021-05-24,0.009469505293323,0.0014061974191483,0.9308967160611976,200,False,0.2222,0.0213,9,2021-03-31,False,41,0.4123737980462787,15.865905167624648,0.0130480543798474,0.0050941249482829,0.1085971668648187,0.9625561313006872,False,-0.0193635880804353,False,-0.0113337315963972
2634191,GLACIER BANK,11,2021-05-24,2021-05-24,-0.0200136711755414,0.0014864979434399,0.9541809853793988,200,False,0.2222,0.0213,9,2021-03-31,False,41,0.281834511529812,16.79912419659196,0.016764537233243,0.0029520593291923,0.1183784273466035,0.9307129604754064,False,-0.0059205939404313,False,0.0038236957035506
186221,"OLD POINT NATIONAL BANK OF PHOEBUS, THE",11,2021-05-24,2021-05-24,-0.022377724778754,0.0024205080142801,0.0414033964741898,200,False,0.2222,0.0213,9,2021-03-31,False,41,0.2601523675595385,14.038936469411109,0.0094021448342987,0.0027516916538548,0.0886949525454011,0.9760639534934744,False,-0.0137825305117136,False,-0.0105365029205011
474919,"FULTON BANK, NATIONAL ASSOCIATION",11,2021-05-24,2021-05-24,-0.0202037658623881,0.0016630746854125,0.9562510980123984,200,False,0.2222,0.0213,9,2021-03-31,False,41,0.3548148118822528,17.063645373144624,0.014279076512295,0.0080051553465109,0.1184516632383897,0.9591073609046272,False,-0.0187881229994057,False,-0.0116237099122019
473501,BERKSHIRE BANK,11,2021-05-24,2021-05-24,0.0053982873349955,0.0028100328667155,1.0823293580108937,200,False,0.2222,0.0213,9,2021-03-31,False,41,0.3519454424616397,16.361385927223065,0.004317572901185,0.0082106046986505,0.0921064185909978,0.9486828029952952,False,-0.006071137505635,False,-0.0052978606373965
508346,HAWTHORN BANK,11,2021-05-24,2021-05-24,0.0040439216875453,-0.0008044932598535,1.2029863318398857,200,False,0.2222,0.0213,9,2021-03-31,False,41,0.2389428992958245,14.360159470343472,0.0145591393982493,0.0266925433511138,0.103206896971757,0.9035486011665677,False,-0.0179785636070978,False,-0.0224477178060989
236706,PEAPACK-GLADSTONE BANK,11,2021-05-24,2021-05-24,-0.0046234120928003,0.0015010334933634,1.128080333045007,200,False,0.2222,0.0213,9,2021-03-31,False,41,0.5714792742630718,15.602373056579625,0.0100283216847634,0.00391727200763,0.0997521224515089,0.9409139077578867,False,-0.0165559182455959,False,-0.0163614481640267
657365,HANMI BANK,11,2021-05-24,2021-05-24,-0.0127496125984709,0.0030651820223025,0.7977351350810252,200,False,0.2222,0.0213,9,2021-03-31,False,41,0.4115944265352647,15.677646163749095,0.0126409909483073,0.0113525745774332,0.1069298963723326,0.960387795541294,False,-0.0176250759068114,False,-0.018884309570469
636771,INDEPENDENT BANK,11,2021-05-24,2021-05-24,-0.0092267758438697,0.0015558066350941,0.9557579259792452,200,False,0.2222,0.0213,9,2021-03-31,False,41,0.1892371320699406,15.302899473454312,0.0200527621016715,0.0026352678298667,0.0930895204523757,0.9791292258359484,False,-0.0050151155965604,False,-0.0082808602508762
2353595,FIRST COMMUNITY BANK,11,2021-05-24,2021-05-24,0.0080789022073435,0.0009280728551402,0.8368336862797863,200,False,0.2222,0.0213,9,2021-03-31,False,51,0.1559001441875152,14.959548945977147,0.018532079641437,0.0122405247270152,0.1303116084144178,0.9835455064208638,False,-0.0151104451513525,False,-0.0217290485170049
780218,"UNION BANK COMPANY, THE",11,2021-05-24,2021-05-24,0.0248372561791951,0.001892375910389,0.2845315127693389,200,False,0.2222,0.0213,9,2021-03-31,False,51,0.1776104450408656,13.84213301452438,0.0170480437788467,0.001338945901083,0.1267950690373717,0.9917648344491974,False,-0.0012814562830589,False,-0.0055661017586011
542528,CIVISTA BANK,11,2021-05-24,2021-05-24,0.001270652957058,0.0007191570258147,1.195249687712048,200,False,0.2222,0.0213,9,2021-03-31,False,41,0.3047332501357136,14.93184979177833,0.0143447769967465,0.002105255025572,0.1131169041689385,0.9255877941288262,False,-0.0170280420963275,False,-0.010426509256074
933023,"SHORE UNITED BANK, NATIONAL ASSOCIATION",11,2021-05-24,2021-05-24,0.0029501186912661,0.001743782718933,0.8749332771822717,200,False,0.2222,0.0213,9,2021-03-31,False,51,0.1711403695520524,14.527746385506909,0.008896545769922,0.0041518362364712,0.1006674371512216,0.9889736103012609,False,-0.0148514407767525,False,-0.0091831107214406
1162017,UNITED SECURITY BANK,11,2021-05-24,2021-05-24,0.0302071860609945,0.0010362403587291,0.4747223090141759,200,False,0.2222,0.0213,9,2021-03-31,False,51,0.5289570916511367,13.98645851320233,0.0075453314104763,0.0172293395444551,0.1062263312848893,0.990813835169592,False,-0.0127012428542406,False,-0.0117799094349245
628123,"BANK OF GLEN BURNIE, THE",11,2021-05-24,2021-05-24,-0.0086578007585295,0.0016541927934205,0.2114302944678988,200,False,0.2222,0.0213,9,2021-03-31,False,41,0.0828692147791608,12.986951360370892,0.0058716033324325,0.0180593308568257,0.0764224439976367,0.9148859674787878,False,0.006400903483846,False,0.0161945903378815
333203,UNION BANK,11,2021-05-24,2021-05-24,-0.0646000252890819,0.0025019854939286,0.4272505975918837,200,False,0.2222,0.0213,9,2021-03-31,False,41,0.181441516986595,13.91389872318035,0.0108393126280711,0.0072959400071997,0.0717551620413797,0.9873571713806742,False,-0.0066791957447105,False,-0.0030754724709081
2925666,PINNACLE BANK,11,2021-05-24,2021-05-24,-0.0084405964649073,0.0026722570471817,0.9504496191730554,200,False,0.2222,0.0213,9,2021-03-31,False,41,0.4554083551436797,17.37500888090606,0.014168048135581,0.003233468381792,0.1435275140436654,0.9500670789818426,False,-0.0190322118977702,False,-0.0081694133228202
139740,WEST BANK,11,2021-05-24,2021-05-24,0.0252836628080266,0.0008809820464203,0.8308085866175008,200,False,0.2222,0.0213,9,2021-03-31,False,41,0.4507575249814938,14.969716481288147,0.0152798167683219,0.0107595960770245,0.0820172385089219,0.922443125027049,False,-0.015774018229613,False,-0.016394526690766
494261,PACIFIC WESTERN BANK,11,2021-05-24,2021-05-24,-0.0191565544059849,0.0013915683080843,1.2415862052877868,200,False,0.2222,0.0213,9,2021-03-31,False,41,0.5923167894344746,17.30618922499067,0.0173153021533698,0.0049023923011446,0.119299726416007,0.9813865386667966,False,-0.0199655718948071,False,-0.0051787949036572
2760232,VILLAGE BANK,11,2021-05-24,2021-05-24,0.0352662725113055,0.0014037142506896,0.3171485371910525,200,False,0.2222,0.0213,9,2021-03-31,False,51,0.2668740670201266,13.48165050661446,0.0225370520865623,0.0066627490118317,0.0916199588356694,0.9556122605835152,False,-0.0099964926062443,False,-0.0115328213065791
2328137,FIRST COMMUNITY BANK,11,2021-05-24,2021-05-24,-0.0009936314372372,0.0005330728908601,0.62108687097106,200,False,0.2222,0.0213,9,2021-03-31,False,41,0.2656322542192107,14.215785554045375,0.0093041645585313,0.0050641647601356,0.0961282907852985,0.9453813754412292,False,-0.0087629933296706,False,0.000302208434484
204004,PROVIDENT BANK,11,2021-05-24,2021-05-24,-0.0105712672188998,0.0020216799386376,0.8388346491877127,200,False,0.2222,0.0213,9,2021-03-31,False,41,0.4534683509364954,16.390034623571,0.0149052168792407,0.0083728972893045,0.1211362774549985,0.8970251434545787,False,-0.0192600814394927,False,-0.0115192781932988
3465226,HTLF BANK,11,2021-05-24,2021-05-24,-0.0021214931170628,0.0011138358208906,1.013836759714824,200,False,0.2222,0.0213,9,2021-03-31,False,41,0.4234843052542889,14.783330176471948,0.0114155502680458,0.004785039647175,0.1442375747426391,0.9905808428452008,False,0.0049562238917984,False,0.0076507172583605
2953418,OPTIMUMBANK,11,2021-05-24,2021-05-24,0.0444305767406789,0.0015691923147748,0.7064233561814595,200,False,0.2222,0.0213,9,2021-03-31,False,41,0.5394859001033151,12.438675317964892,0.0101911433733794,0.0,0.0908763115351697,0.9154292388893004,False,-0.0185191832208396,False,-0.016070309506327
2618780,TEXAS CAPITAL BANK,11,2021-05-24,2021-05-24,-0.0154249922287404,0.0025189954091824,1.02449698300896,200,False,0.2222,0.0213,9,2021-03-31,False,41,0.7953079221490619,17.50527399624905,0.0074038522181945,0.0048953295464494,0.0729864276280664,0.9087643051004632,False,0.0047207506463947,False,0.0051358936514617
354310,UNIVEST BANK AND TRUST CO.,11,2021-05-24,2021-05-24,0.0041456006031147,0.0020014302221216,0.9535246682490758,200,False,0.2222,0.0213,9,2021-03-31,False,41,0.4278461794548637,15.671527102477732,0.0218667784481226,0.0056384734412453,0.1147591689473866,0.9652085374386448,False,-0.0170681702604492,False,-0.0194272369833061
703767,CENTRAL VALLEY COMMUNITY BANK,11,2021-05-24,2021-05-24,0.0225012445155644,0.0011661451583423,0.6225832346243215,200,False,0.2222,0.0213,9,2021-03-31,False,41,0.445493884897884,14.604152446756672,0.0139247029866306,0.0034695599537758,0.1116030405297931,0.9838958192869574,False,0.0067390097771998,False,0.0067237302865851
2942690,SIGNATURE BANK,11,2021-05-24,2021-05-24,0.0175089751955959,0.0028597389973932,0.9975596780118886,200,False,0.2222,0.0213,9,2021-03-31,False,41,0.8543853427919946,18.262648135848448,0.0089261234022634,0.0027027758413312,0.077796138618785,0.939588306491398,True,-0.0061966218590513,False,0.0125920275589539
2849801,SOUTHERN FIRST BANK,11,2021-05-24,2021-05-24,0.0145512647748839,0.0019638721110139,0.8718472190626356,200,False,0.2222,0.0213,9,2021-03-31,False,41,0.4962898861967936,14.763097998521085,0.0166157584535481,0.0034823084183679,0.1026238244234591,0.9824716396451818,False,-0.0176819572642997,False,-0.0085758726134658
2858960,"BANCORP BANK NATIONAL ASSOCIATION, THE",11,2021-05-24,2021-05-24,0.0085683689981337,0.0028600067560551,1.21672645936542,200,False,0.2222,0.0213,9,2021-03-31,False,41,0.1890195800239141,15.863626150668113,0.0153586670513642,0.0086041686110212,0.077640847863426,0.981654819413405,False,-0.0091461265900908,False,-0.027675160093887
895710,CITIZENS & NORTHERN BANK,11,2021-05-24,2021-05-24,-0.0026654295811873,-0.0001419348882002,0.847858849902103,200,False,0.2222,0.0213,9,2021-03-31,False,51,0.2919231792825137,14.655806677559458,0.0155559669977337,0.0144615586174846,0.1264394901627196,0.9541857411196956,False,-0.0208720579212028,False,-0.0196418706389245
2372774,"SUMMIT COMMUNITY BANK, INC.",11,2021-05-24,2021-05-24,-0.0646427127791826,0.0012907973854279,1.2538980720390651,200,False,0.2222,0.0213,9,2021-03-31,False,41,0.2196398765035516,14.9929263252402,0.0137154475927879,0.0103170675578527,0.1045695053104229,0.9393004409014828,False,-0.0204231039558303,False,-0.0274853251209306
1356768,ENTERPRISE BANK AND TRUST COMPANY,11,2021-05-24,2021-05-24,0.0004664832120574,0.0007718638110185,1.0611153726484748,200,False,0.2222,0.0213,9,2021-03-31,False,41,0.3230016236599848,15.264253993221908,0.011413510528186,0.0114312114100365,0.0909947740138537,0.9902778240701624,False,-0.0139326283966424,False,-0.0223212012934356
1190476,ENTERPRISE BANK & TRUST,11,2021-05-24,2021-05-24,-0.0024171751389634,0.0008846307961514,1.1524288576405992,200,False,0.2222,0.0213,9,2021-03-31,False,41,0.4799016415543781,16.13359934518647,0.0128472678632703,0.0050994119478514,0.117291479281959,0.9614204249415308,False,-0.0166686178804146,False,-0.0187605060026633
633378,KEARNY BANK,11,2021-05-24,2021-05-24,-0.0116506759418403,0.0015644490912569,0.6540561818041308,200,False,0.2222,0.0213,9,2021-03-31,False,41,0.1962132674525876,15.80872132699453,0.0089313890334729,0.0148681842965342,0.1319460530367649,0.853294771375202,False,-0.0202467796242904,False,0.0001234972998595
1918344,PREFERRED BANK,11,2021-05-24,2021-05-24,0.0120087161435167,0.0016410396888112,0.8589232941164755,200,False,0.2222,0.0213,9,2021-03-31,False,41,0.5933647729974255,15.51115387267763,0.0155547983899895,0.0052673023128611,0.0989456989356808,0.9618958468152972,False,-0.0217295683423094,False,-0.0221508808136698
3138146,WESTERN ALLIANCE BANK,11,2021-05-24,2021-05-24,0.0026066300959029,0.0031736367056969,1.1250858840395208,200,False,0.2222,0.0213,9,2021-03-31,False,41,0.7284853752749547,17.58715478081045,0.0153765179297814,0.0039492928189138,0.0851017399879635,0.9739531377944208,False,-0.0194486192675623,False,-0.0082739910871124
537449,FIRST BUSINESS BANK,11,2021-05-24,2021-05-24,-0.0093929028247207,0.0010564603016603,0.9891612395513152,200,False,0.2222,0.0213,9,2021-03-31,False,41,0.4503321453547726,14.777566311446137,0.0164932476039052,0.0084721870304877,0.0923142704191059,0.8012000111135528,False,-0.0208753934446622,False,-0.0168697480094645
310978,WATERSTONE BANK,11,2021-05-24,2021-05-24,-0.0140991509835582,0.001299978082312,0.5364274499984292,200,False,0.2222,0.0213,9,2021-03-31,False,41,0.1159197090783204,14.60126882450434,0.0389395051206205,0.0024929698845659,0.1732483466799144,0.7134117735264073,False,-0.0216454610665894,False,-0.0243812694350814
220527,PEOPLES BANK,11,2021-05-24,2021-05-24,-0.0024693628915558,-0.0001663145776123,1.1572796580867022,200,False,0.2222,0.0213,9,2021-03-31,False,41,0.2979490212595626,14.244214213892754,0.011156372902155,0.0037507901797875,0.0976899117156245,0.9666364923921849,False,-0.0013568356008304,False,-0.0011250430244896
2954059,BCB COMMUNITY BANK,11,2021-05-24,2021-05-24,0.0021989436233122,0.0011853622394362,0.9788792062140724,200,False,0.2222,0.0213,9,2021-03-31,False,41,0.3498870853124416,14.86338132981215,0.0105682021817431,0.0068408072152514,0.1013216214349062,0.9384487992298588,False,-0.021079043922725,False,-0.0202595160182626
2385514,"FIRST BANK, THE",11,2021-05-24,2021-05-24,-0.0052977003011592,0.0014147081363233,1.00156475485629,200,False,0.2222,0.0213,9,2021-03-31,False,41,0.3909343867844129,15.508654858590932,0.0137293002839301,0.0101165652404459,0.1341297823545382,0.9933270240443391,False,-0.008057377130006,False,-0.0077014180970995
456045,CENTENNIAL BANK,11,2021-05-24,2021-05-24,-0.0116811341870523,0.0016053914355392,1.0757594297518436,200,False,0.2222,0.0213,9,2021-03-31,False,41,0.4477461979436236,16.66078847851684,0.0215190447242121,0.0058776300288333,0.1625172465498182,0.9517011539129075,False,-0.0198930677655662,False,-0.0109563255029057
561574,SUMMIT STATE BANK,11,2021-05-24,2021-05-24,-0.0489940370424758,0.0031688263368448,0.2847223853976388,200,False,0.2222,0.0213,9,2021-03-31,False,51,0.3927709811614118,13.697014142913307,0.0149371520565603,0.0006133309518055,0.0850082465057894,0.919535746715456,False,-0.0195710692615911,False,-0.018717515474195
522847,"LIMESTONE BANK, INC",11,2021-05-24,2021-05-24,-0.0153093822759004,0.0002846540903016,0.6106736958296325,200,False,0.2222,0.0213,9,2021-03-31,False,51,0.1593055559113916,14.11884105270339,0.0114533632810134,0.0020390963003069,0.1141585484530723,0.9759958324650968,False,-0.018319304500482,False,-0.0286994288367177
663245,SIMMONS BANK,11,2021-05-24,2021-05-24,-0.014105494998241,0.0017249583364898,1.0301353417707202,200,False,0.2222,0.0213,9,2021-03-31,False,41,0.4110648452030806,16.963447519130284,0.0128234443438631,0.0094229038329673,0.1317357789564406,0.9092683561792338,False,-0.0128627151169667,False,-0.0057483728048818
30810,DISCOVER BANK,11,2021-05-24,2021-05-24,0.0238314624338175,0.0012854347154707,1.3875817261054626,200,False,0.2222,0.0213,9,2021-03-31,False,31,0.0947168827854651,18.536647259623766,0.0563198132019634,0.0106302780591286,0.101218694439999,0.786912503880188,False,-0.0488497303672009,True,-0.085386061965178
768074,FIRST FINANCIAL NORTHWEST BANK,11,2021-05-24,2021-05-24,-0.0268458397778025,0.0018644187246828,0.3108381172515467,200,False,0.2222,0.0213,9,2021-03-31,False,51,0.3315894369706029,14.173220665935798,0.0078934247799554,0.0018262029158223,0.0996083356467706,0.8978150148414965,False,-0.0181562009658657,False,-0.0098608459192504
2797724,TOWNEBANK,11,2021-05-24,2021-05-24,-0.0205343992583421,0.0016794359339922,0.9069017578650724,200,False,0.2222,0.0213,9,2021-03-31,False,41,0.4700703682130366,16.52883993300719,0.0183017928369416,0.0012475904987725,0.119382492549271,0.9212365293457256,False,-0.0100030926294934,False,-0.0024450599699759
28013,NORTHFIELD BANK,11,2021-05-24,2021-05-24,-0.0331055273210238,0.0012579998464864,0.7409146848783427,200,False,0.2222,0.0213,9,2021-03-31,False,41,0.3273618844047308,15.534894297429812,0.013431789643883,0.0034713826415612,0.1177089485060977,0.8596557783086882,False,-0.0193668149128005,False,-0.0207106394826041
836843,MIDWESTONE BANK,11,2021-05-24,2021-05-24,-0.0039852757646234,0.0010514702925403,1.089045934648725,200,False,0.2222,0.0213,9,2021-03-31,False,41,0.3455305751420802,15.561343359301366,0.0162926791133744,0.0129905101545619,0.1041338607409392,0.9386464325957872,False,-0.0030520663856148,False,0.0041162610346105
676478,MALVERN BANK NA,11,2021-05-24,2021-05-24,-0.0344329394625798,0.0020760699275025,0.3089259646281488,200,False,0.2222,0.0213,9,2021-03-31,False,51,0.5425971025183466,14.001745281657222,0.0086162172482059,0.023344884556983,0.1332782714440464,0.8828619424140731,False,-0.0217230514974909,False,-0.0088053985840742
23504,DIME COMMUNITY BANK,11,2021-05-24,2021-05-24,-0.0225797937779594,0.0007830568074196,1.0534522323134987,200,False,0.2222,0.0213,9,2021-03-31,False,41,0.4526017062777546,16.381410156111784,-0.0055119905622032,0.0051580267131328,0.0967215859937464,0.9288555012458544,False,-0.0182802333670992,False,-0.01063833128804
785473,FIRST SAVINGS BANK,11,2021-05-24,2021-05-24,-0.0295432422494482,0.001524565891476,0.5269438979525947,200,False,0.2222,0.0213,9,2021-03-31,False,41,0.2831180728136848,14.372689092494824,0.0239119227376356,0.0084305726891132,0.1061773230836207,0.7065833879139851,False,-0.0191524642145407,False,-0.0003234198411315
929978,"HOME BANK, NATIONAL ASSOCIATION",11,2021-05-24,2021-05-24,-0.0002151277854464,0.0008309144393385,0.9540923115777196,200,False,0.2222,0.0213,9,2021-03-31,False,41,0.2910314669590506,14.809554609631512,0.0177118876150014,0.0079051084742279,0.1176452737459939,0.9792739507584368,False,-0.0180096215997164,False,-0.0150070335005314
1864197,OAK VALLEY COMMUNITY BANK,11,2021-05-24,2021-05-24,0.0678894376309037,-0.0001299484580661,1.2668491110843147,200,False,0.2222,0.0213,9,2021-03-31,False,41,0.4269158659402562,14.3258922832219,0.0108216026272459,0.0003539528812448,0.079083897433681,0.989791282503541,False,0.0138238464255736,False,0.0171876653761752
342410,ORRSTOWN BANK,11,2021-05-24,2021-05-24,-0.0113905385247494,0.0010785819732122,1.2275993625251436,200,False,0.2222,0.0213,9,2021-03-31,False,41,0.2874055749781495,14.901731726140858,0.0150911761370692,0.0049069522045057,0.0912885210404393,0.9518365958382404,False,-0.0192904909247105,False,-0.0218270102529899
119528,"FARMERS NATIONAL BANK OF EMLENTON, THE",11,2021-05-24,2021-05-24,0.0846058152218887,0.0020175287261514,-0.3659443414143716,200,False,0.2222,0.0213,9,2021-03-31,False,51,0.2771414474358988,13.87600623029061,0.0087691307020293,0.0045697126387638,0.0824238042928829,0.9501763953389364,False,,,
685676,OPPORTUNITY BANK OF MONTANA,11,2021-05-24,2021-05-24,0.0361275146755453,0.000645753245848,0.680963566953475,200,False,0.2222,0.0213,9,2021-03-31,False,51,0.1752201365685688,14.079122505290156,0.0173690845966919,0.0070610787809189,0.1328556732633028,0.9715565573015232,False,-0.015402551175442,False,-0.0079532664855848
613008,ROCKLAND TRUST COMPANY,12,2021-06-28,2021-06-28,-0.0916087588788981,0.0001256098929881,0.9014355540297592,200,False,-0.4375,-0.0526,16,2021-03-31,False,41,0.331646204589714,16.43847385636046,0.0124269706783739,0.0063737016897452,0.1299169374601812,0.974249600890588,False,-0.0158760513078972,False,-0.0166832689695602
433608,TOMPKINS COMMUNITY BANK,12,2021-06-28,2021-06-28,-0.0858583717674235,0.000306423367232,0.9967014084151512,200,False,-0.4375,-0.0526,16,2021-03-31,False,41,0.4311983588678738,14.738227000668129,0.0150406420053765,0.0087421190780074,0.0631914426838826,0.9321896839788912,False,-0.0148771822868522,False,-0.0175491947527171
379920,FIRST NATIONAL BANK OF PENNSYLVANIA,12,2021-06-28,2021-06-28,-0.0762352640838867,0.0020625581382894,1.050635506567218,200,False,-0.4375,-0.0526,16,2021-03-31,False,41,0.3955954452691122,17.467513012281856,0.0098939123107315,0.0064237825929777,0.1314168653193689,0.9187714141819808,False,-0.0139327318777742,False,-0.0099135656336968
491224,FIRST-CITIZENS BANK & TRUST COMPANY,12,2021-06-28,2021-06-28,-0.1028488138024457,0.0024660429920236,1.1329483649935033,200,False,-0.4375,-0.0526,16,2021-03-31,False,41,0.3670394659261277,17.801164213074465,0.0103784326770314,0.006052816959147,0.087241621020765,0.9647902209775806,False,-0.0173391233094819,False,-0.0070457123459857
246022,"BANK OF SOUTH CAROLINA, THE",12,2021-06-28,2021-06-28,0.0018844656114816,0.0009024698343962,0.3108661304675364,200,False,-0.4375,-0.0526,16,2021-03-31,False,41,0.3099139482044269,13.22458778059815,0.0136362979762231,0.0033119486290557,0.0948473861354673,0.9701708399163754,False,0.0138078723296275,False,0.0211969779343315
437914,"WILMINGTON SAVINGS FUND SOCIETY, FSB",12,2021-06-28,2021-06-28,-0.1142463951704035,0.0022129428884002,0.9460421641892393,200,False,-0.4375,-0.0526,16,2021-03-31,False,41,0.406999700838802,16.503100875824927,0.0180862834116527,0.0045191046379386,0.1242298359714266,0.972212041329642,False,-0.0135358011532707,True,-0.0097746266517213
761806,"WEBSTER BANK, NATIONAL ASSOCIATION",12,2021-06-28,2021-06-28,-0.1143368107763119,0.0027697812807137,1.161106748036677,200,False,-0.4375,-0.0526,16,2021-03-31,False,31,0.3294662736914965,17.321054891802287,0.0137730327708485,0.007053561400658,0.1009663339446025,0.9620785418120392,False,-0.0215936457984246,False,-0.0058287569871804
837000,"FIRST NATIONAL BANK OF LONG ISLAND, THE",12,2021-06-28,2021-06-28,-0.0153322516010219,0.0018830719854483,0.7014594720003153,200,False,-0.4375,-0.0526,16,2021-03-31,False,41,0.5156566053548113,15.263299985483185,0.011003124102987,8.59146840751846e-05,0.0951037696349602,0.9188728421914636,False,-0.0209473840040695,False,-0.0106820358617879
510871,FIRSTBANK PUERTO RICO,12,2021-06-28,2021-06-28,-0.0836841384805339,0.0028487693124174,1.2371411764237277,200,False,-0.4375,-0.0526,16,2021-03-31,False,31,0.4197023691360038,16.78121842640052,0.0122812568575202,0.0305730157116176,0.1205765307118754,0.9417693745135336,False,-0.0182056510092615,False,-0.0264761108037157
245276,ORIENTAL BANK,12,2021-06-28,2021-06-28,-0.1004403420645958,0.0020582005697991,1.09860408489358,200,False,-0.4375,-0.0526,16,2021-03-31,False,41,0.3372779878661885,16.1180978509559,0.011587574507336,0.0458286893655071,0.0983763835719561,0.9735511059135854,False,-0.0174995369123359,False,-0.0214603033573476
216922,FIRST BANK,12,2021-06-28,2021-06-28,-0.1153899661989736,0.0029314671111186,0.812761484813989,200,False,-0.4375,-0.0526,16,2021-03-31,False,41,0.3310803111307437,15.861912891560534,0.0148537371745883,0.0084852319091557,0.1195867444530074,0.9903166865828158,False,-0.0055768569438161,False,-0.0091360140557879
645625,"WESBANCO BANK, INC.",12,2021-06-28,2021-06-28,-0.1117959351913409,0.0024743957698058,0.9857427991380748,200,False,-0.4375,-0.0526,16,2021-03-31,False,41,0.2804290821560852,16.64969877961405,0.0176232816686266,0.0043729194633128,0.1587473417838754,0.94393480125103,False,-0.0161982088105179,False,-0.008228581129112
365325,UNITED BANK,12,2021-06-28,2021-06-28,-0.0967074983981346,0.0011712073930602,1.0332758708723824,200,False,-0.4375,-0.0526,16,2021-03-31,False,41,0.3500073286721372,17.111076905900408,0.0155977003705854,0.0056524074522618,0.1655529641962046,0.9583811233826378,False,-0.0197593159230139,False,-0.0140776244579743
816603,"WASHINGTON TRUST COMPANY, OF WESTERLY, THE",12,2021-06-28,2021-06-28,-0.0493061058473394,0.0017246340709529,0.8067346942232596,200,False,-0.4375,-0.0526,16,2021-03-31,False,41,0.2550744774894373,15.559283539988032,0.0144986430909548,0.0030517234115262,0.0962817894412892,0.8811989963345469,False,-0.0137346408651125,False,-0.0079113347521507
130541,HORIZON BANK,12,2021-06-28,2021-06-28,-0.0811427185311248,0.0021475322539595,1.009359847396483,200,False,-0.4375,-0.0526,16,2021-03-31,False,41,0.4218501279286082,15.61318168552279,0.0142402339462271,0.0064157131598912,0.1123699067611619,0.9051455960195304,False,0.0062539149106294,False,0.0157748389957609
701062,CENTRAL PACIFIC BANK,12,2021-06-28,2021-06-28,-0.0926376194709455,0.0023765612794094,1.1054393433808718,200,False,-0.4375,-0.0526,16,2021-03-31,False,41,0.3693447739163452,15.75743262231373,0.01138187290873,0.0023289532756908,0.0904867215068431,0.980990521517598,False,-0.0108087492314031,False,-0.014432790203365
802866,SILICON VALLEY BANK,12,2021-06-28,2021-06-28,-0.0550904413672736,0.0032333794010927,1.2235204411144136,200,False,-0.4375,-0.0526,16,2021-03-31,False,31,0.845760409711061,18.75901491039165,0.0080746943376876,0.0019873099460102,0.0624966486564934,0.952516237185946,True,0.0358832043325153,False,0.0315062153011363
509811,"COMMUNITY TRUST BANK, INC.",12,2021-06-28,2021-06-28,-0.0518474856795841,0.0011854071245797,0.6744796855909104,200,False,-0.4375,-0.0526,16,2021-03-31,False,41,0.2468321344734286,15.488152914550836,0.0173871803715315,0.0059155609140538,0.1278070782992,0.9133409708418524,False,-0.0195206761466614,False,-0.0348608925225716
208244,OLD NATIONAL BANK,12,2021-06-28,2021-06-28,-0.0726100845529317,0.0009438670185486,0.7681200577470716,200,False,-0.4375,-0.0526,16,2021-03-31,False,31,0.3401662297431106,16.978471562468343,0.0147005400733622,0.0105346009266888,0.1283307893930464,0.8698608010243664,False,-0.0209391121420312,False,-0.003593043683661
4114567,FIRST REPUBLIC BANK,12,2021-06-28,2021-06-28,0.0019094994282044,0.0016323140833398,0.8193050962388173,200,False,-0.4375,-0.0526,16,2021-03-31,False,31,0.6967084033344145,18.864070597605313,0.0085965952314138,0.0014705282328463,0.0830673906128167,0.8953543923145669,True,-0.0043878506876333,False,0.003577575785238
5210,ACNB BANK,12,2021-06-28,2021-06-28,-0.0278956039086627,0.0002677652924949,1.1058616182759866,200,False,-0.4375,-0.0526,16,2021-03-31,False,51,0.2372944112184136,14.786315989922494,0.0107997136439564,0.0051561639175753,0.0951577041517838,0.963257169672231,False,-0.0115874644665386,False,-0.0165860703831197
3938186,"BANKUNITED, NATIONAL ASSOCIATION",12,2021-06-28,2021-06-28,-0.1045317808107089,0.0035502751577465,1.3069374148733093,200,False,-0.4375,-0.0526,16,2021-03-31,False,41,0.6465012453336321,17.37232950859425,0.0126628463662302,0.0374023998541679,0.0972723036625031,0.8861733576255365,False,-0.0201652274367269,False,0.0105771378911857
680813,"FARMERS NATIONAL BANK OF CANFIELD, THE",12,2021-06-28,2021-06-28,-0.1071572678296816,0.0017447772369893,0.7783899138791698,200,False,-0.4375,-0.0526,16,2021-03-31,False,41,0.3464386244033778,15.012932351197325,0.0164079372671797,0.0057031258421174,0.1002981065163089,0.9543817865466614,False,-0.0099194211626943,False,-0.0097386462864818
785923,LCNB NATIONAL BANK,12,2021-06-28,2021-06-28,-0.0488597763132286,0.0005176698239457,0.7721119134020787,200,False,-0.4375,-0.0526,16,2021-03-31,False,51,0.2680203250235929,14.41158225148154,0.0116321161448504,0.0025211556869812,0.1291643135580379,0.9734597708130872,False,-0.0176609426194181,False,-0.0188215942518553
2787770,BANK OF THE JAMES,12,2021-06-28,2021-06-28,-0.1144520556179819,0.00208412801691,0.2131751158119912,200,False,-0.4375,-0.0526,16,2021-03-31,False,41,0.2279073463979564,13.695242812972738,0.0087878080441375,0.003176088360656,0.0808789612522175,0.988111189641802,False,-0.0030290183498984,False,-0.0056170292577375
258771,HOMESTREET BANK,12,2021-06-28,2021-06-28,-0.0656093666966322,0.0021168758728601,0.7127187754041934,200,False,-0.4375,-0.0526,16,2021-03-31,False,41,0.3495306803044866,15.79227367839769,0.0171118206561073,0.007201557205981,0.1060688813945103,0.954223773124726,False,-0.0167110496780003,False,-0.0052553282359346
212577,HOMETRUST BANK,12,2021-06-28,2021-06-28,-0.0675872422389711,0.0027052507790962,0.7772462266262758,200,False,-0.4375,-0.0526,16,2021-03-31,False,41,0.2084990038356183,15.10977268593766,0.0088347925048988,0.0047618516015025,0.1070245536075265,0.8958974414068195,False,-0.0213705102815928,False,-0.0239529209178922
4210227,NBH BANK,12,2021-06-28,2021-06-28,-0.0503193712103107,0.0013070444935887,0.7431009967738219,200,False,-0.4375,-0.0526,16,2021-03-31,False,41,0.2425744025658593,15.754075943012728,0.0161006796161913,0.0038381477687994,0.1050098758414253,0.981720140502984,False,-0.0119147957329298,False,-0.0077307592546284
884303,CHEMUNG CANAL TRUST COMPANY,12,2021-06-28,2021-06-28,-0.003536685299699,0.0013352837068366,0.7970064274182105,200,False,-0.4375,-0.0526,16,2021-03-31,False,41,0.3657238675068658,14.706413735832198,0.0101340401176697,0.0059029510328267,0.0768521291741372,0.9836045610342328,False,-0.0085911947550186,False,-0.0048366081969081
2758613,FIRST INTERNET BANK OF INDIANA,12,2021-06-28,2021-06-28,-0.048511077895464,0.0033430947565037,1.2390560333584566,200,False,-0.4375,-0.0526,16,2021-03-31,False,51,0.2955055224311021,15.24735985554356,0.0116098808675832,0.0034276336875782,0.0913130363454911,0.8531906403466943,False,-0.020298052885544,False,-0.0152702481698545
122854,INDEPENDENT BANK DBA INDEPENDENT FINANCIAL,12,2021-06-28,2021-06-28,-0.0735607246023068,0.0015089079469532,1.1400712672506037,200,False,-0.4375,-0.0526,16,2021-03-31,False,41,0.5239125953898782,16.712007463231043,0.0146658935647102,0.0045555829608927,0.1570372275537557,0.9702067015254392,False,-0.0184669659146515,False,-0.0158229175258816
2354985,CUSTOMERS BANK,12,2021-06-28,2021-06-28,-0.0867989278548553,0.0054321707958218,1.1667036407879814,200,False,-0.4375,-0.0526,16,2021-03-31,False,41,0.6388280066767119,16.759053504234164,0.0070701216979438,0.0031321153867325,0.0693082325364775,0.715940562754729,False,-0.0190602511457525,False,-0.0094280908314003
3475083,TRISTATE CAPITAL BANK,12,2021-06-28,2021-06-28,-0.1056996587503542,0.0017505584817955,1.227780294512098,200,False,-0.4375,-0.0526,16,2021-03-31,False,41,0.6159197704835216,16.165776724123162,0.0065501177924749,0.0027392603833091,0.0731750175265706,0.9550441704064706,False,-0.0185889579861068,False,0.0124416484874461
697978,COMMUNITY BANK OF THE CHESAPEAKE,12,2021-06-28,2021-06-28,-0.0003203196654487,0.0018685383187027,0.5109871579731025,200,False,-0.4375,-0.0526,16,2021-03-31,False,41,0.234850404195027,14.580076598253925,0.0130629376619483,0.0093043027078784,0.1030915308776003,0.975179784232968,False,-0.010933342505794,False,-0.016683625523652
3401970,FIRST BANK,12,2021-06-28,2021-06-28,-0.0995235812125484,0.0024081561957768,1.3128348324477082,200,False,-0.4375,-0.0526,16,2021-03-31,False,41,0.4365162979766454,14.693299933885704,0.0160643438411424,0.0052794326142933,0.1022611632307605,0.912441730540999,False,-0.0192515173594626,False,-0.0189595438596672
3284070,ALLY BANK,12,2021-06-28,2021-06-28,-0.059169130428981,0.0035229198475358,1.0958935585014018,200,False,-0.4375,-0.0526,16,2021-03-31,False,31,0.1028794262283532,18.960309544741232,0.0207302214682546,0.0118055062797133,0.0989465829529489,0.9183121554825184,False,-0.0294560301544673,False,-0.0387197045696588
3109043,BANKWELL BANK,12,2021-06-28,2021-06-28,-0.0525765559081588,0.002654506064242,0.5777584298855207,200,False,-0.4375,-0.0526,16,2021-03-31,False,41,0.4067251835301628,14.622621936136207,0.0120762515258157,0.0203403181474281,0.0861599590260477,0.9177353155270483,False,-0.0153850129592315,False,-0.005712033725532
762447,"FIRST MID BANK & TRUST, NATIONAL ASSOCIATION",12,2021-06-28,2021-06-28,-0.0962240258419858,0.0020172561540086,0.8933487269624953,200,False,-0.4375,-0.0526,16,2021-03-31,False,41,0.3157106139213033,15.379619459521374,0.0095044067959773,0.0077456637783048,0.1095993127428237,0.9193762950372106,False,-0.0168473340840939,False,-0.0128396486254592
1216022,SYNCHRONY BANK,12,2021-06-28,2021-06-28,-0.0506457001832183,0.0021253114644916,1.2379536544742438,200,False,-0.4375,-0.0526,16,2021-03-31,False,41,0.1417682926829268,18.263219590549166,0.0396577354824361,0.0157337628717712,0.1297538364293991,0.8779490490409706,False,-0.047934451814912,True,-0.1002527597244508
3303298,"CITIZENS BANK, NATIONAL ASSOCIATION",12,2021-06-28,2021-06-28,-0.0699676393129703,0.0025199707961258,1.1730161019545138,200,False,-0.4375,-0.0526,16,2021-03-31,False,31,0.4470443601231388,19.047594025700505,0.0129999197680918,0.0168160527578591,0.118171957696917,0.9354478662671876,False,-0.0218017994438813,False,-0.0004142515464024
177920,"MIDDLEFIELD BANKING COMPANY, THE",12,2021-06-28,2021-06-28,-0.0343611240921939,0.0009893337369009,0.5464122274223728,200,False,-0.4375,-0.0526,16,2021-03-31,False,41,0.3417338265553382,14.143517781530065,0.0135974741373535,0.0081034139634179,0.1080716813655679,0.9899109495111348,False,-0.0186648885024873,False,-0.0198468963121079
371924,COMMUNITY BANK,12,2021-06-28,2021-06-28,-0.0001805223856498,0.0005681488078199,0.7791919120398789,200,False,-0.4375,-0.0526,16,2021-03-31,False,51,0.3143798400859666,14.204184818810123,0.0070642918352514,0.0103456187355824,0.0866901148727071,0.9560465989782906,False,-0.0121522991519625,False,-0.0120508153561997
3221468,VERITEX COMMUNITY BANK,12,2021-06-28,2021-06-28,-0.1148588530587829,0.0026495108658587,1.1505354029445702,200,False,-0.4375,-0.0526,16,2021-03-31,False,41,0.5778716043750901,16.03820479008881,0.014989323746278,0.0185140701811562,0.1483298998686224,0.8943875207242644,False,-0.0209814377105824,False,-0.0086052226471792
3637685,FIRST FOUNDATION BANK,12,2021-06-28,2021-06-28,-0.0604832438935609,0.0014688114740901,0.9733608503179028,200,False,-0.4375,-0.0526,16,2021-03-31,False,41,0.659276298757163,15.766730016231906,0.0124605244310857,0.003170902084611,0.1013885510050496,0.990735900094975,False,-0.0173971685792301,False,0.0035112101082296
866000,GLENS FALLS NATIONAL BANK AND TRUST COMPANY,12,2021-06-28,2021-06-28,-0.0335676731955036,0.0009762923376612,0.7219301975787907,200,False,-0.4375,-0.0526,16,2021-03-31,False,41,0.2943492761298849,14.934967741036962,0.0131562152017291,0.0022096913779627,0.0892232968822381,0.972560884905189,False,-0.0146716748439502,False,-0.0219885339084974
766164,"TBK BANK, SSB",12,2021-06-28,2021-06-28,-0.1193040743764731,0.0048456151323319,1.0551221918581468,200,False,-0.4375,-0.0526,16,2021-03-31,False,41,0.2710202788798845,15.62085598536049,0.0236827186524592,0.013427727777088,0.1370669403453296,0.9203520449293224,False,-0.0363793567989745,False,-0.0521960723942373
403179,FIRST FED BANK,12,2021-06-28,2021-06-28,-0.0169123143684507,0.0014449074467598,0.8589399667406814,200,False,-0.4375,-0.0526,16,2021-03-31,False,51,0.2778870429091087,14.366349081021234,0.0074433319286772,0.0019064738404553,0.1054299083361051,0.9472257360242864,False,-0.0167498272849897,False,-0.0144618606651352
917742,"ASSOCIATED BANK, NATIONAL ASSOCIATION",12,2021-06-28,2021-06-28,-0.1001463441885841,0.0019446608413239,0.9806041055900464,200,False,-0.4375,-0.0526,16,2021-03-31,False,41,0.5904706806441219,17.357238282358576,0.011239823764457,0.0070113774028469,0.1158647034221809,0.9100614670422358,False,-0.0002128891994825,False,0.0040417383286524
3650808,LIVE OAK BANKING COMPANY,12,2021-06-28,2021-06-28,-0.1075547659035898,0.005348076382853,1.5130890846726848,200,False,-0.4375,-0.0526,16,2021-03-31,False,41,0.1223571486233784,15.936199843520244,0.0192551603825027,0.0151151872007248,0.0646794569000736,0.8117762810033835,False,-0.0247462205687162,False,-0.0165406023079826
139656,EQUITY BANK,12,2021-06-28,2021-06-28,-0.0995502404097863,0.0030096910678533,0.8604636640234703,200,False,-0.4375,-0.0526,16,2021-03-31,False,41,0.3149633867264398,15.249981323513044,0.0159974346164301,0.0215886111179457,0.1071223939069281,0.9777823434375238,False,-0.0178871622627896,False,-0.0266035158492072
422433,FIRST GUARANTY BANK,12,2021-06-28,2021-06-28,-0.0227563460080316,0.00197579556089,0.6428894422429067,200,False,-0.4375,-0.0526,16,2021-03-31,False,41,0.4435528186633141,14.757724364611814,0.0086324934568365,0.0148110893232006,0.0875597069754117,0.9911251867252,False,-0.0279736975134564,False,-0.0130070534494394
3532641,SMARTBANK,12,2021-06-28,2021-06-28,-0.0539482538086675,0.0021309456428495,0.7278623085005536,200,False,-0.4375,-0.0526,16,2021-03-31,False,41,0.2869172758156642,15.08318015427317,0.0116918372195405,0.0026276574169598,0.1095628396842393,0.9661679841053824,False,-0.0125732367854023,False,-0.0069871880539602
2941068,NICOLET NATIONAL BANK,12,2021-06-28,2021-06-28,-0.02421396053996,0.0007781853596444,0.7408399464734641,200,False,-0.4375,-0.0526,16,2021-03-31,False,41,0.2748113088607333,15.327687729486009,0.0150288861893617,0.0031310748615027,0.1133265749635685,0.9839509456852488,False,-0.0172684102631888,False,-0.0101589706565715
773247,MIDLAND STATES BANK,12,2021-06-28,2021-06-28,-0.1090999423188364,0.0030091766624639,0.6869050678024906,200,False,-0.4375,-0.0526,16,2021-03-31,False,41,0.3045981953552951,15.743046792912208,0.011646902310159,0.0100634718625528,0.1130798915163599,0.8871416175682386,False,-0.0237662866376212,False,-0.0227526364041967
40499,HARBORONE BANK,12,2021-06-28,2021-06-28,-0.0543028564748678,0.0018253004780234,0.6479845346342508,200,False,-0.4375,-0.0526,16,2021-03-31,False,41,0.3032751368603496,15.343980901839496,0.0172869139328032,0.0088113392990634,0.1303221908439558,0.9438163357469364,False,-0.0192199627253947,False,-0.0123964720199993
980661,FIRST HAWAIIAN BANK,12,2021-06-28,2021-06-28,-0.0339439610592922,0.0019459385933072,0.8925292776775968,200,False,-0.4375,-0.0526,16,2021-03-31,False,31,0.4527969603627997,16.972361904173482,0.0100707777844501,0.0015341466912913,0.113595613848311,0.967388917232964,False,0.0061477846368594,False,0.0001840616889916
436159,FIRSTBANK,12,2021-06-28,2021-06-28,-0.0899052653364128,0.0018745852956269,0.8660026197427471,200,False,-0.4375,-0.0526,16,2021-03-31,False,41,0.5115248799771437,16.293773436699976,0.0180102594354164,0.009806873536695,0.1127053063624052,0.9715832691843328,False,-0.0209846227674282,False,-0.014065983209214
795968,BANK OF HAWAII,12,2021-06-28,2021-06-28,-0.063278134835069,0.001679472531099,0.8960914844648663,200,False,-0.4375,-0.0526,16,2021-03-31,False,31,0.4773201402887385,16.902801437506884,0.0110272921968717,0.002135615665831,0.0590325044416318,0.9506158137543052,False,0.0071351648481746,False,0.0058707162537273
321273,AFFINITY BANK,12,2021-06-28,2021-06-28,-0.0017208224318556,0.0026325330288868,0.3227146644715004,200,False,-0.4375,-0.0526,16,2021-03-31,False,51,0.2043009594613723,13.590366256483616,0.0110120102554981,0.0080743556165958,0.1219888251642971,0.9271659973894624,False,-0.0176297373009046,False,-0.0167765926497299
214414,"FARMERS & MERCHANTS STATE BANK, THE",12,2021-06-28,2021-06-28,-0.0267940472268339,-0.0009019633122293,1.0202771466579703,200,False,-0.4375,-0.0526,16,2021-03-31,False,41,0.1745934369845636,14.493205972489276,0.0091157721341326,0.0060325083939252,0.1028956997644889,0.966030979827905,False,-0.0165106488576748,False,-0.0137132409585269
129732,BYLINE BANK,12,2021-06-28,2021-06-28,-0.0306587338028866,0.0017925489817509,0.8593967498267232,200,False,-0.4375,-0.0526,16,2021-03-31,False,41,0.3281168205040932,15.723952902338452,0.0138303183144488,0.0120266666428741,0.1217707826294334,0.8613326051430298,False,-0.0206185594181874,False,-0.0162382297812275
3835454,ROYAL BUSINESS BANK,12,2021-06-28,2021-06-28,-0.067556902537471,0.0019592069313838,0.8214507894146517,200,False,-0.4375,-0.0526,16,2021-03-31,False,41,0.4984106207928197,15.113835628896696,0.0152862722745086,0.0065339093626118,0.1422014241271734,0.9361022831933772,False,-0.0328617197550671,False,-0.0379092588116365
3595271,"BANK OF PRINCETON, THE",12,2021-06-28,2021-06-28,-0.0179446227919551,0.0016083893979452,0.8698699727839024,200,False,-0.4375,-0.0526,16,2021-03-31,False,41,0.3062560412722562,14.33700190019704,0.0115212598350408,0.0014101561479921,0.1261752480502072,0.9502177662771036,False,-0.0235065068072767,False,-0.0405136883519649
736206,CAMBRIDGE TRUST COMPANY,12,2021-06-28,2021-06-28,-0.0866073026902218,0.0015258145409242,0.8507507788463513,200,False,-0.4375,-0.0526,16,2021-03-31,False,51,0.4709853963270483,15.26310554765066,0.0127095230190219,0.0023127004727796,0.0951060388810014,0.9700044174202266,False,-0.0005387905119894,False,0.0035568111673182
1007819,"FIDELITY DEPOSIT AND DISCOUNT BANK, THE",12,2021-06-28,2021-06-28,-0.0473632761346511,-0.0004952638107585,1.025219908244789,200,False,-0.4375,-0.0526,16,2021-03-31,False,51,0.4090353091362753,14.46163164247128,0.0135819194235178,0.0034573315536757,0.0857103177202751,0.9878314481602724,False,-0.0128377640774666,False,-0.0219647953902307
963945,MERCHANTS BANK OF INDIANA,12,2021-06-28,2021-06-28,-0.1062160762249549,0.0034598970069416,1.0108245761226675,200,False,-0.4375,-0.0526,16,2021-03-31,False,41,0.7372646913779086,16.061561066026062,0.0261937721169338,0.0004519425248706,0.0975750285333709,0.9289769812484924,False,-0.0215677708144528,False,-0.0271061366199602
2705895,METROPOLITAN COMMERCIAL BANK,12,2021-06-28,2021-06-28,-0.0932017391512177,0.0027821466621777,1.0599362850763268,200,False,-0.4375,-0.0526,16,2021-03-31,False,51,0.7876414505965369,15.409090596322343,0.0103272769833232,0.001688043713659,0.0795489273644392,0.9825987577069346,False,-0.0105273360784501,False,0.0033972790141251
3579589,ALLEGIANCE BANK,12,2021-06-28,2021-06-28,-0.0957734209722296,0.002315447483161,0.7057728072384107,200,False,-0.4375,-0.0526,16,2021-03-31,False,41,0.5173237507870132,15.675454238468395,0.0118461089380582,0.0075230153703375,0.1267500340553058,0.9610323161256876,False,-0.0042399287363297,False,0.0084652460862542
3271799,MERIDIAN BANK,12,2021-06-28,2021-06-28,-0.0382190541435499,0.0027633827760638,0.3955861641430093,200,False,-0.4375,-0.0526,16,2021-03-31,False,51,0.5463917823656038,14.36926750205786,0.0246192471793798,0.0056204129199979,0.1047093966640552,0.8887613427272365,False,-0.0275954517703872,False,-0.0191142633229745
979375,"STERLING BANK AND TRUST, FSB",12,2021-06-28,2021-06-28,-0.0268674035961724,0.0009045844978267,0.8856637730662801,200,False,-0.4375,-0.0526,16,2021-03-31,False,41,0.1955909951756685,15.119618248096218,0.0059494083161437,0.0410805315471393,0.1001764194984257,0.8796338803912757,False,-0.012992095091303,False,-0.0189081896242658
497570,LUTHER BURBANK SAVINGS,12,2021-06-28,2021-06-28,-0.0229159894581078,0.0004416077426015,0.8680940926688477,200,False,-0.4375,-0.0526,16,2021-03-31,False,41,0.3902879352460325,15.772075598663834,0.0111683660582647,0.0010719087676971,0.1068744617478232,0.8601207055463275,False,-0.0206103322269363,False,-0.011896844667198
2757205,"MVB BANK, INC.",12,2021-06-28,2021-06-28,-0.0992181735391998,0.0053676927967661,0.7271847972045141,200,False,-0.4375,-0.0526,16,2021-03-31,False,41,0.5596333413448772,14.787154631070171,0.0160118987921439,0.0101440935796764,0.1026066453845819,0.9371905971917108,False,-0.0182877610934261,False,-0.0080488330456518
3378773,BRIDGEWATER BANK,12,2021-06-28,2021-06-28,-0.071113995224696,0.0026500686079995,0.6858679303706151,200,False,-0.4375,-0.0526,16,2021-03-31,False,41,0.3814793165366407,14.936824861410717,0.0147545444029346,0.0003188603847029,0.1055559266639186,0.9710085371442644,False,-0.0190759016985453,False,-0.0141154525588042
3357219,OPEN BANK,12,2021-06-28,2021-06-28,-0.0175917867847488,0.0024390425367354,0.6208979636330301,200,False,-0.4375,-0.0526,16,2021-03-31,False,51,0.4630297715817777,14.190694449619238,0.014218774802286,0.0009692286780244,0.0989954365511568,0.9828019478414728,False,-0.0164107384096482,False,-0.0202277083294347
3281510,UNITED BUSINESS BANK,12,2021-06-28,2021-06-28,-0.0423825096726039,0.0014693087588523,0.8346013309210082,200,False,-0.4375,-0.0526,16,2021-03-31,False,51,0.4561873733404077,14.642806128266868,0.0092570366726785,0.0061889164707126,0.1224760343225665,0.983205838345357,False,-0.0261948218685169,False,-0.0213806827921396
667757,ORIGIN BANK,12,2021-06-28,2021-06-28,-0.0778654322761722,0.0025232865302001,0.8326623322308925,200,False,-0.4375,-0.0526,16,2021-03-31,False,41,0.4979396635409265,15.834699845990045,0.0136974298134838,0.0161650855504269,0.089349535382416,0.932332791386071,False,-0.0176354809055602,False,-0.0042836610348775
2562164,COASTAL COMMUNITY BANK,12,2021-06-28,2021-06-28,-0.1376920490921571,0.0030837649424576,1.0720754860939403,200,False,-0.4375,-0.0526,16,2021-03-31,False,41,0.4429613510922777,14.522664681673575,0.0123734660742891,0.0003741860321618,0.0759427889899029,0.8944969621429711,False,-0.0224857956758294,False,-0.030389411780631
3158546,FIRST WESTERN TRUST BANK,12,2021-06-28,2021-06-28,-0.0430872171376201,0.0023656561849836,0.674200541495352,200,False,-0.4375,-0.0526,16,2021-03-31,False,51,0.4570473104313753,14.6063401024736,0.0115979095103674,0.0023414569414624,0.0744976136221927,0.8933095077221732,False,-0.0185709159554571,True,-0.0071984362115709
661308,AMALGAMATED BANK,12,2021-06-28,2021-06-28,-0.004203729506921,0.0005965034794898,0.9229105792856284,200,False,-0.4375,-0.0526,16,2021-03-31,False,41,0.5765998424843585,15.670395988637043,0.0076288936602072,0.0184085679210731,0.0845081948487912,0.978315920163316,False,-0.0046339871545251,False,0.0160749086018026
83638,"AMERANT BANK, NATIONAL ASSOCIATION",12,2021-06-28,2021-06-28,-0.0540789262525954,0.0015448284934787,1.4227179609123668,200,False,-0.4375,-0.0526,16,2021-03-31,False,31,0.3086981307747884,15.862111838049106,0.0086861214395834,0.0154270198396549,0.1093295976449145,0.8316245848621525,False,-0.0183678101811775,False,-0.0028351996177821
18854,BANK7,12,2021-06-28,2021-06-28,0.0142110245839617,0.0020299507129491,0.9274625046704412,200,False,-0.4375,-0.0526,16,2021-03-31,False,41,0.2631663324065865,13.859672887349015,0.0195340007960564,0.0190118747308189,0.1058965585866936,0.9945873293424964,False,-0.0205095416077293,False,-0.0312840545434896
2808602,"CAPITAL BANK, NATIONAL ASSOCIATION",12,2021-06-28,2021-06-28,-0.0811883937636395,0.0026745903889362,0.750626602510285,200,False,-0.4375,-0.0526,16,2021-03-31,False,41,0.4581400627015089,14.536965272819543,0.0172740281050478,0.005419132739483,0.0701182643927552,0.9741736320152878,False,-0.0246130620058959,False,-0.0362754382775354
3614976,FVCBANK,12,2021-06-28,2021-06-28,-0.0339856125523053,0.0022205516327256,0.780792504469491,200,False,-0.4375,-0.0526,16,2021-03-31,False,51,0.4819318691757357,14.446940301052212,0.0134383025660307,0.003479133492569,0.121135650378637,0.9695708267222422,False,-0.0173853761208054,False,-0.0120945788755664
594947,"BANK FIRST, NATIONAL ASSOCIATION",12,2021-06-28,2021-06-28,-0.0492566827421185,6.777999159331182e-05,0.512810268856843,200,False,-0.4375,-0.0526,16,2021-03-31,False,41,0.3086445070459358,14.861493572501884,0.0166748940251809,0.0061872188825684,0.1131935794982424,0.9698544863281808,False,-0.0178475088290392,False,-0.0200720636949577
3476192,CARTER BANK & TRUST,12,2021-06-28,2021-06-28,-0.1458578161403817,0.0025236339789101,0.9623149479157216,200,False,-0.4375,-0.0526,16,2021-03-31,False,41,0.1140762787432133,15.236720706249102,0.0095574016266993,0.010602398445937,0.0935706991330547,0.9832949265797108,False,-0.0140827677356284,False,-0.0235622245033708
3248849,MAINSTREET BANK,12,2021-06-28,2021-06-28,0.0060889307571068,0.0016277428343604,0.5905346990148128,200,False,-0.4375,-0.0526,16,2021-03-31,False,41,0.4333967415600756,14.371363274419156,0.0129354426655087,0.0001127718716473,0.1043404742498538,0.9884221561468752,False,-0.0276418258549044,False,-0.0391955855938327
289515,FARMERS AND MERCHANTS TRUST COMPANY OF CHAMBERSBURG,12,2021-06-28,2021-06-28,0.045317493684944,0.0009563452279282,0.4866626246114974,200,False,-0.4375,-0.0526,16,2021-03-31,False,51,0.2038307318765175,14.283884109354704,0.0132615998307242,0.0087865143511741,0.0871093794017005,0.9885163408642986,False,-0.0057933264054638,False,-0.0077979796831682
2743244,RED RIVER BANK,12,2021-06-28,2021-06-28,-0.0841277236792758,0.0010545712660095,0.430558370454952,200,False,-0.4375,-0.0526,16,2021-03-31,False,41,0.3620925849344387,14.852112327403628,0.011597311551667,0.0017346123348153,0.0930976844743917,0.9919886403409462,False,0.0093723696773624,False,-0.0019570509126027
575254,CITY BANK,12,2021-06-28,2021-06-28,-0.0629329187554458,0.0020268493424096,0.8324349729915246,200,False,-0.4375,-0.0526,16,2021-03-31,False,41,0.4081693711543929,15.132090626721451,0.0176152033926609,0.0060439887539165,0.111482986435843,0.97506861779121,False,-0.0137513269515693,False,-0.0263853853089051
419675,FIRST BANK RICHMOND,12,2021-06-28,2021-06-28,0.018449703139853,0.0004476905353235,0.6633422718148517,200,False,-0.4375,-0.0526,16,2021-03-31,False,51,0.2754002719043587,13.947625948530913,0.0109985629665977,0.0105809725769792,0.137142056009253,0.7999945162522036,False,-0.0161523227049218,False,-0.0201327602174933
3594005,CROSSFIRST BANK,12,2021-06-28,2021-06-28,-0.0959632329679025,0.0012162629490627,0.89623654536267,200,False,-0.4375,-0.0526,16,2021-03-31,False,41,0.5503454117658146,15.606185272391851,0.008016024039396,0.0147502583396749,0.0977234485054212,0.9417723321356783,False,-0.0162377752323538,False,-0.0086419462971801
933256,"ALERUS FINANCIAL, NATIONAL ASSOCIATION",12,2021-06-28,2021-06-28,-0.1458160508033095,0.0012090324423161,1.120280232353678,200,False,-0.4375,-0.0526,16,2021-03-31,False,41,0.5907462498577661,14.962983167070966,0.0205890316901576,0.0023591152821662,0.1000244109857689,0.985740296184785,False,-0.0046525286417989,False,0.0052765551333734
426534,HEARTLAND BANK AND TRUST COMPANY,12,2021-06-28,2021-06-28,-0.0456134297773385,0.0013915231791974,0.6516930049079264,200,False,-0.4375,-0.0526,16,2021-03-31,False,41,0.1793616270936954,15.166967843735746,0.016780518817898,0.0040046645912767,0.1030030408607082,0.978709981833372,False,-0.0026586241954371,False,-0.0109718862904319
3437456,METRO CITY BANK,12,2021-06-28,2021-06-28,-0.0510901830573521,-9.503516626373504e-05,0.963524487599472,200,False,-0.4375,-0.0526,16,2021-03-31,False,41,0.2959880809345154,14.5851408877104,0.0241522801634855,0.0048461037507486,0.1110683437642429,0.934129508773301,False,-0.0279866350216795,False,-0.0321839397211946
324340,CHOICEONE BANK,12,2021-06-28,2021-06-28,0.0041743052944071,-0.0010194497309779,0.7381689362778676,200,False,-0.4375,-0.0526,16,2021-03-31,False,41,0.2894351100826833,14.541711881250336,0.0114202068195198,0.0048759295506398,0.105476794118458,0.9972165890642828,False,0.0122302670331337,False,0.0213263637386056
128904,EASTERN BANK,12,2021-06-28,2021-06-28,-0.0931064402213813,0.0033142409320642,0.5839438087980992,144,False,-0.4375,-0.0526,16,2021-03-31,False,41,0.4261735465633561,16.631825692815678,0.011569867420825,0.004446152834607,0.158063490209836,0.9755470191692088,False,0.0251047172131528,False,0.0080592725149384
395238,SYNOVUS BANK,12,2021-06-28,2021-06-28,-0.0961392783888245,0.0031627142303919,1.2218052619166735,200,False,-0.4375,-0.0526,16,2021-03-31,False,41,0.4953694135670296,17.824650455563145,0.0140434046729932,0.0045871518140109,0.0943437393822687,0.9588821063714538,False,-0.0182898230034854,False,-0.0151256607115287
933966,CITIZENS BUSINESS BANK,12,2021-06-28,2021-06-28,-0.0738590233933067,0.0003604165603889,0.8178968925471638,200,False,-0.4375,-0.0526,16,2021-03-31,False,41,0.6350057380517626,16.512545783013017,0.0175525466237413,0.0016603045173812,0.1342623817361412,0.9457459968258636,False,-0.0114576352659936,False,0.0035792853852453
60143,COMERICA BANK,12,2021-06-28,2021-06-28,-0.0778495277140637,0.0029200065955785,1.0960594573692022,200,False,-0.4375,-0.0526,16,2021-03-31,False,31,0.6386065704277678,18.272841770002785,0.0162769398425635,0.0073918886868527,0.0962240745678611,0.9667893838911196,False,-0.007938919964386,False,0.0021572639562136
601050,COMMERCE BANK,12,2021-06-28,2021-06-28,-0.0323818852277326,0.0011608405672093,0.7141799126290296,200,False,-0.4375,-0.0526,16,2021-03-31,False,41,0.4095333348219089,17.316701951326017,0.0150182194629341,0.0027399633125619,0.0890197050339031,0.9148937973603224,False,-0.0054987344605712,False,-0.0029589553183859
682563,FROST BANK,12,2021-06-28,2021-06-28,-0.065105653340732,0.0019908063078847,0.7801676724318019,200,False,-0.4375,-0.0526,16,2021-03-31,False,41,0.5266552426320834,17.601789235583208,0.010670322294645,0.0037960603722901,0.0928950308325675,0.9347875423307056,False,0.0467918441200626,False,0.0340513330383314
723112,"FIFTH THIRD BANK, NATIONAL ASSOCIATION",12,2021-06-28,2021-06-28,-0.0571361105642613,0.0027840516631387,1.1427941540583877,200,False,-0.4375,-0.0526,16,2021-03-31,False,31,0.6018554518691002,19.14090615267232,0.0137596623790781,0.011141960162736,0.1185410397950242,0.9265319732655188,False,-0.0161464794397291,False,0.0010314327573429
233031,REGIONS BANK,12,2021-06-28,2021-06-28,-0.0676763759063445,0.0026422165215097,1.2103670301924037,200,False,-0.4375,-0.0526,16,2021-03-31,False,31,0.3932021610237392,18.842799736414964,0.0176502599676105,0.0110162809035669,0.1183721372419174,0.9745956196779832,False,-0.0210332882656712,False,-0.0112862146352079
342634,TRUSTMARK NATIONAL BANK,12,2021-06-28,2021-06-28,-0.0749430735291533,0.0011843245200071,0.9059130573774764,200,False,-0.4375,-0.0526,16,2021-03-31,False,41,0.42361431774164,16.641420176990852,0.0126565739659945,0.0158599866310691,0.1060548915700602,0.9636457844761096,False,-0.0174494348928205,False,0.0001680113718093
501105,MANUFACTURERS AND TRADERS TRUST COMPANY,12,2021-06-28,2021-06-28,-0.063523013825909,0.0015330247423518,1.0046191500876538,200,False,-0.4375,-0.0526,16,2021-03-31,False,31,0.519296599790217,18.82678333549145,0.0119481141802287,0.0306248523054641,0.1075537810545386,0.9692569439906136,False,-0.0179179133996263,False,0.0054370534718825
165628,FIRST FINANCIAL BANK,12,2021-06-28,2021-06-28,-0.0948092733390705,0.0021853014765883,1.0619242820159227,200,False,-0.4375,-0.0526,16,2021-03-31,False,41,0.3729260645465518,16.594257777669547,0.0131201999647179,0.0085607157463781,0.1448495668010863,0.9304062483542864,False,-0.0162486443400032,False,-0.0080278584183262
991340,1ST SOURCE BANK,12,2021-06-28,2021-06-28,-0.0775457345886387,0.0010413295511162,0.8473056284360229,200,False,-0.4375,-0.0526,16,2021-03-31,False,41,0.3444880528597923,15.83206048827252,0.0154279040333785,0.0110190158548603,0.1151817497612601,0.9286998734288602,False,-0.0110883852153092,False,-0.0164207658248645
485559,FIRST HORIZON BANK,12,2021-06-28,2021-06-28,-0.0795519632425648,0.0023084656164247,1.2570624585349237,200,False,-0.4375,-0.0526,16,2021-03-31,False,41,0.4562311149845091,18.282733329325556,0.0118237100733575,0.0070113257650952,0.0970030115554882,0.9412985221564912,False,-0.0232749450417866,False,-0.0185634787728411
451965,"WELLS FARGO BANK, NATIONAL ASSOCIATION",12,2021-06-28,2021-06-28,-0.0612502984032451,0.0019998844673613,0.974986759195136,200,False,-0.4375,-0.0526,16,2021-03-31,False,31,0.5077984483548043,21.29602741059753,0.010090477041796,0.0175292776356866,0.0964911736524176,0.931134334395318,False,0.0009953449257133,False,0.011787045213705
12311,"HUNTINGTON NATIONAL BANK, THE",12,2021-06-28,2021-06-28,-0.0403552541141052,0.0017924129046273,1.0257056331523753,200,False,-0.4375,-0.0526,16,2021-03-31,False,31,0.3812930561570773,18.647172459902517,0.0173761243711111,0.008203111258978,0.0966700223989589,0.9436124049749212,False,-0.0196137334610456,False,-0.0086016140460914
852218,"JPMORGAN CHASE BANK, NATIONAL ASSOCIATION",12,2021-06-28,2021-06-28,-0.0086993518272856,0.0017287342982865,0.7896396421945936,200,False,-0.4375,-0.0526,16,2021-03-31,False,31,0.4726760633971851,21.888764201587737,0.0137364650145704,0.0115069432071648,0.0864745702366407,0.8103142590062656,False,0.0216376799561287,False,0.0164136327788163
541101,"BANK OF NEW YORK MELLON, THE",12,2021-06-28,2021-06-28,-0.0301235166133479,0.0010708375113456,0.7527946277968882,200,False,-0.4375,-0.0526,16,2021-03-31,False,31,0.5803872963253467,19.765994243766674,0.0058238418082039,0.0028224279764568,0.0760407252193707,0.9523910200031572,False,0.0571386032941642,True,0.0434632170387002
210434,"NORTHERN TRUST COMPANY, THE",12,2021-06-28,2021-06-28,-0.0174883728356909,0.0012263808153355,0.9122064067045748,200,False,-0.4375,-0.0526,16,2021-03-31,False,31,0.2825080996504968,18.912575962925512,0.0093951572775741,0.0043021418874661,0.0645799967011385,0.9136844496133668,False,0.055495193514558,True,0.0346222704766125
1394676,AMERICAN EXPRESS NATIONAL BANK,12,2021-06-28,2021-06-28,-0.0094184168383656,0.0013739068572836,1.0149276030935843,200,False,-0.4375,-0.0526,16,2021-03-31,False,31,0.1801434725308661,18.73746118499248,0.0555947374270066,0.0041156852037251,0.0923391737524223,0.842473106361357,False,-0.0481072437163041,True,-0.0773555259626459
480228,"BANK OF AMERICA, NATIONAL ASSOCIATION",12,2021-06-28,2021-06-28,-0.0400301541863715,0.0018462328309224,0.8424953076843924,200,False,-0.4375,-0.0526,16,2021-03-31,False,31,0.4594704743030972,21.563441106082237,0.0112294126355926,0.0079394017546277,0.0951413884743995,0.9349080135340576,False,0.0192779335923647,False,0.0203466162755536
817824,"PNC BANK, NATIONAL ASSOCIATION",12,2021-06-28,2021-06-28,-0.0310566096059048,0.0022914489225795,0.8521285586513754,200,False,-0.4375,-0.0526,16,2021-03-31,False,31,0.460491885163946,19.966751666338286,0.0139656324398588,0.0136357169863204,0.096773080358664,0.9187672916884652,False,0.0086365182701514,False,0.0091081113083805
280110,KEYBANK NATIONAL ASSOCIATION,12,2021-06-28,2021-06-28,-0.0697491690968972,0.0022309778681108,1.1465545894458762,200,False,-0.4375,-0.0526,16,2021-03-31,False,31,0.4952590736664999,18.97461208024843,0.0144770779359894,0.0084795429114333,0.0992301200697947,0.9251090798315184,False,-0.0019787040505335,False,0.0016467550483433
504713,U.S. BANK NATIONAL ASSOCIATION,12,2021-06-28,2021-06-28,-0.0291496434093593,0.0017811895217919,0.8607337124018487,200,False,-0.4375,-0.0526,16,2021-03-31,False,31,0.4745742190006711,20.1118208165606,0.0169968615613366,0.0108040944981157,0.0931168828270148,0.9050877971235792,False,0.0027980295778043,False,0.0131967365792054
34537,SEACOAST NATIONAL BANK,12,2021-06-28,2021-06-28,-0.1097539052575154,0.0022036939747615,1.0998190393127596,200,False,-0.4375,-0.0526,16,2021-03-31,False,41,0.3577327791832505,15.99169080407564,0.0154928522634688,0.0062996119121713,0.1299880398248867,0.9633830732602005,False,-0.0111252915042104,False,-0.0010058837248918
476810,"CITIBANK, N.A.",12,2021-06-28,2021-06-28,-0.061047667903224,0.0011562916745172,0.8678986266546328,200,False,-0.4375,-0.0526,16,2021-03-31,False,31,0.3544586665277984,21.23431363602964,0.0165299270502094,0.009916759982146,0.0981651876952941,0.8689409093510396,False,-0.0050324835890505,False,0.0116646538052422
852320,TRUIST BANK,12,2021-06-28,2021-06-28,-0.0373194420964806,0.0014646140300739,1.0609957262245866,200,False,-0.4375,-0.0526,16,2021-03-31,False,31,0.4526741971433936,20.042977624337635,0.0104566697797109,0.0111139582158902,0.1257742299164216,0.9261399823836304,False,-0.0183357470944674,False,0.0032705543300937
35301,STATE STREET BANK AND TRUST COMPANY,12,2021-06-28,2021-06-28,-0.0069074643789855,0.0003175851207219,1.1431296138954576,200,False,-0.4375,-0.0526,16,2021-03-31,False,31,0.6179755431528015,19.56261110933401,0.006894768594329,0.0,0.0834745803288421,0.8723644342283983,False,0.0566793351014206,True,0.0520928789157411
17147,FIRST MERCHANTS BANK,12,2021-06-28,2021-06-28,-0.1010148436773857,0.0022474978874672,1.0312658447743477,200,False,-0.4375,-0.0526,16,2021-03-31,False,41,0.4509166677957538,16.497047433316727,0.014135179358914,0.0063303834593095,0.1257230005957203,0.942004885434402,False,-0.0092493134954156,False,-0.0016787549661584
572374,GREAT SOUTHERN BANK,12,2021-06-28,2021-06-28,-0.0576942825858881,0.0014433122420998,0.7832341882473693,200,False,-0.4375,-0.0526,16,2021-03-31,False,41,0.5799756308954751,15.539515852489362,0.0151141237262885,0.0021774977753983,0.120912633109569,0.9632531389114654,False,-0.0163287107142866,False,-0.016151722612214
489623,"PARK NATIONAL BANK, THE",12,2021-06-28,2021-06-28,-0.1030608000627824,0.0025047836448996,0.7700013483304174,200,False,-0.4375,-0.0526,16,2021-03-31,False,41,0.244492150296295,16.10577040622837,0.0182726324383164,0.0160848074773026,0.097376928422403,0.9517854140516528,False,-0.0168652279662799,False,-0.0209391885593584
595869,CATHAY BANK,12,2021-06-28,2021-06-28,-0.0959194889625849,0.001813763479425,1.0246658578878396,200,False,-0.4375,-0.0526,16,2021-03-31,False,31,0.4106220981433051,16.771194600066142,0.0158235848896546,0.0061594861946402,0.1299447792026817,0.9820906710620912,False,-0.0175115904929237,False,-0.0235458270594542
1718188,NORTHRIM BANK,12,2021-06-28,2021-06-28,-0.0754012692298607,0.0023821954877667,0.9572660626036308,200,False,-0.4375,-0.0526,16,2021-03-31,False,51,0.3471445556502843,14.66367233078593,0.0220969019633031,0.0086250029072038,0.0869021774038152,0.9730482465087508,False,0.0148891585658208,False,0.0113720258742129
463735,HANCOCK WHITNEY BANK,12,2021-06-28,2021-06-28,-0.1164750676431349,0.0035276504751242,1.471595395483328,200,False,-0.4375,-0.0526,16,2021-03-31,False,41,0.4628808399111372,17.372285429647167,0.0126570136685408,0.0052927594424839,0.0991752233539459,0.9321165893902508,False,-0.0157795073807248,False,-0.0155692598983987
339858,"BOKF, NATIONAL ASSOCIATION",12,2021-06-28,2021-06-28,-0.0828829617763562,0.0015957129459473,0.9258546019207402,200,False,-0.4375,-0.0526,16,2021-03-31,False,41,0.6133604010693584,17.67072849652984,0.0126537209970822,0.0129136807037729,0.1077929379024,0.9026800432693598,False,-0.0063143454787441,False,0.0013103411290852
693345,"FIRST FINANCIAL BANK, NATIONAL ASSOCIATION",12,2021-06-28,2021-06-28,-0.0759995171027887,0.0008438644528951,0.6091256656647336,200,False,-0.4375,-0.0526,16,2021-03-31,False,51,0.3013391210540111,15.331503130698367,0.0100010123104415,0.0062863258274457,0.1224755096631729,0.9566119554285792,False,-0.0124169311769676,False,-0.0191186015823432
702117,"NBT BANK, NATIONAL ASSOCIATION",12,2021-06-28,2021-06-28,-0.0813232737374245,0.0007101799131741,0.8460624972386864,200,False,-0.4375,-0.0526,16,2021-03-31,False,41,0.3228574803345197,16.252858684801314,0.0134835828325172,0.0059666624491109,0.1145845859562675,0.9735074871410996,False,-0.0179239399073129,False,-0.0207440969472271
677176,TRUSTCO BANK,12,2021-06-28,2021-06-28,-0.0689834144561342,0.0006908583499656,0.7590737726019486,200,False,-0.4375,-0.0526,16,2021-03-31,False,41,0.100367160860455,15.615075154450288,0.0099189451190289,0.0050616372448802,0.0916506890839015,0.941766686978101,False,-0.0164898487972195,False,-0.0190407467546969
749242,RENASANT BANK,12,2021-06-28,2021-06-28,-0.1149632530206342,0.0024095051391746,0.7274992628741199,200,False,-0.4375,-0.0526,16,2021-03-31,False,41,0.4330001781069008,16.56411545386535,0.0156957148995469,0.0050136679531849,0.1499699375653934,0.9691603586940069,False,-0.0155650417444293,False,-0.0026753710834391
936426,S & T BANK,12,2021-06-28,2021-06-28,-0.0922914503536888,0.0012452822836608,0.9578752889770848,200,False,-0.4375,-0.0526,16,2021-03-31,False,41,0.3012337125989725,16.047672006403566,0.0141751240264339,0.0187898435261331,0.1267571238549745,0.9687162949367054,False,-0.0221855271434924,False,-0.0236860984177549
42420,FIRST COMMONWEALTH BANK,12,2021-06-28,2021-06-28,-0.0958633259652283,0.0026519580870028,0.983560644690306,200,False,-0.4375,-0.0526,16,2021-03-31,False,41,0.2355975927603806,16.05550264940295,0.0175721797029507,0.0066242080820873,0.1180487236748659,0.9521561982309876,False,-0.01801497024699,False,-0.0268659372053303
143662,UMPQUA BANK,12,2021-06-28,2021-06-28,-0.0876532488068055,0.0011620147786175,1.0735074473107418,200,False,-0.4375,-0.0526,16,2021-03-31,False,41,0.3726341778855302,17.21800759470877,0.0147221871289721,0.0024327183243452,0.0969321064622125,0.9596429718139716,False,-0.0177515037841208,False,-0.0202754042232133
61122,FIRST UNITED BANK & TRUST,12,2021-06-28,2021-06-28,-0.0621717856681601,0.0018238534476182,0.6446535250076618,200,False,-0.4375,-0.0526,16,2021-03-31,False,41,0.320065049092629,14.383291208221742,0.0132128203805713,0.0065758626863931,0.0835838981787596,0.9100908171065684,False,-0.0132566422493648,False,-0.0184389132514813
936855,"UMB BANK, NATIONAL ASSOCIATION",12,2021-06-28,2021-06-28,-0.0876372582039489,0.0028232858807616,0.9107745170173625,200,False,-0.4375,-0.0526,16,2021-03-31,False,31,0.7644441784010527,17.353836969652498,0.009436523003501,0.0047541054810603,0.0817916757582052,0.901514108720932,False,-0.0050632364366289,False,0.0016994790342028
577128,PEOPLES BANK,12,2021-06-28,2021-06-28,-0.0663536455369428,0.0018048816599776,0.8433247374512556,200,False,-0.4375,-0.0526,16,2021-03-31,False,41,0.3859117470539658,15.451303894872437,0.0130319707943599,0.0075583184587923,0.1089474706386191,0.9456154940575972,False,-0.0194090168351926,False,-0.0186474197793858
317342,STOCK YARDS BANK & TRUST COMPANY,12,2021-06-28,2021-06-28,-0.0507461598983706,0.0005284296655249,0.7673913104444651,200,False,-0.4375,-0.0526,16,2021-03-31,False,41,0.3046913628422857,15.382123846954745,0.0188109670242361,0.0039236122932896,0.0897614540089266,0.9638331677523458,False,-0.0165353018399241,False,-0.0142483483717924
584724,UNIFIED BANK,12,2021-06-28,2021-06-28,-0.02114353918355,0.0023404694053859,-0.273655853026127,200,False,-0.4375,-0.0526,16,2021-03-31,False,51,0.1587480087744496,13.508864466486084,0.0145180599284424,0.0066261512993433,0.116788579053717,0.9426476810289784,False,-0.0113754410039844,False,-0.0157388867743249
1386251,BANCFIRST,12,2021-06-28,2021-06-28,-0.1131203067651105,0.0022794635582784,1.0084394677628972,200,False,-0.4375,-0.0526,16,2021-03-31,False,41,0.2820856459848744,16.065275507318947,0.0162998157399299,0.0069586507949292,0.0990169633544061,0.9942666282873952,False,0.0132440846463141,False,-0.0010210759786549
100562,TRI COUNTIES BANK,12,2021-06-28,2021-06-28,-0.0883453123220243,0.0016891854896188,0.861910462900135,200,False,-0.4375,-0.0526,16,2021-03-31,False,41,0.294495822796108,15.897612682153468,0.0170490791220838,0.0058222013722869,0.1228706572103594,0.9761761716518644,False,-0.0104064797452014,False,-0.0081463231299411
37640,GERMAN AMERICAN BANK,12,2021-06-28,2021-06-28,-0.0904499710796423,0.0011408029766395,0.6189388547882769,200,False,-0.4375,-0.0526,16,2021-03-31,False,41,0.3822124793607803,15.466150680627477,0.0156197879820678,0.0066951643271541,0.1128968426854888,0.9617778639341632,False,-0.0014414126931096,False,-0.0067365011630953
981275,PREMIER BANK,12,2021-06-28,2021-06-28,-0.109210563810131,0.0020280913953938,1.2263136276528213,200,False,-0.4375,-0.0526,16,2021-03-31,False,41,0.2344992054590007,15.82690850958979,0.0208050621922732,0.0086874432451683,0.1320069501849002,0.9893637749588804,False,-0.0186401943296893,False,-0.0209313244201479
435077,"PATHWARD, NATIONAL ASSOCIATION",12,2021-06-28,2021-06-28,-0.0592800839337545,0.0039429949266586,1.0387506438502214,200,False,-0.4375,-0.0526,16,2021-03-31,False,41,0.0179090368895575,16.09717707522324,0.0247605761143152,0.0116655204090233,0.0941978172747497,0.9747000281980204,False,-0.0374390185993839,False,-0.0425033270272743
2142155,QUAD CITY BANK AND TRUST COMPANY,12,2021-06-28,2021-06-28,-0.076254926255129,0.0012919190387651,0.8848464303774667,200,False,-0.4375,-0.0526,16,2021-03-31,False,41,0.765606257001685,14.560728705446085,0.0136010187474399,0.0030099506929263,0.0954529899601357,0.9662764699801816,False,-0.016200078707045,False,-0.0066736054253526
921178,RIVERVIEW BANK,12,2021-06-28,2021-06-28,0.0061177260094807,0.0013270144343592,0.6481161214091494,200,False,-0.4375,-0.0526,16,2021-03-31,False,41,0.2533522871308726,14.25254086838599,0.0092112734101025,0.0006053634566147,0.1085612520613938,0.983403689437888,False,0.0069605353144279,False,0.0026833739988246
693224,ATLANTIC UNION BANK,12,2021-06-28,2021-06-28,-0.0887432478409075,0.0019644071507591,1.0770526214637088,200,False,-0.4375,-0.0526,16,2021-03-31,False,41,0.3809613242340046,16.801232545367814,0.0119997214252984,0.0036059419488174,0.1450719675722078,0.9684592379379018,False,-0.0190622552134037,False,-0.0138660327559413
470050,"FIRST FINANCIAL BANK, NATIONAL ASSOCIATION",12,2021-06-28,2021-06-28,-0.0476891162771723,0.001695200181228,0.9092414280422372,200,False,-0.4375,-0.0526,16,2021-03-31,False,41,0.4282632305012648,16.305878186096464,0.0182653139960007,0.0073012696625647,0.12636934532909,0.9050630515678104,False,-0.0127317215769752,False,-0.0205081710026149
936136,OLD SECOND NATIONAL BANK,12,2021-06-28,2021-06-28,-0.0917305807442354,0.002008658326253,0.8014803021746145,200,False,-0.4375,-0.0526,16,2021-03-31,False,41,0.2313487700618864,14.969171480896186,0.0164945409391704,0.0106187295644602,0.1141891414409093,0.9601420602872974,False,-0.0102529154140186,False,-0.0137274033387048
694904,"FLAGSTAR BANK, NATIONAL ASSOCIATION",12,2021-06-28,2021-06-28,-0.0234746106984664,0.0002361459993226,0.6915281467292079,200,False,-0.4375,-0.0526,16,2021-03-31,False,41,0.3554462533028021,17.869607717501054,0.0107325119697695,0.0007668275106129,0.1266049065618639,0.6822423510332627,False,0.0019322331588067,False,0.0039885188949872
229801,VALLEY NATIONAL BANK,12,2021-06-28,2021-06-28,-0.076495892934128,0.00247964139302,0.977609192121226,200,False,-0.4375,-0.0526,16,2021-03-31,False,41,0.490020101286844,17.532924139033863,0.0114994470672087,0.0063615930794382,0.1233013762517218,0.9059389269204702,False,-0.0224982521293608,False,-0.0103947298661955
481177,LANDMARK NATIONAL BANK,12,2021-06-28,2021-06-28,-0.0166424571091874,0.0007335625178589,0.8299832700810987,200,False,-0.4375,-0.0526,16,2021-03-31,False,41,0.2790668292986542,14.03510140589471,0.0172162557293184,0.0148635428262996,0.1173040069301771,0.97908240158551,False,-0.0053705372663357,False,-0.006494138539343
272272,SOUTHERN BANK,12,2021-06-28,2021-06-28,-0.0662876270172081,0.0029120450958752,0.7616599950029033,200,False,-0.4375,-0.0526,16,2021-03-31,False,51,0.1621240034398046,14.815657026361231,0.0172127650183177,0.0031136641795446,0.1004432298026983,0.9690444948840922,False,-0.0153940507113896,False,-0.0360019485125489
764030,AMERIS BANK,12,2021-06-28,2021-06-28,-0.1081488999543823,0.0033190359326716,1.0711444324078854,200,False,-0.4375,-0.0526,16,2021-03-31,False,41,0.4023055014904123,16.875999094573345,0.0245946441319489,0.0047355157410924,0.1386340290240233,0.9810906631293068,False,-0.023457124015108,False,-0.018971813129853
2236821,"PATRIOT BANK, NATIONAL ASSOCIATION",12,2021-06-28,2021-06-28,-0.0051253482176416,0.0016055882013352,0.7589648571172115,200,False,-0.4375,-0.0526,16,2021-03-31,False,51,0.3064842354030311,13.69488072402011,0.0054830870456991,0.0361719192647589,0.1043670644725292,0.8762821925918461,False,-0.0249252383667196,False,-0.0065660369198314
268677,CARVER FEDERAL SAVINGS BANK,12,2021-06-28,2021-06-28,-0.1318618518798237,0.0017324394902243,0.5931209868631351,200,False,-0.4375,-0.0526,16,2021-03-31,False,41,0.2020560883715932,13.43516772622534,-0.0028904651220621,0.0147224267290941,0.0928415641863179,0.9304370821629326,False,-0.0172337850810435,False,-0.0004582383491034
112837,"CAPITAL ONE, NATIONAL ASSOCIATION",12,2021-06-28,2021-06-28,-0.0472200328827541,0.0033679708453152,1.0315326196058634,200,False,-0.4375,-0.0526,16,2021-03-31,False,31,0.3046195242545087,19.7287661816548,0.0146971056192061,0.0073131903976736,0.1144901625396638,0.9362841099348728,False,-0.0323533217727303,True,-0.038154888354481
1002878,NORTHWEST BANK,12,2021-06-28,2021-06-28,-0.0421791038237811,0.001402447136923,0.7295619893715878,200,False,-0.4375,-0.0526,16,2021-03-31,False,41,0.2092516043390933,16.482924441751596,0.0116953282425194,0.0216151867827314,0.1083153725481809,0.9683335431811038,False,-0.0184023696378016,False,-0.0132439230463765
697763,WESTAMERICA BANK,12,2021-06-28,2021-06-28,-0.0480557567761263,-0.0002879489326891,0.6641704638508398,200,False,-0.4375,-0.0526,16,2021-03-31,False,41,0.3466448328622157,15.742271234942518,0.0115318711521051,0.0031713862583052,0.0998708503823012,0.958680187459364,False,0.0100093683837332,False,0.033136373748524
749635,AUBURNBANK,12,2021-06-28,2021-06-28,0.010983979111078,-0.002046702118134,0.6225148948897595,200,False,-0.4375,-0.0526,16,2021-03-31,False,51,0.3768551696074331,13.80843659639186,0.0075331008277347,0.0016905750978072,0.1002134042868177,0.9902019600556946,False,0.0033150997456149,False,-0.0033009133191314
959304,FLUSHING BANK,12,2021-06-28,2021-06-28,-0.0892869360180546,0.0031064581593196,0.7712445693064738,200,False,-0.4375,-0.0526,16,2021-03-31,False,41,0.390266070758839,15.914767349409646,0.010438103538644,0.0035125114968668,0.0923692997502605,0.8672466636782441,False,-0.021327681267691,False,-0.0145366293770362
352772,BANNER BANK,12,2021-06-28,2021-06-28,-0.0780365269159712,0.0014780882987455,1.1466087882069018,200,False,-0.4375,-0.0526,16,2021-03-31,False,41,0.3182080154401064,16.595310839290875,0.0121783576144705,0.003629093044106,0.1069496262115903,0.9492683652831116,False,-0.0086181809217554,False,-0.0087680812898825
498317,"OHIO VALLEY BANK COMPANY, THE",12,2021-06-28,2021-06-28,-0.0161969245841753,0.0003219156730618,0.7494453079464767,200,False,-0.4375,-0.0526,16,2021-03-31,False,41,0.3057696669063255,14.0060375247822,0.0095050198902872,0.0073453765328262,0.109614368945199,0.9618747830155226,False,-0.0162120185493118,False,-0.019627042356901
506922,SANDY SPRING BANK,12,2021-06-28,2021-06-28,-0.1055549585466816,0.0026981667603192,0.9988685101433926,200,False,-0.4375,-0.0526,16,2021-03-31,False,41,0.4270542917552687,16.36970583549903,0.0240781665672183,0.0091558932588515,0.1266669652450138,0.956077379325953,False,-0.022098088772084,False,-0.0208093804480615
3317932,CONNECTONE BANK,12,2021-06-28,2021-06-28,-0.1054879960635483,0.0027399984607799,0.9653389099247922,200,False,-0.4375,-0.0526,16,2021-03-31,False,41,0.5510973333393498,15.823655863161868,0.0186584635078276,0.0123059962053382,0.1376502653605187,0.931427675689408,False,-0.014934968098158,False,-0.0061087658151687
276579,"ZIONS BANCORPORATION, NATIONAL ASSOCIATION",12,2021-06-28,2021-06-28,-0.0722360543390797,0.0021120698309625,1.12451951087505,200,False,-0.4375,-0.0526,16,2021-03-31,False,41,0.5343011281723313,18.25958275737803,0.0151163405691854,0.0062085013051304,0.0931973013526436,0.9567992135962468,False,-0.0139818542631828,False,0.0038995069733252
1412712,"COMMUNITY WEST BANK, NATIONAL ASSOCIATION",12,2021-06-28,2021-06-28,-0.0109939587064153,0.0020892949948478,0.3084238871622466,200,False,-0.4375,-0.0526,16,2021-03-31,False,51,0.3971077594455089,13.833209012256027,0.0120842240945674,0.0021940692550977,0.0898378552565392,0.8686980119039652,False,-0.0263008405057456,False,-0.0234271038061045
1929247,"SOUTHSTATE BANK, N.A.",12,2021-06-28,2021-06-28,-0.1114722663179868,0.0023696134648184,1.0407759095697473,200,False,-0.4375,-0.0526,16,2021-03-31,False,41,0.346643226834887,17.494560939622946,0.01541759837337,0.0040652214504812,0.1236809894820497,0.9375350188153748,False,-0.0178741044247954,False,-0.009323603043626
1890525,UNITY BANK,12,2021-06-28,2021-06-28,-0.0430469815299411,0.0019800594124761,0.7077447305475877,200,False,-0.4375,-0.0526,16,2021-03-31,False,51,0.329216391985682,14.507509079067466,0.0160624396807535,0.0085764001745448,0.0922599143817102,0.8984711557762342,False,-0.0245520414788516,False,-0.0208676245435652
876634,CAPITAL CITY BANK,12,2021-06-28,2021-06-28,-0.0802186447984014,0.0006158898271165,0.8770543103415879,200,False,-0.4375,-0.0526,16,2021-03-31,False,41,0.3379750852971515,15.182698804166913,0.0103855438204154,0.0025072342939179,0.0881056269638847,0.9508912553359632,False,0.0047691869752582,False,0.0089786878002194
2239288,"WINTRUST BANK, NATIONAL ASSOCIATION",12,2021-06-28,2021-06-28,-0.0918906876592888,0.0021602005814826,0.9460874503160924,200,False,-0.4375,-0.0526,16,2021-03-31,False,41,0.526806540653079,15.934373513809442,0.0155540895036693,0.0027852641194088,0.0973612267729914,0.9637070652823644,False,-0.0162611795397977,False,-0.0221513265062217
556815,"PEOPLES BANK, A CODORUS VALLEY COMPANY",12,2021-06-28,2021-06-28,-0.0090556115676994,0.0016590423403483,0.5397882470121336,200,False,-0.4375,-0.0526,16,2021-03-31,False,41,0.2367512028117533,14.637606208081118,0.0076281291437517,0.0252870690510488,0.0990109714789015,0.9691783411309438,False,-0.0186136608102238,False,-0.022322255958766
729310,PATHFINDER BANK,12,2021-06-28,2021-06-28,0.0081543751587103,0.0022639526009331,0.0034250819979268,200,False,-0.4375,-0.0526,16,2021-03-31,False,51,0.2699003260380307,14.078721387071704,0.008405189143656,0.0246661050227835,0.0844853704670121,0.919721078570091,False,-0.0145740731177756,False,-0.0023522987072022
431172,PACIFIC PREMIER BANK,12,2021-06-28,2021-06-28,-0.1112093348876611,0.0029013804795404,1.1312021808042585,200,False,-0.4375,-0.0526,16,2021-03-31,False,41,0.5307495407605511,16.819821380324367,0.0145772107694761,0.0029640600576204,0.1479600575224184,0.9800170622878231,False,-0.0118134031195093,False,-0.0055643399086109
107244,BANK OZK,12,2021-06-28,2021-06-28,-0.0299961864821496,0.0024517839424825,0.6755976723607133,200,False,-0.4375,-0.0526,16,2021-03-31,False,41,0.3065327532176501,17.121550454830295,0.0217643564376762,0.0035062129629906,0.1606929777776735,0.9303582176128936,False,-0.0344947924036653,False,-0.0396220930297663
874845,LAKE CITY BANK,12,2021-06-28,2021-06-28,-0.0799463366431355,0.0010930385052776,0.683509463039126,200,False,-0.4375,-0.0526,16,2021-03-31,False,41,0.528968572999068,15.607841530519854,0.0157350048222432,0.0026091945121685,0.1058176742295654,0.9743488909984814,False,-0.0144595414005938,False,-0.0177543177818393
522605,BAR HARBOR BANK AND TRUST COMPANY,12,2021-06-28,2021-06-28,0.0279505464383263,0.0008671638127529,1.076488125338537,200,False,-0.4375,-0.0526,16,2021-03-31,False,41,0.2020069088058173,15.131547140796949,0.0116783340941164,0.0055672861129808,0.123531424813617,0.8937877542102801,False,-0.0157274800260288,False,-0.0116096774991141
593007,CAMDEN NATIONAL BANK,12,2021-06-28,2021-06-28,-0.0692912551165865,0.0012465503626629,0.8464691916539576,200,False,-0.4375,-0.0526,16,2021-03-31,False,41,0.2235268307562354,15.43850950253978,0.0161846248431663,0.00232567058625,0.1078713887804253,0.94257583578714,False,-0.0136864885143256,False,-0.0141826131463913
786612,MID PENN BANK,12,2021-06-28,2021-06-28,-0.0373192419472894,0.0016935634932244,0.6686095917254826,200,False,-0.4375,-0.0526,16,2021-03-31,False,41,0.3660612370168457,15.033791806518895,0.0124127166170171,0.0023277763598218,0.0873305531986877,0.8683897404922889,False,-0.023900306148765,False,-0.0247657829200462
881478,HERITAGE BANK,12,2021-06-28,2021-06-28,-0.087516829782843,0.0012437613504813,0.8188600861421376,200,False,-0.4375,-0.0526,16,2021-03-31,False,41,0.4217527909730265,15.764688504804928,0.0151321844841569,0.0114863763858803,0.1189587737963967,0.9765143293508256,False,-0.0014860248589772,False,0.0056831326935307
671464,BANK OF HOPE,12,2021-06-28,2021-06-28,-0.11067122139201,0.0023593312607765,1.049295881980937,200,False,-0.4375,-0.0526,16,2021-03-31,False,41,0.5345605543077468,16.66003637986112,0.0107869273588871,0.0098522106460133,0.1358417448924017,0.9639663875364776,False,-0.0201186931337842,False,-0.0121094505116801
606046,CADENCE BANK,12,2021-06-28,2021-06-28,-0.0810408569108308,0.0008073742023496,1.044136931824192,200,False,-0.4375,-0.0526,16,2021-03-31,False,41,0.3661968011544043,17.065991982158884,0.0126428340473202,0.0060591488523837,0.1094920895862337,0.9083521527807064,False,-0.0192973281889898,False,-0.0052697501118349
782306,BROOKLINE BANK,12,2021-06-28,2021-06-28,-0.1035409117157947,0.0020436014976263,0.8127619307145534,200,False,-0.4375,-0.0526,16,2021-03-31,False,41,0.4235664390927738,15.515624291769718,0.0143792115179822,0.00543167766656,0.1084830406771673,0.894470064777965,False,-0.0219106774770163,False,-0.017530312898505
1001152,INTERNATIONAL BANK OF COMMERCE,12,2021-06-28,2021-06-28,-0.0891583762381569,0.0013646315109199,1.0931376887596849,200,False,-0.4375,-0.0526,16,2021-03-31,False,41,0.3571676529385442,16.172269961231205,0.0138535900376311,0.0016697872766233,0.1474007088967124,0.9035084571368004,False,-0.0161250543999092,False,-0.0230882275212746
59316,WAYNE BANK,12,2021-06-28,2021-06-28,0.015352890210647,-0.0003074490778493,0.6342218104076411,200,False,-0.4375,-0.0526,16,2021-03-31,False,51,0.296755203887515,14.514040724224955,0.0112492820004028,0.008275919304336,0.0972292053640475,0.9286724358186887,False,-0.0168216655280655,False,-0.0282524499556764
491934,COLONY BANK,12,2021-06-28,2021-06-28,-0.0118753946599604,0.0016752472344535,0.6448252102674253,200,False,-0.4375,-0.0526,16,2021-03-31,False,51,0.3033529787594696,14.401038006090284,0.0114658746571429,0.0097836884762152,0.0951363577139077,0.9438679596499616,False,-0.012140360619186,False,-0.0016234677211804
361167,SOUTHSIDE BANK,12,2021-06-28,2021-06-28,-0.1067041939604073,0.0016735819762508,0.6816608087721104,200,False,-0.4375,-0.0526,16,2021-03-31,False,41,0.3744882881011254,15.760642976093852,0.0211478695294255,0.0014287968986987,0.1482142259739643,0.8677029439237042,False,-0.0151619802943948,False,-0.0199236568396881
316840,REPUBLIC BANK & TRUST COMPANY,12,2021-06-28,2021-06-28,-0.0545155030730339,0.0009815071368501,0.8907278141874885,200,False,-0.4375,-0.0526,16,2021-03-31,False,41,0.3335526567033499,15.682363430316093,0.016000843549283,0.0047450622045397,0.1206454821797894,0.943814466069518,False,-0.0232605946407203,False,-0.0313312003272455
2209553,HERITAGE BANK OF COMMERCE,12,2021-06-28,2021-06-28,-0.0744396734052952,0.002175186096652,0.9930834781029486,200,False,-0.4375,-0.0526,16,2021-03-31,False,41,0.6231358783554655,15.424793058322544,0.0099847516304033,0.0020657120243054,0.1199668428473784,0.9772691421399156,False,0.0119731658589815,False,0.0106509226185249
821906,SALISBURY BANK AND TRUST COMPANY,12,2021-06-28,2021-06-28,-0.009291525767364,0.0008077564582823,0.593163165837622,200,False,-0.4375,-0.0526,16,2021-03-31,False,51,0.324672627941992,14.154215300688202,0.0134356855285579,0.005384982764083,0.1028964549945158,0.9755988471120602,False,-0.0141076648511813,False,-0.0140953952543984
416245,BUSEY BANK,12,2021-06-28,2021-06-28,-0.0914575875466647,0.0012205098347105,0.9222445508518002,200,False,-0.4375,-0.0526,16,2021-03-31,False,41,0.3628211348909858,16.189501661814333,0.0151349531460017,0.003351445755483,0.1329281318772176,0.9646868225839652,False,8.197239884405274e-05,False,-0.0021780171512724
399517,CNB BANK,12,2021-06-28,2021-06-28,0.0005194585391878,0.0010909744455731,0.8896867786654221,200,False,-0.4375,-0.0526,16,2021-03-31,False,41,0.307832774509483,15.400680162777917,0.0119808553848789,0.0096063901226422,0.09296556088079,0.9885369208860624,False,-0.0189990846826227,False,-0.0231166179595208
664756,PROSPERITY BANK,12,2021-06-28,2021-06-28,-0.0458587616848713,0.0006684546273842,0.8121018807397317,200,False,-0.4375,-0.0526,16,2021-03-31,False,41,0.429409575022258,17.386842451820318,0.0153684931718314,0.0022067443132976,0.1742655317976818,0.9811995779388676,False,0.0021494546583666,False,0.0019362759216056
767974,CFBANK NATIONAL ASSOCIATION,12,2021-06-28,2021-06-28,-0.0519339910919375,0.0030616188742139,0.1368543996700557,200,False,-0.4375,-0.0526,16,2021-03-31,False,51,0.2085872237171516,14.284197070192088,0.0167645663604719,0.0004532146066613,0.0826093595695334,0.9030222533295404,False,-0.0202953631945948,False,-0.0184817794181348
716374,FIRST HARRISON BANK,12,2021-06-28,2021-06-28,-0.0266694470538489,-0.0020425739002096,1.017559254431562,200,False,-0.4375,-0.0526,16,2021-03-31,False,51,0.2465990645574017,13.865516173649343,0.0101286340327049,0.0037602667844451,0.097463370738635,0.9951955813683844,False,0.0070742222925307,False,0.0123611944077624
197478,EAST WEST BANK,12,2021-06-28,2021-06-28,-0.0749906200121266,0.0029870922792938,1.0882274380973065,200,False,-0.4375,-0.0526,16,2021-03-31,False,31,0.6335043690548986,17.85608280820386,0.0145532963537035,0.0057361266977698,0.0893261493004319,0.9643628229625144,False,-0.01286575047623,False,-0.0139063912017444
958727,AMERICAN NATIONAL BANK AND TRUST COMPANY,12,2021-06-28,2021-06-28,-0.1018009321349135,0.0012586220371675,1.054270423979653,200,False,-0.4375,-0.0526,16,2021-03-31,False,41,0.3931859486436059,14.933065627242147,0.0155126791981343,0.0012446351716369,0.1156752372136836,0.9776691861695124,False,-0.0104652809653532,False,-0.0051935105132805
968070,CAPITOL FEDERAL SAVINGS BANK,12,2021-06-28,2021-06-28,-0.0764651897642905,0.0009405552933875,0.568888110340848,200,False,-0.4375,-0.0526,16,2021-03-31,False,41,0.1395986123602723,16.089501610184733,0.0084341511296076,0.0021950430041221,0.1198067442956237,0.7961506995592843,False,-0.0177135245805628,False,-0.0070058531830319
202907,"COMMUNITY BANK, NATIONAL ASSOCIATION",12,2021-06-28,2021-06-28,-0.0786486034110604,0.000983021868679,0.7257136543379763,200,False,-0.4375,-0.0526,16,2021-03-31,False,41,0.4186206297034012,16.484783062433557,0.0118937163864946,0.0102391755251953,0.1112212868832031,0.9698761831284226,False,0.0082339654928668,False,0.007491222392422
601416,FIVE STAR BANK,12,2021-06-28,2021-06-28,-0.0957617909658272,0.0034349525901959,0.8939872877159633,200,False,-0.4375,-0.0526,16,2021-03-31,False,41,0.3126767816386457,15.481635940028172,0.0162566319419837,0.0026466699689705,0.0910548272033638,0.9867293775600092,False,-0.0130083048243531,False,-0.0247835618124001
662369,BANK OF THE SIERRA,12,2021-06-28,2021-06-28,-0.0669174756959906,0.0012066738394989,1.0352881204353936,200,False,-0.4375,-0.0526,16,2021-03-31,False,41,0.3129989753158221,15.017450196809332,0.0138677668211905,0.0037899080512895,0.1116864463411635,0.9699553168967376,False,-0.0014938907324026,False,0.0063714246354098
439404,FIRST NATIONAL BANK,12,2021-06-28,2021-06-28,-0.0665010661082778,0.0009670593114411,0.8215617171631007,200,False,-0.4375,-0.0526,16,2021-03-31,False,41,0.1989154429162307,14.69219605476607,0.0152780656217721,0.0046214745305842,0.0828070990236054,0.8869172206359239,False,-0.012853950463783,False,-0.0214266815987469
2608754,MERCANTILE BANK,12,2021-06-28,2021-06-28,-0.0519642456968444,0.0011915672818226,0.9215268511664392,200,False,-0.4375,-0.0526,16,2021-03-31,False,41,0.4430820046330795,15.361260147739628,0.0132486778712165,0.0008183047209797,0.0981835823055675,0.863997390601438,False,-0.0213916887997085,False,-0.0243758251356513
29636,"CITIZENS BANK OF PHILADELPHIA, THE",12,2021-06-28,2021-06-28,-0.0525715478260838,-0.0011684416776821,0.4810602010990507,200,False,-0.4375,-0.0526,16,2021-03-31,False,51,0.413170915851129,14.25251050818808,0.0050670001602009,0.0106997803408159,0.0671836160965753,0.8530198358507866,False,-0.0077057562247196,False,-0.0078398205359504
2652092,EAGLEBANK,12,2021-06-28,2021-06-28,-0.0433513246174276,0.0022468657737906,0.8443247637528082,200,False,-0.4375,-0.0526,16,2021-03-31,False,41,0.3976725756588321,16.222642765895454,0.0166617471667688,0.0068166363167526,0.1233877228558223,0.9548188249398878,False,-0.012250394119973,False,-0.0046747916396503
1436204,BANK OF MARIN,12,2021-06-28,2021-06-28,-0.0203048145838704,-0.0002723801779199,0.9160774633280988,200,False,-0.4375,-0.0526,16,2021-03-31,False,41,0.4495770157960704,14.933208223301769,0.0132866506246635,0.0043383549222065,0.1083136078613228,0.9811322069504776,False,0.0090072586962107,False,0.0184998197182493
2634351,MACATAWA BANK,12,2021-06-28,2021-06-28,-0.103635732932478,0.0007397478925413,0.8092212868108253,200,False,-0.4375,-0.0526,16,2021-03-31,False,51,0.4116916944331606,14.82111973682763,0.0117823858307006,0.0003770831148645,0.0932355174840831,0.966340098422322,False,0.0242106096454786,False,0.0348317759561162
754929,"NATIONAL BANK OF BLACKSBURG, THE",12,2021-06-28,2021-06-28,-0.024549808238564,0.0011341267287621,0.5466099293076203,200,False,-0.4375,-0.0526,16,2021-03-31,False,41,0.3419391385829626,14.25504982507284,0.011775833896051,0.0047487509361566,0.1096539157418337,0.9862434053885846,False,0.0031870364014207,False,-0.0097890894922004
687009,LAKELAND BANK,12,2021-06-28,2021-06-28,-0.0498830007762289,0.0022902030387173,0.9045949495095164,200,False,-0.4375,-0.0526,16,2021-03-31,False,41,0.4123737980462787,15.865905167624648,0.0130480543798474,0.0050941249482829,0.1085971668648187,0.9625561313006872,False,-0.0193635880804353,False,-0.0113337315963972
2634191,GLACIER BANK,12,2021-06-28,2021-06-28,-0.0754028072738416,0.0018673292888874,1.0133922383345426,200,False,-0.4375,-0.0526,16,2021-03-31,False,41,0.281834511529812,16.79912419659196,0.016764537233243,0.0029520593291923,0.1183784273466035,0.9307129604754064,False,-0.0059205939404313,False,0.0038236957035506
186221,"OLD POINT NATIONAL BANK OF PHOEBUS, THE",12,2021-06-28,2021-06-28,-0.0409003135333461,0.0019828304000221,0.0860519678582833,200,False,-0.4375,-0.0526,16,2021-03-31,False,41,0.2601523675595385,14.038936469411109,0.0094021448342987,0.0027516916538548,0.0886949525454011,0.9760639534934744,False,-0.0137825305117136,False,-0.0105365029205011
474919,"FULTON BANK, NATIONAL ASSOCIATION",12,2021-06-28,2021-06-28,-0.0827804715535943,0.0023087646028965,0.8614568427542634,200,False,-0.4375,-0.0526,16,2021-03-31,False,41,0.3548148118822528,17.063645373144624,0.014279076512295,0.0080051553465109,0.1184516632383897,0.9591073609046272,False,-0.0187881229994057,False,-0.0116237099122019
473501,BERKSHIRE BANK,12,2021-06-28,2021-06-28,-0.0532925891545951,0.0039435382094389,1.016202195414534,200,False,-0.4375,-0.0526,16,2021-03-31,False,41,0.3519454424616397,16.361385927223065,0.004317572901185,0.0082106046986505,0.0921064185909978,0.9486828029952952,False,-0.006071137505635,False,-0.0052978606373965
508346,HAWTHORN BANK,12,2021-06-28,2021-06-28,-0.0448179521241165,0.0004919567490912,1.086029182620768,200,False,-0.4375,-0.0526,16,2021-03-31,False,41,0.2389428992958245,14.360159470343472,0.0145591393982493,0.0266925433511138,0.103206896971757,0.9035486011665677,False,-0.0179785636070978,False,-0.0224477178060989
236706,PEAPACK-GLADSTONE BANK,12,2021-06-28,2021-06-28,-0.0930966956284212,0.0024445076309362,0.9938964051777316,200,False,-0.4375,-0.0526,16,2021-03-31,False,41,0.5714792742630718,15.602373056579625,0.0100283216847634,0.00391727200763,0.0997521224515089,0.9409139077578867,False,-0.0165559182455959,False,-0.0163614481640267
657365,HANMI BANK,12,2021-06-28,2021-06-28,-0.122245670667199,0.0037485463634305,0.7460469066900169,200,False,-0.4375,-0.0526,16,2021-03-31,False,41,0.4115944265352647,15.677646163749095,0.0126409909483073,0.0113525745774332,0.1069298963723326,0.960387795541294,False,-0.0176250759068114,False,-0.018884309570469
636771,INDEPENDENT BANK,12,2021-06-28,2021-06-28,-0.08173663582686,0.0016567518205552,0.9448909252060492,200,False,-0.4375,-0.0526,16,2021-03-31,False,41,0.1892371320699406,15.302899473454312,0.0200527621016715,0.0026352678298667,0.0930895204523757,0.9791292258359484,False,-0.0050151155965604,False,-0.0082808602508762
2353595,FIRST COMMUNITY BANK,12,2021-06-28,2021-06-28,-0.1050464469691639,0.0014621644773528,0.822640929350706,200,False,-0.4375,-0.0526,16,2021-03-31,False,51,0.1559001441875152,14.959548945977147,0.018532079641437,0.0122405247270152,0.1303116084144178,0.9835455064208638,False,-0.0151104451513525,False,-0.0217290485170049
780218,"UNION BANK COMPANY, THE",12,2021-06-28,2021-06-28,0.0794921515912076,0.0023926541708838,0.3720360716038398,200,False,-0.4375,-0.0526,16,2021-03-31,False,51,0.1776104450408656,13.84213301452438,0.0170480437788467,0.001338945901083,0.1267950690373717,0.9917648344491974,False,-0.0012814562830589,False,-0.0055661017586011
542528,CIVISTA BANK,12,2021-06-28,2021-06-28,-0.0591332285908572,0.0018572178450187,1.079490609427796,200,False,-0.4375,-0.0526,16,2021-03-31,False,41,0.3047332501357136,14.93184979177833,0.0143447769967465,0.002105255025572,0.1131169041689385,0.9255877941288262,False,-0.0170280420963275,False,-0.010426509256074
933023,"SHORE UNITED BANK, NATIONAL ASSOCIATION",12,2021-06-28,2021-06-28,-0.051776047352758,0.0020603096067536,0.9854383786359824,200,False,-0.4375,-0.0526,16,2021-03-31,False,51,0.1711403695520524,14.527746385506909,0.008896545769922,0.0041518362364712,0.1006674371512216,0.9889736103012609,False,-0.0148514407767525,False,-0.0091831107214406
1162017,UNITED SECURITY BANK,12,2021-06-28,2021-06-28,-0.0100757057529165,0.0007961254388074,0.5522546507196148,200,False,-0.4375,-0.0526,16,2021-03-31,False,51,0.5289570916511367,13.98645851320233,0.0075453314104763,0.0172293395444551,0.1062263312848893,0.990813835169592,False,-0.0127012428542406,False,-0.0117799094349245
628123,"BANK OF GLEN BURNIE, THE",12,2021-06-28,2021-06-28,0.036644294233488,0.0023143425401359,0.1455336409231067,200,False,-0.4375,-0.0526,16,2021-03-31,False,41,0.0828692147791608,12.986951360370892,0.0058716033324325,0.0180593308568257,0.0764224439976367,0.9148859674787878,False,0.006400903483846,False,0.0161945903378815
333203,UNION BANK,12,2021-06-28,2021-06-28,-0.0141602071251999,0.002550982163663,0.3640715458348956,200,False,-0.4375,-0.0526,16,2021-03-31,False,41,0.181441516986595,13.91389872318035,0.0108393126280711,0.0072959400071997,0.0717551620413797,0.9873571713806742,False,-0.0066791957447105,False,-0.0030754724709081
2925666,PINNACLE BANK,12,2021-06-28,2021-06-28,-0.075979816886204,0.0031307202770511,0.9473378078633572,200,False,-0.4375,-0.0526,16,2021-03-31,False,41,0.4554083551436797,17.37500888090606,0.014168048135581,0.003233468381792,0.1435275140436654,0.9500670789818426,False,-0.0190322118977702,False,-0.0081694133228202
139740,WEST BANK,12,2021-06-28,2021-06-28,-0.024901247624209,0.0019535948891177,0.7758186654666266,200,False,-0.4375,-0.0526,16,2021-03-31,False,41,0.4507575249814938,14.969716481288147,0.0152798167683219,0.0107595960770245,0.0820172385089219,0.922443125027049,False,-0.015774018229613,False,-0.016394526690766
494261,PACIFIC WESTERN BANK,12,2021-06-28,2021-06-28,-0.0518394113482254,0.0013254039485303,1.113029074004937,200,False,-0.4375,-0.0526,16,2021-03-31,False,41,0.5923167894344746,17.30618922499067,0.0173153021533698,0.0049023923011446,0.119299726416007,0.9813865386667966,False,-0.0199655718948071,False,-0.0051787949036572
2760232,VILLAGE BANK,12,2021-06-28,2021-06-28,0.0184633401050819,0.0023649033981078,0.2499848107657827,200,False,-0.4375,-0.0526,16,2021-03-31,False,51,0.2668740670201266,13.48165050661446,0.0225370520865623,0.0066627490118317,0.0916199588356694,0.9556122605835152,False,-0.0099964926062443,False,-0.0115328213065791
2328137,FIRST COMMUNITY BANK,12,2021-06-28,2021-06-28,-0.0051783003877402,0.0013242344260623,0.5919980913163992,200,False,-0.4375,-0.0526,16,2021-03-31,False,41,0.2656322542192107,14.215785554045375,0.0093041645585313,0.0050641647601356,0.0961282907852985,0.9453813754412292,False,-0.0087629933296706,False,0.000302208434484
204004,PROVIDENT BANK,12,2021-06-28,2021-06-28,-0.0940853858680177,0.0022623056412474,0.823563149146033,200,False,-0.4375,-0.0526,16,2021-03-31,False,41,0.4534683509364954,16.390034623571,0.0149052168792407,0.0083728972893045,0.1211362774549985,0.8970251434545787,False,-0.0192600814394927,False,-0.0115192781932988
3465226,HTLF BANK,12,2021-06-28,2021-06-28,-0.1124019924800412,0.0011835692992841,1.0180729735914853,200,False,-0.4375,-0.0526,16,2021-03-31,False,41,0.4234843052542889,14.783330176471948,0.0114155502680458,0.004785039647175,0.1442375747426391,0.9905808428452008,False,0.0049562238917984,False,0.0076507172583605
2953418,OPTIMUMBANK,12,2021-06-28,2021-06-28,-0.0461044980103263,0.0020182727341292,0.617478115979777,200,False,-0.4375,-0.0526,16,2021-03-31,False,41,0.5394859001033151,12.438675317964892,0.0101911433733794,0.0,0.0908763115351697,0.9154292388893004,False,-0.0185191832208396,False,-0.016070309506327
2618780,TEXAS CAPITAL BANK,12,2021-06-28,2021-06-28,-0.0803257832907457,0.0029875303562636,0.9249370525394132,200,False,-0.4375,-0.0526,16,2021-03-31,False,41,0.7953079221490619,17.50527399624905,0.0074038522181945,0.0048953295464494,0.0729864276280664,0.9087643051004632,False,0.0047207506463947,False,0.0051358936514617
354310,UNIVEST BANK AND TRUST CO.,12,2021-06-28,2021-06-28,-0.0857496901887533,0.0023717501866215,0.9708469770530228,200,False,-0.4375,-0.0526,16,2021-03-31,False,41,0.4278461794548637,15.671527102477732,0.0218667784481226,0.0056384734412453,0.1147591689473866,0.9652085374386448,False,-0.0170681702604492,False,-0.0194272369833061
703767,CENTRAL VALLEY COMMUNITY BANK,12,2021-06-28,2021-06-28,-0.0197561669663152,0.0012759981272552,0.6913049189553936,200,False,-0.4375,-0.0526,16,2021-03-31,False,41,0.445493884897884,14.604152446756672,0.0139247029866306,0.0034695599537758,0.1116030405297931,0.9838958192869574,False,0.0067390097771998,False,0.0067237302865851
2942690,SIGNATURE BANK,12,2021-06-28,2021-06-28,-0.0742196267161807,0.0033696929662591,1.0047985127309396,200,False,-0.4375,-0.0526,16,2021-03-31,False,41,0.8543853427919946,18.262648135848448,0.0089261234022634,0.0027027758413312,0.077796138618785,0.939588306491398,True,-0.0061966218590513,False,0.0125920275589539
2849801,SOUTHERN FIRST BANK,12,2021-06-28,2021-06-28,-0.0948985390784895,0.002912540665942,0.8051672304814768,200,False,-0.4375,-0.0526,16,2021-03-31,False,41,0.4962898861967936,14.763097998521085,0.0166157584535481,0.0034823084183679,0.1026238244234591,0.9824716396451818,False,-0.0176819572642997,False,-0.0085758726134658
2858960,"BANCORP BANK NATIONAL ASSOCIATION, THE",12,2021-06-28,2021-06-28,-0.1106383201625157,0.0038873510671694,1.1515164682418413,200,False,-0.4375,-0.0526,16,2021-03-31,False,41,0.1890195800239141,15.863626150668113,0.0153586670513642,0.0086041686110212,0.077640847863426,0.981654819413405,False,-0.0091461265900908,False,-0.027675160093887
895710,CITIZENS & NORTHERN BANK,12,2021-06-28,2021-06-28,-0.0443820927082396,0.0009918002651899,0.7372095321510653,200,False,-0.4375,-0.0526,16,2021-03-31,False,51,0.2919231792825137,14.655806677559458,0.0155559669977337,0.0144615586174846,0.1264394901627196,0.9541857411196956,False,-0.0208720579212028,False,-0.0196418706389245
2372774,"SUMMIT COMMUNITY BANK, INC.",12,2021-06-28,2021-06-28,-0.075710954583828,0.001484234576455,0.9245887440818196,200,False,-0.4375,-0.0526,16,2021-03-31,False,41,0.2196398765035516,14.9929263252402,0.0137154475927879,0.0103170675578527,0.1045695053104229,0.9393004409014828,False,-0.0204231039558303,False,-0.0274853251209306
1356768,ENTERPRISE BANK AND TRUST COMPANY,12,2021-06-28,2021-06-28,-0.0254261366225159,0.0012372236555035,1.0083013006479176,200,False,-0.4375,-0.0526,16,2021-03-31,False,41,0.3230016236599848,15.264253993221908,0.011413510528186,0.0114312114100365,0.0909947740138537,0.9902778240701624,False,-0.0139326283966424,False,-0.0223212012934356
1190476,ENTERPRISE BANK & TRUST,12,2021-06-28,2021-06-28,-0.077963750143505,0.001623005664172,1.0099824369138697,200,False,-0.4375,-0.0526,16,2021-03-31,False,41,0.4799016415543781,16.13359934518647,0.0128472678632703,0.0050994119478514,0.117291479281959,0.9614204249415308,False,-0.0166686178804146,False,-0.0187605060026633
633378,KEARNY BANK,12,2021-06-28,2021-06-28,-0.0828988857174643,0.0022706757996865,0.5953804559461144,200,False,-0.4375,-0.0526,16,2021-03-31,False,41,0.1962132674525876,15.80872132699453,0.0089313890334729,0.0148681842965342,0.1319460530367649,0.853294771375202,False,-0.0202467796242904,False,0.0001234972998595
1918344,PREFERRED BANK,12,2021-06-28,2021-06-28,-0.0781059288905793,0.0021180803985129,0.8233888879507549,200,False,-0.4375,-0.0526,16,2021-03-31,False,41,0.5933647729974255,15.51115387267763,0.0155547983899895,0.0052673023128611,0.0989456989356808,0.9618958468152972,False,-0.0217295683423094,False,-0.0221508808136698
3138146,WESTERN ALLIANCE BANK,12,2021-06-28,2021-06-28,-0.0624967099460895,0.0042878445888207,1.0895086028122474,200,False,-0.4375,-0.0526,16,2021-03-31,False,41,0.7284853752749547,17.58715478081045,0.0153765179297814,0.0039492928189138,0.0851017399879635,0.9739531377944208,False,-0.0194486192675623,False,-0.0082739910871124
537449,FIRST BUSINESS BANK,12,2021-06-28,2021-06-28,-0.0334905800384336,0.0025796347906656,0.8224408251876036,200,False,-0.4375,-0.0526,16,2021-03-31,False,41,0.4503321453547726,14.777566311446137,0.0164932476039052,0.0084721870304877,0.0923142704191059,0.8012000111135528,False,-0.0208753934446622,False,-0.0168697480094645
310978,WATERSTONE BANK,12,2021-06-28,2021-06-28,-0.0471380389220696,0.0010583753928393,0.5174616470986368,200,False,-0.4375,-0.0526,16,2021-03-31,False,41,0.1159197090783204,14.60126882450434,0.0389395051206205,0.0024929698845659,0.1732483466799144,0.7134117735264073,False,-0.0216454610665894,False,-0.0243812694350814
220527,PEOPLES BANK,12,2021-06-28,2021-06-28,0.0227523529563519,0.0008097072300563,0.971797630514698,200,False,-0.4375,-0.0526,16,2021-03-31,False,41,0.2979490212595626,14.244214213892754,0.011156372902155,0.0037507901797875,0.0976899117156245,0.9666364923921849,False,-0.0013568356008304,False,-0.0011250430244896
2954059,BCB COMMUNITY BANK,12,2021-06-28,2021-06-28,-0.0217724276424303,0.0018987160848645,0.9679717375698628,200,False,-0.4375,-0.0526,16,2021-03-31,False,41,0.3498870853124416,14.86338132981215,0.0105682021817431,0.0068408072152514,0.1013216214349062,0.9384487992298588,False,-0.021079043922725,False,-0.0202595160182626
2385514,"FIRST BANK, THE",12,2021-06-28,2021-06-28,-0.0791240025001095,0.0019629625212236,1.0296816359169851,200,False,-0.4375,-0.0526,16,2021-03-31,False,41,0.3909343867844129,15.508654858590932,0.0137293002839301,0.0101165652404459,0.1341297823545382,0.9933270240443391,False,-0.008057377130006,False,-0.0077014180970995
456045,CENTENNIAL BANK,12,2021-06-28,2021-06-28,-0.0900085625111839,0.0016803137215716,1.0164380407953932,200,False,-0.4375,-0.0526,16,2021-03-31,False,41,0.4477461979436236,16.66078847851684,0.0215190447242121,0.0058776300288333,0.1625172465498182,0.9517011539129075,False,-0.0198930677655662,False,-0.0109563255029057
561574,SUMMIT STATE BANK,12,2021-06-28,2021-06-28,0.0783721942195631,0.0022604451205608,0.3553002721511628,200,False,-0.4375,-0.0526,16,2021-03-31,False,51,0.3927709811614118,13.697014142913307,0.0149371520565603,0.0006133309518055,0.0850082465057894,0.919535746715456,False,-0.0195710692615911,False,-0.018717515474195
522847,"LIMESTONE BANK, INC",12,2021-06-28,2021-06-28,-0.0168472409342591,0.0015971239037138,0.3676898617481177,200,False,-0.4375,-0.0526,16,2021-03-31,False,51,0.1593055559113916,14.11884105270339,0.0114533632810134,0.0020390963003069,0.1141585484530723,0.9759958324650968,False,-0.018319304500482,False,-0.0286994288367177
663245,SIMMONS BANK,12,2021-06-28,2021-06-28,-0.1017716086192648,0.0021035025073848,1.0070519988481024,200,False,-0.4375,-0.0526,16,2021-03-31,False,41,0.4110648452030806,16.963447519130284,0.0128234443438631,0.0094229038329673,0.1317357789564406,0.9092683561792338,False,-0.0128627151169667,False,-0.0057483728048818
30810,DISCOVER BANK,12,2021-06-28,2021-06-28,-0.0560086018867835,0.0028390247134021,1.264821954862693,200,False,-0.4375,-0.0526,16,2021-03-31,False,31,0.0947168827854651,18.536647259623766,0.0563198132019634,0.0106302780591286,0.101218694439999,0.786912503880188,False,-0.0488497303672009,True,-0.085386061965178
768074,FIRST FINANCIAL NORTHWEST BANK,12,2021-06-28,2021-06-28,-0.0256191566871469,0.0023114471092609,0.2156651457201603,200,False,-0.4375,-0.0526,16,2021-03-31,False,51,0.3315894369706029,14.173220665935798,0.0078934247799554,0.0018262029158223,0.0996083356467706,0.8978150148414965,False,-0.0181562009658657,False,-0.0098608459192504
2797724,TOWNEBANK,12,2021-06-28,2021-06-28,-0.0841019652896878,0.0022072983962581,0.8987837364115767,200,False,-0.4375,-0.0526,16,2021-03-31,False,41,0.4700703682130366,16.52883993300719,0.0183017928369416,0.0012475904987725,0.119382492549271,0.9212365293457256,False,-0.0100030926294934,False,-0.0024450599699759
28013,NORTHFIELD BANK,12,2021-06-28,2021-06-28,-0.0694956700857838,0.0021140462555319,0.7367327430083375,200,False,-0.4375,-0.0526,16,2021-03-31,False,41,0.3273618844047308,15.534894297429812,0.013431789643883,0.0034713826415612,0.1177089485060977,0.8596557783086882,False,-0.0193668149128005,False,-0.0207106394826041
836843,MIDWESTONE BANK,12,2021-06-28,2021-06-28,-0.0873723270074746,0.0018167311477209,1.0576653358135266,200,False,-0.4375,-0.0526,16,2021-03-31,False,41,0.3455305751420802,15.561343359301366,0.0162926791133744,0.0129905101545619,0.1041338607409392,0.9386464325957872,False,-0.0030520663856148,False,0.0041162610346105
676478,MALVERN BANK NA,12,2021-06-28,2021-06-28,-0.0191064224846169,0.0016322073892754,0.3707109137802414,200,False,-0.4375,-0.0526,16,2021-03-31,False,51,0.5425971025183466,14.001745281657222,0.0086162172482059,0.023344884556983,0.1332782714440464,0.8828619424140731,False,-0.0217230514974909,False,-0.0088053985840742
23504,DIME COMMUNITY BANK,12,2021-06-28,2021-06-28,-0.1055304507695591,0.0023116143899762,1.071839670039399,200,False,-0.4375,-0.0526,16,2021-03-31,False,41,0.4526017062777546,16.381410156111784,-0.0055119905622032,0.0051580267131328,0.0967215859937464,0.9288555012458544,False,-0.0182802333670992,False,-0.01063833128804
785473,FIRST SAVINGS BANK,12,2021-06-28,2021-06-28,-0.0119668413916435,0.0023152935777638,0.4693036466447098,200,False,-0.4375,-0.0526,16,2021-03-31,False,41,0.2831180728136848,14.372689092494824,0.0239119227376356,0.0084305726891132,0.1061773230836207,0.7065833879139851,False,-0.0191524642145407,False,-0.0003234198411315
929978,"HOME BANK, NATIONAL ASSOCIATION",12,2021-06-28,2021-06-28,-0.0554959527567541,0.0011370870537248,0.9533219073846418,200,False,-0.4375,-0.0526,16,2021-03-31,False,41,0.2910314669590506,14.809554609631512,0.0177118876150014,0.0079051084742279,0.1176452737459939,0.9792739507584368,False,-0.0180096215997164,False,-0.0150070335005314
1864197,OAK VALLEY COMMUNITY BANK,12,2021-06-28,2021-06-28,-0.0580534583063604,0.0005382578742883,1.1507556243134462,200,False,-0.4375,-0.0526,16,2021-03-31,False,41,0.4269158659402562,14.3258922832219,0.0108216026272459,0.0003539528812448,0.079083897433681,0.989791282503541,False,0.0138238464255736,False,0.0171876653761752
342410,ORRSTOWN BANK,12,2021-06-28,2021-06-28,-0.0887168835987567,0.0020722698336142,1.1066723599126218,200,False,-0.4375,-0.0526,16,2021-03-31,False,41,0.2874055749781495,14.901731726140858,0.0150911761370692,0.0049069522045057,0.0912885210404393,0.9518365958382404,False,-0.0192904909247105,False,-0.0218270102529899
119528,"FARMERS NATIONAL BANK OF EMLENTON, THE",12,2021-06-28,2021-06-28,0.0343939105132089,0.002239403761355,-0.3185112921866702,200,False,-0.4375,-0.0526,16,2021-03-31,False,51,0.2771414474358988,13.87600623029061,0.0087691307020293,0.0045697126387638,0.0824238042928829,0.9501763953389364,False,,,
685676,OPPORTUNITY BANK OF MONTANA,12,2021-06-28,2021-06-28,-0.0208529418489108,0.0013751181201639,0.5377307699502514,200,False,-0.4375,-0.0526,16,2021-03-31,False,51,0.1752201365685688,14.079122505290156,0.0173690845966919,0.0070610787809189,0.1328556732633028,0.9715565573015232,False,-0.015402551175442,False,-0.0079532664855848
